test	comparison	mean_HK_bp	mean_nonHK_bp	mean_difference_bp	statistic	df	p_value	conf_int_low	conf_int_high
Welch t-test	HK vs non-HK gene_length_bp	39014.135359116	72910.4068780706	-33896.2715189545	-22.3050731717354	7169.88865675135	1.30713838764239e-106	-36875.2659322602	-30917.2771056489
