From	To
A0A024R1R8	ENSG00000225528.4
A0A024RBG1	ENSG00000177144.8
A0A024RBG1	ENSG00000173598.15
A0A024RCN7	ENSG00000206380.11
A0A024RCN7	ENSG00000226710.9
A0A024RCN7	ENSG00000229300.9
A0A024RCN7	ENSG00000234728.9
A0A075B6H5	ENSG00000205274.5
A0A075B6H7	ENSG00000243063.1
A0A075B6H7	ENSG00000282310.1
A0A075B6H8	ENSG00000211633.3
A0A075B6H9	ENSG00000211637.2
A0A075B6I0	ENSG00000211638.2
A0A075B6I1	ENSG00000211639.2
A0A075B6I3	ENSG00000211641.3
A0A075B6I4	ENSG00000211642.4
A0A075B6I6	ENSG00000211645.2
A0A075B6I7	ENSG00000211647.1
A0A075B6I9	ENSG00000211649.3
A0A075B6J1	ENSG00000211654.2
A0A075B6J1	ENSG00000281471.1
A0A075B6J2	ENSG00000211656.3
A0A075B6J2	ENSG00000281345.1
A0A075B6J6	ENSG00000211661.2
A0A075B6J9	ENSG00000211664.3
A0A075B6K0	ENSG00000211665.3
A0A075B6K2	ENSG00000211667.3
A0A075B6K4	ENSG00000211669.3
A0A075B6K5	ENSG00000211670.2
A0A075B6K6	ENSG00000211672.2
A0A075B6L2	ENSG00000211693.2
A0A075B6L6	ENSG00000211714.3
A0A075B6N1	ENSG00000211746.3
A0A075B6N2	ENSG00000211747.3
A0A075B6N3	ENSG00000211750.2
A0A075B6N4	ENSG00000282499.1
A0A075B6P5	ENSG00000242534.3
A0A075B6P5	ENSG00000244116.3
A0A075B6P5	ENSG00000282025.1
A0A075B6Q5	ENSG00000223648.4
A0A075B6Q5	ENSG00000274236.3
A0A075B6R0	ENSG00000233306.2
A0A075B6R2	ENSG00000276775.1
A0A075B6R2	ENSG00000282223.1
A0A075B6R9	ENSG00000241566.1
A0A075B6S0	ENSG00000211690.1
A0A075B6S2	ENSG00000243264.3
A0A075B6S4	ENSG00000242766.1
A0A075B6S5	ENSG00000244575.3
A0A075B6S5	ENSG00000282666.1
A0A075B6S6	ENSG00000239571.1
A0A075B6S9	ENSG00000239862.1
A0A075B6S9	ENSG00000250036.1
A0A075B6S9	ENSG00000282394.1
A0A075B6T6	ENSG00000211789.2
A0A075B6T7	ENSG00000211780.3
A0A075B6T8	ENSG00000211783.3
A0A075B6U4	ENSG00000211781.3
A0A075B6U6	ENSG00000211808.3
A0A075B6U7	ENSG00000211866.1
A0A075B6U8	ENSG00000211877.1
A0A075B6U9	ENSG00000211887.2
A0A075B6V0	ENSG00000211873.1
A0A075B6V1	ENSG00000211846.1
A0A075B6V2	ENSG00000211868.1
A0A075B6V3	ENSG00000211841.1
A0A075B6V5	ENSG00000211815.3
A0A075B6V6	ENSG00000211827.1
A0A075B6V7	ENSG00000211863.1
A0A075B6V8	ENSG00000211884.1
A0A075B6V9	ENSG00000211832.2
A0A075B6W1	ENSG00000211828.1
A0A075B6W2	ENSG00000211838.1
A0A075B6W3	ENSG00000211856.1
A0A075B6W4	ENSG00000211843.1
A0A075B6W5	ENSG00000211803.2
A0A075B6W6	ENSG00000211862.1
A0A075B6W7	ENSG00000211851.1
A0A075B6W8	ENSG00000211872.1
A0A075B6W9	ENSG00000211837.1
A0A075B6X0	ENSG00000211844.1
A0A075B6X3	ENSG00000211857.1
A0A075B6X4	ENSG00000211861.1
A0A075B6X5	ENSG00000211798.3
A0A075B6X7	ENSG00000211839.1
A0A075B6X8	ENSG00000211845.1
A0A075B6X9	ENSG00000211871.1
A0A075B6Y0	ENSG00000211840.1
A0A075B6Y1	ENSG00000211859.1
A0A075B6Y2	ENSG00000211854.1
A0A075B6Y3	ENSG00000211886.1
A0A075B6Y4	ENSG00000211870.1
A0A075B6Y5	ENSG00000211842.1
A0A075B6Y8	ENSG00000211878.1
A0A075B6Y9	ENSG00000211847.1
A0A075B6Z0	ENSG00000211867.1
A0A075B6Z1	ENSG00000211869.1
A0A075B6Z2	ENSG00000211835.1
A0A075B6Z3	ENSG00000211883.1
A0A075B6Z4	ENSG00000211826.1
A0A075B6Z5	ENSG00000211885.1
A0A075B6Z8	ENSG00000211864.2
A0A075B6Z9	ENSG00000211865.1
A0A075B700	ENSG00000211858.1
A0A075B702	ENSG00000211848.1
A0A075B704	ENSG00000211834.1
A0A075B706	ENSG00000211825.1
A0A075B708	ENSG00000211831.2
A0A075B709	ENSG00000211876.1
A0A075B710	ENSG00000211850.1
A0A075B711	ENSG00000211860.1
A0A075B712	ENSG00000211836.1
A0A075B713	ENSG00000211888.2
A0A075B714	ENSG00000211882.1
A0A075B734	ENSG00000259916.2
A0A075B759	ENSG00000279782.3
A0A075B759	ENSG00000271567.2
A0A075B767	ENSG00000270339.4
A0A075B7B6	ENSG00000259261.2
A0A075B7B8	ENSG00000270467.1
A0A075B7D0	ENSG00000270505.1
A0A075B7D0	ENSG00000281179.1
A0A075B7D0	ENSG00000288165.1
A0A075B7D4	ENSG00000231292.6
A0A075B7D8	ENSG00000259490.2
A0A075B7E8	ENSG00000271178.1
A0A075B7F0	ENSG00000233732.5
A0A075B7F1	ENSG00000271130.1
A0A087WSX0	ENSG00000211650.2
A0A087WSY4	ENSG00000231475.3
A0A087WSY4	ENSG00000282404.1
A0A087WSY6	ENSG00000224041.3
A0A087WSZ0	ENSG00000239819.2
A0A087WSZ9	ENSG00000259092.1
A0A087WT01	ENSG00000211809.2
A0A087WT02	ENSG00000211793.2
A0A087WT03	ENSG00000211807.3
A0A087WTH1	ENSG00000281991.2
A0A087WU04	ENSG00000276699.1
A0A087WUL8	ENSG00000286185.1
A0A087WUL8	ENSG00000271383.10
A0A087WUM9	ENSG00000288636.1
A0A087WUV0	ENSG00000233757.7
A0A087WV53	ENSG00000286095.3
A0A087WV62	ENSG00000275243.1
A0A087WV62	ENSG00000282415.1
A0A087WVF3	ENSG00000274419.8
A0A087WW49	ENSG00000278263.2
A0A087WW49	ENSG00000288413.1
A0A087WW87	ENSG00000251039.4
A0A087WW87	ENSG00000273962.2
A0A087WWA1	ENSG00000250719.2
A0A087WWS6	ENSG00000233816.4
A0A087WWU0	ENSG00000278646.1
A0A087WXM9	ENSG00000239642.6
A0A087WXS9	ENSG00000282144.2
A0A087WXS9	ENSG00000275861.4
A0A087WXS9	ENSG00000274933.6
A0A087WYE8	ENSG00000277282.1
A0A087WZ39	ENSG00000276819.1
A0A087WZ39	ENSG00000282497.1
A0A087X096	ENSG00000278661.1
A0A087X0K7	ENSG00000277880.1
A0A087X0K7	ENSG00000282483.1
A0A087X0M5	ENSG00000276557.1
A0A087X179	ENSG00000278599.6
A0A087X1G2	ENSG00000273513.3
A0A096LNP1	ENSG00000225805.4
A0A096LNW5	ENSG00000286106.3
A0A096LNW5	ENSG00000291980.1
A0A096LP01	ENSG00000232388.5
A0A096LP49	ENSG00000260220.7
A0A096LP55	ENSG00000233954.7
A0A096LPG2	ENSG00000269167.1
A0A096LPK9	ENSG00000279408.3
A0A096LPK9	ENSG00000280709.2
A0A0A0MRZ7	ENSG00000211623.2
A0A0A0MRZ8	ENSG00000211632.4
A0A0A0MRZ9	ENSG00000211643.2
A0A0A0MS00	ENSG00000211657.3
A0A0A0MS00	ENSG00000280866.1
A0A0A0MS01	ENSG00000211694.3
A0A0A0MS02	ENSG00000211701.2
A0A0A0MS03	ENSG00000211715.1
A0A0A0MS04	ENSG00000253188.1
A0A0A0MS04	ENSG00000282470.1
A0A0A0MS05	ENSG00000211731.1
A0A0A0MS05	ENSG00000282748.1
A0A0A0MS06	ENSG00000211749.1
A0A0A0MS06	ENSG00000282449.1
A0A0A0MS14	ENSG00000211961.3
A0A0A0MS14	ENSG00000282776.1
A0A0A0MS15	ENSG00000211965.4
A0A0A0MS15	ENSG00000275316.3
A0A0A0MSY6	ENSG00000132321.18
A0A0A0MT36	ENSG00000225523.2
A0A0A0MT69	ENSG00000211594.2
A0A0A0MT76	ENSG00000211674.2
A0A0A0MT78	ENSG00000211771.1
A0A0A0MT82	ENSG00000211676.2
A0A0A0MT84	ENSG00000211688.1
A0A0A0MT85	ENSG00000211596.3
A0A0A0MT86	ENSG00000211681.3
A0A0A0MT89	ENSG00000211597.2
A0A0A0MT92	ENSG00000211684.2
A0A0A0MT93	ENSG00000211682.2
A0A0A0MT96	ENSG00000211595.2
A0A0A0MT97	ENSG00000211692.1
A0A0A0MT99	ENSG00000211678.2
A0A0A0MTA1	ENSG00000211680.2
A0A0A0MTA2	ENSG00000211766.1
A0A0A0MTA2	ENSG00000282589.1
A0A0A0MTA3	ENSG00000211593.2
A0A0A0MTA7	ENSG00000211764.1
A0A0A0MTA7	ENSG00000282488.1
A0A0A6YYC5	ENSG00000211792.2
A0A0A6YYD4	ENSG00000276405.1
A0A0A6YYD4	ENSG00000282407.1
A0A0A6YYG2	ENSG00000211724.3
A0A0A6YYG3	ENSG00000253534.1
A0A0A6YYJ7	ENSG00000211787.1
A0A0A6YYK1	ENSG00000211782.2
A0A0A6YYK4	ENSG00000211707.3
A0A0A6YYK4	ENSG00000282225.1
A0A0A6YYK6	ENSG00000211796.1
A0A0A6YYK7	ENSG00000211799.3
A0A0A6YYL3	ENSG00000233917.9
A0A0A6YYL3	ENSG00000230031.10
A0A0B4J1T7	ENSG00000235769.8
A0A0B4J1T7	ENSG00000224708.8
A0A0B4J1T7	ENSG00000236210.8
A0A0B4J1T7	ENSG00000206401.11
A0A0B4J1T7	ENSG00000226187.8
A0A0B4J1T7	ENSG00000237482.8
A0A0B4J1U3	ENSG00000211655.3
A0A0B4J1U3	ENSG00000273737.3
A0A0B4J1U4	ENSG00000211697.4
A0A0B4J1U6	ENSG00000211716.2
A0A0B4J1U7	ENSG00000211933.2
A0A0B4J1U7	ENSG00000282745.1
A0A0B4J1V0	ENSG00000211943.2
A0A0B4J1V0	ENSG00000282290.1
A0A0B4J1V1	ENSG00000211947.2
A0A0B4J1V1	ENSG00000282281.1
A0A0B4J1V2	ENSG00000211951.2
A0A0B4J1V2	ENSG00000282344.1
A0A0B4J1V6	ENSG00000211976.2
A0A0B4J1V6	ENSG00000273539.3
A0A0B4J1V7	ENSG00000211979.2
A0A0B4J1W7	ENSG00000183889.15
A0A0B4J1W7	ENSG00000233024.7
A0A0B4J1W7	ENSG00000273807.2
A0A0B4J1X5	ENSG00000224650.2
A0A0B4J1X5	ENSG00000282305.1
A0A0B4J1X8	ENSG00000232216.1
A0A0B4J1X8	ENSG00000282151.1
A0A0B4J1Y8	ENSG00000223350.2
A0A0B4J1Y9	ENSG00000225698.4
A0A0B4J1Y9	ENSG00000278042.2
A0A0B4J1Z2	ENSG00000242580.1
A0A0B4J200	ENSG00000211767.1
A0A0B4J200	ENSG00000282371.1
A0A0B4J234	ENSG00000211776.2
A0A0B4J235	ENSG00000211791.2
A0A0B4J237	ENSG00000211786.3
A0A0B4J238	ENSG00000256553.1
A0A0B4J240	ENSG00000211784.2
A0A0B4J241	ENSG00000211788.2
A0A0B4J244	ENSG00000211777.2
A0A0B4J245	ENSG00000211785.1
A0A0B4J248	ENSG00000255569.1
A0A0B4J249	ENSG00000211779.3
A0A0B4J262	ENSG00000211795.3
A0A0B4J263	ENSG00000211818.1
A0A0B4J264	ENSG00000211816.2
A0A0B4J265	ENSG00000211812.1
A0A0B4J266	ENSG00000211820.1
A0A0B4J268	ENSG00000211778.2
A0A0B4J271	ENSG00000211794.3
A0A0B4J272	ENSG00000211805.1
A0A0B4J273	ENSG00000211813.2
A0A0B4J274	ENSG00000211800.3
A0A0B4J275	ENSG00000211797.2
A0A0B4J276	ENSG00000211806.2
A0A0B4J277	ENSG00000211802.3
A0A0B4J279	ENSG00000211801.3
A0A0B4J280	ENSG00000211819.3
A0A0B4J2A2	ENSG00000288867.1
A0A0B4J2B5	ENSG00000270472.3
A0A0B4J2B6	ENSG00000259303.5
A0A0B4J2B8	ENSG00000188403.7
A0A0B4J2B8	ENSG00000288375.1
A0A0B4J2D9	ENSG00000276566.1
A0A0B4J2E0	ENSG00000276953.1
A0A0B4J2F0	ENSG00000225973.5
A0A0B4J2H0	ENSG00000280411.1
A0A0B4J2H0	ENSG00000282399.1
A0A0C4DGP1	ENSG00000286075.3
A0A0C4DH24	ENSG00000211611.2
A0A0C4DH24	ENSG00000282210.1
A0A0C4DH25	ENSG00000211625.2
A0A0C4DH26	ENSG00000211626.2
A0A0C4DH27	ENSG00000211696.2
A0A0C4DH28	ENSG00000211698.2
A0A0C4DH29	ENSG00000211935.3
A0A0C4DH29	ENSG00000282213.1
A0A0C4DH30	ENSG00000211944.2
A0A0C4DH30	ENSG00000282653.1
A0A0C4DH31	ENSG00000211945.2
A0A0C4DH31	ENSG00000282716.1
A0A0C4DH32	ENSG00000211946.3
A0A0C4DH32	ENSG00000282476.1
A0A0C4DH33	ENSG00000211950.2
A0A0C4DH33	ENSG00000282284.1
A0A0C4DH34	ENSG00000211952.3
A0A0C4DH34	ENSG00000282726.1
A0A0C4DH35	ENSG00000211957.2
A0A0C4DH35	ENSG00000282104.1
A0A0C4DH36	ENSG00000211958.2
A0A0C4DH36	ENSG00000282425.1
A0A0C4DH38	ENSG00000211966.2
A0A0C4DH38	ENSG00000277574.2
A0A0C4DH39	ENSG00000211968.3
A0A0C4DH39	ENSG00000282337.1
A0A0C4DH41	ENSG00000211970.3
A0A0C4DH41	ENSG00000282451.1
A0A0C4DH42	ENSG00000211972.2
A0A0C4DH42	ENSG00000282045.1
A0A0C4DH43	ENSG00000211974.3
A0A0C4DH43	ENSG00000282482.1
A0A0C4DH55	ENSG00000228325.5
A0A0C4DH55	ENSG00000275777.3
A0A0C4DH59	ENSG00000230099.2
A0A0C4DH62	ENSG00000211905.1
A0A0C4DH62	ENSG00000282409.1
A0A0C4DH63	ENSG00000211691.2
A0A0C4DH67	ENSG00000240671.4
A0A0C4DH67	ENSG00000283113.2
A0A0C4DH68	ENSG00000241294.1
A0A0C4DH68	ENSG00000282671.1
A0A0C4DH69	ENSG00000241755.1
A0A0C4DH69	ENSG00000282758.1
A0A0C4DH72	ENSG00000239855.1
A0A0C4DH72	ENSG00000282163.1
A0A0C4DH73	ENSG00000243290.3
A0A0C4DH73	ENSG00000282694.3
A0A0C4DH90	ENSG00000233999.3
A0A0D9SF12	ENSG00000280670.4
A0A0G2JKW9	ENSG00000258002.2
A0A0G2JKW9	ENSG00000257215.2
A0A0G2JLG4	ENSG00000262505.2
A0A0G2JLJ8	ENSG00000270824.1
A0A0G2JLJ8	ENSG00000270961.1
A0A0G2JLW4	ENSG00000275049.1
A0A0G2JMD5	ENSG00000237700.2
A0A0G2JMD5	ENSG00000276370.2
A0A0G2JMD5	ENSG00000282125.2
A0A0G2JMD5	ENSG00000283488.2
A0A0G2JMH3	ENSG00000275949.5
A0A0G2JMI3	ENSG00000275148.2
A0A0G2JMI3	ENSG00000281990.1
A0A0G2JMM0	ENSG00000274971.1
A0A0G2JN01	ENSG00000276518.1
A0A0G2JN53	ENSG00000282676.1
A0A0G2JN68	ENSG00000278414.5
A0A0G2JND7	ENSG00000278450.1
A0A0G2JND7	ENSG00000274063.1
A0A0G2JND7	ENSG00000274733.1
A0A0G2JND7	ENSG00000277403.1
A0A0G2JND7	ENSG00000278714.1
A0A0G2JND7	ENSG00000275606.1
A0A0G2JNF4	ENSG00000276468.5
A0A0G2JNH3	ENSG00000278178.2
A0A0G2JNH3	ENSG00000274792.1
A0A0G2JNJ9	ENSG00000276253.1
A0A0G2JPN4	ENSG00000278401.1
A0A0G2JQF1	ENSG00000280514.1
A0A0G2JRQ6	ENSG00000281759.1
A0A0G2JS06	ENSG00000281536.1
A0A0J9YVP2	ENSG00000282797.1
A0A0J9YVP9	ENSG00000282615.1
A0A0J9YVS3	ENSG00000282065.1
A0A0J9YVY3	ENSG00000282122.1
A0A0J9YVY3	ENSG00000282678.1
A0A0J9YW14	ENSG00000282471.1
A0A0J9YW22	ENSG00000211924.1
A0A0J9YW22	ENSG00000281939.1
A0A0J9YW62	ENSG00000282822.1
A0A0J9YWD0	ENSG00000211930.1
A0A0J9YWD0	ENSG00000282754.1
A0A0J9YWL9	ENSG00000282815.2
A0A0J9YWN2	ENSG00000282342.1
A0A0J9YWP8	ENSG00000282133.1
A0A0J9YWP8	ENSG00000282500.1
A0A0J9YWU9	ENSG00000278082.3
A0A0J9YWX3	ENSG00000281957.1
A0A0J9YWX3	ENSG00000282780.1
A0A0J9YX06	ENSG00000281989.1
A0A0J9YX06	ENSG00000282420.1
A0A0J9YX35	ENSG00000282639.1
A0A0J9YX35	ENSG00000282644.1
A0A0J9YX57	ENSG00000232030.4
A0A0J9YX75	ENSG00000282610.1
A0A0J9YX94	ENSG00000225110.3
A0A0J9YXA8	ENSG00000282320.1
A0A0J9YXG5	ENSG00000281958.1
A0A0J9YXG5	ENSG00000282273.1
A0A0J9YXM7	ENSG00000282215.1
A0A0J9YXM7	ENSG00000282173.1
A0A0J9YXN1	ENSG00000211923.1
A0A0J9YXN1	ENSG00000282373.1
A0A0J9YXQ4	ENSG00000214897.5
A0A0J9YXV3	ENSG00000262152.8
A0A0J9YXX1	ENSG00000282651.2
A0A0J9YXX1	ENSG00000282401.1
A0A0J9YXY3	ENSG00000282719.1
A0A0J9YXY3	ENSG00000282353.1
A0A0J9YXY3	ENSG00000283063.1
A0A0J9YY54	ENSG00000282419.3
A0A0J9YY99	ENSG00000282150.1
A0A0K0K1A3	ENSG00000211717.3
A0A0K0K1A3	ENSG00000282618.1
A0A0K0K1A5	ENSG00000211721.2
A0A0K0K1A5	ENSG00000277110.3
A0A0K0K1B3	ENSG00000237254.2
A0A0K0K1B3	ENSG00000282297.1
A0A0K0K1C0	ENSG00000211720.3
A0A0K0K1C0	ENSG00000282711.1
A0A0K0K1C4	ENSG00000211752.3
A0A0K0K1C4	ENSG00000282234.1
A0A0K0K1D8	ENSG00000211706.2
A0A0K0K1D8	ENSG00000281970.1
A0A0K0K1E9	ENSG00000253291.1
A0A0K0K1E9	ENSG00000282179.1
A0A0K0K1G6	ENSG00000275791.1
A0A0K0K1G6	ENSG00000282340.1
A0A0K0K1G8	ENSG00000229769.2
A0A0K0K1G8	ENSG00000282007.1
A0A0K2S4Q6	ENSG00000284690.3
A0A0K2S4Q6	ENSG00000291925.2
A0A0M3HER8	ENSG00000274042.2
A0A0U1RQB9	ENSG00000211921.1
A0A0U1RQB9	ENSG00000282102.1
A0A0U1RQE8	ENSG00000255151.2
A0A0U1RQF7	ENSG00000263201.1
A0A0U1RQG5	ENSG00000277535.4
A0A0U1RQI7	ENSG00000283039.1
A0A0U1RQS6	ENSG00000282881.4
A0A0U1RR11	ENSG00000223591.5
A0A0U1RR11	ENSG00000283093.1
A0A0U1RR37	ENSG00000282872.2
A0A0U1RRA0	ENSG00000236782.9
A0A0U1RRE5	ENSG00000204272.14
A0A0U1RRI6	ENSG00000224109.4
A0A0U1RRK4	ENSG00000283071.2
A0A0U1RRL7	ENSG00000126005.18
A0A0U1RRN3	ENSG00000247595.5
A0A0X1KG70	ENSG00000182974.3
A0A0X1KG70	ENSG00000288194.1
A0A0X1KG70	ENSG00000288469.2
A0A140TA62	ENSG00000262748.1
A0A140TA64	ENSG00000266286.3
A0A140TA67	ENSG00000267635.1
A0A183	ENSG00000235942.3
A0A191URJ7	ENSG00000283722.3
A0A1B0GTB2	ENSG00000250366.5
A0A1B0GTC6	ENSG00000241224.9
A0A1B0GTD5	ENSG00000257987.6
A0A1B0GTH6	ENSG00000283434.2
A0A1B0GTH9	ENSG00000250803.8
A0A1B0GTI1	ENSG00000283247.2
A0A1B0GTI8	ENSG00000281106.4
A0A1B0GTJ6	ENSG00000268655.3
A0A1B0GTK4	ENSG00000235118.10
A0A1B0GTK5	ENSG00000225396.6
A0A1B0GTK5	ENSG00000283594.1
A0A1B0GTL2	ENSG00000196421.9
A0A1B0GTQ4	ENSG00000262179.5
A0A1B0GTR0	ENSG00000267710.9
A0A1B0GTR3	ENSG00000235699.3
A0A1B0GTR3	ENSG00000224440.2
A0A1B0GTR4	ENSG00000283227.2
A0A1B0GTS1	ENSG00000283463.2
A0A1B0GTU1	ENSG00000215817.9
A0A1B0GTU2	ENSG00000259417.4
A0A1B0GTW7	ENSG00000283654.4
A0A1B0GTY4	ENSG00000232113.3
A0A1B0GTZ2	ENSG00000196553.15
A0A1B0GU29	ENSG00000262543.2
A0A1B0GU33	ENSG00000230054.3
A0A1B0GU71	ENSG00000283361.4
A0A1B0GUA5	ENSG00000271824.2
A0A1B0GUA6	ENSG00000283428.2
A0A1B0GUA7	ENSG00000237524.11
A0A1B0GUA9	ENSG00000283302.3
A0A1B0GUA9	ENSG00000283199.3
A0A1B0GUC4	ENSG00000283683.2
A0A1B0GUI7	ENSG00000235106.12
A0A1B0GUJ8	ENSG00000277531.3
A0A1B0GUQ0	ENSG00000268994.3
A0A1B0GUQ0	ENSG00000275520.2
A0A1B0GUS0	ENSG00000283567.2
A0A1B0GUS4	ENSG00000236444.5
A0A1B0GUT2	ENSG00000237489.6
A0A1B0GUU1	ENSG00000267221.4
A0A1B0GUV1	ENSG00000262165.2
A0A1B0GUV7	ENSG00000230601.7
A0A1B0GUV8	ENSG00000236543.3
A0A1B0GUW6	ENSG00000283439.4
A0A1B0GUW6	ENSG00000284090.4
A0A1B0GUW7	ENSG00000235453.13
A0A1B0GUX0	ENSG00000272899.4
A0A1B0GUY1	ENSG00000248109.3
A0A1B0GUZ9	ENSG00000284684.1
A0A1B0GV03	ENSG00000261649.7
A0A1B0GV22	ENSG00000268994.3
A0A1B0GV22	ENSG00000275520.2
A0A1B0GV85	ENSG00000250673.3
A0A1B0GV90	ENSG00000283324.1
A0A1B0GV96	ENSG00000277639.4
A0A1B0GVB3	ENSG00000226690.9
A0A1B0GVD1	ENSG00000283267.2
A0A1B0GVG4	ENSG00000269720.3
A0A1B0GVG6	ENSG00000283268.2
A0A1B0GVH4	ENSG00000253649.6
A0A1B0GVH6	ENSG00000226792.8
A0A1B0GVH7	ENSG00000234828.9
A0A1B0GVK7	ENSG00000283473.5
A0A1B0GVM2	ENSG00000283528.2
A0A1B0GVM5	ENSG00000283644.2
A0A1B0GVM6	ENSG00000257057.4
A0A1B0GVN3	ENSG00000228486.11
A0A1B0GVN3	ENSG00000291598.1
A0A1B0GVQ0	ENSG00000235387.6
A0A1B0GVQ3	ENSG00000236383.9
A0A1B0GVR7	ENSG00000216921.9
A0A1B0GVS7	ENSG00000242120.4
A0A1B0GVT2	ENSG00000261873.3
A0A1B0GVV1	ENSG00000255274.10
A0A1B0GVX0	ENSG00000283516.3
A0A1B0GVY2	ENSG00000283536.3
A0A1B0GVY4	ENSG00000248771.5
A0A1B0GVY7	ENSG00000283465.4
A0A1B0GVZ2	ENSG00000283329.2
A0A1B0GVZ6	ENSG00000196589.8
A0A1B0GVZ9	ENSG00000274386.6
A0A1B0GW15	ENSG00000283205.1
A0A1B0GW35	ENSG00000250821.3
A0A1B0GW54	ENSG00000284479.3
A0A1B0GW55	ENSG00000284298.2
A0A1B0GW64	ENSG00000283288.2
A0A1B0GW64	ENSG00000288274.1
A0A1B0GWB2	ENSG00000283526.4
A0A1B0GWG4	ENSG00000260802.2
A0A1B0GWH4	ENSG00000283697.3
A0A1B0GWH6	ENSG00000263874.3
A0A1B0GWK0	ENSG00000225180.8
A0A1B0GX31	ENSG00000211727.3
A0A1B0GX49	ENSG00000211713.3
A0A1B0GX51	ENSG00000282040.1
A0A1B0GX56	ENSG00000211804.4
A0A1B0GX68	ENSG00000226660.2
A0A1B0GX78	ENSG00000275158.1
A0A1B0GX95	ENSG00000253409.1
A0A1B0GXF2	ENSG00000282506.1
A0A1B0GXF2	ENSG00000282939.1
A0A1W2PNU3	ENSG00000284526.3
A0A1W2PP81	ENSG00000284234.1
A0A1W2PP81	ENSG00000284356.1
A0A1W2PP81	ENSG00000284042.1
A0A1W2PP81	ENSG00000283967.1
A0A1W2PP81	ENSG00000284465.1
A0A1W2PP97	ENSG00000284491.3
A0A1W2PPD8	ENSG00000255855.4
A0A1W2PPE2	ENSG00000284283.1
A0A1W2PPE3	ENSG00000284188.3
A0A1W2PPF3	ENSG00000282757.4
A0A1W2PPG7	ENSG00000283980.1
A0A1W2PPH5	ENSG00000283776.1
A0A1W2PPK0	ENSG00000284484.1
A0A1W2PPL8	ENSG00000250782.1
A0A1W2PPM1	ENSG00000283755.2
A0A1W2PPW3	ENSG00000249156.3
A0A1W2PQ09	ENSG00000283740.2
A0A1W2PQ27	ENSG00000284438.2
A0A1W2PQ64	ENSG00000284018.2
A0A1W2PQ72	ENSG00000284024.4
A0A1W2PQ73	ENSG00000268041.3
A0A1W2PQC6	ENSG00000283873.2
A0A1W2PQD8	ENSG00000284306.2
A0A1W2PQF6	ENSG00000283763.3
A0A1W2PQJ5	ENSG00000284546.2
A0A1W2PQL4	ENSG00000241149.4
A0A1W2PQU2	ENSG00000232593.9
A0A1W2PR19	ENSG00000276950.6
A0A1W2PR48	ENSG00000260734.7
A0A1W2PR64	ENSG00000283988.1
A0A1W2PR75	ENSG00000230268.4
A0A1W2PR82	ENSG00000284395.2
A0A1W2PR95	ENSG00000266826.3
A0A1W2PRE2	ENSG00000284476.2
A0A1W2PRG0	ENSG00000281310.2
A0A1W2PRN1	ENSG00000288148.1
A0A1W2PRN6	ENSG00000249662.7
A0A1W2PRP0	ENSG00000248767.2
A0A1W2PRS3	ENSG00000284169.3
A0A1W2PRV1	ENSG00000284439.1
A0A1W2PS18	ENSG00000283758.2
A0A1Y8EI39	ENSG00000211920.1
A0A1Y8EI39	ENSG00000282042.1
A0A1Y8EKQ5	ENSG00000211914.1
A0A1Y8EKQ5	ENSG00000282487.1
A0A286YEU6	ENSG00000180042.5
A0A286YEV6	ENSG00000284631.2
A0A286YEX9	ENSG00000284622.2
A0A286YEY9	ENSG00000284629.1
A0A286YF01	ENSG00000284718.1
A0A286YF18	ENSG00000284638.2
A0A286YF46	ENSG00000284667.1
A0A286YF58	ENSG00000273238.3
A0A286YF60	ENSG00000284704.1
A0A286YF77	ENSG00000284725.1
A0A286YFB4	ENSG00000284643.1
A0A286YFG1	ENSG00000284635.2
A0A286YFK9	ENSG00000284713.3
A0A2R8Y2Y2	ENSG00000226490.2
A0A2R8Y2Y2	ENSG00000291474.1
A0A2R8Y4L2	ENSG00000224578.5
A0A2R8Y4L6	ENSG00000186886.8
A0A2R8Y4M2	ENSG00000284934.3
A0A2R8Y4M4	ENSG00000284976.2
A0A2R8Y4Y8	ENSG00000255393.3
A0A2R8Y4Y8	ENSG00000285463.1
A0A2R8Y556	ENSG00000284895.1
A0A2R8Y619	ENSG00000285480.2
A0A2R8Y747	ENSG00000284779.3
A0A2R8Y7D0	ENSG00000223573.7
A0A2R8Y7Y5	ENSG00000284797.3
A0A2R8YCJ5	ENSG00000284791.2
A0A2R8YCY7	ENSG00000284555.3
A0A2R8YD15	ENSG00000285133
A0A2R8YE69	ENSG00000284912.1
A0A2R8YED5	ENSG00000198678.5
A0A2R8YEH3	ENSG00000285154.1
A0A2R8YFL7	ENSG00000285375.1
A0A2R8YFL7	ENSG00000285010.2
A0A2R8YFM6	ENSG00000285231.2
A0A2R8YFR7	ENSG00000285408.1
A0A2U3TZM8	ENSG00000285043.3
A0A2Z4LIS9	ENSG00000240445.6
A0A3B3IRQ3	ENSG00000237378.3
A0A3B3IRS2	ENSG00000285566.2
A0A3B3IRV3	ENSG00000101898.8
A0A3B3IS91	ENSG00000291307.1
A0A3B3IT33	ENSG00000220948.6
A0A3B3IT45	ENSG00000197674.8
A0A3B3IT52	ENSG00000285891.2
A0A3B3IU46	ENSG00000235272.3
A0A3B3IU63	ENSG00000229674.3
A0A411D538	ENSG00000272856.2
A0A494BZU2	ENSG00000281406.3
A0A494BZU4	ENSG00000286105.2
A0A494C030	ENSG00000286264.2
A0A494C071	ENSG00000278803.3
A0A494C086	ENSG00000230358.6
A0A494C0I6	ENSG00000286224.1
A0A494C0N9	ENSG00000286175.1
A0A494C0Y3	ENSG00000286102.1
A0A494C0Z2	ENSG00000286014.2
A0A494C0Z2	ENSG00000286137.3
A0A494C0Z2	ENSG00000286038.2
A0A494C103	ENSG00000286135.1
A0A494C176	ENSG00000286131.1
A0A494C191	ENSG00000273520.6
A0A494C191	ENSG00000275976.6
A0A494C191	ENSG00000262461.7
A0A494C191	ENSG00000186645.11
A0A494C191	ENSG00000274570.6
A0A494C1R9	ENSG00000238074.6
A0A499FJF3	ENSG00000282168.4
A0A539	ENSG00000211745.3
A0A539	ENSG00000282285.1
A0A576	ENSG00000237702.2
A0A576	ENSG00000282624.1
A0A577	ENSG00000211710.3
A0A578	ENSG00000211734.3
A0A578	ENSG00000282803.1
A0A584	ENSG00000241657.2
A0A589	ENSG00000282543.1
A0A590UJ96	ENSG00000282936.3
A0A590UK10	ENSG00000268861
A0A590UK24	ENSG00000287585.2
A0A590UK83	ENSG00000205704.10
A0A597	ENSG00000211725.3
A0A599	ENSG00000211728.2
A0A599	ENSG00000282098.1
A0A5A2	ENSG00000282054.1
A0A5A6	ENSG00000276597.1
A0A5A6	ENSG00000282242.1
A0A5B0	ENSG00000275743.1
A0A5B0	ENSG00000282252.1
A0A5B6	ENSG00000211753.4
A0A5B6	ENSG00000282812.1
A0A5B7	ENSG00000232869.2
A0A5B7	ENSG00000282628.1
A0A5F9Z9Y6	ENSG00000284225.3
A0A5F9Z9Y6	ENSG00000283716.3
A0A5F9ZGZ6	ENSG00000288136.1
A0A5F9ZH02	ENSG00000288460.1
A0A5F9ZH88	ENSG00000288316.1
A0A5F9ZHH1	ENSG00000284089.3
A0A5F9ZHH1	ENSG00000283742.3
A0A5F9ZHS0	ENSG00000285976.4
A0A5F9ZHS7	ENSG00000268480.4
A0A5H1ZRR4	ENSG00000211687.1
A0A669KAW2	ENSG00000288529.1
A0A669KB60	ENSG00000288570.1
A0A6I8PU40	ENSG00000253352.10
A0A6Q8PFC9	ENSG00000288634.1
A0A6Q8PFD8	ENSG00000288614.1
A0A6Q8PFQ6	ENSG00000288608.1
A0A6Q8PGL7	ENSG00000288645.1
A0A6Q8PGS0	ENSG00000288623.1
A0A6Q8PGZ7	ENSG00000288644.1
A0A6Q8PH20	ENSG00000310517.2
A0A6Q8PHA8	ENSG00000288629.1
A0A6Q8PHR7	ENSG00000288625.1
A0A6Q8PHS2	ENSG00000288626.1
A0A7I2V2S6	ENSG00000288661.1
A0A7I2V3R4	ENSG00000288658.2
A0A7I2V4U8	ENSG00000288654.1
A0A7I2V6D3	ENSG00000288646.1
A0A7P0TAN4	ENSG00000269825.5
A0A7P0TBJ1	ENSG00000230707.3
A0A804HI29	ENSG00000288708.1
A0A804HIB5	ENSG00000288706.1
A0A804HID5	ENSG00000288716.1
A0A804HJP8	ENSG00000288712.1
A0A804HJT0	ENSG00000288715.2
A0A804HLA8	ENSG00000133136.6
A0A8I5KPI3	ENSG00000289325.1
A0A8I5KQE6	ENSG00000288920.2
A0A8I5KTY6	ENSG00000226314.9
A0A8I5KW96	ENSG00000233381.4
A0A8I5KXM2	ENSG00000288841.1
A0A8I5KY20	ENSG00000277200.2
A0A8I5KYS1	ENSG00000289281.1
A0A8I5KYW3	ENSG00000289490.1
A0A8I5QJS6	ENSG00000289360.1
A0A8I5QJV6	ENSG00000288914.1
A0A8I5QKQ9	ENSG00000289282.1
A0A8I5QKY2	ENSG00000289025.1
A0A8Q3SIZ7	ENSG00000289715.1
A0A8Q3WKH5	ENSG00000249467.2
A0A8Q3WLD3	ENSG00000289710.1
A0A8V8TII8	ENSG00000289653.1
A0A8V8TLL3	ENSG00000289747.1
A0A8V8TLY5	ENSG00000289723.1
A0A8V8TMC4	ENSG00000284209.4
A0A8V8TNB9	ENSG00000289760.1
A0A8V8TND5	ENSG00000289761.1
A0A8V8TNH8	ENSG00000233115.5
A0A8V8TPC4	ENSG00000289764.2
A0A8V8TPE2	ENSG00000233132.4
A0A8V8TPP0	ENSG00000289763.1
A0A8V8TPW1	ENSG00000289766.1
A0A8V8TPW5	ENSG00000289767.1
A0A994J3T1	ENSG00000282933.4
A0A994J5G1	ENSG00000284130.2
A0A9L9P0W8	ENSG00000288593.1
A0A9L9PXP3	ENSG00000291303.1
A0A9L9PXS7	ENSG00000291314.1
A0A9L9PY30	ENSG00000291312.1
A0A9L9PY38	ENSG00000291315.1
A0A9L9PY65	ENSG00000291313.1
A0A9L9PY68	ENSG00000291302.1
A0AA34QVV6	ENSG00000292259.1
A0AA34QW00	ENSG00000288678.2
A0AAG2SUK6	ENSG00000276345.1
A0AAG2SUX2	ENSG00000271254.7
A0AAG2SVG9	ENSG00000277630.4
A0AAG2SVT6	ENSG00000277836.1
A0AAG2SWI5	ENSG00000275428.2
A0AAG2SWP8	ENSG00000273748.1
A0AAG2SWV4	ENSG00000273554.4
A0AAG2SXN7	ENSG00000277196.4
A0AAG2SXZ4	ENSG00000277856.1
A0AAG2SYH1	ENSG00000276017.1
A0AAG2T1P6	ENSG00000278633.1
A0AAG2T1W8	ENSG00000276256.1
A0AAG2T1W8	ENSG00000288147.1
A0AAG2T2C3	ENSG00000278704.1
A0AAG2TCD0	ENSG00000284559.2
A0AAG2TCG9	ENSG00000284330.2
A0AAG2TG10	ENSG00000283738.3
A0AAG2TJA1	ENSG00000283864.2
A0AAG2TTM8	ENSG00000288261.1
A0AAG2TTP8	ENSG00000288164.1
A0AAG2TTZ7	ENSG00000288354.1
A0AAG2TU05	ENSG00000288313.1
A0AAG2TU48	ENSG00000288480.1
A0AAG2TU59	ENSG00000288176.1
A0AAG2TU59	ENSG00000288350.1
A0AAG2TU67	ENSG00000288416.1
A0AAG2TU83	ENSG00000288285.1
A0AAG2TU83	ENSG00000288506.1
A0AAG2TU99	ENSG00000288184.1
A0AAG2TU99	ENSG00000288249.1
A0AAG2TUC4	ENSG00000288280.1
A0AAG2TUN3	ENSG00000288440.1
A0AAG2TUP4	ENSG00000288236.1
A0AAG2TUP4	ENSG00000288259.1
A0AAG2TUP4	ENSG00000288180.1
A0AAG2TUQ4	ENSG00000288128.1
A0AAG2TUQ9	ENSG00000288286.1
A0AAG2TUQ9	ENSG00000288270.1
A0AAG2TUS7	ENSG00000288423.1
A0AAG2TUV1	ENSG00000288284.1
A0AAG2TV02	ENSG00000288429.1
A0AAG2TV42	ENSG00000288438.1
A0AAG2TV48	ENSG00000288345.1
A0AAG2TV48	ENSG00000288483.1
A0AAG2TV71	ENSG00000288419.1
A0AAG2TV71	ENSG00000288265.1
A0AAG2TVC3	ENSG00000288336.1
A0AAG2TVE0	ENSG00000288190.1
A0AAG2TVH3	ENSG00000288431.1
A0AAG2TVH8	ENSG00000288432.1
A0AAG2TVH8	ENSG00000288282.1
A0AAG2TVJ1	ENSG00000288517.1
A0AAG2TVR5	ENSG00000288339.1
A0AAG2TVR6	ENSG00000288241.1
A0AAG2TWA4	ENSG00000288319.1
A0AAG2TWI1	ENSG00000288137.1
A0AAG2TWJ7	ENSG00000288202.1
A0AAG2TWV3	ENSG00000288133.1
A0AAG2UUX9	ENSG00000291365.1
A0AAG2UWQ9	ENSG00000292244.1
A0AAG2UXD8	ENSG00000292227.2
A0AAG2UXK7	ENSG00000292228.2
A0AAG2UXS2	ENSG00000292226.2
A0AAG2UXZ5	ENSG00000292234.1
A0AAG2UYG2	ENSG00000292320.1
A0AAQ5BGE0	ENSG00000251545.3
A0AAQ5BGK1	ENSG00000293563.2
A0AAQ5BGL7	ENSG00000293562.1
A0AAQ5BH39	ENSG00000293564.1
A0AAQ5BH44	ENSG00000293565.1
A0AAQ5BHU3	ENSG00000287839.3
A0AAQ5BHX6	ENSG00000293575.1
A0AAQ5BIC9	ENSG00000293584.1
A0AAQ5BID4	ENSG00000204677.14
A0AAQ5BIF5	ENSG00000289731.3
A0AAQ5BIG5	ENSG00000293268.2
A0AAQ5BII1	ENSG00000293253.2
A0ABB0MV19	ENSG00000293606.1
A0ABB0MV24	ENSG00000228372.8
A0ABB0MV27	ENSG00000293662.2
A0ABB0MV46	ENSG00000293661.1
A0ABB0MV48	ENSG00000239268.6
A0ABB0MV50	ENSG00000293663.1
A0ABB0MV52	ENSG00000230399.2
A0ABB0MVD7	ENSG00000251158.2
A0ABB0MVE2	ENSG00000233974.4
A0ABB0MVE3	ENSG00000293689.1
A0ABB0MVE8	ENSG00000206356.6
A0ABB0MVE9	ENSG00000250138.5
A0ABB0MVF2	ENSG00000273957.2
A0ABB0MVG0	ENSG00000215156.6
A0ABB0MVG2	ENSG00000293691.1
A0ABJ7H351	ENSG00000300293.2
A0ABJ7H8I7	ENSG00000310562.1
A0ABJ7HAP4	ENSG00000310558.1
A0AUZ9	ENSG00000144445.18
A0AV02	ENSG00000221955.12
A0AV96	ENSG00000163694.16
A0AVF1	ENSG00000105948.14
A0AVI2	ENSG00000249715.13
A0AVI4	ENSG00000168936.13
A0AVK6	ENSG00000129173.14
A0AVT1	ENSG00000033178.14
A0FGR8	ENSG00000117868.19
A0FGR9	ENSG00000158220.15
A0JD32	ENSG00000211817.2
A0JD36	ENSG00000211821.2
A0JD37	ENSG00000256590.2
A0JLT2	ENSG00000156603.21
A0JNW5	ENSG00000111647.14
A0JP26	ENSG00000278522.5
A0JP26	ENSG00000288142.2
A0MZ66	ENSG00000187164.21
A0N4X2	ENSG00000211849.1
A0N4X5	ENSG00000211855.1
A0N4Z3	ENSG00000211875.1
A0N4Z7	ENSG00000211879.1
A0N4Z8	ENSG00000211880.1
A0PG75	ENSG00000231213.7
A0PJE2	ENSG00000102796.13
A0PJK1	ENSG00000154025.17
A0PJW6	ENSG00000168569.9
A0PJW8	ENSG00000163331.12
A0PJX0	ENSG00000157884.11
A0PJX2	ENSG00000101342.11
A0PJX4	ENSG00000178343.6
A0PJX8	ENSG00000162460.8
A0PJY2	ENSG00000128610.13
A0PJZ3	ENSG00000172986.13
A0PK00	ENSG00000188735.13
A0PK05	ENSG00000187783.12
A0PK11	ENSG00000249581.2
A1A4G5	ENSG00000206535.9
A1A4S6	ENSG00000071205.13
A1A4V9	ENSG00000196118.13
A1A4Y4	ENSG00000237693.6
A1A519	ENSG00000164334.16
A1A580	ENSG00000186980.7
A1A5B4	ENSG00000185101.14
A1A5C7	ENSG00000137266.15
A1A5D9	ENSG00000162069.17
A1E959	ENSG00000109205.18
A1IGU5	ENSG00000183111.13
A1KXE4	ENSG00000152102.19
A1KZ92	ENSG00000147485.14
A1L020	ENSG00000254726.3
A1L0T0	ENSG00000105135.17
A1L157	ENSG00000110900.17
A1L162	ENSG00000204334.8
A1L167	ENSG00000215218.4
A1L167	ENSG00000291747.1
A1L168	ENSG00000215595.3
A1L170	ENSG00000239887.6
A1L188	ENSG00000224877.4
A1L190	ENSG00000217442.4
A1L1A6	ENSG00000216588.10
A1L390	ENSG00000126822.19
A1L3X0	ENSG00000164181.15
A1L429	ENSG00000216649.5
A1L429	ENSG00000227488.3
A1L429	ENSG00000237671.5
A1L443	ENSG00000130950.15
A1L453	ENSG00000185888.6
A1L4H1	ENSG00000179954.16
A1L4K1	ENSG00000186628.13
A1L4L8	ENSG00000173261.9
A1X283	ENSG00000174705.14
A1XBS5	ENSG00000188343.15
A1YPR0	ENSG00000184828.11
A1Z1Q3	ENSG00000172264.19
A2A288	ENSG00000178199.14
A2A2V5	ENSG00000180440.5
A2A2Y4	ENSG00000172159.17
A2A2Z9	ENSG00000230453.11
A2A368	ENSG00000189023.11
A2A3K4	ENSG00000158079.16
A2A3L6	ENSG00000187862.13
A2A3L6	ENSG00000291760.1
A2AJT9	ENSG00000173681.18
A2CJ06	ENSG00000232125.5
A2IDD5	ENSG00000162004.20
A2PYH4	ENSG00000162669.16
A2RRD8	ENSG00000182986.16
A2RRH5	ENSG00000184465.18
A2RRL7	ENSG00000214128.12
A2RRP1	ENSG00000151779.15
A2RTX5	ENSG00000185418.17
A2RTY3	ENSG00000270379.6
A2RTY3	ENSG00000276986.2
A2RU14	ENSG00000150433.11
A2RU30	ENSG00000135426.17
A2RU48	ENSG00000179256.3
A2RU49	ENSG00000188266.14
A2RU54	ENSG00000188816.4
A2RU67	ENSG00000084444.15
A2RUB1	ENSG00000180336.19
A2RUB6	ENSG00000180376.18
A2RUC4	ENSG00000162971.12
A2RUH7	ENSG00000221986.8
A2RUR9	ENSG00000170160.20
A2RUS2	ENSG00000105339.12
A2RUT3	ENSG00000183396.4
A2RUU4	ENSG00000204140.10
A2VCK2	ENSG00000222046.4
A2VDF0	ENSG00000148803.14
A2VDJ0	ENSG00000121210.17
A3KFT3	ENSG00000162727.3
A3KMH1	ENSG00000102763.19
A3KN83	ENSG00000139697.15
A3QJZ7	ENSG00000274764.6
A3QJZ7	ENSG00000282437.2
A3QJZ7	ENSG00000283425.1
A4D0S4	ENSG00000091128.13
A4D0T7	ENSG00000214194.10
A4D0V7	ENSG00000106034.19
A4D126	ENSG00000214960.12
A4D161	ENSG00000188732.12
A4D1B5	ENSG00000186088.17
A4D1E1	ENSG00000182348.7
A4D1E9	ENSG00000105793.17
A4D1F6	ENSG00000240720.10
A4D1P6	ENSG00000105875.16
A4D1S0	ENSG00000188883.6
A4D1S5	ENSG00000146955.12
A4D1T9	ENSG00000165076.14
A4D1U4	ENSG00000257093.7
A4D1U4	ENSG00000262599.5
A4D1Z8	ENSG00000275572.2
A4D256	ENSG00000218305.5
A4D263	ENSG00000164500.7
A4D2B0	ENSG00000214309.6
A4D2G3	ENSG00000221933.3
A4D2H0	ENSG00000271079.1
A4D2H0	ENSG00000285172.1
A4D2P6	ENSG00000215045.9
A4FU01	ENSG00000014914.22
A4FU28	ENSG00000236761.6
A4FU49	ENSG00000214193.12
A4FU69	ENSG00000176927.16
A4GXA9	ENSG00000197774.14
A4IF30	ENSG00000151812.15
A4QMS7	ENSG00000215217.8
A4UGR9	ENSG00000163092.22
A5A3E0	ENSG00000196604.13
A5D6W6	ENSG00000139914.7
A5D6W6	ENSG00000285321.1
A5D8T8	ENSG00000157322.19
A5D8V6	ENSG00000167987.12
A5D8V7	ENSG00000198003.13
A5D8W1	ENSG00000105792.20
A5LHX3	ENSG00000222028.5
A5PKW4	ENSG00000059915.18
A5PL33	ENSG00000133619.19
A5PLK6	ENSG00000121446.20
A5PLL1	ENSG00000189127.9
A5PLL7	ENSG00000240849.12
A5PLN7	ENSG00000109794.15
A5PLN9	ENSG00000113597.19
A5X5Y0	ENSG00000186038.9
A5YKK6	ENSG00000125107.20
A5YM69	ENSG00000213214.7
A5YM72	ENSG00000172508.12
A6BM72	ENSG00000157890.20
A6H8M9	ENSG00000187492.9
A6H8Y1	ENSG00000145734.20
A6H8Y1	ENSG00000273873.4
A6H8Z2	ENSG00000204930.10
A6NC05	ENSG00000164241.14
A6NC42	ENSG00000203909.4
A6NC51	ENSG00000180061.10
A6NC57	ENSG00000181626.12
A6NC62	ENSG00000273313.1
A6NC86	ENSG00000234465.11
A6NC98	ENSG00000168071.22
A6NCC3	ENSG00000206127.11
A6NCE7	ENSG00000258102.5
A6NCF5	ENSG00000185271.9
A6NCF5	ENSG00000291793.1
A6NCI4	ENSG00000175267.16
A6NCI8	ENSG00000187833.8
A6NCI8	ENSG00000291484.1
A6NCJ1	ENSG00000183397.6
A6NCK2	ENSG00000144010.11
A6NCL1	ENSG00000205835.9
A6NCL2	ENSG00000204583.11
A6NCL7	ENSG00000164236.12
A6NCM1	ENSG00000278685.4
A6NCN8	ENSG00000283297.2
A6NCQ9	ENSG00000189051.6
A6NCS4	ENSG00000180053.8
A6NCS6	ENSG00000204128.7
A6NCV1	ENSG00000197706.5
A6NCW0	ENSG00000225327.3
A6NCW7	ENSG00000236125.3
A6ND01	ENSG00000183560.10
A6ND36	ENSG00000188522.17
A6ND48	ENSG00000189181.7
A6ND91	ENSG00000204653.11
A6NDA9	ENSG00000204033.10
A6NDB9	ENSG00000288318.1
A6NDD5	ENSG00000183379.10
A6NDE4	ENSG00000242875.7
A6NDE8	ENSG00000224902.6
A6NDG6	ENSG00000184207.9
A6NDH6	ENSG00000233412.6
A6NDI0	ENSG00000182053.13
A6NDK9	ENSG00000167195.8
A6NDL8	ENSG00000205327.3
A6NDN3	ENSG00000215186.8
A6NDP7	ENSG00000185105.6
A6NDS4	ENSG00000274808.6
A6NDU8	ENSG00000205765.11
A6NDV4	ENSG00000137103.21
A6NDY0	ENSG00000205022.9
A6NDY2	ENSG00000285950.2
A6NDZ8	ENSG00000205718.10
A6NE01	ENSG00000185958.11
A6NE02	ENSG00000204347.4
A6NE52	ENSG00000179698.14
A6NE82	ENSG00000182315.10
A6NED2	ENSG00000166965.15
A6NEE1	ENSG00000175985.11
A6NEF3	ENSG00000184206.13
A6NEH6	ENSG00000284701.1
A6NEK1	ENSG00000205784.5
A6NEL2	ENSG00000186212.4
A6NEM1	ENSG00000197978.10
A6NEM1	ENSG00000274320.2
A6NEN9	ENSG00000204165.6
A6NEQ0	ENSG00000242389.9
A6NEQ2	ENSG00000182103.5
A6NER0	ENSG00000275954.6
A6NER3	ENSG00000224659.3
A6NES4	ENSG00000185038.15
A6NET4	ENSG00000206536.1
A6NEV1	ENSG00000206260.4
A6NF34	ENSG00000274209.7
A6NF36	ENSG00000166329.3
A6NF83	ENSG00000185290.4
A6NF89	ENSG00000188324.4
A6NFA0	ENSG00000187791.13
A6NFA1	ENSG00000269113.5
A6NFC5	ENSG00000204278.15
A6NFD8	ENSG00000187821.9
A6NFE2	ENSG00000165935.10
A6NFE3	ENSG00000185055.12
A6NFH5	ENSG00000197416.6
A6NFI3	ENSG00000205903.8
A6NFK2	ENSG00000204928.3
A6NFN3	ENSG00000167281.21
A6NFN9	ENSG00000206199.11
A6NFQ2	ENSG00000170379.21
A6NFQ7	ENSG00000204595.3
A6NFR6	ENSG00000204661.10
A6NFT4	ENSG00000186710.13
A6NFU0	ENSG00000214447.6
A6NFU8	ENSG00000183571.12
A6NFX1	ENSG00000205639.12
A6NFY4	ENSG00000189362.13
A6NFY7	ENSG00000205138.4
A6NFZ4	ENSG00000203795.3
A6NG13	ENSG00000205301.12
A6NGA9	ENSG00000187806.9
A6NGB0	ENSG00000206140.12
A6NGB7	ENSG00000188051.7
A6NGB9	ENSG00000122574.13
A6NGC4	ENSG00000185561.10
A6NGC4	ENSG00000275246.2
A6NGD5	ENSG00000204532.9
A6NGE4	ENSG00000226372.4
A6NGE7	ENSG00000183463.7
A6NGG8	ENSG00000179270.7
A6NGH7	ENSG00000203952.11
A6NGH8	ENSG00000157999.6
A6NGJ6	ENSG00000204450.9
A6NGK3	ENSG00000215274.6
A6NGN4	ENSG00000276299.5
A6NGN4	ENSG00000229571.7
A6NGN4	ENSG00000280267.7
A6NGN4	ENSG00000282566.2
A6NGN4	ENSG00000281987.2
A6NGN4	ENSG00000283348.2
A6NGN4	ENSG00000283216.2
A6NGN9	ENSG00000142549.10
A6NGQ2	ENSG00000203907.10
A6NGR9	ENSG00000204839.9
A6NGR9	ENSG00000277781.2
A6NGS2	ENSG00000204978.3
A6NGY1	ENSG00000172969.8
A6NGY3	ENSG00000187658.7
A6NGY5	ENSG00000280021.3
A6NGZ8	ENSG00000203870.6
A6NH00	ENSG00000177462.9
A6NH11	ENSG00000182327.8
A6NH21	ENSG00000184716.14
A6NH52	ENSG00000166676.18
A6NH57	ENSG00000141748.13
A6NHA9	ENSG00000185926.1
A6NHC0	ENSG00000203697.13
A6NHG4	ENSG00000099974.9
A6NHG4	ENSG00000275758.2
A6NHG9	ENSG00000236032.3
A6NHJ4	ENSG00000197385.7
A6NHL2	ENSG00000178462.12
A6NHN0	ENSG00000182447.4
A6NHN6	ENSG00000196436.9
A6NHP3	ENSG00000205238.12
A6NHP3	ENSG00000173678.15
A6NHQ2	ENSG00000188573.8
A6NHQ4	ENSG00000277303.2
A6NHQ4	ENSG00000273604.2
A6NHR9	ENSG00000101596.18
A6NHS7	ENSG00000205693.4
A6NHT5	ENSG00000188620.11
A6NHX0	ENSG00000274070.2
A6NHY2	ENSG00000189045.16
A6NHZ5	ENSG00000185028.4
A6NI03	ENSG00000189253.8
A6NI15	ENSG00000151379.4
A6NI28	ENSG00000165895.19
A6NI47	ENSG00000222036.8
A6NI56	ENSG00000197599.13
A6NI61	ENSG00000187616.5
A6NI73	ENSG00000187116.15
A6NI73	ENSG00000278355.4
A6NI73	ENSG00000274914.4
A6NI73	ENSG00000274113.4
A6NI73	ENSG00000275404.4
A6NI79	ENSG00000198624.14
A6NI86	ENSG00000278662.6
A6NI87	ENSG00000204659.5
A6NI87	ENSG00000283718.2
A6NIH7	ENSG00000175970.13
A6NIJ5	ENSG00000233295.3
A6NIJ9	ENSG00000184954.4
A6NIK2	ENSG00000204950.4
A6NIM6	ENSG00000188991.3
A6NIN4	ENSG00000179859.10
A6NIR3	ENSG00000172650.15
A6NIV6	ENSG00000188306.7
A6NIX2	ENSG00000142279.14
A6NIY4	ENSG00000170092.15
A6NJ08	ENSG00000237247.6
A6NJ46	ENSG00000165066.13
A6NJ64	ENSG00000234719.9
A6NJ69	ENSG00000182700.5
A6NJ78	ENSG00000169519.22
A6NJB7	ENSG00000188368.12
A6NJG2	ENSG00000187808.5
A6NJG6	ENSG00000186103.5
A6NJI1	ENSG00000173237.5
A6NJI9	ENSG00000205858.10
A6NJJ6	ENSG00000188032.10
A6NJJ6	ENSG00000288239.1
A6NJL1	ENSG00000197213.11
A6NJQ4	ENSG00000285937.1
A6NJT0	ENSG00000164853.9
A6NJU9	ENSG00000198064.16
A6NJV1	ENSG00000173557.15
A6NJW4	ENSG00000204913.7
A6NJW9	ENSG00000254126.8
A6NJY4	ENSG00000263429.4
A6NJZ3	ENSG00000205328.3
A6NJZ7	ENSG00000183246.8
A6NK02	ENSG00000250374.5
A6NK06	ENSG00000102794.11
A6NK44	ENSG00000171433.12
A6NK53	ENSG00000159915.14
A6NK58	ENSG00000175536.7
A6NK59	ENSG00000239388.10
A6NK75	ENSG00000197360.9
A6NK89	ENSG00000189431.8
A6NKB5	ENSG00000135749.21
A6NKC0	ENSG00000285975.1
A6NKC9	ENSG00000183476.13
A6NKD2	ENSG00000168757.13
A6NKD9	ENSG00000205476.9
A6NKF2	ENSG00000205143.6
A6NKF7	ENSG00000205116.4
A6NKG5	ENSG00000254656.3
A6NKK0	ENSG00000231192.3
A6NKL6	ENSG00000206432.5
A6NKN8	ENSG00000248485.3
A6NKP2	ENSG00000183921.8
A6NKQ9	ENSG00000267631.5
A6NKT7	ENSG00000153165.19
A6NKU9	ENSG00000214300.8
A6NKW6	ENSG00000145642.12
A6NKX4	ENSG00000259803.8
A6NL08	ENSG00000187857.5
A6NL26	ENSG00000198283.3
A6NL82	ENSG00000186973.12
A6NL88	ENSG00000187902.13
A6NLC5	ENSG00000187068.3
A6NLC8	ENSG00000284373.1
A6NLE4	ENSG00000185662.11
A6NLI5	ENSG00000214891.9
A6NLJ0	ENSG00000205502.5
A6NLP5	ENSG00000172425.13
A6NLU0	ENSG00000223638.5
A6NLU5	ENSG00000187135.9
A6NLW8	ENSG00000258873.3
A6NLX3	ENSG00000183318.12
A6NLX4	ENSG00000185863.8
A6NM03	ENSG00000188124.4
A6NM10	ENSG00000185176.13
A6NM11	ENSG00000238083.10
A6NM28	ENSG00000189420.10
A6NM36	ENSG00000206422.3
A6NM45	ENSG00000185758.9
A6NM62	ENSG00000162621.7
A6NM76	ENSG00000185821.3
A6NMA1	ENSG00000204025.8
A6NMB9	ENSG00000261308.5
A6NMD0	ENSG00000244242.3
A6NMD2	ENSG00000179938.13
A6NMD2	ENSG00000278119.1
A6NMK7	ENSG00000187959.9
A6NMK8	ENSG00000204767.4
A6NML5	ENSG00000186329.10
A6NMN3	ENSG00000172538.7
A6NMS3	ENSG00000196098.2
A6NMS7	ENSG00000176681.15
A6NMT0	ENSG00000109851.7
A6NMX2	ENSG00000175766.14
A6NMZ2	ENSG00000188817.8
A6NMZ5	ENSG00000292249.1
A6NMZ7	ENSG00000206384.11
A6NN14	ENSG00000196350.9
A6NN90	ENSG00000284308.2
A6NN92	ENSG00000203733.6
A6NNA5	ENSG00000165606.11
A6NNB3	ENSG00000206013.2
A6NND4	ENSG00000171561.4
A6NNE9	ENSG00000183654.9
A6NNF4	ENSG00000213967.12
A6NNJ1	ENSG00000285607.1
A6NNL0	ENSG00000188199.11
A6NNL5	ENSG00000189227.6
A6NNM3	ENSG00000274600.2
A6NNM8	ENSG00000213471.10
A6NNN8	ENSG00000166558.12
A6NNP5	ENSG00000242715.8
A6NNS2	ENSG00000184544.12
A6NNT2	ENSG00000205832.8
A6NNV3	ENSG00000185040.14
A6NNW6	ENSG00000188316.17
A6NNX1	ENSG00000178796.13
A6NNY8	ENSG00000273820.2
A6NNZ2	ENSG00000173213.11
A6NP11	ENSG00000182111.9
A6NP61	ENSG00000189167.12
A6PVI3	ENSG00000170935.9
A6PVL3	ENSG00000162456.10
A6PVS8	ENSG00000162620.16
A6PVY3	ENSG00000197520.12
A6QL63	ENSG00000151136.15
A6QL64	ENSG00000135976.21
A6QL64	ENSG00000291582.1
A6XGL0	ENSG00000250067.13
A7E2F4	ENSG00000175265.20
A7E2S9	ENSG00000163046.16
A7E2U8	ENSG00000205129.10
A7E2V4	ENSG00000214655.11
A7E2Y1	ENSG00000078814.20
A7KAX9	ENSG00000134909.19
A7MBM2	ENSG00000140323.7
A7MCY6	ENSG00000198933.12
A7MD48	ENSG00000139767.11
A7XYQ1	ENSG00000112320.13
A8CG34	ENSG00000272391.7
A8K0R7	ENSG00000022976.17
A8K0S8	ENSG00000188013.7
A8K0Z3	ENSG00000181404.18
A8K2U0	ENSG00000166535.20
A8K4G0	ENSG00000178789.10
A8K4G0	ENSG00000291919.1
A8K5M9	ENSG00000188277.10
A8K7I4	ENSG00000016490.17
A8K830	ENSG00000214290.9
A8K855	ENSG00000203965.14
A8K8P3	ENSG00000198089.17
A8K8V0	ENSG00000197162.11
A8K979	ENSG00000196678.15
A8MPS7	ENSG00000161179.15
A8MPX8	ENSG00000183977.14
A8MPY1	ENSG00000183185.10
A8MQ03	ENSG00000197191.7
A8MQ14	ENSG00000267041.6
A8MQ27	ENSG00000214357.10
A8MQT2	ENSG00000215252.13
A8MRT5	ENSG00000243716.13
A8MSI8	ENSG00000232859.11
A8MT33	ENSG00000205078.6
A8MT65	ENSG00000214029.7
A8MT69	ENSG00000169689.16
A8MT70	ENSG00000169064.14
A8MTA8	ENSG00000215187.13
A8MTB9	ENSG00000213822.7
A8MTJ3	ENSG00000214415.4
A8MTJ6	ENSG00000214336.5
A8MTL0	ENSG00000214681.4
A8MTL3	ENSG00000215277.10
A8MTL9	ENSG00000221887.6
A8MTQ0	ENSG00000214513.4
A8MTT3	ENSG00000218739.11
A8MTY0	ENSG00000196081.10
A8MTY7	ENSG00000180386.8
A8MTY7	ENSG00000262221.1
A8MTZ0	ENSG00000214413.10
A8MTZ7	ENSG00000214700.6
A8MU46	ENSG00000214872.9
A8MU93	ENSG00000256806.6
A8MUK1	ENSG00000227140.3
A8MUM7	ENSG00000249861.4
A8MUP2	ENSG00000214756.9
A8MUP6	ENSG00000214978.8
A8MUV8	ENSG00000214652.8
A8MUX0	ENSG00000212657.2
A8MUX0	ENSG00000263186.1
A8MUX0	ENSG00000292043.1
A8MUZ8	ENSG00000215372.6
A8MV23	ENSG00000253309.7
A8MV24	ENSG00000275489.2
A8MV24	ENSG00000276913.2
A8MV65	ENSG00000206538.10
A8MV81	ENSG00000214511.4
A8MVA2	ENSG00000212659.2
A8MVA2	ENSG00000263263.1
A8MVS5	ENSG00000214212.10
A8MVW0	ENSG00000161682.16
A8MVW5	ENSG00000188175.11
A8MVX0	ENSG00000214694.14
A8MW92	ENSG00000129292.22
A8MW95	ENSG00000196289.7
A8MW99	ENSG00000269964.4
A8MWA6	ENSG00000285687.1
A8MWE9	ENSG00000215529.13
A8MWV9	ENSG00000243627.6
A8MWV9	ENSG00000198964.15
A8MWY0	ENSG00000164659.16
A8MX19	ENSG00000254229.4
A8MX34	ENSG00000212658.1
A8MX34	ENSG00000262542.1
A8MX34	ENSG00000262218.1
A8MX34	ENSG00000292050.1
A8MX76	ENSG00000214711.11
A8MXD5	ENSG00000215203.3
A8MXE2	ENSG00000214654.9
A8MXJ8	ENSG00000215373.4
A8MXK1	ENSG00000214376.7
A8MXQ7	ENSG00000203499.12
A8MXT2	ENSG00000182798.10
A8MXV4	ENSG00000213965.4
A8MXV6	ENSG00000214819.2
A8MXY4	ENSG00000213973.10
A8MXZ1	ENSG00000285765.1
A8MXZ3	ENSG00000240542.6
A8MY62	ENSG00000215906.9
A8MYA2	ENSG00000215115.7
A8MYA2	ENSG00000215113.7
A8MYJ7	ENSG00000275571.2
A8MYJ7	ENSG00000215912.13
A8MYP8	ENSG00000177989.15
A8MYU2	ENSG00000215262.8
A8MYV0	ENSG00000214866.9
A8MYZ0	ENSG00000214237.11
A8MYZ5	ENSG00000214686.7
A8MYZ6	ENSG00000204060.8
A8MZ26	ENSG00000214360.5
A8MZ36	ENSG00000214860.6
A8MZ36	ENSG00000284166.2
A8MZ59	ENSG00000213921.8
A8MZ59	ENSG00000280774.2
A8MZ97	ENSG00000237651.8
A8MZA4	ENSG00000277322.1
A8MZG2	ENSG00000215131.11
A8TX70	ENSG00000172752.16
A9QM74	ENSG00000185467.9
A9QM74	ENSG00000284068.1
A9UHW6	ENSG00000125457.16
A9YTQ3	ENSG00000063438.21
B0FP48	ENSG00000267368.2
B0FP48	ENSG00000284981.2
B0I1T2	ENSG00000136286.17
B0YJ81	ENSG00000165996.15
B1AJZ9	ENSG00000142621.22
B1AK53	ENSG00000187017.18
B1AKI9	ENSG00000101230.6
B1AL46	ENSG00000228570.8
B1AL88	ENSG00000204442.4
B1ANS9	ENSG00000162843.18
B1APH4	ENSG00000243660.13
B1ATL7	ENSG00000183631.5
B2CW77	ENSG00000227268.5
B2CW77	ENSG00000283059.3
B2RBV5	ENSG00000170846.17
B2RC85	ENSG00000169402.17
B2RC85	ENSG00000155026.18
B2RN74	ENSG00000257115.2
B2RNN3	ENSG00000205863.12
B2RPK0	ENSG00000124097.8
B2RTY4	ENSG00000066933.18
B2RU33	ENSG00000183206.18
B2RUY7	ENSG00000174453.10
B2RUZ4	ENSG00000235169.12
B2RV13	ENSG00000231256.8
B2RXF0	ENSG00000234224.3
B2RXF5	ENSG00000179627.11
B2RXH2	ENSG00000235268.2
B2RXH4	ENSG00000233436.9
B2RXH8	ENSG00000275774.3
B2RXH8	ENSG00000283370.2
B2RXH8	ENSG00000282530.2
B3EWG3	ENSG00000188100.9
B3EWG3	ENSG00000189090.8
B3EWG3	ENSG00000276430.3
B3EWG3	ENSG00000288481.1
B3EWG5	ENSG00000188100.9
B3EWG5	ENSG00000189090.8
B3EWG5	ENSG00000276430.3
B3EWG5	ENSG00000288481.1
B3EWG6	ENSG00000188100.9
B3EWG6	ENSG00000189090.8
B3EWG6	ENSG00000276430.3
B3EWG6	ENSG00000288481.1
B3GLJ2	ENSG00000236027.3
B3KS81	ENSG00000226763.5
B3KU38	ENSG00000283154.4
B3SHH9	ENSG00000232258.7
B4DH59	ENSG00000273136.9
B4DJY2	ENSG00000224982.5
B4DS77	ENSG00000237515.10
B4DU55	ENSG00000234284.8
B4DX44	ENSG00000234444.10
B4DXR9	ENSG00000186777.13
B4DYI2	ENSG00000177910.9
B4DZS4	ENSG00000268235.9
B4E2M5	ENSG00000230062.8
B5MCN3	ENSG00000214491.9
B5MCY1	ENSG00000218819.6
B5MCY1	ENSG00000291547.1
B5MD39	ENSG00000274252.2
B5ME19	ENSG00000205609.14
B6A8C7	ENSG00000248385.8
B6A8C7	ENSG00000276145.1
B6A8C7	ENSG00000275806.1
B6A8C7	ENSG00000275123.1
B6A8C7	ENSG00000276355.4
B6A8C7	ENSG00000275384.1
B6A8C7	ENSG00000276604.1
B6A8C7	ENSG00000273875.1
B6A8C7	ENSG00000277178.1
B6A8C7	ENSG00000274889.1
B6SEH8	ENSG00000269526.2
B6SEH9	ENSG00000268964.3
B7U540	ENSG00000260458.3
B7Z1M9	ENSG00000225556.3
B7Z6K7	ENSG00000204514.11
B7ZAQ6	ENSG00000117262.20
B7ZAQ6	ENSG00000188092.16
B7ZBB8	ENSG00000219607.4
B7ZW38	ENSG00000179412.11
B7ZW38	ENSG00000283292.2
B7ZW38	ENSG00000277058.3
B7ZW38	ENSG00000282095.3
B7ZW38	ENSG00000282559.1
B7ZW38	ENSG00000283231.4
B8ZZ34	ENSG00000234965.3
B9A014	ENSG00000222018.2
B9A064	ENSG00000254709.8
B9A6J9	ENSG00000274512.7
B9EJG8	ENSG00000249242.8
C0HLV8	ENSG00000289051.1
C9J069	ENSG00000232434.4
C9J1S8	ENSG00000223417.9
C9J1S8	ENSG00000233802.8
C9J202	ENSG00000251287.9
C9J2P7	ENSG00000223569.8
C9J302	ENSG00000237136.8
C9J3I9	ENSG00000234511.12
C9J3V5	ENSG00000226174.8
C9J6K1	ENSG00000235034.8
C9J798	ENSG00000170667.17
C9J7I0	ENSG00000219545.13
C9JBD0	ENSG00000240747.9
C9JBD0	ENSG00000290317.1
C9JBD0	ENSG00000273291.5
C9JCN9	ENSG00000226742.5
C9JDP6	ENSG00000228607.3
C9JE40	ENSG00000229474.9
C9JFL3	ENSG00000233041.9
C9JH25	ENSG00000224940.11
C9JI98	ENSG00000233493.5
C9JJ37	ENSG00000222009.10
C9JJH3	ENSG00000231396.3
C9JL84	ENSG00000132297.13
C9JLJ4	ENSG00000232399.4
C9JLR9	ENSG00000188070.10
C9JLW8	ENSG00000225663.9
C9JLW8	ENSG00000288213.1
C9JN71	ENSG00000257446.5
C9JPN9	ENSG00000227551.1
C9JQI7	ENSG00000186952.16
C9JQL5	ENSG00000300510.1
C9JR72	ENSG00000234438.5
C9JRZ8	ENSG00000227471.9
C9JSJ3	ENSG00000237452.4
C9JTQ0	ENSG00000230778.2
C9JUS6	ENSG00000224420.5
C9JVI0	ENSG00000233136.3
C9JVW0	ENSG00000257704.5
C9JXX5	ENSG00000234776.5
D0EPY3	ENSG00000261341.7
D3DTV9	ENSG00000229637.5
D3W0D1	ENSG00000256797.1
D6R901	ENSG00000249811.3
D6R9N7	ENSG00000250844.3
D6RA61	ENSG00000248933.3
D6RBM5	ENSG00000250913.2
D6RBQ6	ENSG00000249104.3
D6RCP7	ENSG00000248920.3
D6REC4	ENSG00000206113.13
D6RF30	ENSG00000249931.5
D6RGH6	ENSG00000234602.9
D6RGX4	ENSG00000229924.3
D6RIA3	ENSG00000248713.2
D6RJB6	ENSG00000250745.3
E0CX11	ENSG00000243317.9
E2RYF6	ENSG00000261272.1
E5RHQ5	ENSG00000254206.6
E5RIL1	ENSG00000267368.2
E5RIL1	ENSG00000284981.2
E5RJM6	ENSG00000235098.10
E5RQL4	ENSG00000226124.11
E7ERA6	ENSG00000237330.3
E7ETH6	ENSG00000269343.9
E7EW31	ENSG00000228672.4
E9PAV3	ENSG00000196531.15
E9PB15	ENSG00000267060.8
E9PGG2	ENSG00000227059.7
E9PI22	ENSG00000255378.1
E9PI22	ENSG00000255251.2
E9PI22	ENSG00000274540.2
E9PI22	ENSG00000284870.1
E9PIF3	ENSG00000254852.10
E9PIF3	ENSG00000278308.2
E9PJ23	ENSG00000198156.11
E9PJI5	ENSG00000214940.9
E9PJI5	ENSG00000214967.7
E9PJI5	ENSG00000277983.1
E9PKD4	ENSG00000183793.14
E9PKD4	ENSG00000183889.15
E9PKD4	ENSG00000233024.7
E9PKD4	ENSG00000273807.2
E9PQ53	ENSG00000259112.2
E9PQR5	ENSG00000255524.8
E9PQX1	ENSG00000187066.9
E9PRG8	ENSG00000278615.5
F2Z333	ENSG00000228594.4
F5GYI3	ENSG00000246922.11
F5H094	ENSG00000257046.5
F5H284	ENSG00000289549.1
F5H4A9	ENSG00000180044.6
F5H4B4	ENSG00000184949.18
F8VTS6	ENSG00000229292.2
F8VZV9	ENSG00000166578.11
F8W0I5	ENSG00000169203.19
F8W1W9	ENSG00000196993.9
F8WBI6	ENSG00000232653.9
F8WCM5	ENSG00000129965.15
F8WFD2	ENSG00000224712.13
G3V523	ENSG00000187186.16
G5E9R7	ENSG00000241241.1
G5E9R7	ENSG00000262520.1
G5E9R7	ENSG00000292055.1
G9CGD6	ENSG00000288520.1
H0Y354	ENSG00000263513.7
H0Y7S4	ENSG00000276299.5
H0Y7S4	ENSG00000229571.7
H0Y7S4	ENSG00000280267.7
H0Y7S4	ENSG00000282566.2
H0Y7S4	ENSG00000281987.2
H0Y7S4	ENSG00000283348.2
H0Y7S4	ENSG00000283216.2
H0YKK7	ENSG00000274166.2
H0YL14	ENSG00000238227.9
H0YM25	ENSG00000277865.6
H3BMG3	ENSG00000240204.3
H3BNL1	ENSG00000236980.10
H3BNL8	ENSG00000260286.4
H3BPF8	ENSG00000261739.3
H3BPM6	ENSG00000225526.7
H3BQB6	ENSG00000230873.10
H3BQJ8	ENSG00000261667.3
H3BQJ8	ENSG00000282693.1
H3BQL2	ENSG00000261247.2
H3BQL2	ENSG00000284076.3
H3BQW9	ENSG00000225828.2
H3BR10	ENSG00000256162.2
H3BRN8	ENSG00000261652.3
H3BS89	ENSG00000261115.7
H3BSY2	ENSG00000188626.7
H3BTG2	ENSG00000227868.7
H3BU77	ENSG00000255359.3
H3BUK9	ENSG00000233917.9
H3BUK9	ENSG00000230031.10
H3BV12	ENSG00000178115.12
H3BV60	ENSG00000260001.9
H7BZ55	ENSG00000226321.6
H7C241	ENSG00000234469.5
H7C350	ENSG00000234409.7
I0J062	ENSG00000288675.1
I1YAP6	ENSG00000214414.9
I3L1E1	ENSG00000262874.2
I3L273	ENSG00000261949.7
I3L3L1	ENSG00000275748.4
I3L3L1	ENSG00000276276.4
I3L3R5	ENSG00000262484.2
I3L3R5	ENSG00000283099.1
I6L899	ENSG00000186399.11
K7EJ46	ENSG00000267795.7
K9M1U5	ENSG00000292250.1
L0R819	ENSG00000286053.2
M0QZC1	ENSG00000269855.3
M0QZD8	ENSG00000188897.10
M0R2J8	ENSG00000170959.15
M5A8F1	ENSG00000233056.4
O00110	ENSG00000105261.9
O00115	ENSG00000105612.11
O00116	ENSG00000018510.19
O00124	ENSG00000104691.17
O00139	ENSG00000068796.20
O00141	ENSG00000118515.13
O00142	ENSG00000166548.17
O00144	ENSG00000188763.5
O00148	ENSG00000123136.16
O00151	ENSG00000107438.10
O00154	ENSG00000097021.22
O00155	ENSG00000170128.5
O00159	ENSG00000197879.18
O00160	ENSG00000142347.22
O00161	ENSG00000092531.11
O00165	ENSG00000143575.17
O00167	ENSG00000064655.21
O00168	ENSG00000266964.7
O00170	ENSG00000110711.12
O00175	ENSG00000106178.8
O00178	ENSG00000100226.17
O00180	ENSG00000135750.16
O00182	ENSG00000168961.18
O00186	ENSG00000116266.12
O00187	ENSG00000009724.19
O00189	ENSG00000221838.13
O00192	ENSG00000099889.15
O00193	ENSG00000110696.11
O00194	ENSG00000041353.11
O00198	ENSG00000135116.9
O00203	ENSG00000132842.17
O00204	ENSG00000088002.12
O00206	ENSG00000136869.16
O00212	ENSG00000173156.8
O00213	ENSG00000166313.21
O00214	ENSG00000116977.20
O00217	ENSG00000110717.14
O00219	ENSG00000103044.12
O00220	ENSG00000104689.11
O00221	ENSG00000146232.18
O00222	ENSG00000179603.19
O00230	ENSG00000241563.4
O00231	ENSG00000108671.12
O00232	ENSG00000197170.11
O00233	ENSG00000110801.15
O00237	ENSG00000239305.8
O00238	ENSG00000138696.12
O00241	ENSG00000101307.17
O00244	ENSG00000177556.13
O00253	ENSG00000159723.6
O00254	ENSG00000164220.7
O00255	ENSG00000133895.20
O00257	ENSG00000141582.16
O00258	ENSG00000182093.16
O00264	ENSG00000101856.11
O00267	ENSG00000196235.15
O00268	ENSG00000130699.20
O00270	ENSG00000120436.4
O00273	ENSG00000160049.13
O00287	ENSG00000133111.4
O00291	ENSG00000127946.18
O00292	ENSG00000143768.13
O00294	ENSG00000112041.13
O00295	ENSG00000104804.9
O00299	ENSG00000213719.9
O00299	ENSG00000206394.8
O00299	ENSG00000226248.6
O00299	ENSG00000226417.6
O00299	ENSG00000226651.6
O00299	ENSG00000223639.6
O00299	ENSG00000230685.6
O00300	ENSG00000164761.10
O00303	ENSG00000175390.16
O00305	ENSG00000182389.20
O00308	ENSG00000198373.14
O00311	ENSG00000097046.14
O00321	ENSG00000105672.15
O00322	ENSG00000105668.8
O00327	ENSG00000133794.21
O00329	ENSG00000171608.19
O00330	ENSG00000110435.14
O00337	ENSG00000156222.13
O00338	ENSG00000198203.11
O00339	ENSG00000132561.15
O00341	ENSG00000162383.13
O00358	ENSG00000178919.9
O00391	ENSG00000116260.17
O00398	ENSG00000078589.14
O00399	ENSG00000104671.9
O00400	ENSG00000169359.17
O00401	ENSG00000106299.9
O00408	ENSG00000186642.16
O00409	ENSG00000053254.17
O00410	ENSG00000065150.22
O00411	ENSG00000099821.15
O00418	ENSG00000103319.13
O00421	ENSG00000121797.11
O00422	ENSG00000150459.14
O00423	ENSG00000066629.20
O00425	ENSG00000136231.15
O00429	ENSG00000087470.22
O00442	ENSG00000137996.14
O00443	ENSG00000011405.15
O00444	ENSG00000142731.12
O00445	ENSG00000129990.16
O00451	ENSG00000168546.12
O00453	ENSG00000204482.12
O00453	ENSG00000206433.10
O00453	ENSG00000235915.8
O00453	ENSG00000231048.8
O00453	ENSG00000226182.8
O00453	ENSG00000223465.8
O00453	ENSG00000234514.8
O00453	ENSG00000230791.8
O00458	ENSG00000006652.15
O00458	ENSG00000288640.1
O00459	ENSG00000105647.21
O00459	ENSG00000268173.3
O00461	ENSG00000173905.10
O00462	ENSG00000109323.12
O00463	ENSG00000082512.16
O00468	ENSG00000188157.16
O00469	ENSG00000152952.15
O00470	ENSG00000143995.21
O00471	ENSG00000070367.18
O00472	ENSG00000118985.17
O00476	ENSG00000124564.18
O00478	ENSG00000111801.17
O00479	ENSG00000182952.6
O00479	ENSG00000292175.1
O00481	ENSG00000026950.19
O00482	ENSG00000116833.15
O00483	ENSG00000189043.11
O00487	ENSG00000115233.13
O00488	ENSG00000142684.9
O00499	ENSG00000136717.16
O00501	ENSG00000184113.10
O00505	ENSG00000102753.11
O00506	ENSG00000115694.16
O00507	ENSG00000114374.14
O00512	ENSG00000116128.12
O00515	ENSG00000159166.16
O00519	ENSG00000117480.17
O00522	ENSG00000001631.18
O00526	ENSG00000110375.3
O00533	ENSG00000134121.10
O00534	ENSG00000110002.17
O00541	ENSG00000100029.19
O00548	ENSG00000198719.10
O00548	ENSG00000275555.2
O00555	ENSG00000141837.24
O00559	ENSG00000147654.17
O00560	ENSG00000137575.13
O00562	ENSG00000110697.15
O00566	ENSG00000124383.12
O00567	ENSG00000101361.18
O00570	ENSG00000182968.5
O00571	ENSG00000215301.12
O00574	ENSG00000172215.7
O00584	ENSG00000026297.18
O00585	ENSG00000137077.10
O00587	ENSG00000100060.19
O00590	ENSG00000144648.17
O00591	ENSG00000094755.18
O00592	ENSG00000128567.18
O00602	ENSG00000085265.13
O00622	ENSG00000142871.19
O00623	ENSG00000108733.11
O00624	ENSG00000112337.12
O00625	ENSG00000087842.12
O00626	ENSG00000102962.6
O00628	ENSG00000112357.15
O00629	ENSG00000186432.11
O00631	ENSG00000170290.5
O00634	ENSG00000162068.2
O00635	ENSG00000112343.12
O00712	ENSG00000147862.19
O00716	ENSG00000112242.17
O00743	ENSG00000119414.13
O00744	ENSG00000169884.14
O00746	ENSG00000103202.14
O00748	ENSG00000172831.15
O00750	ENSG00000133056.15
O00754	ENSG00000104774.15
O00755	ENSG00000154764.6
O00757	ENSG00000130957.5
O00762	ENSG00000175063.18
O00763	ENSG00000076555.16
O00764	ENSG00000160209.20
O00767	ENSG00000099194.7
O14490	ENSG00000170579.19
O14492	ENSG00000160999.12
O14493	ENSG00000189143.10
O14494	ENSG00000067113.18
O14495	ENSG00000162407.10
O14497	ENSG00000117713.22
O14498	ENSG00000129009.14
O14498	ENSG00000288508.1
O14503	ENSG00000134107.6
O14508	ENSG00000120833.15
O14511	ENSG00000158458.22
O14512	ENSG00000274229.2
O14512	ENSG00000274211.6
O14513	ENSG00000176771.18
O14514	ENSG00000181790.13
O14519	ENSG00000111328.7
O14520	ENSG00000165269.14
O14521	ENSG00000204370.15
O14522	ENSG00000196090.14
O14523	ENSG00000172375.15
O14524	ENSG00000166881.11
O14525	ENSG00000152092.18
O14526	ENSG00000130475.17
O14529	ENSG00000111249.15
O14530	ENSG00000115514.13
O14531	ENSG00000151640.14
O14543	ENSG00000184557.5
O14544	ENSG00000170677.7
O14545	ENSG00000135148.13
O14548	ENSG00000115944.16
O14556	ENSG00000105679.9
O14558	ENSG00000004776.14
O14559	ENSG00000004777.19
O14561	ENSG00000004779.11
O14562	ENSG00000103353.17
O14569	ENSG00000114395.12
O14576	ENSG00000158560.15
O14578	ENSG00000122966.19
O14579	ENSG00000105669.15
O14581	ENSG00000185385.5
O14593	ENSG00000064490.15
O14594	ENSG00000130287.15
O14595	ENSG00000175215.11
O14598	ENSG00000129862.7
O14598	ENSG00000129864.7
O14599	ENSG00000183753.10
O14599	ENSG00000185894.8
O14599	ENSG00000183795.8
O14602	ENSG00000198692.11
O14604	ENSG00000154620.6
O14607	ENSG00000183878.17
O14610	ENSG00000167083.8
O14613	ENSG00000149798.6
O14617	ENSG00000065000.21
O14618	ENSG00000173992.10
O14625	ENSG00000169248.13
O14626	ENSG00000174946.7
O14627	ENSG00000131264.5
O14628	ENSG00000005801.19
O14633	ENSG00000159455.9
O14638	ENSG00000154269.16
O14639	ENSG00000099204.23
O14640	ENSG00000107404.22
O14641	ENSG00000004975.13
O14645	ENSG00000163879.12
O14646	ENSG00000153922.13
O14647	ENSG00000173575.24
O14649	ENSG00000171303.8
O14653	ENSG00000108433.17
O14654	ENSG00000133124.12
O14656	ENSG00000136827.12
O14657	ENSG00000136816.17
O14662	ENSG00000124222.24
O14668	ENSG00000130962.20
O14669	ENSG00000126460.12
O14672	ENSG00000137845.16
O14678	ENSG00000119688.22
O14681	ENSG00000149547.16
O14682	ENSG00000171617.17
O14683	ENSG00000175274.20
O14684	ENSG00000148344.11
O14686	ENSG00000167548.18
O14709	ENSG00000186448.16
O14709	ENSG00000281709.3
O14713	ENSG00000119185.14
O14715	ENSG00000169629.13
O14717	ENSG00000107614.23
O14718	ENSG00000180245.7
O14727	ENSG00000120868.16
O14730	ENSG00000101782.16
O14732	ENSG00000141401.13
O14733	ENSG00000076984.19
O14734	ENSG00000101473.18
O14735	ENSG00000103502.15
O14737	ENSG00000105185.13
O14744	ENSG00000100462.17
O14745	ENSG00000109062.13
O14746	ENSG00000164362.22
O14753	ENSG00000172818.11
O14756	ENSG00000025423.12
O14757	ENSG00000149554.16
O14763	ENSG00000120889.14
O14764	ENSG00000187730.10
O14770	ENSG00000134138.23
O14771	ENSG00000085644.15
O14772	ENSG00000254685.9
O14773	ENSG00000166340.19
O14775	ENSG00000069966.19
O14776	ENSG00000113649.15
O14777	ENSG00000080986.14
O14782	ENSG00000084731.16
O14786	ENSG00000099250.19
O14787	ENSG00000105576.17
O14788	ENSG00000120659.16
O14791	ENSG00000100342.23
O14792	ENSG00000002587.11
O14793	ENSG00000138379.5
O14795	ENSG00000198722.16
O14796	ENSG00000198574.7
O14798	ENSG00000173535.16
O14802	ENSG00000148606.16
O14804	ENSG00000135569.5
O14807	ENSG00000158186.14
O14810	ENSG00000168993.16
O14813	ENSG00000165462.5
O14815	ENSG00000135773.14
O14817	ENSG00000214063.13
O14818	ENSG00000101182.16
O14827	ENSG00000113319.14
O14828	ENSG00000116521.13
O14828	ENSG00000263290.5
O14829	ENSG00000086717.20
O14830	ENSG00000156194.19
O14832	ENSG00000107537.15
O14836	ENSG00000240505.9
O14841	ENSG00000178814.18
O14842	ENSG00000126266.5
O14843	ENSG00000185897.8
O14862	ENSG00000163568.18
O14863	ENSG00000104154.8
O14867	ENSG00000156273.17
O14874	ENSG00000103507.15
O14879	ENSG00000119917.15
O14880	ENSG00000143198.14
O14893	ENSG00000092208.20
O14894	ENSG00000142484.8
O14896	ENSG00000117595.14
O14901	ENSG00000172059.12
O14904	ENSG00000143816.8
O14905	ENSG00000158955.11
O14905	ENSG00000276799.2
O14907	ENSG00000213977.9
O14908	ENSG00000123159.17
O14910	ENSG00000111052.9
O14917	ENSG00000118946.12
O14920	ENSG00000104365.17
O14921	ENSG00000127074.16
O14924	ENSG00000159788.21
O14925	ENSG00000265354.5
O14926	ENSG00000186765.12
O14929	ENSG00000128708.14
O14931	ENSG00000204475.11
O14931	ENSG00000206430.8
O14931	ENSG00000225211.6
O14931	ENSG00000237103.6
O14931	ENSG00000237808.6
O14931	ENSG00000223833.6
O14931	ENSG00000236315.6
O14931	ENSG00000236979.6
O14933	ENSG00000156587.16
O14936	ENSG00000147044.24
O14939	ENSG00000129219.15
O14944	ENSG00000124882.4
O14948	ENSG00000105967.17
O14949	ENSG00000164405.12
O14950	ENSG00000118680.15
O14957	ENSG00000127540.13
O14957	ENSG00000267059.2
O14958	ENSG00000118729.16
O14960	ENSG00000145826.9
O14964	ENSG00000185359.15
O14965	ENSG00000087586.19
O14966	ENSG00000117280.14
O14967	ENSG00000153132.14
O14972	ENSG00000157538.15
O14974	ENSG00000058272.20
O14975	ENSG00000140284.12
O14976	ENSG00000178950.19
O14977	ENSG00000155096.15
O14978	ENSG00000006194.12
O14979	ENSG00000152795.19
O14980	ENSG00000082898.20
O14981	ENSG00000095564.16
O14983	ENSG00000196296.15
O14986	ENSG00000107242.21
O14990	ENSG00000102055.7
O14994	ENSG00000185666.16
O15013	ENSG00000104728.17
O15013	ENSG00000274726.4
O15014	ENSG00000180357.11
O15015	ENSG00000167395.11
O15018	ENSG00000133401.17
O15020	ENSG00000173898.17
O15021	ENSG00000069020.19
O15027	ENSG00000148396.20
O15031	ENSG00000196576.17
O15033	ENSG00000119682.19
O15034	ENSG00000060709.18
O15037	ENSG00000100441.11
O15040	ENSG00000196663.17
O15041	ENSG00000170381.16
O15042	ENSG00000163714.19
O15047	ENSG00000099381.20
O15049	ENSG00000145911.8
O15050	ENSG00000168016.16
O15054	ENSG00000132510.12
O15055	ENSG00000132326.13
O15056	ENSG00000078269.15
O15060	ENSG00000166860.4
O15061	ENSG00000182253.15
O15062	ENSG00000168795.6
O15063	ENSG00000166398.15
O15066	ENSG00000101350.9
O15067	ENSG00000178921.15
O15068	ENSG00000126217.23
O15069	ENSG00000136274.9
O15072	ENSG00000156140.11
O15075	ENSG00000133083.16
O15078	ENSG00000198707.18
O15079	ENSG00000101298.16
O15083	ENSG00000187672.16
O15084	ENSG00000206560.12
O15085	ENSG00000132694.21
O15090	ENSG00000198597.10
O15091	ENSG00000100890.17
O15091	ENSG00000258790.1
O15105	ENSG00000101665.11
O15111	ENSG00000213341.12
O15116	ENSG00000175324.11
O15117	ENSG00000082074.20
O15118	ENSG00000141458.14
O15119	ENSG00000135111.16
O15120	ENSG00000169692.15
O15121	ENSG00000143753.15
O15123	ENSG00000091879.15
O15126	ENSG00000085365.19
O15127	ENSG00000140497.17
O15130	ENSG00000139574.10
O15131	ENSG00000196911.13
O15143	ENSG00000130429.17
O15144	ENSG00000163466.17
O15145	ENSG00000111229.17
O15146	ENSG00000030304.15
O15151	ENSG00000198625.16
O15155	ENSG00000105829.13
O15156	ENSG00000160685.15
O15160	ENSG00000171453.21
O15162	ENSG00000188313.14
O15164	ENSG00000122779.19
O15165	ENSG00000168675.20
O15169	ENSG00000103126.16
O15173	ENSG00000164040.18
O15178	ENSG00000164458.11
O15182	ENSG00000153140.10
O15194	ENSG00000144677.16
O15195	ENSG00000136059.17
O15198	ENSG00000120693.17
O15204	ENSG00000134028.15
O15205	ENSG00000213886.5
O15205	ENSG00000206468.3
O15205	ENSG00000231968.2
O15205	ENSG00000228913.2
O15209	ENSG00000206280.7
O15209	ENSG00000229253.5
O15209	ENSG00000227780.5
O15209	ENSG00000236104.5
O15209	ENSG00000237056.5
O15211	ENSG00000206282.11
O15211	ENSG00000224841.9
O15211	ENSG00000228736.9
O15211	ENSG00000237825.9
O15211	ENSG00000237441.11
O15212	ENSG00000204220.13
O15212	ENSG00000206283.10
O15212	ENSG00000224782.8
O15212	ENSG00000235692.8
O15212	ENSG00000237335.8
O15213	ENSG00000227057.10
O15213	ENSG00000206284.8
O15213	ENSG00000236222.8
O15213	ENSG00000204221.11
O15213	ENSG00000226916.8
O15217	ENSG00000170899.12
O15218	ENSG00000166856.4
O15226	ENSG00000186416.18
O15228	ENSG00000116906.14
O15229	ENSG00000117009.13
O15230	ENSG00000130702.15
O15231	ENSG00000147394.21
O15231	ENSG00000292196.1
O15232	ENSG00000132031.14
O15234	ENSG00000108349.19
O15235	ENSG00000128626.13
O15235	ENSG00000283018.1
O15239	ENSG00000125356.8
O15240	ENSG00000128564.9
O15243	ENSG00000213625.9
O15244	ENSG00000112499.13
O15245	ENSG00000175003.16
O15247	ENSG00000155962.14
O15254	ENSG00000087008.17
O15258	ENSG00000157916.21
O15259	ENSG00000144061.15
O15260	ENSG00000148248.15
O15260	ENSG00000280951.3
O15263	ENSG00000171711.3
O15263	ENSG00000177257.3
O15263	ENSG00000275444.2
O15263	ENSG00000285181.2
O15263	ENSG00000285433.2
O15264	ENSG00000156711.18
O15265	ENSG00000163635.21
O15266	ENSG00000185960.15
O15266	ENSG00000292354.1
O15269	ENSG00000090054.17
O15270	ENSG00000100596.9
O15273	ENSG00000173991.6
O15287	ENSG00000221829.12
O15294	ENSG00000147162.16
O15296	ENSG00000179593.17
O15297	ENSG00000170836.14
O15303	ENSG00000113262.16
O15304	ENSG00000184990.14
O15305	ENSG00000140650.14
O15315	ENSG00000182185.19
O15318	ENSG00000113356.14
O15321	ENSG00000100926.16
O15321	ENSG00000285465.2
O15327	ENSG00000109452.15
O15335	ENSG00000136457.11
O15342	ENSG00000113732.10
O15344	ENSG00000101871.18
O15347	ENSG00000029993.16
O15350	ENSG00000078900.17
O15353	ENSG00000109101.8
O15354	ENSG00000170775.3
O15355	ENSG00000115241.12
O15357	ENSG00000165458.16
O15360	ENSG00000187741.17
O15370	ENSG00000177732.9
O15371	ENSG00000100353.19
O15372	ENSG00000147677.13
O15374	ENSG00000168679.19
O15375	ENSG00000170190.17
O15379	ENSG00000171720.11
O15381	ENSG00000143748.19
O15382	ENSG00000105552.16
O15389	ENSG00000268500.9
O15391	ENSG00000230797.3
O15392	ENSG00000089685.16
O15393	ENSG00000184012.15
O15394	ENSG00000154654.15
O15397	ENSG00000133704.11
O15399	ENSG00000105464.5
O15400	ENSG00000079950.15
O15403	ENSG00000108932.14
O15405	ENSG00000103460.18
O15409	ENSG00000128573.29
O15417	ENSG00000182095.15
O15427	ENSG00000141526.19
O15431	ENSG00000136868.12
O15432	ENSG00000136867.11
O15438	ENSG00000108846.17
O15439	ENSG00000125257.17
O15440	ENSG00000114770.18
O15442	ENSG00000186732.15
O15444	ENSG00000131142.15
O15446	ENSG00000117877.11
O15455	ENSG00000164342.15
O15457	ENSG00000057468.7
O15460	ENSG00000072682.21
O15466	ENSG00000101638.15
O15467	ENSG00000275152.6
O15467	ENSG00000275095.2
O15479	ENSG00000099399.6
O15480	ENSG00000198798.6
O15481	ENSG00000120289.12
O15482	ENSG00000278057.4
O15484	ENSG00000149260.19
O15488	ENSG00000056998.22
O15492	ENSG00000143333.8
O15496	ENSG00000069764.10
O15496	ENSG00000276870.2
O15498	ENSG00000106636.10
O15499	ENSG00000063515.3
O15503	ENSG00000186480.14
O15504	ENSG00000136243.19
O15511	ENSG00000162704.16
O15514	ENSG00000144231.12
O15516	ENSG00000134852.16
O15519	ENSG00000003402.22
O15520	ENSG00000070193.6
O15522	ENSG00000136327.7
O15523	ENSG00000067048.18
O15524	ENSG00000185338.8
O15525	ENSG00000197063.12
O15527	ENSG00000114026.22
O15528	ENSG00000111012.12
O15529	ENSG00000126251.7
O15530	ENSG00000140992.21
O15533	ENSG00000112493.12
O15533	ENSG00000206208.11
O15533	ENSG00000206281.11
O15533	ENSG00000236490.9
O15533	ENSG00000231925.15
O15534	ENSG00000179094.18
O15535	ENSG00000137185.14
O15537	ENSG00000102104.9
O15539	ENSG00000143248.14
O15540	ENSG00000164434.12
O15541	ENSG00000125352.6
O15547	ENSG00000099957.18
O15550	ENSG00000147050.19
O15551	ENSG00000165215.6
O15552	ENSG00000126262.5
O15553	ENSG00000103313.15
O15554	ENSG00000104783.16
O43143	ENSG00000109606.14
O43147	ENSG00000141258.14
O43148	ENSG00000101654.19
O43149	ENSG00000074755.16
O43150	ENSG00000151693.12
O43151	ENSG00000187605.17
O43155	ENSG00000185070.13
O43156	ENSG00000101407.14
O43157	ENSG00000164050.14
O43159	ENSG00000132275.12
O43164	ENSG00000198961.12
O43166	ENSG00000197555.11
O43167	ENSG00000112365.7
O43169	ENSG00000103018.19
O43172	ENSG00000136875.14
O43173	ENSG00000177511.6
O43174	ENSG00000095596.12
O43175	ENSG00000092621.14
O43181	ENSG00000164258.13
O43182	ENSG00000047648.23
O43184	ENSG00000148848.15
O43186	ENSG00000105392.17
O43187	ENSG00000134070.6
O43189	ENSG00000112511.19
O43189	ENSG00000225553.7
O43193	ENSG00000102539.6
O43194	ENSG00000183840.8
O43196	ENSG00000204410.16
O43196	ENSG00000230961.10
O43196	ENSG00000235222.12
O43196	ENSG00000230293.11
O43196	ENSG00000227314.12
O43196	ENSG00000266442.5
O43196	ENSG00000254405.10
O43196	ENSG00000255152.8
O43196	ENSG00000266027.8
O43236	ENSG00000108387.16
O43237	ENSG00000135720.14
O43240	ENSG00000129451.13
O43242	ENSG00000108344.16
O43246	ENSG00000099960.14
O43247	ENSG00000185264.12
O43248	ENSG00000123388.4
O43251	ENSG00000100320.25
O43251	ENSG00000277564.4
O43252	ENSG00000138801.10
O43255	ENSG00000181788.5
O43257	ENSG00000106400.13
O43264	ENSG00000086827.10
O43272	ENSG00000100033.18
O43278	ENSG00000166145.16
O43280	ENSG00000118094.13
O43281	ENSG00000100842.14
O43283	ENSG00000073803.15
O43286	ENSG00000158470.6
O43290	ENSG00000175467.16
O43291	ENSG00000167642.14
O43292	ENSG00000197858.13
O43293	ENSG00000167657.15
O43294	ENSG00000140682.20
O43295	ENSG00000196220.17
O43296	ENSG00000083844.11
O43298	ENSG00000169155.11
O43299	ENSG00000242802.10
O43300	ENSG00000146006.8
O43301	ENSG00000165868.16
O43303	ENSG00000103540.18
O43304	ENSG00000103184.13
O43306	ENSG00000174233.13
O43307	ENSG00000131089.18
O43309	ENSG00000158691.17
O43310	ENSG00000134030.15
O43310	ENSG00000282825.2
O43312	ENSG00000170873.20
O43313	ENSG00000166454.11
O43313	ENSG00000291953.1
O43314	ENSG00000145725.22
O43315	ENSG00000103569.12
O43316	ENSG00000106331.20
O43318	ENSG00000135341.20
O43320	ENSG00000196468.8
O43323	ENSG00000139549.4
O43324	ENSG00000124802.13
O43325	ENSG00000102897.11
O43345	ENSG00000160321.16
O43347	ENSG00000135097.8
O43353	ENSG00000104312.9
O43361	ENSG00000186230.7
O43364	ENSG00000105996.7
O43365	ENSG00000105997.24
O43374	ENSG00000105808.20
O43379	ENSG00000075702.19
O43390	ENSG00000125944.23
O43390	ENSG00000282958.5
O43395	ENSG00000117360.14
O43396	ENSG00000091164.14
O43399	ENSG00000101150.19
O43402	ENSG00000131148.10
O43405	ENSG00000100473.19
O43414	ENSG00000117419.17
O43422	ENSG00000137492.10
O43424	ENSG00000152208.13
O43426	ENSG00000159082.19
O43427	ENSG00000172500.14
O43432	ENSG00000075151.24
O43435	ENSG00000184058.16
O43439	ENSG00000078699.22
O43447	ENSG00000171960.13
O43448	ENSG00000170049.11
O43451	ENSG00000257335.8
O43462	ENSG00000012174.13
O43463	ENSG00000101945.18
O43464	ENSG00000115317.14
O43474	ENSG00000136826.16
O43482	ENSG00000104147.10
O43488	ENSG00000053371.14
O43490	ENSG00000007062.13
O43491	ENSG00000079819.21
O43493	ENSG00000152291.16
O43493	ENSG00000292253.1
O43497	ENSG00000006283.18
O43502	ENSG00000108384.17
O43504	ENSG00000134248.15
O43505	ENSG00000174684.8
O43506	ENSG00000134007.5
O43508	ENSG00000239697.13
O43508	ENSG00000248871.1
O43511	ENSG00000091137.15
O43513	ENSG00000155868.9
O43516	ENSG00000115935.20
O43520	ENSG00000081923.16
O43521	ENSG00000153094.26
O43524	ENSG00000118689.16
O43525	ENSG00000184156.18
O43526	ENSG00000075043.22
O43529	ENSG00000115526.12
O43541	ENSG00000137834.16
O43542	ENSG00000126215.15
O43543	ENSG00000196584.4
O43548	ENSG00000104055.17
O43555	ENSG00000125787.12
O43556	ENSG00000127990.20
O43557	ENSG00000125735.13
O43559	ENSG00000137218.11
O43561	ENSG00000213658.14
O43566	ENSG00000169220.19
O43567	ENSG00000082996.21
O43570	ENSG00000074410.15
O43572	ENSG00000108599.16
O43581	ENSG00000011347.11
O43583	ENSG00000139726.12
O43586	ENSG00000140368.15
O43592	ENSG00000184575.13
O43593	ENSG00000168453.17
O43597	ENSG00000136158.13
O43598	ENSG00000112667.14
O43602	ENSG00000077279.22
O43603	ENSG00000182687.4
O43609	ENSG00000164056.12
O43610	ENSG00000168939.14
O43612	ENSG00000161610.1
O43613	ENSG00000121764.13
O43614	ENSG00000137252.10
O43615	ENSG00000104980.9
O43617	ENSG00000054116.13
O43623	ENSG00000019549.13
O43633	ENSG00000130724.11
O43638	ENSG00000179772.8
O43639	ENSG00000071051.15
O43653	ENSG00000167653.6
O43657	ENSG00000000003.17
O43660	ENSG00000171566.13
O43663	ENSG00000198901.15
O43665	ENSG00000148908.16
O43670	ENSG00000010244.20
O43674	ENSG00000136521.14
O43676	ENSG00000119013.11
O43677	ENSG00000109390.14
O43678	ENSG00000131495.9
O43679	ENSG00000169744.14
O43680	ENSG00000118526.8
O43681	ENSG00000198356.13
O43683	ENSG00000169679.16
O43684	ENSG00000154473.19
O43688	ENSG00000141934.11
O43692	ENSG00000137558.9
O43699	ENSG00000105492.16
O43704	ENSG00000173597.10
O43707	ENSG00000130402.15
O43707	ENSG00000282844.2
O43708	ENSG00000100577.20
O43709	ENSG00000071462.14
O43711	ENSG00000164438.6
O43715	ENSG00000170855.5
O43716	ENSG00000257218.7
O43719	ENSG00000102241.13
O43731	ENSG00000100196.12
O43734	ENSG00000056972.22
O43736	ENSG00000078596.12
O43739	ENSG00000008256.18
O43741	ENSG00000131791.9
O43745	ENSG00000166869.4
O43747	ENSG00000166747.14
O43749	ENSG00000168124.4
O43752	ENSG00000135823.14
O43759	ENSG00000100321.16
O43760	ENSG00000108639.9
O43761	ENSG00000127561.17
O43761	ENSG00000291941.1
O43763	ENSG00000115297.11
O43765	ENSG00000104969.12
O43766	ENSG00000121897.16
O43768	ENSG00000143420.20
O43772	ENSG00000178537.11
O43776	ENSG00000134440.13
O43781	ENSG00000143479.18
O43790	ENSG00000170442.13
O43791	ENSG00000121067.20
O43795	ENSG00000128641.20
O43805	ENSG00000176101.13
O43808	ENSG00000100372.16
O43809	ENSG00000167005.15
O43813	ENSG00000115365.14
O43815	ENSG00000115808.14
O43818	ENSG00000114767.8
O43819	ENSG00000284194.4
O43820	ENSG00000186792.18
O43822	ENSG00000160226.16
O43823	ENSG00000105127.11
O43824	ENSG00000178605.16
O43824	ENSG00000292358.3
O43825	ENSG00000162630.7
O43826	ENSG00000281500.5
O43827	ENSG00000171819.5
O43829	ENSG00000198081.12
O43837	ENSG00000101365.23
O43847	ENSG00000078618.24
O43852	ENSG00000128595.18
O43854	ENSG00000164176.14
O43861	ENSG00000166377.22
O43865	ENSG00000168710.19
O43866	ENSG00000073754.6
O43868	ENSG00000137860.13
O43869	ENSG00000273508.1
O43869	ENSG00000275244.1
O43889	ENSG00000107175.13
O43895	ENSG00000122121.13
O43896	ENSG00000129250.13
O43897	ENSG00000038295.8
O43900	ENSG00000012211.14
O43903	ENSG00000148935.13
O43908	ENSG00000183542.7
O43909	ENSG00000012232.11
O43913	ENSG00000164815.12
O43914	ENSG00000011600.13
O43915	ENSG00000165197.6
O43916	ENSG00000175264.9
O43918	ENSG00000160224.18
O43920	ENSG00000168653.12
O43921	ENSG00000099617.4
O43924	ENSG00000156973.15
O43927	ENSG00000156234.8
O43929	ENSG00000115947.15
O43933	ENSG00000127980.17
O43934	ENSG00000092931.13
O60216	ENSG00000164754.17
O60218	ENSG00000198074.11
O60220	ENSG00000126953.9
O60224	ENSG00000269791.6
O60224	ENSG00000268009.6
O60225	ENSG00000165583.16
O60229	ENSG00000160145.16
O60231	ENSG00000204560.11
O60231	ENSG00000206486.8
O60231	ENSG00000233561.6
O60231	ENSG00000226171.6
O60231	ENSG00000233418.8
O60231	ENSG00000233049.6
O60231	ENSG00000231377.6
O60232	ENSG00000173465.9
O60234	ENSG00000130755.14
O60234	ENSG00000291873.1
O60235	ENSG00000153802.12
O60237	ENSG00000077157.24
O60238	ENSG00000104765.17
O60239	ENSG00000131370.17
O60240	ENSG00000166819.13
O60241	ENSG00000121753.13
O60242	ENSG00000135298.15
O60243	ENSG00000136720.7
O60244	ENSG00000180182.12
O60245	ENSG00000169851.17
O60248	ENSG00000129194.8
O60256	ENSG00000141127.16
O60258	ENSG00000158815.11
O60259	ENSG00000129455.17
O60260	ENSG00000185345.25
O60262	ENSG00000176533.14
O60264	ENSG00000153147.7
O60266	ENSG00000138031.16
O60268	ENSG00000135709.15
O60269	ENSG00000204175.7
O60271	ENSG00000008294.23
O60279	ENSG00000173705.9
O60281	ENSG00000188994.15
O60282	ENSG00000168280.18
O60284	ENSG00000147488.14
O60285	ENSG00000074590.14
O60287	ENSG00000142207.8
O60290	ENSG00000106479.11
O60291	ENSG00000102858.14
O60292	ENSG00000105738.12
O60293	ENSG00000133858.17
O60294	ENSG00000168806.8
O60296	ENSG00000115993.14
O60299	ENSG00000088899.17
O60303	ENSG00000047578.15
O60304	ENSG00000103199.15
O60306	ENSG00000021776.12
O60307	ENSG00000099308.14
O60308	ENSG00000116198.15
O60309	ENSG00000176809.11
O60312	ENSG00000206190.13
O60313	ENSG00000198836.12
O60315	ENSG00000169554.24
O60318	ENSG00000160294.11
O60320	ENSG00000104059.6
O60330	ENSG00000253159.3
O60331	ENSG00000186111.12
O60333	ENSG00000054523.21
O60336	ENSG00000137802.16
O60337	ENSG00000145495.18
O60341	ENSG00000004487.19
O60343	ENSG00000136111.15
O60346	ENSG00000081913.15
O60347	ENSG00000108239.10
O60353	ENSG00000164930.13
O60356	ENSG00000176046.10
O60359	ENSG00000006116.5
O60381	ENSG00000105856.15
O60381	ENSG00000283847.2
O60383	ENSG00000164404.9
O60391	ENSG00000116032.5
O60393	ENSG00000106410.16
O60403	ENSG00000171942.5
O60404	ENSG00000171936.3
O60412	ENSG00000127529.7
O60422	ENSG00000205922.5
O60423	ENSG00000130270.16
O60427	ENSG00000149485.20
O60431	ENSG00000094661.3
O60437	ENSG00000118898.17
O60443	ENSG00000105928.17
O60447	ENSG00000067208.18
O60449	ENSG00000054219.12
O60449	ENSG00000248672.5
O60462	ENSG00000118257.17
O60469	ENSG00000171587.15
O60469	ENSG00000291561.1
O60476	ENSG00000198162.12
O60477	ENSG00000078725.14
O60478	ENSG00000077585.15
O60479	ENSG00000064195.7
O60481	ENSG00000156925.13
O60486	ENSG00000136040.9
O60487	ENSG00000149573.10
O60488	ENSG00000068366.22
O60493	ENSG00000112335.16
O60494	ENSG00000107611.16
O60496	ENSG00000147443.14
O60499	ENSG00000104915.16
O60500	ENSG00000161270.21
O60502	ENSG00000198408.15
O60503	ENSG00000162104.11
O60504	ENSG00000120896.15
O60506	ENSG00000135316.20
O60506	ENSG00000271793.2
O60507	ENSG00000169902.16
O60508	ENSG00000168438.16
O60512	ENSG00000158850.16
O60513	ENSG00000121578.14
O60516	ENSG00000243056.2
O60518	ENSG00000137040.10
O60519	ENSG00000111269.4
O60522	ENSG00000180113.16
O60524	ENSG00000165525.19
O60542	ENSG00000125650.5
O60543	ENSG00000176194.18
O60547	ENSG00000112699.12
O60548	ENSG00000186564.6
O60551	ENSG00000152465.19
O60563	ENSG00000129315.13
O60565	ENSG00000276886.4
O60565	ENSG00000166923.13
O60565	ENSG00000282046.3
O60566	ENSG00000156970.14
O60568	ENSG00000106397.13
O60573	ENSG00000135930.16
O60575	ENSG00000122711.9
O60583	ENSG00000082258.14
O60602	ENSG00000187554.16
O60603	ENSG00000137462.11
O60609	ENSG00000146013.13
O60610	ENSG00000131504.18
O60613	ENSG00000183291.18
O60635	ENSG00000117472.11
O60636	ENSG00000134198.11
O60637	ENSG00000140391.15
O60641	ENSG00000065609.16
O60645	ENSG00000180104.17
O60656	ENSG00000241119.2
O60658	ENSG00000073417.16
O60662	ENSG00000239474.8
O60663	ENSG00000136944.19
O60664	ENSG00000105355.10
O60667	ENSG00000162894.13
O60669	ENSG00000118596.13
O60671	ENSG00000113456.21
O60673	ENSG00000009413.17
O60674	ENSG00000096968.15
O60675	ENSG00000198517.11
O60676	ENSG00000125815.9
O60678	ENSG00000185238.14
O60682	ENSG00000178860.10
O60683	ENSG00000157911.12
O60684	ENSG00000025800.14
O60687	ENSG00000102359.9
O60688	ENSG00000100027.17
O60701	ENSG00000109814.13
O60704	ENSG00000128294.17
O60706	ENSG00000069431.15
O60711	ENSG00000110031.13
O60716	ENSG00000198561.17
O60721	ENSG00000074621.15
O60725	ENSG00000116237.17
O60729	ENSG00000081377.18
O60732	ENSG00000155495.9
O60733	ENSG00000184381.21
O60739	ENSG00000114784.4
O60741	ENSG00000164588.9
O60749	ENSG00000205302.8
O60755	ENSG00000128310.4
O60759	ENSG00000115165.11
O60760	ENSG00000163106.12
O60762	ENSG00000000419.15
O60763	ENSG00000138768.16
O60765	ENSG00000169131.14
O60779	ENSG00000117479.16
O60783	ENSG00000120333.5
O60784	ENSG00000100284.23
O60806	ENSG00000143178.13
O60809	ENSG00000187545.6
O60809	ENSG00000282663.1
O60810	ENSG00000243073.4
O60810	ENSG00000282584.2
O60811	ENSG00000120952.4
O60811	ENSG00000282817.1
O60812	ENSG00000179172.10
O60812	ENSG00000282175.4
O60813	ENSG00000239810.3
O60813	ENSG00000281934.1
O60814	ENSG00000197903.10
O60825	ENSG00000123836.16
O60826	ENSG00000101997.14
O60828	ENSG00000102103.19
O60828	ENSG00000292208.1
O60829	ENSG00000101951.19
O60830	ENSG00000126768.14
O60830	ENSG00000292215.1
O60831	ENSG00000243279.5
O60831	ENSG00000292222.1
O60832	ENSG00000130826.20
O60840	ENSG00000102001.13
O60841	ENSG00000158417.13
O60844	ENSG00000174992.9
O60858	ENSG00000204977.11
O60861	ENSG00000007237.20
O60869	ENSG00000107223.14
O60870	ENSG00000151657.13
O60879	ENSG00000147202.19
O60880	ENSG00000183918.18
O60882	ENSG00000137674.4
O60883	ENSG00000170075.10
O60884	ENSG00000069345.13
O60885	ENSG00000141867.19
O60888	ENSG00000112514.19
O60888	ENSG00000226492.7
O60890	ENSG00000079482.15
O60894	ENSG00000132329.12
O60895	ENSG00000131477.12
O60896	ENSG00000122679.9
O60902	ENSG00000168779.21
O60906	ENSG00000135587.10
O60907	ENSG00000101849.19
O60909	ENSG00000117411.19
O60911	ENSG00000136943.13
O60921	ENSG00000136273.15
O60925	ENSG00000113068.11
O60927	ENSG00000204619.8
O60927	ENSG00000206501.8
O60927	ENSG00000236560.6
O60927	ENSG00000237829.6
O60927	ENSG00000234058.6
O60927	ENSG00000233314.6
O60927	ENSG00000237403.6
O60927	ENSG00000227720.6
O60928	ENSG00000115474.7
O60930	ENSG00000171865.11
O60930	ENSG00000286905.1
O60931	ENSG00000040531.17
O60934	ENSG00000104320.16
O60936	ENSG00000140939.16
O60938	ENSG00000139330.6
O60939	ENSG00000149575.9
O60941	ENSG00000138101.21
O60942	ENSG00000111880.17
O75015	ENSG00000162747.14
O75019	ENSG00000104974.12
O75019	ENSG00000275525.5
O75019	ENSG00000277398.5
O75019	ENSG00000274935.5
O75022	ENSG00000204577.13
O75022	ENSG00000274587.5
O75022	ENSG00000275019.5
O75023	ENSG00000105609.18
O75023	ENSG00000277414.4
O75023	ENSG00000278437.4
O75023	ENSG00000274311.4
O75023	ENSG00000273991.4
O75027	ENSG00000131269.20
O75030	ENSG00000187098.19
O75031	ENSG00000160207.10
O75037	ENSG00000116852.15
O75038	ENSG00000149527.18
O75038	ENSG00000276429.3
O75044	ENSG00000266028.9
O75051	ENSG00000076356.8
O75052	ENSG00000198929.14
O75054	ENSG00000143061.19
O75056	ENSG00000162512.17
O75061	ENSG00000116675.16
O75063	ENSG00000116199.13
O75064	ENSG00000198837.11
O75069	ENSG00000133069.18
O75071	ENSG00000159658.15
O75072	ENSG00000106692.16
O75074	ENSG00000130881.14
O75077	ENSG00000114948.14
O75078	ENSG00000073670.15
O75081	ENSG00000129993.15
O75083	ENSG00000071127.19
O75084	ENSG00000155760.3
O75093	ENSG00000187122.17
O75094	ENSG00000184347.16
O75095	ENSG00000162591.18
O75096	ENSG00000134569.11
O75106	ENSG00000131480.9
O75110	ENSG00000054793.15
O75112	ENSG00000122367.22
O75113	ENSG00000102921.9
O75116	ENSG00000134318.17
O75121	ENSG00000198948.13
O75122	ENSG00000163539.20
O75123	ENSG00000183309.13
O75123	ENSG00000276340.4
O75127	ENSG00000106246.19
O75128	ENSG00000106078.20
O75129	ENSG00000148219.19
O75131	ENSG00000085719.14
O75132	ENSG00000100426.9
O75140	ENSG00000100150.21
O75143	ENSG00000175224.18
O75144	ENSG00000160223.19
O75145	ENSG00000177380.15
O75146	ENSG00000130787.15
O75147	ENSG00000124006.16
O75150	ENSG00000103549.23
O75151	ENSG00000197724.13
O75152	ENSG00000058673.17
O75153	ENSG00000132361.19
O75154	ENSG00000090565.18
O75154	ENSG00000275338.4
O75155	ENSG00000144712.14
O75157	ENSG00000196428.14
O75159	ENSG00000171150.10
O75161	ENSG00000131697.19
O75164	ENSG00000066135.14
O75165	ENSG00000138246.17
O75167	ENSG00000112419.16
O75170	ENSG00000100239.17
O75173	ENSG00000158859.11
O75175	ENSG00000088038.21
O75175	ENSG00000274941.4
O75175	ENSG00000275979.4
O75175	ENSG00000274176.4
O75175	ENSG00000277615.4
O75175	ENSG00000273943.4
O75175	ENSG00000274616.4
O75175	ENSG00000277600.4
O75175	ENSG00000277114.4
O75175	ENSG00000276082.4
O75177	ENSG00000184402.15
O75179	ENSG00000132466.21
O75182	ENSG00000127511.11
O75185	ENSG00000064270.15
O75190	ENSG00000105993.16
O75191	ENSG00000093217.12
O75192	ENSG00000166821.9
O75197	ENSG00000162337.13
O75200	ENSG00000233232.9
O75204	ENSG00000135956.12
O75208	ENSG00000088682.15
O75223	ENSG00000006625.19
O75251	ENSG00000115286.22
O75264	ENSG00000095932.7
O75290	ENSG00000197782.16
O75290	ENSG00000280568.2
O75293	ENSG00000099860.11
O75298	ENSG00000125744.13
O75306	ENSG00000158864.14
O75309	ENSG00000166589.14
O75310	ENSG00000213759.10
O75311	ENSG00000145451.13
O75312	ENSG00000109917.12
O75317	ENSG00000152484.15
O75319	ENSG00000144048.13
O75319	ENSG00000291483.1
O75323	ENSG00000146729.11
O75324	ENSG00000184602.7
O75325	ENSG00000170382.13
O75326	ENSG00000138623.10
O75326	ENSG00000288455.1
O75330	ENSG00000072571.21
O75333	ENSG00000167800.10
O75334	ENSG00000139220.17
O75335	ENSG00000143847.17
O75339	ENSG00000138615.7
O75340	ENSG00000249915.10
O75342	ENSG00000179477.11
O75344	ENSG00000077800.13
O75346	ENSG00000256771.6
O75347	ENSG00000171530.16
O75348	ENSG00000136888.9
O75351	ENSG00000119541.11
O75352	ENSG00000129255.17
O75354	ENSG00000197586.14
O75355	ENSG00000168032.11
O75356	ENSG00000187097.14
O75360	ENSG00000175325.2
O75362	ENSG00000171940.14
O75363	ENSG00000064787.15
O75364	ENSG00000107859.11
O75365	ENSG00000184489.14
O75365	ENSG00000275575.4
O75365	ENSG00000291470.1
O75366	ENSG00000135407.11
O75367	ENSG00000113648.18
O75368	ENSG00000131171.14
O75369	ENSG00000136068.17
O75373	ENSG00000237440.10
O75376	ENSG00000141027.24
O75379	ENSG00000117533.16
O75380	ENSG00000145494.13
O75381	ENSG00000142655.14
O75382	ENSG00000110171.21
O75385	ENSG00000177169.11
O75386	ENSG00000078246.18
O75387	ENSG00000149150.10
O75388	ENSG00000142511.4
O75390	ENSG00000062485.20
O75391	ENSG00000091640.9
O75394	ENSG00000243147.9
O75396	ENSG00000265808.5
O75398	ENSG00000177030.20
O75400	ENSG00000196504.22
O75409	ENSG00000187516.7
O75410	ENSG00000147526.21
O75414	ENSG00000172113.11
O75417	ENSG00000051341.16
O75419	ENSG00000093009.12
O75420	ENSG00000146830.12
O75425	ENSG00000106330.13
O75426	ENSG00000106336.14
O75427	ENSG00000077454.18
O75431	ENSG00000128654.15
O75436	ENSG00000122958.16
O75437	ENSG00000213096.11
O75438	ENSG00000183648.12
O75439	ENSG00000105819.16
O75443	ENSG00000109927.11
O75444	ENSG00000178573.7
O75445	ENSG00000042781.14
O75446	ENSG00000164105.5
O75448	ENSG00000008838.22
O75449	ENSG00000186625.15
O75452	ENSG00000139547.9
O75459	ENSG00000068985.5
O75460	ENSG00000178607.17
O75461	ENSG00000169016.18
O75462	ENSG00000006016.13
O75467	ENSG00000083812.14
O75469	ENSG00000144852.20
O75473	ENSG00000139292.14
O75474	ENSG00000181274.7
O75475	ENSG00000164985.16
O75477	ENSG00000107566.15
O75478	ENSG00000277104.4
O75486	ENSG00000196284.19
O75487	ENSG00000076716.10
O75489	ENSG00000213619.12
O75493	ENSG00000063180.10
O75494	ENSG00000188529.16
O75496	ENSG00000112312.11
O75503	ENSG00000102805.16
O75506	ENSG00000230989.9
O75508	ENSG00000013297.13
O75509	ENSG00000146072.7
O75521	ENSG00000198721.14
O75525	ENSG00000131773.15
O75526	ENSG00000170748.7
O75528	ENSG00000171148.15
O75529	ENSG00000135801.12
O75530	ENSG00000074266.24
O75531	ENSG00000175334.9
O75533	ENSG00000115524.18
O75534	ENSG00000009307.18
O75541	ENSG00000102984.16
O75553	ENSG00000173406.17
O75554	ENSG00000120688.10
O75556	ENSG00000124939.6
O75558	ENSG00000135604.12
O75563	ENSG00000005020.14
O75564	ENSG00000234616.10
O75569	ENSG00000180228.15
O75570	ENSG00000120662.17
O75575	ENSG00000241258.9
O75578	ENSG00000143127.14
O75581	ENSG00000070018.10
O75581	ENSG00000281324.3
O75582	ENSG00000100784.13
O75586	ENSG00000133997.13
O75592	ENSG00000005810.21
O75593	ENSG00000160973.9
O75594	ENSG00000008438.5
O75596	ENSG00000166509.12
O75600	ENSG00000100116.18
O75602	ENSG00000077327.17
O75603	ENSG00000124827.7
O75604	ENSG00000036672.17
O75607	ENSG00000107833.12
O75608	ENSG00000120992.19
O75610	ENSG00000243709.2
O75616	ENSG00000132591.13
O75618	ENSG00000158796.18
O75626	ENSG00000057657.18
O75628	ENSG00000088320.5
O75629	ENSG00000143162.10
O75631	ENSG00000100373.11
O75635	ENSG00000166396.14
O75636	ENSG00000142748.15
O75638	ENSG00000126890.14
O75643	ENSG00000144028.16
O75648	ENSG00000100416.16
O75663	ENSG00000143155.14
O75665	ENSG00000046651.17
O75674	ENSG00000141198.17
O75676	ENSG00000162302.14
O75677	ENSG00000128250.5
O75678	ENSG00000128253.16
O75679	ENSG00000128276.10
O75683	ENSG00000148296.8
O75683	ENSG00000281309.2
O75688	ENSG00000138032.22
O75689	ENSG00000105963.16
O75690	ENSG00000241233.4
O75691	ENSG00000120800.6
O75694	ENSG00000113569.18
O75695	ENSG00000102218.7
O75711	ENSG00000164106.9
O75712	ENSG00000188910.9
O75715	ENSG00000224586.7
O75715	ENSG00000257770.5
O75716	ENSG00000115661.15
O75717	ENSG00000198554.13
O75718	ENSG00000170275.16
O75746	ENSG00000115840.15
O75746	ENSG00000292099.1
O75747	ENSG00000139144.12
O75751	ENSG00000146477.7
O75752	ENSG00000169255.16
O75762	ENSG00000104321.12
O75764	ENSG00000204219.12
O75764	ENSG00000282941.3
O75771	ENSG00000185379.22
O75781	ENSG00000099864.19
O75783	ENSG00000103269.15
O75787	ENSG00000182220.16
O75791	ENSG00000100351.18
O75792	ENSG00000104889.8
O75794	ENSG00000151465.15
O75795	ENSG00000197888.4
O75800	ENSG00000004838.15
O75807	ENSG00000087074.10
O75808	ENSG00000103326.13
O75815	ENSG00000137936.19
O75817	ENSG00000172336.6
O75818	ENSG00000124787.15
O75820	ENSG00000136870.11
O75821	ENSG00000130811.13
O75822	ENSG00000104131.14
O75828	ENSG00000159231.7
O75829	ENSG00000136110.14
O75830	ENSG00000114204.16
O75832	ENSG00000101843.20
O75838	ENSG00000136425.15
O75840	ENSG00000118263.17
O75841	ENSG00000114638.9
O75843	ENSG00000213983.13
O75844	ENSG00000084073.11
O75845	ENSG00000109929.11
O75864	ENSG00000104866.12
O75865	ENSG00000007255.11
O75871	ENSG00000105352.12
O75871	ENSG00000274131.3
O75874	ENSG00000138413.15
O75879	ENSG00000059691.13
O75880	ENSG00000133028.13
O75881	ENSG00000172817.5
O75882	ENSG00000088812.19
O75884	ENSG00000089050.17
O75886	ENSG00000115145.11
O75888	ENSG00000161955.17
O75891	ENSG00000144908.15
O75896	ENSG00000114383.11
O75897	ENSG00000198075.11
O75899	ENSG00000136928.8
O75900	ENSG00000189409.15
O75901	ENSG00000198774.5
O75907	ENSG00000185000.13
O75907	ENSG00000285482.2
O75908	ENSG00000167780.13
O75909	ENSG00000090061.18
O75911	ENSG00000162496.11
O75912	ENSG00000157680.17
O75914	ENSG00000077264.18
O75915	ENSG00000144746.8
O75916	ENSG00000108370.18
O75920	ENSG00000172058.17
O75920	ENSG00000205572.11
O75920	ENSG00000278839.4
O75920	ENSG00000277429.4
O75920	ENSG00000275581.4
O75923	ENSG00000135636.17
O75925	ENSG00000033800.15
O75928	ENSG00000078043.17
O75934	ENSG00000116752.7
O75935	ENSG00000137100.17
O75936	ENSG00000129151.10
O75937	ENSG00000126698.12
O75940	ENSG00000119953.15
O75943	ENSG00000152942.20
O75943	ENSG00000276618.4
O75947	ENSG00000167863.13
O75949	ENSG00000130054.5
O75951	ENSG00000277042.2
O75951	ENSG00000275722.5
O75952	ENSG00000154040.22
O75953	ENSG00000137094.16
O75954	ENSG00000011105.15
O75955	ENSG00000137312.16
O75955	ENSG00000206379.12
O75955	ENSG00000206480.11
O75955	ENSG00000232280.9
O75955	ENSG00000230143.9
O75956	ENSG00000167797.9
O75962	ENSG00000038382.23
O75964	ENSG00000167283.10
O75969	ENSG00000111254.9
O75970	ENSG00000107186.18
O75971	ENSG00000174446.13
O75973	ENSG00000131094.5
O75976	ENSG00000108582.13
O75995	ENSG00000122122.10
O76000	ENSG00000204703.5
O76000	ENSG00000206524.3
O76000	ENSG00000226832.3
O76000	ENSG00000231319.3
O76000	ENSG00000233054.3
O76000	ENSG00000233180.3
O76000	ENSG00000233687.3
O76000	ENSG00000225736.3
O76001	ENSG00000204701.3
O76001	ENSG00000206522.1
O76001	ENSG00000232178.1
O76001	ENSG00000233618.1
O76001	ENSG00000229866.1
O76001	ENSG00000226271.1
O76001	ENSG00000233636.1
O76002	ENSG00000196231.7
O76002	ENSG00000204700.5
O76002	ENSG00000231676.4
O76002	ENSG00000226000.4
O76002	ENSG00000232945.4
O76002	ENSG00000234746.4
O76002	ENSG00000225550.4
O76002	ENSG00000226347.4
O76003	ENSG00000108010.13
O76009	ENSG00000006059.4
O76009	ENSG00000261986.1
O76009	ENSG00000292027.1
O76011	ENSG00000131737.7
O76011	ENSG00000292033.1
O76013	ENSG00000126337.14
O76014	ENSG00000108417.4
O76014	ENSG00000263022.1
O76014	ENSG00000292032.1
O76015	ENSG00000171360.4
O76021	ENSG00000171490.14
O76024	ENSG00000109501.16
O76027	ENSG00000143412.11
O76031	ENSG00000166855.10
O76036	ENSG00000189430.13
O76036	ENSG00000273535.4
O76036	ENSG00000275156.4
O76036	ENSG00000278362.4
O76036	ENSG00000273506.4
O76036	ENSG00000273916.4
O76036	ENSG00000274053.4
O76036	ENSG00000277824.4
O76036	ENSG00000275822.4
O76036	ENSG00000277629.4
O76038	ENSG00000079689.16
O76039	ENSG00000008086.13
O76041	ENSG00000078114.20
O76050	ENSG00000107954.12
O76054	ENSG00000100003.18
O76061	ENSG00000113739.11
O76062	ENSG00000149809.18
O76064	ENSG00000112130.18
O76070	ENSG00000173267.15
O76071	ENSG00000144021.4
O76074	ENSG00000138735.17
O76075	ENSG00000169598.18
O76076	ENSG00000064205.12
O76080	ENSG00000107372.14
O76081	ENSG00000147509.14
O76082	ENSG00000197375.15
O76083	ENSG00000160191.19
O76087	ENSG00000236362.10
O76087	ENSG00000215269.6
O76090	ENSG00000167995.17
O76093	ENSG00000156427.9
O76094	ENSG00000174780.18
O76095	ENSG00000143543.16
O76096	ENSG00000077984.7
O76099	ENSG00000127530.4
O76100	ENSG00000127515.3
O77932	ENSG00000204348.11
O77932	ENSG00000206346.8
O77932	ENSG00000236765.6
O77932	ENSG00000234798.6
O77932	ENSG00000225682.6
O77932	ENSG00000224313.6
O94759	ENSG00000142185.19
O94760	ENSG00000153904.22
O94761	ENSG00000160957.16
O94762	ENSG00000108469.16
O94763	ENSG00000105176.19
O94766	ENSG00000149541.11
O94768	ENSG00000081320.13
O94769	ENSG00000106823.14
O94769	ENSG00000291357.1
O94772	ENSG00000176956.13
O94772	ENSG00000274488.4
O94776	ENSG00000149480.7
O94777	ENSG00000136908.19
O94778	ENSG00000103375.12
O94779	ENSG00000149972.12
O94782	ENSG00000162607.14
O94788	ENSG00000128918.16
O94804	ENSG00000072786.14
O94805	ENSG00000077080.11
O94806	ENSG00000115825.12
O94808	ENSG00000131459.14
O94810	ENSG00000076344.17
O94811	ENSG00000171368.13
O94812	ENSG00000007516.16
O94813	ENSG00000145147.21
O94817	ENSG00000145782.14
O94818	ENSG00000101746.17
O94819	ENSG00000176595.5
O94819	ENSG00000273645.2
O94822	ENSG00000198862.15
O94822	ENSG00000291534.1
O94823	ENSG00000118322.15
O94826	ENSG00000154174.9
O94827	ENSG00000171680.24
O94829	ENSG00000117408.12
O94830	ENSG00000085788.15
O94832	ENSG00000176658.18
O94842	ENSG00000092203.16
O94844	ENSG00000072422.18
O94850	ENSG00000181418.8
O94851	ENSG00000133816.21
O94855	ENSG00000150961.16
O94856	ENSG00000163531.18
O94864	ENSG00000119760.17
O94868	ENSG00000137478.16
O94874	ENSG00000014123.11
O94875	ENSG00000154556.21
O94876	ENSG00000172765.20
O94880	ENSG00000106443.18
O94885	ENSG00000111961.20
O94886	ENSG00000196187.13
O94887	ENSG00000006607.15
O94888	ENSG00000163960.14
O94889	ENSG00000114648.13
O94892	ENSG00000256087.8
O94898	ENSG00000198799.13
O94900	ENSG00000198846.7
O94901	ENSG00000164828.19
O94903	ENSG00000147471.13
O94905	ENSG00000147475.18
O94906	ENSG00000101161.9
O94907	ENSG00000107984.10
O94910	ENSG00000072071.18
O94910	ENSG00000288324.1
O94911	ENSG00000141338.16
O94913	ENSG00000165494.13
O94915	ENSG00000075539.16
O94916	ENSG00000102908.24
O94919	ENSG00000149218.6
O94921	ENSG00000058091.18
O94923	ENSG00000138604.11
O94925	ENSG00000115419.15
O94927	ENSG00000249115.10
O94929	ENSG00000173210.21
O94933	ENSG00000121871.5
O94941	ENSG00000185019.18
O94952	ENSG00000135108.17
O94953	ENSG00000127663.17
O94955	ENSG00000164292.14
O94956	ENSG00000137491.16
O94964	ENSG00000149639.16
O94966	ENSG00000172046.21
O94967	ENSG00000085433.18
O94972	ENSG00000108395.15
O94973	ENSG00000183020.16
O94979	ENSG00000138674.18
O94983	ENSG00000108509.22
O94985	ENSG00000171603.19
O94986	ENSG00000103995.14
O94988	ENSG00000138640.16
O94989	ENSG00000198844.13
O94991	ENSG00000165300.9
O94992	ENSG00000186834.4
O94993	ENSG00000039600.12
O95006	ENSG00000221910.3
O95006	ENSG00000284965.1
O95007	ENSG00000221813.4
O95007	ENSG00000284939.1
O95013	ENSG00000176269.4
O95025	ENSG00000153993.15
O95045	ENSG00000007001.15
O95047	ENSG00000180658.4
O95049	ENSG00000105289.16
O95050	ENSG00000241644.2
O95057	ENSG00000176490.6
O95059	ENSG00000163684.12
O95067	ENSG00000157456.9
O95069	ENSG00000082482.15
O95070	ENSG00000174851.17
O95071	ENSG00000104517.14
O95072	ENSG00000100918.15
O95072	ENSG00000285007.2
O95073	ENSG00000265817.4
O95076	ENSG00000156150.9
O95081	ENSG00000106351.14
O95084	ENSG00000150687.13
O95096	ENSG00000125820.6
O95104	ENSG00000156304.16
O95125	ENSG00000166261.12
O95136	ENSG00000267534.4
O95139	ENSG00000165264.12
O95140	ENSG00000116688.19
O95147	ENSG00000276023.6
O95147	ENSG00000275932.2
O95149	ENSG00000169371.15
O95150	ENSG00000181634.8
O95153	ENSG00000005379.17
O95154	ENSG00000162482.6
O95155	ENSG00000130939.21
O95156	ENSG00000144227.5
O95157	ENSG00000182575.8
O95158	ENSG00000182379.10
O95159	ENSG00000162300.14
O95163	ENSG00000070061.17
O95164	ENSG00000122042.10
O95166	ENSG00000170296.11
O95167	ENSG00000170906.17
O95167	ENSG00000275724.1
O95167	ENSG00000276220.1
O95167	ENSG00000273642.1
O95167	ENSG00000278365.1
O95167	ENSG00000274359.1
O95167	ENSG00000275605.1
O95167	ENSG00000276766.1
O95167	ENSG00000276061.4
O95167	ENSG00000277722.1
O95168	ENSG00000065518.9
O95169	ENSG00000166136.18
O95169	ENSG00000255339.6
O95170	ENSG00000241322.12
O95171	ENSG00000136155.18
O95178	ENSG00000090266.14
O95180	ENSG00000196557.14
O95182	ENSG00000267855.7
O95182	ENSG00000167774.2
O95183	ENSG00000168899.6
O95185	ENSG00000182168.16
O95190	ENSG00000180304.14
O95196	ENSG00000114646.10
O95197	ENSG00000133318.15
O95198	ENSG00000109466.15
O95199	ENSG00000136161.14
O95201	ENSG00000122386.12
O95202	ENSG00000168924.16
O95206	ENSG00000136099.13
O95208	ENSG00000072134.17
O95210	ENSG00000118804.9
O95214	ENSG00000104660.19
O95218	ENSG00000132485.15
O95219	ENSG00000114520.12
O95221	ENSG00000149133.1
O95222	ENSG00000184933.6
O95229	ENSG00000122952.18
O95231	ENSG00000151650.9
O95232	ENSG00000108848.16
O95235	ENSG00000112984.13
O95236	ENSG00000128284.22
O95237	ENSG00000121207.13
O95238	ENSG00000124664.12
O95239	ENSG00000090889.13
O95243	ENSG00000129071.11
O95248	ENSG00000100241.23
O95249	ENSG00000108587.17
O95251	ENSG00000136504.15
O95255	ENSG00000091262.18
O95255	ENSG00000275331.5
O95256	ENSG00000115607.11
O95257	ENSG00000130222.12
O95258	ENSG00000102078.16
O95259	ENSG00000143473.15
O95260	ENSG00000107669.20
O95263	ENSG00000113231.14
O95264	ENSG00000149305.8
O95267	ENSG00000172575.15
O95271	ENSG00000173273.18
O95271	ENSG00000285372.2
O95273	ENSG00000166946.15
O95274	ENSG00000124466.9
O95279	ENSG00000164626.10
O95292	ENSG00000124164.17
O95294	ENSG00000111344.13
O95295	ENSG00000143553.12
O95297	ENSG00000197965.13
O95298	ENSG00000151366.14
O95299	ENSG00000130414.14
O95302	ENSG00000122642.12
O95319	ENSG00000048740.20
O95336	ENSG00000130313.8
O95340	ENSG00000198682.14
O95342	ENSG00000073734.11
O95343	ENSG00000138083.5
O95347	ENSG00000136824.20
O95352	ENSG00000197548.14
O95359	ENSG00000138162.20
O95361	ENSG00000221926.14
O95363	ENSG00000145982.14
O95365	ENSG00000178951.10
O95371	ENSG00000168158.4
O95372	ENSG00000011009.13
O95373	ENSG00000205339.11
O95376	ENSG00000177479.21
O95377	ENSG00000189280.4
O95379	ENSG00000145779.8
O95382	ENSG00000142733.19
O95388	ENSG00000104415.14
O95389	ENSG00000112761.22
O95390	ENSG00000135414.10
O95391	ENSG00000164609.11
O95393	ENSG00000163217.3
O95394	ENSG00000013375.18
O95395	ENSG00000140297.14
O95396	ENSG00000124217.5
O95398	ENSG00000079337.17
O95399	ENSG00000049247.14
O95400	ENSG00000169217.10
O95402	ENSG00000105085.11
O95405	ENSG00000157077.17
O95406	ENSG00000100528.13
O95407	ENSG00000243509.7
O95409	ENSG00000043355.12
O95415	ENSG00000164713.10
O95416	ENSG00000168875.3
O95424	ENSG00000182108.11
O95425	ENSG00000197321.17
O95427	ENSG00000197563.12
O95428	ENSG00000100767.18
O95429	ENSG00000156735.12
O95433	ENSG00000100591.9
O95436	ENSG00000157765.14
O95445	ENSG00000204444.11
O95445	ENSG00000206409.8
O95445	ENSG00000224290.7
O95445	ENSG00000226215.6
O95445	ENSG00000235754.7
O95445	ENSG00000227567.7
O95445	ENSG00000231974.6
O95447	ENSG00000157578.15
O95450	ENSG00000087116.18
O95452	ENSG00000121742.20
O95453	ENSG00000140694.19
O95453	ENSG00000274829.4
O95455	ENSG00000088451.12
O95456	ENSG00000183527.13
O95460	ENSG00000124159.18
O95461	ENSG00000133424.23
O95466	ENSG00000184922.16
O95470	ENSG00000166224.19
O95471	ENSG00000181885.19
O95471	ENSG00000288292.1
O95473	ENSG00000105467.9
O95475	ENSG00000184302.7
O95476	ENSG00000175826.13
O95477	ENSG00000165029.17
O95478	ENSG00000164346.11
O95479	ENSG00000049239.14
O95484	ENSG00000213937.4
O95486	ENSG00000113615.14
O95487	ENSG00000138802.12
O95490	ENSG00000117114.22
O95497	ENSG00000112299.9
O95498	ENSG00000112303.14
O95500	ENSG00000159261.13
O95502	ENSG00000221890.7
O95503	ENSG00000183741.13
O95521	ENSG00000116721.9
O95522	ENSG00000116726.5
O95528	ENSG00000197496.7
O95544	ENSG00000008130.16
O95551	ENSG00000111802.15
O95561	ENSG00000180999.11
O95562	ENSG00000213064.11
O95563	ENSG00000143158.12
O95567	ENSG00000100249.5
O95568	ENSG00000171806.13
O95571	ENSG00000105755.9
O95573	ENSG00000123983.16
O95600	ENSG00000102349.19
O95602	ENSG00000068654.18
O95613	ENSG00000160299.19
O95619	ENSG00000127337.8
O95620	ENSG00000105865.12
O95620	ENSG00000284103.2
O95622	ENSG00000173175.17
O95625	ENSG00000066422.8
O95626	ENSG00000139223.4
O95628	ENSG00000080802.22
O95630	ENSG00000124356.18
O95631	ENSG00000065320.10
O95633	ENSG00000070404.11
O95639	ENSG00000160917.16
O95644	ENSG00000131196.18
O95661	ENSG00000162595.9
O95665	ENSG00000169006.8
O95670	ENSG00000213760.11
O95670	ENSG00000206445.4
O95670	ENSG00000234668.3
O95670	ENSG00000226850.2
O95670	ENSG00000227587.2
O95670	ENSG00000234920.3
O95670	ENSG00000230900.5
O95671	ENSG00000169093.17
O95671	ENSG00000292339.2
O95672	ENSG00000171551.13
O95674	ENSG00000101290.15
O95677	ENSG00000112319.22
O95678	ENSG00000170454.6
O95684	ENSG00000213066.15
O95685	ENSG00000132825.7
O95696	ENSG00000100425.21
O95704	ENSG00000113108.21
O95707	ENSG00000105171.11
O95711	ENSG00000112799.10
O95714	ENSG00000128731.18
O95715	ENSG00000145824.14
O95716	ENSG00000105514.9
O95718	ENSG00000119715.15
O95721	ENSG00000099940.13
O95727	ENSG00000109943.10
O95741	ENSG00000100884.11
O95741	ENSG00000285221.1
O95747	ENSG00000172939.10
O95749	ENSG00000152904.12
O95750	ENSG00000162344.5
O95751	ENSG00000182195.9
O95754	ENSG00000135622.15
O95755	ENSG00000100228.15
O95757	ENSG00000164070.13
O95758	ENSG00000119314.18
O95759	ENSG00000204634.14
O95760	ENSG00000137033.13
O95772	ENSG00000010270.15
O95777	ENSG00000128534.9
O95780	ENSG00000197124.12
O95782	ENSG00000196961.14
O95785	ENSG00000011451.22
O95786	ENSG00000107201.13
O95789	ENSG00000163867.18
O95789	ENSG00000271741.1
O95793	ENSG00000124214.22
O95800	ENSG00000119737.6
O95801	ENSG00000243725.8
O95803	ENSG00000164100.10
O95807	ENSG00000183726.12
O95810	ENSG00000168497.6
O95813	ENSG00000147869.5
O95816	ENSG00000112208.12
O95817	ENSG00000151929.11
O95819	ENSG00000071054.18
O95822	ENSG00000103150.8
O95825	ENSG00000205758.13
O95831	ENSG00000156709.16
O95832	ENSG00000163347.6
O95833	ENSG00000169583.14
O95834	ENSG00000125746.19
O95835	ENSG00000131023.14
O95837	ENSG00000156049.7
O95838	ENSG00000065325.14
O95841	ENSG00000116194.14
O95843	ENSG00000138472.11
O95847	ENSG00000153291.16
O95848	ENSG00000183828.16
O95857	ENSG00000106537.9
O95858	ENSG00000099282.11
O95859	ENSG00000106025.10
O95861	ENSG00000162813.19
O95863	ENSG00000124216.4
O95864	ENSG00000134824.15
O95865	ENSG00000213722.11
O95865	ENSG00000206395.8
O95865	ENSG00000226634.6
O95865	ENSG00000233076.6
O95865	ENSG00000225635.7
O95865	ENSG00000228128.6
O95865	ENSG00000227317.6
O95866	ENSG00000204420.10
O95866	ENSG00000206396.9
O95866	ENSG00000228090.6
O95866	ENSG00000224393.6
O95866	ENSG00000237459.6
O95866	ENSG00000230060.6
O95866	ENSG00000231003.6
O95867	ENSG00000204421.3
O95867	ENSG00000206398.5
O95867	ENSG00000235452.2
O95867	ENSG00000228250.2
O95867	ENSG00000228859.2
O95867	ENSG00000236183.2
O95867	ENSG00000235925.3
O95868	ENSG00000244355.8
O95868	ENSG00000206402.10
O95868	ENSG00000226603.8
O95868	ENSG00000234443.9
O95868	ENSG00000235302.9
O95868	ENSG00000225993.9
O95868	ENSG00000236902.8
O95870	ENSG00000204427.13
O95870	ENSG00000206403.11
O95870	ENSG00000230475.9
O95870	ENSG00000236063.9
O95870	ENSG00000235676.9
O95870	ENSG00000231488.9
O95870	ENSG00000224552.9
O95872	ENSG00000236011.6
O95872	ENSG00000204438.12
O95872	ENSG00000206408.8
O95872	ENSG00000228605.6
O95872	ENSG00000223932.6
O95872	ENSG00000232312.6
O95873	ENSG00000235360.2
O95873	ENSG00000203623.4
O95873	ENSG00000204439.4
O95873	ENSG00000226103.2
O95873	ENSG00000226531.2
O95873	ENSG00000228435.2
O95873	ENSG00000228177.2
O95876	ENSG00000143951.17
O95881	ENSG00000117862.15
O95886	ENSG00000116544.12
O95897	ENSG00000105088.10
O95900	ENSG00000167112.11
O95905	ENSG00000122882.12
O95907	ENSG00000100156.13
O95918	ENSG00000206512.6
O95918	ENSG00000206467.6
O95918	ENSG00000204657.4
O95918	ENSG00000229680.4
O95918	ENSG00000229185.4
O95918	ENSG00000224319.4
O95918	ENSG00000227044.4
O95922	ENSG00000100271.18
O95925	ENSG00000101448.14
O95925	ENSG00000249139.2
O95926	ENSG00000117614.11
O95931	ENSG00000100307.14
O95932	ENSG00000166948.10
O95935	ENSG00000112837.17
O95936	ENSG00000163508.13
O95944	ENSG00000096264.14
O95947	ENSG00000149922.13
O95948	ENSG00000119547.6
O95954	ENSG00000160282.16
O95965	ENSG00000198542.16
O95967	ENSG00000172638.14
O95968	ENSG00000168515.3
O95969	ENSG00000124935.4
O95970	ENSG00000108231.14
O95971	ENSG00000117281.17
O95972	ENSG00000130385.6
O95976	ENSG00000140749.10
O95976	ENSG00000283934.3
O95977	ENSG00000125910.6
O95980	ENSG00000122707.13
O95983	ENSG00000071655.19
O95985	ENSG00000100038.21
O95988	ENSG00000213231.14
O95989	ENSG00000272325.3
O95990	ENSG00000168309.19
O95992	ENSG00000138135.7
O95994	ENSG00000106541.13
O95995	ENSG00000141013.18
O95996	ENSG00000115266.12
O95997	ENSG00000164611.14
O95998	ENSG00000137496.20
O95999	ENSG00000142867.15
O96000	ENSG00000140990.16
O96000	ENSG00000291930.1
O96001	ENSG00000106341.12
O96004	ENSG00000113196.4
O96005	ENSG00000104853.17
O96006	ENSG00000214717.13
O96006	ENSG00000292345.2
O96007	ENSG00000164172.21
O96008	ENSG00000130204.14
O96009	ENSG00000131400.10
O96011	ENSG00000131779.12
O96013	ENSG00000130669.18
O96014	ENSG00000085741.15
O96015	ENSG00000100246.14
O96017	ENSG00000183765.25
O96018	ENSG00000011132.13
O96019	ENSG00000136518.18
O96020	ENSG00000175305.19
O96024	ENSG00000206285.6
O96024	ENSG00000226936.4
O96024	ENSG00000235155.4
O96024	ENSG00000236802.4
O96024	ENSG00000235863.4
O96028	ENSG00000109685.20
O97980	ENSG00000158497.7
P00156	ENSG00000198727.2
P00167	ENSG00000166347.20
P00325	ENSG00000196616.16
P00326	ENSG00000248144.7
P00338	ENSG00000134333.16
P00338	ENSG00000288299.1
P00352	ENSG00000165092.14
P00367	ENSG00000148672.11
P00374	ENSG00000228716.8
P00387	ENSG00000100243.23
P00390	ENSG00000104687.15
P00395	ENSG00000198804.2
P00403	ENSG00000198712.1
P00414	ENSG00000198938.2
P00439	ENSG00000171759.11
P00441	ENSG00000142168.16
P00450	ENSG00000047457.15
P00451	ENSG00000185010.15
P00480	ENSG00000036473.10
P00488	ENSG00000124491.17
P00491	ENSG00000198805.13
P00491	ENSG00000291814.1
P00492	ENSG00000165704.16
P00505	ENSG00000125166.14
P00519	ENSG00000097007.21
P00533	ENSG00000146648.22
P00540	ENSG00000172680.1
P00558	ENSG00000102144.16
P00568	ENSG00000106992.20
P00709	ENSG00000167531.6
P00734	ENSG00000180210.16
P00738	ENSG00000257017.11
P00739	ENSG00000261701.10
P00740	ENSG00000101981.12
P00742	ENSG00000126218.13
P00746	ENSG00000197766.10
P00746	ENSG00000274619.2
P00747	ENSG00000122194.21
P00748	ENSG00000131187.12
P00749	ENSG00000122861.17
P00750	ENSG00000104368.20
P00751	ENSG00000241253.8
P00751	ENSG00000239754.9
P00751	ENSG00000242335.8
P00751	ENSG00000243570.9
P00751	ENSG00000243649.11
P00751	ENSG00000241534.9
P00797	ENSG00000143839.16
P00813	ENSG00000196839.15
P00846	ENSG00000198899.2
P00915	ENSG00000133742.15
P00918	ENSG00000104267.11
P00966	ENSG00000130707.19
P00973	ENSG00000089127.15
P00995	ENSG00000164266.11
P01008	ENSG00000117601.16
P01009	ENSG00000197249.15
P01011	ENSG00000196136.19
P01019	ENSG00000135744.9
P01023	ENSG00000175899.16
P01024	ENSG00000125730.19
P01031	ENSG00000106804.11
P01033	ENSG00000102265.13
P01034	ENSG00000101439.10
P01036	ENSG00000101441.5
P01037	ENSG00000170373.9
P01040	ENSG00000121552.4
P01042	ENSG00000113889.15
P01100	ENSG00000170345.12
P01106	ENSG00000136997.22
P01111	ENSG00000213281.6
P01112	ENSG00000174775.19
P01112	ENSG00000276536.4
P01116	ENSG00000133703.15
P01127	ENSG00000100311.18
P01130	ENSG00000130164.17
P01133	ENSG00000138798.14
P01135	ENSG00000163235.17
P01137	ENSG00000105329.12
P01138	ENSG00000134259.7
P01148	ENSG00000147437.11
P01160	ENSG00000175206.12
P01178	ENSG00000101405.3
P01185	ENSG00000101200.5
P01189	ENSG00000115138.12
P01210	ENSG00000181195.12
P01213	ENSG00000101327.9
P01215	ENSG00000135346.9
P01222	ENSG00000134200.4
P01225	ENSG00000131808.11
P01229	ENSG00000104826.15
P01236	ENSG00000172179.13
P01241	ENSG00000259384.7
P01242	ENSG00000136487.18
P01258	ENSG00000110680.14
P01266	ENSG00000042832.12
P01270	ENSG00000152266.7
P01275	ENSG00000115263.15
P01282	ENSG00000146469.14
P01286	ENSG00000118702.12
P01286	ENSG00000291972.1
P01298	ENSG00000108849.9
P01303	ENSG00000122585.9
P01308	ENSG00000254647.7
P01344	ENSG00000167244.22
P01350	ENSG00000184502.4
P01374	ENSG00000230279.8
P01374	ENSG00000226979.10
P01374	ENSG00000231408.8
P01375	ENSG00000204490.3
P01375	ENSG00000206439.5
P01375	ENSG00000228321.3
P01375	ENSG00000228849.3
P01375	ENSG00000230108.3
P01375	ENSG00000223952.3
P01375	ENSG00000232810.5
P01563	ENSG00000188379.7
P01566	ENSG00000186803.3
P01567	ENSG00000214042.1
P01568	ENSG00000137080.4
P01569	ENSG00000147873.6
P01570	ENSG00000228083.3
P01571	ENSG00000234829.4
P01574	ENSG00000171855.7
P01579	ENSG00000111537.5
P01583	ENSG00000115008.7
P01584	ENSG00000125538.12
P01588	ENSG00000130427.3
P01589	ENSG00000134460.19
P01591	ENSG00000132465.13
P01593	ENSG00000239975.3
P01593	ENSG00000242076.3
P01593	ENSG00000282811.1
P01594	ENSG00000239975.3
P01594	ENSG00000242076.3
P01594	ENSG00000282811.1
P01597	ENSG00000251546.1
P01597	ENSG00000242371.1
P01597	ENSG00000282120.1
P01599	ENSG00000240382.3
P01599	ENSG00000281978.1
P01601	ENSG00000241244.1
P01602	ENSG00000243466.1
P01602	ENSG00000282801.1
P01611	ENSG00000278857.1
P01614	ENSG00000251039.4
P01615	ENSG00000242534.3
P01615	ENSG00000244116.3
P01615	ENSG00000282025.1
P01619	ENSG00000239951.1
P01619	ENSG00000282402.1
P01624	ENSG00000244437.1
P01624	ENSG00000282447.1
P01699	ENSG00000211651.3
P01699	ENSG00000274854.2
P01700	ENSG00000211648.2
P01701	ENSG00000211644.3
P01703	ENSG00000211653.2
P01703	ENSG00000274575.2
P01704	ENSG00000211666.2
P01705	ENSG00000211660.3
P01706	ENSG00000211668.2
P01709	ENSG00000278196.3
P01714	ENSG00000211663.2
P01715	ENSG00000211673.2
P01717	ENSG00000211659.2
P01718	ENSG00000211658.2
P01721	ENSG00000211640.4
P01730	ENSG00000010610.11
P01732	ENSG00000153563.17
P01733	ENSG00000274752.1
P01733	ENSG00000282208.1
P01737	ENSG00000211790.2
P01742	ENSG00000211973.2
P01742	ENSG00000282350.1
P01743	ENSG00000211962.2
P01743	ENSG00000282131.1
P01762	ENSG00000211941.3
P01762	ENSG00000282322.1
P01763	ENSG00000211964.3
P01763	ENSG00000282627.1
P01764	ENSG00000211949.3
P01764	ENSG00000281962.1
P01766	ENSG00000211942.3
P01766	ENSG00000282286.1
P01767	ENSG00000211967.3
P01767	ENSG00000282593.1
P01768	ENSG00000270550.1
P01768	ENSG00000282777.1
P01772	ENSG00000211955.2
P01780	ENSG00000211938.2
P01780	ENSG00000282211.1
P01814	ENSG00000274576.2
P01817	ENSG00000211937.3
P01817	ENSG00000277318.2
P01824	ENSG00000211959.2
P01824	ENSG00000282579.1
P01825	ENSG00000224373.3
P01825	ENSG00000282691.1
P01833	ENSG00000162896.7
P01854	ENSG00000211891.6
P01854	ENSG00000276192.2
P01857	ENSG00000211896.7
P01857	ENSG00000277633.5
P01859	ENSG00000211893.4
P01859	ENSG00000274497.2
P01861	ENSG00000211892.4
P01861	ENSG00000277016.2
P01871	ENSG00000211899.10
P01871	ENSG00000282657.3
P01876	ENSG00000211895.5
P01876	ENSG00000282633.1
P01877	ENSG00000211890.4
P01889	ENSG00000234745.15
P01903	ENSG00000227993.9
P01903	ENSG00000206308.11
P01903	ENSG00000204287.15
P01903	ENSG00000234794.9
P01903	ENSG00000230726.9
P01903	ENSG00000228987.9
P01903	ENSG00000226260.9
P01903	ENSG00000277263.1
P01906	ENSG00000206301.9
P01906	ENSG00000237541.4
P01906	ENSG00000231526.3
P01906	ENSG00000257473.7
P01906	ENSG00000225103.3
P01906	ENSG00000223793.7
P01906	ENSG00000233192.7
P01906	ENSG00000231823.3
P01909	ENSG00000196735.14
P01909	ENSG00000206305.12
P01909	ENSG00000232062.9
P01909	ENSG00000257473.7
P01911	ENSG00000196126.13
P01920	ENSG00000231286.7
P01920	ENSG00000233209.6
P01920	ENSG00000225824.8
P02008	ENSG00000130656.6
P02042	ENSG00000223609.11
P02100	ENSG00000213931.7
P02144	ENSG00000198125.14
P02452	ENSG00000108821.15
P02458	ENSG00000139219.20
P02461	ENSG00000168542.19
P02462	ENSG00000187498.18
P02489	ENSG00000160202.8
P02511	ENSG00000109846.10
P02533	ENSG00000186847.6
P02538	ENSG00000205420.11
P02545	ENSG00000160789.26
P02549	ENSG00000163554.15
P02585	ENSG00000101470.10
P02647	ENSG00000118137.11
P02649	ENSG00000130203.11
P02652	ENSG00000158874.13
P02654	ENSG00000130208.11
P02655	ENSG00000234906.12
P02656	ENSG00000110245.13
P02671	ENSG00000171560.19
P02675	ENSG00000171564.13
P02679	ENSG00000171557.18
P02686	ENSG00000197971.16
P02689	ENSG00000147588.8
P02708	ENSG00000138435.16
P02724	ENSG00000170180.22
P02730	ENSG00000004939.16
P02741	ENSG00000132693.12
P02743	ENSG00000132703.4
P02745	ENSG00000173372.19
P02747	ENSG00000159189.14
P02748	ENSG00000113600.13
P02749	ENSG00000091583.12
P02750	ENSG00000171236.11
P02751	ENSG00000115414.22
P02753	ENSG00000138207.16
P02760	ENSG00000106927.13
P02763	ENSG00000229314.7
P02765	ENSG00000145192.14
P02766	ENSG00000118271.13
P02768	ENSG00000163631.20
P02771	ENSG00000081051.8
P02774	ENSG00000145321.14
P02775	ENSG00000163736.5
P02776	ENSG00000163737.5
P02778	ENSG00000169245.6
P02786	ENSG00000072274.15
P02787	ENSG00000091513.17
P02788	ENSG00000012223.14
P02790	ENSG00000110169.13
P02792	ENSG00000087086.17
P02794	ENSG00000167996.17
P02795	ENSG00000125148.8
P02808	ENSG00000126549.11
P02808	ENSG00000282891.5
P02810	ENSG00000134551.14
P02810	ENSG00000272803.5
P02810	ENSG00000275679.4
P02812	ENSG00000121335.12
P02814	ENSG00000171201.12
P02818	ENSG00000242252.2
P03372	ENSG00000091831.26
P03886	ENSG00000198888.2
P03891	ENSG00000198763.3
P03897	ENSG00000198840.2
P03901	ENSG00000212907.2
P03905	ENSG00000198886.2
P03915	ENSG00000198786.2
P03923	ENSG00000198695.2
P03928	ENSG00000228253.1
P03950	ENSG00000214274.11
P03951	ENSG00000088926.16
P03952	ENSG00000164344.18
P03956	ENSG00000196611.6
P03971	ENSG00000104899.8
P03973	ENSG00000124107.5
P03979	ENSG00000211699.2
P03999	ENSG00000128617.3
P04000	ENSG00000102076.10
P04001	ENSG00000166160.9
P04001	ENSG00000268221.6
P04001	ENSG00000269433.4
P04003	ENSG00000123838.12
P04004	ENSG00000109072.15
P04035	ENSG00000113161.18
P04040	ENSG00000121691.8
P04049	ENSG00000132155.15
P04053	ENSG00000107447.8
P04054	ENSG00000170890.14
P04062	ENSG00000177628.17
P04066	ENSG00000179163.13
P04070	ENSG00000115718.19
P04075	ENSG00000149925.22
P04080	ENSG00000160213.11
P04083	ENSG00000135046.16
P04085	ENSG00000197461.14
P04090	ENSG00000107014.9
P04114	ENSG00000084674.15
P04118	ENSG00000137392.11
P04141	ENSG00000164400.6
P04150	ENSG00000113580.16
P04155	ENSG00000160182.3
P04156	ENSG00000171867.19
P04179	ENSG00000291237.2
P04180	ENSG00000213398.8
P04181	ENSG00000065154.13
P04183	ENSG00000167900.14
P04196	ENSG00000113905.6
P04198	ENSG00000134323.14
P04201	ENSG00000130368.7
P04211	ENSG00000211652.2
P04211	ENSG00000278293.2
P04216	ENSG00000154096.15
P04217	ENSG00000121410.13
P04233	ENSG00000019582.18
P04234	ENSG00000167286.12
P04259	ENSG00000185479.6
P04264	ENSG00000167768.4
P04271	ENSG00000160307.11
P04275	ENSG00000110799.15
P04278	ENSG00000129214.16
P04279	ENSG00000124233.13
P04350	ENSG00000104833.12
P04406	ENSG00000111640.16
P04424	ENSG00000126522.18
P04430	ENSG00000240864.3
P04430	ENSG00000282282.1
P04432	ENSG00000251546.1
P04432	ENSG00000242371.1
P04432	ENSG00000282120.1
P04433	ENSG00000241351.3
P04433	ENSG00000282823.1
P04435	ENSG00000278030.1
P04437	ENSG00000211810.3
P04439	ENSG00000206503.16
P04440	ENSG00000215048.13
P04440	ENSG00000236693.11
P04440	ENSG00000223865.13
P04440	ENSG00000230763.11
P04440	ENSG00000226826.10
P04440	ENSG00000237710.10
P04553	ENSG00000175646.4
P04554	ENSG00000122304.11
P04626	ENSG00000141736.15
P04628	ENSG00000125084.13
P04629	ENSG00000198400.15
P04632	ENSG00000126247.12
P04637	ENSG00000141510.20
P04731	ENSG00000205362.12
P04732	ENSG00000169715.15
P04733	ENSG00000198417.8
P04746	ENSG00000243480.8
P04792	ENSG00000106211.11
P04798	ENSG00000140465.16
P04808	ENSG00000107018.8
P04818	ENSG00000176890.17
P04839	ENSG00000165168.10
P04843	ENSG00000163902.13
P04844	ENSG00000118705.19
P04844	ENSG00000291973.1
P04899	ENSG00000114353.18
P04908	ENSG00000277075.4
P04908	ENSG00000278463.2
P04920	ENSG00000164889.16
P04921	ENSG00000136732.17
P05000	ENSG00000177047.7
P05013	ENSG00000120235.5
P05014	ENSG00000236637.5
P05015	ENSG00000147885.4
P05019	ENSG00000017427.18
P05023	ENSG00000163399.17
P05026	ENSG00000143153.15
P05060	ENSG00000089199.11
P05062	ENSG00000136872.22
P05067	ENSG00000142192.23
P05089	ENSG00000118520.17
P05090	ENSG00000189058.10
P05091	ENSG00000111275.14
P05093	ENSG00000148795.8
P05106	ENSG00000259207.10
P05107	ENSG00000160255.20
P05108	ENSG00000140459.19
P05108	ENSG00000288362.1
P05109	ENSG00000143546.11
P05111	ENSG00000123999.5
P05112	ENSG00000113520.11
P05113	ENSG00000113525.11
P05114	ENSG00000205581.12
P05120	ENSG00000197632.10
P05121	ENSG00000106366.10
P05129	ENSG00000126583.12
P05141	ENSG00000005022.7
P05154	ENSG00000188488.15
P05155	ENSG00000149131.18
P05156	ENSG00000205403.16
P05160	ENSG00000143278.6
P05160	ENSG00000291998.1
P05161	ENSG00000187608.11
P05162	ENSG00000100079.7
P05164	ENSG00000005381.9
P05165	ENSG00000175198.18
P05166	ENSG00000114054.15
P05177	ENSG00000140505.8
P05181	ENSG00000130649.11
P05186	ENSG00000162551.15
P05187	ENSG00000163283.7
P05198	ENSG00000134001.16
P05204	ENSG00000198830.14
P05230	ENSG00000113578.19
P05231	ENSG00000136244.13
P05305	ENSG00000078401.8
P05362	ENSG00000090339.10
P05386	ENSG00000137818.13
P05387	ENSG00000177600.11
P05388	ENSG00000089157.17
P05408	ENSG00000166922.10
P05408	ENSG00000277614.1
P05408	ENSG00000281931.1
P05412	ENSG00000177606.9
P05413	ENSG00000121769.9
P05423	ENSG00000168495.14
P05451	ENSG00000115386.7
P05452	ENSG00000163815.7
P05455	ENSG00000138385.17
P05496	ENSG00000159199.15
P05538	ENSG00000196610.13
P05538	ENSG00000232629.10
P05538	ENSG00000226165.9
P05538	ENSG00000228813.9
P05538	ENSG00000228254.9
P05538	ENSG00000224305.9
P05538	ENSG00000230675.9
P05538	ENSG00000229493.9
P05543	ENSG00000123561.16
P05546	ENSG00000099937.12
P05549	ENSG00000137203.15
P05556	ENSG00000150093.21
P05771	ENSG00000166501.15
P05783	ENSG00000111057.12
P05787	ENSG00000170421.14
P05813	ENSG00000108255.8
P05814	ENSG00000135222.7
P05937	ENSG00000104327.8
P05976	ENSG00000168530.17
P05981	ENSG00000105707.16
P05997	ENSG00000204262.15
P06028	ENSG00000250361.10
P06126	ENSG00000158477.8
P06127	ENSG00000110448.12
P06132	ENSG00000126088.15
P06133	ENSG00000156096.16
P06213	ENSG00000171105.15
P06239	ENSG00000182866.19
P06241	ENSG00000010810.19
P06276	ENSG00000114200.11
P06280	ENSG00000102393.15
P06307	ENSG00000187094.13
P06310	ENSG00000243238.1
P06310	ENSG00000281933.1
P06312	ENSG00000211598.2
P06315	ENSG00000211599.2
P06315	ENSG00000282172.1
P06331	ENSG00000211956.2
P06331	ENSG00000276491.2
P06340	ENSG00000204252.15
P06340	ENSG00000206292.13
P06340	ENSG00000231558.11
P06340	ENSG00000232957.11
P06340	ENSG00000232962.11
P06340	ENSG00000230141.11
P06340	ENSG00000235744.11
P06396	ENSG00000148180.23
P06400	ENSG00000139687.18
P06401	ENSG00000082175.16
P06454	ENSG00000187514.18
P06493	ENSG00000170312.18
P06576	ENSG00000110955.10
P06681	ENSG00000166278.17
P06681	ENSG00000204364.10
P06681	ENSG00000206372.11
P06681	ENSG00000235696.8
P06681	ENSG00000231543.9
P06681	ENSG00000235017.9
P06681	ENSG00000226560.10
P06702	ENSG00000163220.12
P06703	ENSG00000197956.11
P06727	ENSG00000110244.7
P06729	ENSG00000116824.6
P06730	ENSG00000151247.14
P06731	ENSG00000105388.18
P06732	ENSG00000104879.6
P06733	ENSG00000074800.17
P06734	ENSG00000104921.15
P06737	ENSG00000100504.18
P06744	ENSG00000105220.18
P06746	ENSG00000070501.13
P06748	ENSG00000181163.15
P06753	ENSG00000143549.23
P06756	ENSG00000138448.14
P06850	ENSG00000147571.6
P06858	ENSG00000175445.18
P06865	ENSG00000213614.12
P06870	ENSG00000167748.12
P06899	ENSG00000124635.11
P07093	ENSG00000135919.15
P07098	ENSG00000182333.15
P07099	ENSG00000143819.14
P07101	ENSG00000180176.16
P07108	ENSG00000155368.19
P07148	ENSG00000163586.11
P07195	ENSG00000111716.15
P07196	ENSG00000277586.5
P07197	ENSG00000104722.14
P07199	ENSG00000125817.8
P07202	ENSG00000115705.23
P07203	ENSG00000233276.9
P07204	ENSG00000178726.7
P07205	ENSG00000170950.6
P07225	ENSG00000184500.17
P07237	ENSG00000185624.17
P07288	ENSG00000142515.16
P07305	ENSG00000189060.6
P07306	ENSG00000141505.13
P07307	ENSG00000161944.18
P07311	ENSG00000119640.10
P07315	ENSG00000163254.5
P07315	ENSG00000285011.2
P07316	ENSG00000182187.4
P07320	ENSG00000118231.5
P07320	ENSG00000285434.2
P07327	ENSG00000187758.9
P07332	ENSG00000182511.13
P07333	ENSG00000182578.15
P07339	ENSG00000117984.16
P07355	ENSG00000182718.19
P07357	ENSG00000157131.13
P07358	ENSG00000021852.15
P07359	ENSG00000185245.9
P07360	ENSG00000176919.14
P07384	ENSG00000014216.17
P07437	ENSG00000196230.15
P07437	ENSG00000183311.16
P07437	ENSG00000235067.10
P07437	ENSG00000224156.10
P07437	ENSG00000229684.10
P07437	ENSG00000227739.10
P07437	ENSG00000232421.10
P07437	ENSG00000232575.10
P07438	ENSG00000169688.11
P07451	ENSG00000164879.8
P07476	ENSG00000163207.7
P07477	ENSG00000204983.15
P07477	ENSG00000274247.4
P07478	ENSG00000275896.7
P07478	ENSG00000282049.1
P07492	ENSG00000134443.10
P07498	ENSG00000171209.4
P07510	ENSG00000196811.13
P07550	ENSG00000169252.6
P07585	ENSG00000011465.19
P07602	ENSG00000197746.16
P07686	ENSG00000049860.14
P07711	ENSG00000135047.17
P07737	ENSG00000108518.9
P07738	ENSG00000172331.13
P07741	ENSG00000198931.12
P07766	ENSG00000198851.11
P07814	ENSG00000136628.19
P07858	ENSG00000164733.24
P07858	ENSG00000285132.3
P07864	ENSG00000166796.13
P07900	ENSG00000080824.20
P07902	ENSG00000213930.13
P07910	ENSG00000092199.20
P07911	ENSG00000169344.17
P07919	ENSG00000173660.13
P07942	ENSG00000091136.16
P07947	ENSG00000176105.15
P07948	ENSG00000254087.9
P07949	ENSG00000165731.23
P07951	ENSG00000198467.17
P07954	ENSG00000091483.9
P07988	ENSG00000168878.20
P07992	ENSG00000012061.18
P07996	ENSG00000137801.12
P07998	ENSG00000129538.15
P08034	ENSG00000169562.14
P08047	ENSG00000185591.11
P08048	ENSG00000067646.13
P08069	ENSG00000140443.15
P08100	ENSG00000163914.5
P08118	ENSG00000263639.7
P08123	ENSG00000164692.20
P08133	ENSG00000197043.16
P08134	ENSG00000155366.18
P08138	ENSG00000064300.9
P08151	ENSG00000111087.11
P08172	ENSG00000181072.13
P08173	ENSG00000180720.9
P08174	ENSG00000196352.19
P08183	ENSG00000085563.16
P08185	ENSG00000170099.7
P08185	ENSG00000277405.2
P08195	ENSG00000168003.20
P08217	ENSG00000142615.9
P08218	ENSG00000215704.10
P08235	ENSG00000151623.16
P08236	ENSG00000169919.18
P08237	ENSG00000152556.18
P08238	ENSG00000096384.21
P08240	ENSG00000182934.13
P08243	ENSG00000070669.18
P08246	ENSG00000197561.8
P08246	ENSG00000277571.2
P08247	ENSG00000102003.13
P08253	ENSG00000087245.13
P08254	ENSG00000149968.12
P08263	ENSG00000243955.7
P08294	ENSG00000109610.7
P08311	ENSG00000100448.5
P08319	ENSG00000198099.10
P08397	ENSG00000256269.12
P08473	ENSG00000196549.14
P08476	ENSG00000122641.12
P08493	ENSG00000111341.11
P08514	ENSG00000005961.20
P08519	ENSG00000198670.14
P08559	ENSG00000131828.15
P08567	ENSG00000115956.10
P08571	ENSG00000170458.16
P08572	ENSG00000134871.21
P08574	ENSG00000179091.6
P08575	ENSG00000081237.23
P08575	ENSG00000262418.5
P08579	ENSG00000125870.12
P08581	ENSG00000105976.17
P08582	ENSG00000163975.15
P08588	ENSG00000043591.6
P08590	ENSG00000160808.14
P08603	ENSG00000000971.18
P08620	ENSG00000075388.4
P08621	ENSG00000104852.16
P08631	ENSG00000101336.18
P08637	ENSG00000203747.14
P08648	ENSG00000161638.12
P08651	ENSG00000141905.20
P08670	ENSG00000026025.17
P08684	ENSG00000160868.17
P08686	ENSG00000206338.9
P08686	ENSG00000232414.6
P08686	ENSG00000231852.10
P08686	ENSG00000235134.7
P08686	ENSG00000198457.13
P08686	ENSG00000233151.6
P08697	ENSG00000167711.15
P08697	ENSG00000276838.4
P08700	ENSG00000164399.5
P08708	ENSG00000278229.2
P08708	ENSG00000182774.14
P08709	ENSG00000057593.15
P08727	ENSG00000171345.14
P08729	ENSG00000135480.18
P08754	ENSG00000065135.13
P08758	ENSG00000164111.16
P08779	ENSG00000186832.9
P08833	ENSG00000146678.10
P08861	ENSG00000219073.8
P08865	ENSG00000168028.16
P08887	ENSG00000160712.14
P08908	ENSG00000178394.5
P08910	ENSG00000140526.19
P08912	ENSG00000184984.10
P08913	ENSG00000150594.7
P08922	ENSG00000047936.12
P08949	ENSG00000197696.10
P08949	ENSG00000291631.1
P08962	ENSG00000135404.13
P08F94	ENSG00000170927.15
P09001	ENSG00000114686.10
P09012	ENSG00000077312.10
P09016	ENSG00000170166.6
P09017	ENSG00000198353.8
P09038	ENSG00000138685.18
P09067	ENSG00000120075.6
P09086	ENSG00000028277.23
P09093	ENSG00000142789.20
P09104	ENSG00000111674.10
P09105	ENSG00000086506.3
P09110	ENSG00000060971.20
P09131	ENSG00000126903.17
P09132	ENSG00000153037.16
P09172	ENSG00000123454.13
P09210	ENSG00000244067.4
P09211	ENSG00000084207.19
P09228	ENSG00000170369.4
P09234	ENSG00000124562.11
P09237	ENSG00000137673.10
P09238	ENSG00000166670.10
P09326	ENSG00000117091.11
P09327	ENSG00000127831.12
P09341	ENSG00000163739.6
P09382	ENSG00000100097.13
P09417	ENSG00000151552.14
P09429	ENSG00000189403.16
P09430	ENSG00000118245.2
P09455	ENSG00000114115.12
P09466	ENSG00000122133.18
P09467	ENSG00000165140.13
P09471	ENSG00000087258.18
P09486	ENSG00000113140.12
P09488	ENSG00000134184.14
P09493	ENSG00000140416.27
P09496	ENSG00000122705.19
P09497	ENSG00000175416.17
P09525	ENSG00000196975.17
P09529	ENSG00000163083.6
P09543	ENSG00000173786.17
P09544	ENSG00000105989.11
P09564	ENSG00000173762.9
P09601	ENSG00000100292.18
P09603	ENSG00000184371.15
P09619	ENSG00000113721.15
P09622	ENSG00000091140.16
P09629	ENSG00000260027.5
P09630	ENSG00000197757.8
P09651	ENSG00000135486.20
P09661	ENSG00000131876.19
P09668	ENSG00000103811.19
P09669	ENSG00000164919.12
P09681	ENSG00000159224.4
P09683	ENSG00000070031.4
P09683	ENSG00000274473.2
P09693	ENSG00000160654.12
P09758	ENSG00000184292.7
P09769	ENSG00000000938.14
P09848	ENSG00000115850.10
P09871	ENSG00000182326.18
P09874	ENSG00000143799.15
P09884	ENSG00000101868.14
P09912	ENSG00000126709.16
P09913	ENSG00000119922.11
P09914	ENSG00000185745.10
P09917	ENSG00000012779.13
P09917	ENSG00000275565.4
P09919	ENSG00000108342.14
P09923	ENSG00000163295.5
P09936	ENSG00000154277.14
P09958	ENSG00000140564.14
P09960	ENSG00000111144.11
P09972	ENSG00000109107.15
P0C024	ENSG00000140876.12
P0C025	ENSG00000186364.13
P0C091	ENSG00000183090.5
P0C0E4	ENSG00000102128.8
P0C0L4	ENSG00000206340.10
P0C0L4	ENSG00000227746.10
P0C0L4	ENSG00000244731.11
P0C0L5	ENSG00000228454.7
P0C0L5	ENSG00000228267.8
P0C0L5	ENSG00000224389.10
P0C0L5	ENSG00000233312.9
P0C0L5	ENSG00000236625.8
P0C0P6	ENSG00000214285.3
P0C0S5	ENSG00000164032.13
P0C0S8	ENSG00000196747.5
P0C0S8	ENSG00000196787.5
P0C0S8	ENSG00000278677.2
P0C0S8	ENSG00000276903.2
P0C0S8	ENSG00000275221.3
P0C1H6	ENSG00000101812.15
P0C1S8	ENSG00000214102.8
P0C1S8	ENSG00000263042.5
P0C1Z6	ENSG00000105619.15
P0C1Z6	ENSG00000276504.4
P0C1Z6	ENSG00000278161.1
P0C1Z6	ENSG00000276022.1
P0C1Z6	ENSG00000273833.1
P0C1Z6	ENSG00000274073.1
P0C1Z6	ENSG00000276263.1
P0C1Z6	ENSG00000276296.1
P0C1Z6	ENSG00000275086.1
P0C1Z6	ENSG00000276323.1
P0C221	ENSG00000151838.12
P0C263	ENSG00000187550.10
P0C264	ENSG00000231274.6
P0C2L3	ENSG00000196990.11
P0C2S0	ENSG00000233932.7
P0C2W1	ENSG00000174013.8
P0C2W7	ENSG00000236446.4
P0C2W7	ENSG00000288466.1
P0C5J1	ENSG00000145002.14
P0C5Y4	ENSG00000204887.5
P0C5Y4	ENSG00000263242.2
P0C5Y9	ENSG00000274183.2
P0C5Z0	ENSG00000277858.2
P0C5Z0	ENSG00000277745.1
P0C617	ENSG00000292252.1
P0C629	ENSG00000292247.1
P0C645	ENSG00000276240.4
P0C671	ENSG00000189325.8
P0C672	ENSG00000231738.12
P0C6A0	ENSG00000220201.8
P0C6C1	ENSG00000235711.5
P0C6S8	ENSG00000220008.5
P0C6T2	ENSG00000228474.7
P0C7A2	ENSG00000289731.3
P0C7H8	ENSG00000212724.3
P0C7H8	ENSG00000213417.3
P0C7H8	ENSG00000262862.2
P0C7H8	ENSG00000263091.2
P0C7H8	ENSG00000292034.1
P0C7H8	ENSG00000292035.1
P0C7H9	ENSG00000226430.7
P0C7I0	ENSG00000237038.5
P0C7I6	ENSG00000183401.13
P0C7L1	ENSG00000229453.4
P0C7M4	ENSG00000203989.5
P0C7M6	ENSG00000229972.10
P0C7M6	ENSG00000285749.3
P0C7M7	ENSG00000215009.6
P0C7M8	ENSG00000236279.7
P0C7N4	ENSG00000278558.6
P0C7N5	ENSG00000281038.1
P0C7P0	ENSG00000277972.3
P0C7P0	ENSG00000274768.2
P0C7P1	ENSG00000244395.6
P0C7P3	ENSG00000236320.4
P0C7Q2	ENSG00000254636.1
P0C7Q5	ENSG00000236396.8
P0C7Q6	ENSG00000259224.3
P0C7Q6	ENSG00000284515.1
P0C7T2	ENSG00000281395.1
P0C7T2	ENSG00000281489.1
P0C7T3	ENSG00000188691.6
P0C7T5	ENSG00000224470.10
P0C7T8	ENSG00000232070.10
P0C7U0	ENSG00000225968.9
P0C7U1	ENSG00000204147.12
P0C7U3	ENSG00000206077.15
P0C7V4	ENSG00000230045.4
P0C7V6	ENSG00000223611.7
P0C7V8	ENSG00000189186.12
P0C7W0	ENSG00000224383.8
P0C7W6	ENSG00000182645.7
P0C7W8	ENSG00000223885.4
P0C7W9	ENSG00000285814.1
P0C7X0	ENSG00000215354.10
P0C7X1	ENSG00000274226.6
P0C7X1	ENSG00000277974.5
P0C7X2	ENSG00000229809.10
P0C851	ENSG00000233670.8
P0C860	ENSG00000293137.3
P0C862	ENSG00000240654.7
P0C869	ENSG00000168970.22
P0C869	ENSG00000243708.12
P0C870	ENSG00000243789.12
P0C874	ENSG00000186788.14
P0C875	ENSG00000219626.10
P0C881	ENSG00000155026.18
P0C8F1	ENSG00000237353.7
P0CAP1	ENSG00000263155.8
P0CAP1	ENSG00000137878.18
P0CAP2	ENSG00000255529.9
P0CB33	ENSG00000223614.6
P0CB38	ENSG00000254535.5
P0CB47	ENSG00000255009.4
P0CE71	ENSG00000135175.6
P0CE72	ENSG00000122543.11
P0CF75	ENSG00000223601.4
P0CF97	ENSG00000237765.9
P0CG08	ENSG00000117262.20
P0CG08	ENSG00000188092.16
P0CG12	ENSG00000286140.2
P0CG13	ENSG00000168802.14
P0CG20	ENSG00000161992.7
P0CG21	ENSG00000257108.2
P0CG23	ENSG00000236609.5
P0CG24	ENSG00000228623.10
P0CG29	ENSG00000277897.3
P0CG30	ENSG00000133433.12
P0CG30	ENSG00000278695.1
P0CG32	ENSG00000166707.13
P0CG33	ENSG00000140478.17
P0CG34	ENSG00000158164.8
P0CG34	ENSG00000158427.16
P0CG34	ENSG00000269226.9
P0CG35	ENSG00000158164.8
P0CG35	ENSG00000158427.16
P0CG35	ENSG00000269226.9
P0CG36	ENSG00000152093.8
P0CG37	ENSG00000136698.10
P0CG38	ENSG00000196834.14
P0CG39	ENSG00000222038.4
P0CG40	ENSG00000217236.2
P0CG41	ENSG00000289604.1
P0CG41	ENSG00000288181.1
P0CG47	ENSG00000170315.15
P0CG48	ENSG00000150991.17
P0CH99	ENSG00000215343.8
P0CI00	ENSG00000215356.4
P0CI01	ENSG00000260097.3
P0CI25	ENSG00000168930.13
P0CI26	ENSG00000204449.3
P0CJ73	ENSG00000282017.1
P0CJ78	ENSG00000261221.6
P0CJ79	ENSG00000213793.7
P0CJ92	ENSG00000261794.2
P0CK96	ENSG00000189339.13
P0CL80	ENSG00000236362.10
P0CL80	ENSG00000215269.6
P0CL81	ENSG00000236362.10
P0CL81	ENSG00000215269.6
P0CL82	ENSG00000236362.10
P0CL82	ENSG00000215269.6
P0CV98	ENSG00000236424.7
P0CV98	ENSG00000228927.10
P0CV99	ENSG00000233803.9
P0CV99	ENSG00000291458.1
P0CW00	ENSG00000229549.9
P0CW00	ENSG00000291455.1
P0CW01	ENSG00000236424.7
P0CW01	ENSG00000228927.10
P0CW18	ENSG00000237412.7
P0CW19	ENSG00000256671.7
P0CW19	ENSG00000256977.13
P0CW19	ENSG00000257207.5
P0CW19	ENSG00000284337.1
P0CW20	ENSG00000256671.7
P0CW20	ENSG00000256977.13
P0CW23	ENSG00000231824.4
P0CW24	ENSG00000235961.6
P0CW27	ENSG00000278749.1
P0CW27	ENSG00000255181.3
P0DH78	ENSG00000233198.5
P0DI80	ENSG00000259120.4
P0DI81	ENSG00000196459.16
P0DI81	ENSG00000256060.3
P0DI82	ENSG00000196459.16
P0DI82	ENSG00000256060.3
P0DJ07	ENSG00000229833.12
P0DJ93	ENSG00000224531.7
P0DJD1	ENSG00000185304.17
P0DJD3	ENSG00000234414.8
P0DJD7	ENSG00000229183.10
P0DJD8	ENSG00000229859.10
P0DJD9	ENSG00000256713.8
P0DJG4	ENSG00000249693.3
P0DJH9	ENSG00000227729.5
P0DJI8	ENSG00000173432.13
P0DJI8	ENSG00000288411.1
P0DJI9	ENSG00000134339.10
P0DJJ0	ENSG00000171943.13
P0DJR0	ENSG00000250298.6
P0DKB5	ENSG00000261594.4
P0DKB6	ENSG00000238205.4
P0DKL9	ENSG00000268223.7
P0DKV0	ENSG00000230246.9
P0DKX0	ENSG00000269067.2
P0DKX4	ENSG00000253457.5
P0DL12	ENSG00000268182.6
P0DM35	ENSG00000244020.3
P0DM63	ENSG00000214940.9
P0DM63	ENSG00000214967.7
P0DM63	ENSG00000277983.1
P0DMB1	ENSG00000255378.1
P0DMB1	ENSG00000255251.2
P0DMB1	ENSG00000274540.2
P0DMB1	ENSG00000284870.1
P0DMB2	ENSG00000253250.4
P0DMC3	ENSG00000248329.7
P0DME0	ENSG00000230667.7
P0DML2	ENSG00000136488.15
P0DML3	ENSG00000213218.11
P0DMM9	ENSG00000261052.7
P0DMM9	ENSG00000213648.12
P0DMN0	ENSG00000261052.7
P0DMN0	ENSG00000213648.12
P0DMP2	ENSG00000196369.13
P0DMQ5	ENSG00000259330.3
P0DMQ9	ENSG00000274443.5
P0DMR1	ENSG00000179412.11
P0DMR1	ENSG00000283292.2
P0DMR1	ENSG00000277058.3
P0DMR1	ENSG00000282095.3
P0DMR1	ENSG00000282559.1
P0DMR1	ENSG00000283231.4
P0DMR2	ENSG00000268320.4
P0DMR2	ENSG00000277730.2
P0DMS8	ENSG00000282608.2
P0DMS9	ENSG00000121933.19
P0DMT0	ENSG00000227877.7
P0DMU3	ENSG00000268674.2
P0DMU7	ENSG00000228836.9
P0DMU7	ENSG00000273696.5
P0DMU7	ENSG00000278289.5
P0DMU8	ENSG00000228836.9
P0DMU8	ENSG00000273696.5
P0DMU8	ENSG00000278289.5
P0DMU9	ENSG00000269586.9
P0DMV0	ENSG00000228836.9
P0DMV0	ENSG00000273696.5
P0DMV0	ENSG00000278289.5
P0DMV1	ENSG00000270946.6
P0DMV1	ENSG00000271449.8
P0DMV1	ENSG00000278085.5
P0DMV2	ENSG00000270946.6
P0DMV2	ENSG00000271449.8
P0DMV2	ENSG00000278085.5
P0DMV8	ENSG00000204388.7
P0DMV8	ENSG00000204389.11
P0DMV8	ENSG00000224501.5
P0DMV8	ENSG00000212866.6
P0DMV8	ENSG00000215328.6
P0DMV8	ENSG00000235941.5
P0DMV8	ENSG00000234475.5
P0DMV8	ENSG00000237724.5
P0DMV8	ENSG00000231555.4
P0DMV8	ENSG00000232804.5
P0DMV9	ENSG00000204388.7
P0DMV9	ENSG00000204389.11
P0DMV9	ENSG00000224501.5
P0DMV9	ENSG00000212866.6
P0DMV9	ENSG00000235941.5
P0DMV9	ENSG00000234475.5
P0DMV9	ENSG00000237724.5
P0DMV9	ENSG00000231555.4
P0DMV9	ENSG00000232804.5
P0DMW2	ENSG00000215174.2
P0DMW3	ENSG00000256537.5
P0DMW4	ENSG00000178947.9
P0DMW4	ENSG00000196972.9
P0DMW5	ENSG00000178947.9
P0DMW5	ENSG00000196972.9
P0DN25	ENSG00000223658.8
P0DN26	ENSG00000279782.3
P0DN26	ENSG00000271567.2
P0DN37	ENSG00000236334.3
P0DN77	ENSG00000166160.9
P0DN77	ENSG00000268221.6
P0DN77	ENSG00000269433.4
P0DN78	ENSG00000166160.9
P0DN78	ENSG00000268221.6
P0DN78	ENSG00000269433.4
P0DN82	ENSG00000249103.2
P0DN84	ENSG00000240045.2
P0DN86	ENSG00000189052.7
P0DN86	ENSG00000104827.12
P0DN86	ENSG00000213030.7
P0DN87	ENSG00000196337.15
P0DO97	ENSG00000230561.7
P0DOY2	ENSG00000211677.2
P0DOY3	ENSG00000211679.2
P0DOY5	ENSG00000236170.1
P0DOY5	ENSG00000282714.1
P0DP02	ENSG00000282642.1
P0DP03	ENSG00000270550.1
P0DP03	ENSG00000282777.1
P0DP08	ENSG00000275063.1
P0DP09	ENSG00000276566.1
P0DP23	ENSG00000143933.21
P0DP23	ENSG00000160014.18
P0DP23	ENSG00000198668.15
P0DP24	ENSG00000143933.21
P0DP24	ENSG00000160014.18
P0DP24	ENSG00000198668.15
P0DP25	ENSG00000143933.21
P0DP25	ENSG00000160014.18
P0DP25	ENSG00000198668.15
P0DP42	ENSG00000244219.8
P0DP57	ENSG00000283992.3
P0DP58	ENSG00000180155.21
P0DP58	ENSG00000284505.1
P0DP71	ENSG00000225396.6
P0DP71	ENSG00000283594.1
P0DP72	ENSG00000283703.3
P0DP73	ENSG00000232948.1
P0DP73	ENSG00000233050.1
P0DP73	ENSG00000285249.1
P0DP74	ENSG00000232948.1
P0DP74	ENSG00000233050.1
P0DP74	ENSG00000285249.1
P0DPA2	ENSG00000243284.1
P0DPB3	ENSG00000151967.19
P0DPB6	ENSG00000186184.21
P0DPD5	ENSG00000268696.3
P0DPD6	ENSG00000145194.20
P0DPD7	ENSG00000284753.3
P0DPD8	ENSG00000284917.1
P0DPE3	ENSG00000284730.2
P0DPF3	ENSG00000269713.10
P0DPF7	ENSG00000282719.1
P0DPF7	ENSG00000282353.1
P0DPF7	ENSG00000283063.1
P0DPH7	ENSG00000075886.11
P0DPH7	ENSG00000198033.13
P0DPH8	ENSG00000075886.11
P0DPH8	ENSG00000198033.13
P0DPH9	ENSG00000235699.3
P0DPH9	ENSG00000224440.2
P0DPI2	ENSG00000160221.19
P0DPI3	ENSG00000223591.5
P0DPI3	ENSG00000283093.1
P0DPI4	ENSG00000282253.1
P0DPI4	ENSG00000282431.1
P0DPK2	ENSG00000269466.4
P0DPK3	ENSG00000286019.4
P0DPK4	ENSG00000264343.8
P0DPK4	ENSG00000286219.2
P0DPK5	ENSG00000268799.4
P0DPP9	ENSG00000224107.5
P0DPP9	ENSG00000238210.4
P0DPQ3	ENSG00000239620.3
P0DPR3	ENSG00000223997.1
P0DQD5	ENSG00000264717.7
P0DQD5	ENSG00000288157.1
P0DQW0	ENSG00000214558.5
P0DQW1	ENSG00000289762.1
P0DSN7	ENSG00000239862.1
P0DSN7	ENSG00000250036.1
P0DSN7	ENSG00000282394.1
P0DTA3	ENSG00000273520.6
P0DTA3	ENSG00000275976.6
P0DTA3	ENSG00000262461.7
P0DTA3	ENSG00000186645.11
P0DTA3	ENSG00000274570.6
P0DTE4	ENSG00000173610.13
P0DTE5	ENSG00000271271.6
P0DTE7	ENSG00000174876.18
P0DTE7	ENSG00000187733.8
P0DTE7	ENSG00000237763.11
P0DTE8	ENSG00000174876.18
P0DTE8	ENSG00000187733.8
P0DTE8	ENSG00000237763.11
P0DTF9	ENSG00000251154.2
P0DTL4	ENSG00000291309.3
P0DTL5	ENSG00000291317.2
P0DTL6	ENSG00000291316.1
P0DTL6	ENSG00000187954.15
P0DTW1	ENSG00000205777.19
P0DUB6	ENSG00000174876.18
P0DUB6	ENSG00000187733.8
P0DUB6	ENSG00000237763.11
P0DUD1	ENSG00000273520.6
P0DUD1	ENSG00000275976.6
P0DUD1	ENSG00000262461.7
P0DUD1	ENSG00000186645.11
P0DUD1	ENSG00000274570.6
P0DUD2	ENSG00000273520.6
P0DUD2	ENSG00000275976.6
P0DUD2	ENSG00000262461.7
P0DUD2	ENSG00000186645.11
P0DUD2	ENSG00000274570.6
P0DUD3	ENSG00000286014.2
P0DUD3	ENSG00000286137.3
P0DUD3	ENSG00000286038.2
P0DUD4	ENSG00000286014.2
P0DUD4	ENSG00000286137.3
P0DUD4	ENSG00000286038.2
P0DUH7	ENSG00000288677.2
P0DUQ1	ENSG00000204501.7
P0DUQ2	ENSG00000204501.7
P0DUX0	ENSG00000273520.6
P0DUX0	ENSG00000275976.6
P0DUX0	ENSG00000262461.7
P0DUX0	ENSG00000186645.11
P0DUX0	ENSG00000274570.6
P0DUX1	ENSG00000184616.12
P0DV60	ENSG00000285946.2
P0DV73	ENSG00000285620.1
P0DV73	ENSG00000285720.1
P0DV74	ENSG00000285620.1
P0DV74	ENSG00000285720.1
P0DV75	ENSG00000285913.1
P0DV75	ENSG00000285657.2
P0DV76	ENSG00000285913.1
P0DV76	ENSG00000285657.2
P0DV77	ENSG00000259009.5
P0DV79	ENSG00000205482.12
P0DW11	ENSG00000284234.1
P0DW11	ENSG00000284356.1
P0DW11	ENSG00000284042.1
P0DW11	ENSG00000283967.1
P0DW11	ENSG00000284465.1
P0DW12	ENSG00000284234.1
P0DW12	ENSG00000284356.1
P0DW12	ENSG00000284042.1
P0DW12	ENSG00000283967.1
P0DW12	ENSG00000284465.1
P0DW13	ENSG00000284234.1
P0DW13	ENSG00000284356.1
P0DW13	ENSG00000284042.1
P0DW13	ENSG00000283967.1
P0DW13	ENSG00000284465.1
P0DW14	ENSG00000284234.1
P0DW14	ENSG00000284356.1
P0DW14	ENSG00000284042.1
P0DW14	ENSG00000283967.1
P0DW14	ENSG00000284465.1
P0DW85	ENSG00000290320.1
P0DX00	ENSG00000237850.8
P0DX01	ENSG00000227717.5
P0DX02	ENSG00000273756.5
P0DX04	ENSG00000158164.8
P0DX04	ENSG00000158427.16
P0DX04	ENSG00000269226.9
P0DX52	ENSG00000153684.16
P0DX53	ENSG00000183629.14
P0DX53	ENSG00000277090.2
P0DX53	ENSG00000273651.4
P0DXC3	ENSG00000183889.15
P0DXC3	ENSG00000233024.7
P0DXC3	ENSG00000273807.2
P0DY27	ENSG00000205989.2
P0DY27	ENSG00000206034.2
P0DY56	ENSG00000197919.6
P10070	ENSG00000074047.23
P10071	ENSG00000106571.16
P10072	ENSG00000181666.20
P10073	ENSG00000182318.8
P10074	ENSG00000204859.14
P10075	ENSG00000250571.8
P10082	ENSG00000131096.12
P10092	ENSG00000175868.15
P10109	ENSG00000137714.4
P10114	ENSG00000125249.7
P10124	ENSG00000122862.6
P10144	ENSG00000100453.15
P10145	ENSG00000169429.13
P10147	ENSG00000278567.2
P10147	ENSG00000277632.2
P10147	ENSG00000274221.2
P10153	ENSG00000169385.3
P10155	ENSG00000116747.14
P10176	ENSG00000176340.4
P10242	ENSG00000118513.22
P10243	ENSG00000185697.18
P10244	ENSG00000101057.17
P10253	ENSG00000171298.16
P10253	ENSG00000291507.1
P10275	ENSG00000169083.19
P10276	ENSG00000131759.19
P10301	ENSG00000126458.5
P10321	ENSG00000204525.19
P10323	ENSG00000100312.11
P10323	ENSG00000291368.1
P10398	ENSG00000078061.15
P10412	ENSG00000168298.7
P10415	ENSG00000171791.14
P10451	ENSG00000118785.16
P10515	ENSG00000150768.19
P10523	ENSG00000130561.17
P10523	ENSG00000281857.3
P10586	ENSG00000142949.19
P10588	ENSG00000160113.7
P10589	ENSG00000175745.15
P10599	ENSG00000136810.14
P10600	ENSG00000119699.9
P10606	ENSG00000135940.8
P10606	ENSG00000291596.1
P10619	ENSG00000064601.22
P10620	ENSG00000008394.14
P10632	ENSG00000138115.16
P10635	ENSG00000100197.24
P10635	ENSG00000275211.4
P10636	ENSG00000186868.19
P10636	ENSG00000277956.4
P10636	ENSG00000276155.4
P10643	ENSG00000112936.22
P10644	ENSG00000108946.17
P10645	ENSG00000100604.14
P10645	ENSG00000276781.3
P10646	ENSG00000003436.17
P10696	ENSG00000163286.9
P10720	ENSG00000109272.4
P10721	ENSG00000157404.18
P10745	ENSG00000265203.2
P10746	ENSG00000188690.17
P10747	ENSG00000178562.19
P10767	ENSG00000111241.3
P10768	ENSG00000139684.16
P10809	ENSG00000144381.19
P10826	ENSG00000077092.21
P10827	ENSG00000126351.14
P10828	ENSG00000151090.21
P10909	ENSG00000120885.23
P10911	ENSG00000101977.22
P10912	ENSG00000112964.15
P10914	ENSG00000125347.16
P10915	ENSG00000145681.12
P10916	ENSG00000111245.19
P10966	ENSG00000172116.24
P10997	ENSG00000121351.9
P11021	ENSG00000044574.10
P11047	ENSG00000135862.7
P11049	ENSG00000104894.13
P11055	ENSG00000109063.16
P11086	ENSG00000141744.4
P11117	ENSG00000134575.14
P11137	ENSG00000078018.23
P11142	ENSG00000109971.15
P11150	ENSG00000166035.12
P11161	ENSG00000122877.18
P11166	ENSG00000117394.25
P11168	ENSG00000163581.15
P11169	ENSG00000059804.19
P11171	ENSG00000159023.24
P11172	ENSG00000114491.15
P11177	ENSG00000168291.14
P11182	ENSG00000137992.16
P11215	ENSG00000169896.19
P11216	ENSG00000100994.13
P11217	ENSG00000068976.15
P11226	ENSG00000165471.8
P11229	ENSG00000168539.5
P11230	ENSG00000170175.11
P11230	ENSG00000283946.2
P11233	ENSG00000006451.9
P11234	ENSG00000144118.15
P11245	ENSG00000156006.6
P11274	ENSG00000186716.22
P11277	ENSG00000070182.22
P11279	ENSG00000185896.12
P11308	ENSG00000157554.21
P11309	ENSG00000137193.15
P11310	ENSG00000117054.16
P11362	ENSG00000077782.24
P11387	ENSG00000198900.7
P11388	ENSG00000131747.16
P11413	ENSG00000160211.21
P11441	ENSG00000102178.13
P11464	ENSG00000231924.10
P11465	ENSG00000242221.9
P11473	ENSG00000111424.13
P11474	ENSG00000173153.18
P11487	ENSG00000186895.4
P11488	ENSG00000114349.10
P11498	ENSG00000173599.16
P11509	ENSG00000255974.9
P11511	ENSG00000137869.17
P11532	ENSG00000198947.18
P11586	ENSG00000100714.19
P11597	ENSG00000087237.13
P11678	ENSG00000121053.6
P11684	ENSG00000149021.8
P11686	ENSG00000168484.14
P11712	ENSG00000138109.12
P11717	ENSG00000197081.16
P11766	ENSG00000197894.13
P11801	ENSG00000159792.10
P11802	ENSG00000135446.18
P11831	ENSG00000112658.9
P11836	ENSG00000156738.19
P11844	ENSG00000168582.5
P11908	ENSG00000101911.14
P11912	ENSG00000105369.10
P11926	ENSG00000115758.15
P11940	ENSG00000070756.18
P12004	ENSG00000132646.12
P12018	ENSG00000169575.5
P12034	ENSG00000138675.17
P12035	ENSG00000186442.7
P12036	ENSG00000100285.10
P12074	ENSG00000111775.4
P12081	ENSG00000170445.17
P12104	ENSG00000145384.4
P12107	ENSG00000060718.23
P12109	ENSG00000142156.17
P12110	ENSG00000142173.18
P12111	ENSG00000163359.18
P12235	ENSG00000151729.12
P12236	ENSG00000169100.15
P12236	ENSG00000292334.2
P12259	ENSG00000198734.13
P12268	ENSG00000178035.14
P12270	ENSG00000047410.14
P12271	ENSG00000140522.13
P12272	ENSG00000087494.17
P12273	ENSG00000159763.4
P12277	ENSG00000166165.15
P12314	ENSG00000150337.15
P12318	ENSG00000143226.17
P12319	ENSG00000179639.11
P12319	ENSG00000291905.1
P12429	ENSG00000138772.14
P12524	ENSG00000116990.12
P12532	ENSG00000237289.11
P12532	ENSG00000223572.11
P12544	ENSG00000145649.8
P12643	ENSG00000125845.8
P12644	ENSG00000125378.17
P12645	ENSG00000152785.9
P12694	ENSG00000248098.13
P12724	ENSG00000169397.4
P12755	ENSG00000157933.12
P12757	ENSG00000136603.16
P12814	ENSG00000072110.18
P12821	ENSG00000159640.18
P12829	ENSG00000198336.10
P12830	ENSG00000039068.21
P12838	ENSG00000164821.5
P12838	ENSG00000285318.2
P12872	ENSG00000096395.12
P12882	ENSG00000109061.11
P12883	ENSG00000092054.15
P12931	ENSG00000197122.14
P12931	ENSG00000291971.1
P12955	ENSG00000124299.17
P12956	ENSG00000196419.14
P12980	ENSG00000104903.6
P13010	ENSG00000079246.17
P13051	ENSG00000076248.13
P13056	ENSG00000120798.18
P13073	ENSG00000131143.11
P13164	ENSG00000185885.18
P13196	ENSG00000023330.16
P13224	ENSG00000203618.7
P13232	ENSG00000104432.16
P13236	ENSG00000275302.2
P13236	ENSG00000275824.4
P13236	ENSG00000277943.4
P13284	ENSG00000216490.5
P13349	ENSG00000111049.4
P13378	ENSG00000175879.9
P13385	ENSG00000241186.11
P13473	ENSG00000005893.18
P13489	ENSG00000023191.18
P13489	ENSG00000276230.4
P13497	ENSG00000168487.20
P13498	ENSG00000051523.13
P13500	ENSG00000108691.10
P13501	ENSG00000271503.7
P13501	ENSG00000274233.4
P13521	ENSG00000171951.5
P13533	ENSG00000197616.14
P13535	ENSG00000133020.4
P13569	ENSG00000001626.19
P13584	ENSG00000142973.17
P13591	ENSG00000149294.18
P13598	ENSG00000108622.12
P13611	ENSG00000038427.16
P13612	ENSG00000115232.14
P13631	ENSG00000172819.18
P13637	ENSG00000105409.20
P13639	ENSG00000167658.17
P13640	ENSG00000125144.15
P13645	ENSG00000186395.9
P13646	ENSG00000171401.16
P13647	ENSG00000186081.12
P13667	ENSG00000155660.12
P13671	ENSG00000039537.17
P13674	ENSG00000122884.14
P13682	ENSG00000169981.12
P13682	ENSG00000281306.3
P13686	ENSG00000102575.15
P13688	ENSG00000079385.24
P13693	ENSG00000133112.18
P13716	ENSG00000148218.17
P13725	ENSG00000099985.4
P13726	ENSG00000117525.15
P13727	ENSG00000186652.11
P13747	ENSG00000204592.10
P13747	ENSG00000206493.7
P13747	ENSG00000229252.6
P13747	ENSG00000233904.6
P13747	ENSG00000236632.5
P13747	ENSG00000230254.7
P13747	ENSG00000225201.6
P13762	ENSG00000227357.3
P13762	ENSG00000231021.10
P13765	ENSG00000243612.5
P13765	ENSG00000241106.9
P13765	ENSG00000241386.6
P13765	ENSG00000243496.6
P13765	ENSG00000241910.5
P13765	ENSG00000239457.6
P13796	ENSG00000136167.16
P13797	ENSG00000102024.20
P13798	ENSG00000164062.14
P13804	ENSG00000140374.18
P13805	ENSG00000105048.19
P13807	ENSG00000104812.16
P13861	ENSG00000114302.18
P13866	ENSG00000100170.11
P13928	ENSG00000265190.8
P13929	ENSG00000108515.19
P13942	ENSG00000227801.8
P13942	ENSG00000206290.10
P13942	ENSG00000204248.13
P13942	ENSG00000235708.8
P13942	ENSG00000230930.8
P13945	ENSG00000188778.6
P13984	ENSG00000188342.14
P13987	ENSG00000085063.19
P13987	ENSG00000284969.1
P13994	ENSG00000104957.15
P13995	ENSG00000065911.13
P14060	ENSG00000203857.10
P14061	ENSG00000108786.11
P14091	ENSG00000196188.13
P14136	ENSG00000131095.15
P14138	ENSG00000124205.19
P14151	ENSG00000188404.11
P14174	ENSG00000240972.3
P14174	ENSG00000276701.2
P14207	ENSG00000165457.16
P14209	ENSG00000002586.21
P14209	ENSG00000292348.2
P14210	ENSG00000019991.18
P14222	ENSG00000180644.9
P14314	ENSG00000130175.11
P14316	ENSG00000168310.13
P14317	ENSG00000180353.12
P14324	ENSG00000160752.16
P14373	ENSG00000204713.12
P14373	ENSG00000215641.8
P14373	ENSG00000234495.7
P14373	ENSG00000237071.7
P14373	ENSG00000229006.7
P14384	ENSG00000135678.13
P14406	ENSG00000112695.14
P14410	ENSG00000090402.8
P14415	ENSG00000129244.10
P14416	ENSG00000149295.15
P14543	ENSG00000116962.16
P14550	ENSG00000117448.15
P14555	ENSG00000188257.13
P14598	ENSG00000158517.17
P14616	ENSG00000027644.5
P14618	ENSG00000067225.22
P14621	ENSG00000170634.13
P14625	ENSG00000166598.17
P14635	ENSG00000134057.16
P14649	ENSG00000196465.12
P14651	ENSG00000120093.13
P14652	ENSG00000173917.11
P14653	ENSG00000120094.9
P14672	ENSG00000181856.16
P14672	ENSG00000288174.1
P14678	ENSG00000125835.21
P14679	ENSG00000077498.9
P14735	ENSG00000119912.19
P14770	ENSG00000169704.6
P14778	ENSG00000115594.13
P14780	ENSG00000100985.8
P14784	ENSG00000100385.16
P14854	ENSG00000126267.12
P14859	ENSG00000143190.24
P14866	ENSG00000104824.19
P14866	ENSG00000282947.2
P14867	ENSG00000022355.19
P14868	ENSG00000115866.12
P14902	ENSG00000131203.13
P14920	ENSG00000110887.9
P14921	ENSG00000134954.15
P14923	ENSG00000173801.18
P14927	ENSG00000156467.11
P15018	ENSG00000128342.5
P15036	ENSG00000157557.14
P15056	ENSG00000157764.15
P15085	ENSG00000091704.10
P15086	ENSG00000153002.13
P15088	ENSG00000163751.5
P15090	ENSG00000170323.10
P15104	ENSG00000135821.20
P15121	ENSG00000085662.15
P15144	ENSG00000166825.16
P15151	ENSG00000073008.17
P15153	ENSG00000128340.17
P15169	ENSG00000120054.13
P15170	ENSG00000103342.14
P15172	ENSG00000129152.4
P15173	ENSG00000122180.6
P15248	ENSG00000145839.2
P15259	ENSG00000164708.7
P15260	ENSG00000027697.17
P15289	ENSG00000100299.19
P15291	ENSG00000086062.15
P15309	ENSG00000014257.17
P15311	ENSG00000092820.20
P15313	ENSG00000116039.14
P15328	ENSG00000110195.15
P15336	ENSG00000115966.19
P15374	ENSG00000118939.20
P15382	ENSG00000180509.14
P15391	ENSG00000177455.15
P15407	ENSG00000175592.10
P15408	ENSG00000075426.13
P15421	ENSG00000197465.14
P15428	ENSG00000164120.14
P15498	ENSG00000141968.9
P15502	ENSG00000049540.20
P15509	ENSG00000198223.20
P15509	ENSG00000292357.3
P15514	ENSG00000109321.12
P15515	ENSG00000126550.10
P15515	ENSG00000283046.5
P15516	ENSG00000205649.9
P15516	ENSG00000282967.5
P15529	ENSG00000117335.22
P15531	ENSG00000239672.9
P15538	ENSG00000160882.14
P15559	ENSG00000181019.13
P15586	ENSG00000135677.12
P15621	ENSG00000197857.17
P15622	ENSG00000196150.15
P15692	ENSG00000112715.26
P15735	ENSG00000156873.17
P15812	ENSG00000158488.17
P15813	ENSG00000158473.9
P15814	ENSG00000128322.7
P15822	ENSG00000095951.19
P15848	ENSG00000113273.18
P15863	ENSG00000125813.15
P15880	ENSG00000140988.17
P15880	ENSG00000291931.1
P15882	ENSG00000128656.16
P15884	ENSG00000196628.21
P15907	ENSG00000073849.17
P15918	ENSG00000166349.11
P15923	ENSG00000071564.20
P15924	ENSG00000096696.17
P15927	ENSG00000117748.11
P15941	ENSG00000185499.17
P15954	ENSG00000127184.14
P15976	ENSG00000102145.16
P16035	ENSG00000035862.14
P16050	ENSG00000161905.13
P16066	ENSG00000169418.11
P16070	ENSG00000026508.22
P16083	ENSG00000124588.23
P16104	ENSG00000188486.4
P16109	ENSG00000174175.18
P16112	ENSG00000157766.19
P16118	ENSG00000158571.12
P16144	ENSG00000132470.15
P16150	ENSG00000197471.13
P16152	ENSG00000159228.13
P16157	ENSG00000029534.22
P16219	ENSG00000122971.10
P16220	ENSG00000118260.16
P16233	ENSG00000175535.6
P16234	ENSG00000134853.13
P16260	ENSG00000122912.16
P16278	ENSG00000170266.16
P16284	ENSG00000261371.7
P16298	ENSG00000107758.17
P16333	ENSG00000158092.8
P16383	ENSG00000005436.15
P16389	ENSG00000177301.17
P16401	ENSG00000184357.5
P16402	ENSG00000124575.7
P16403	ENSG00000187837.5
P16410	ENSG00000163599.18
P16415	ENSG00000197933.14
P16422	ENSG00000119888.12
P16435	ENSG00000127948.18
P16444	ENSG00000015413.11
P16452	ENSG00000166947.15
P16455	ENSG00000170430.11
P16471	ENSG00000113494.18
P16473	ENSG00000165409.18
P16499	ENSG00000132915.13
P16519	ENSG00000125851.11
P16520	ENSG00000111664.12
P16562	ENSG00000124490.15
P16581	ENSG00000007908.16
P16591	ENSG00000151422.15
P16615	ENSG00000174437.19
P16619	ENSG00000293545.3
P16619	ENSG00000277768.3
P16619	ENSG00000276085.1
P16619	ENSG00000277336.2
P16662	ENSG00000171234.15
P16671	ENSG00000135218.20
P16860	ENSG00000120937.10
P16870	ENSG00000109472.15
P16871	ENSG00000168685.16
P16885	ENSG00000197943.14
P16930	ENSG00000103876.15
P16949	ENSG00000117632.24
P16989	ENSG00000060138.14
P17010	ENSG00000005889.17
P17014	ENSG00000164631.19
P17017	ENSG00000105708.9
P17019	ENSG00000182141.11
P17020	ENSG00000170631.16
P17021	ENSG00000186272.14
P17022	ENSG00000154957.14
P17023	ENSG00000157429.17
P17024	ENSG00000132010.16
P17025	ENSG00000147118.13
P17026	ENSG00000165512.6
P17027	ENSG00000167377.20
P17028	ENSG00000172466.17
P17029	ENSG00000106261.18
P17030	ENSG00000175395.17
P17031	ENSG00000198393.9
P17032	ENSG00000075407.20
P17035	ENSG00000198538.12
P17036	ENSG00000166526.20
P17038	ENSG00000198521.13
P17039	ENSG00000168661.16
P17040	ENSG00000121903.16
P17041	ENSG00000169740.15
P17050	ENSG00000198951.13
P17066	ENSG00000173110.8
P17081	ENSG00000119729.13
P17096	ENSG00000137309.22
P17097	ENSG00000147789.17
P17098	ENSG00000278129.3
P17152	ENSG00000178307.11
P17174	ENSG00000120053.13
P17181	ENSG00000142166.16
P17213	ENSG00000101425.16
P17252	ENSG00000154229.13
P17275	ENSG00000171223.6
P17301	ENSG00000164171.12
P17302	ENSG00000152661.10
P17342	ENSG00000113389.17
P17405	ENSG00000166311.11
P17480	ENSG00000108312.17
P17481	ENSG00000120068.8
P17482	ENSG00000170689.10
P17483	ENSG00000182742.6
P17509	ENSG00000108511.11
P17516	ENSG00000198610.12
P17535	ENSG00000130522.6
P17538	ENSG00000168925.12
P17540	ENSG00000131730.17
P17542	ENSG00000162367.13
P17544	ENSG00000170653.20
P17568	ENSG00000099795.8
P17600	ENSG00000008056.15
P17612	ENSG00000072062.17
P17612	ENSG00000288516.1
P17643	ENSG00000107165.13
P17655	ENSG00000162909.19
P17658	ENSG00000151079.8
P17661	ENSG00000175084.14
P17676	ENSG00000172216.7
P17677	ENSG00000172020.14
P17693	ENSG00000204632.14
P17693	ENSG00000206506.10
P17693	ENSG00000237216.8
P17693	ENSG00000233095.8
P17693	ENSG00000235346.9
P17693	ENSG00000235680.8
P17693	ENSG00000230413.9
P17693	ENSG00000276051.4
P17706	ENSG00000175354.21
P17707	ENSG00000123505.21
P17735	ENSG00000198650.12
P17752	ENSG00000129167.12
P17787	ENSG00000160716.6
P17812	ENSG00000171793.18
P17813	ENSG00000106991.16
P17844	ENSG00000108654.17
P17858	ENSG00000141959.18
P17861	ENSG00000100219.18
P17900	ENSG00000196743.10
P17927	ENSG00000203710.13
P17931	ENSG00000131981.17
P17936	ENSG00000146674.17
P17947	ENSG00000066336.14
P17948	ENSG00000102755.14
P17980	ENSG00000165916.10
P17987	ENSG00000120438.13
P18031	ENSG00000196396.11
P18054	ENSG00000108839.13
P18065	ENSG00000115457.11
P18074	ENSG00000104884.18
P18075	ENSG00000101144.13
P18077	ENSG00000182899.18
P18084	ENSG00000082781.13
P18085	ENSG00000168374.12
P18089	ENSG00000274286.2
P18124	ENSG00000147604.15
P18146	ENSG00000120738.8
P18206	ENSG00000035403.19
P18283	ENSG00000176153.13
P18405	ENSG00000145545.14
P18428	ENSG00000129988.7
P18433	ENSG00000132670.22
P18440	ENSG00000171428.16
P18505	ENSG00000163288.14
P18507	ENSG00000113327.18
P18509	ENSG00000141433.14
P18510	ENSG00000136689.20
P18545	ENSG00000185527.13
P18564	ENSG00000115221.14
P18577	ENSG00000188672.19
P18583	ENSG00000159140.23
P18615	ENSG00000204356.15
P18615	ENSG00000206268.11
P18615	ENSG00000206357.11
P18615	ENSG00000231044.10
P18615	ENSG00000229363.9
P18615	ENSG00000233801.9
P18621	ENSG00000215472.10
P18621	ENSG00000265681.9
P18627	ENSG00000089692.10
P18669	ENSG00000171314.10
P18754	ENSG00000180198.18
P18825	ENSG00000184160.8
P18827	ENSG00000115884.12
P18846	ENSG00000123268.10
P18847	ENSG00000162772.19
P18848	ENSG00000128272.20
P18850	ENSG00000118217.8
P18858	ENSG00000105486.16
P18859	ENSG00000154723.14
P18887	ENSG00000073050.13
P19012	ENSG00000171346.16
P19013	ENSG00000170477.13
P19021	ENSG00000145730.22
P19022	ENSG00000170558.11
P19075	ENSG00000127324.10
P19086	ENSG00000128266.10
P19087	ENSG00000134183.14
P19099	ENSG00000179142.3
P19105	ENSG00000101608.14
P19113	ENSG00000140287.12
P19174	ENSG00000124181.16
P19224	ENSG00000167165.19
P19235	ENSG00000187266.15
P19237	ENSG00000159173.20
P19256	ENSG00000116815.17
P19320	ENSG00000162692.13
P19338	ENSG00000115053.18
P19367	ENSG00000156515.26
P19387	ENSG00000102978.14
P19388	ENSG00000099817.13
P19397	ENSG00000143119.16
P19404	ENSG00000178127.14
P19419	ENSG00000126767.20
P19429	ENSG00000129991.15
P19438	ENSG00000067182.10
P19440	ENSG00000100031.20
P19447	ENSG00000163161.15
P19474	ENSG00000132109.11
P19484	ENSG00000112561.20
P19525	ENSG00000055332.20
P19526	ENSG00000174951.13
P19532	ENSG00000068323.18
P19532	ENSG00000292217.1
P19544	ENSG00000184937.17
P19622	ENSG00000164778.4
P19623	ENSG00000116649.11
P19634	ENSG00000090020.12
P19652	ENSG00000228278.6
P19784	ENSG00000070770.11
P19793	ENSG00000186350.12
P19801	ENSG00000002726.22
P19823	ENSG00000151655.20
P19827	ENSG00000055957.12
P19835	ENSG00000170835.17
P19838	ENSG00000109320.15
P19875	ENSG00000081041.10
P19876	ENSG00000163734.4
P19878	ENSG00000116701.17
P19883	ENSG00000134363.13
P19957	ENSG00000124102.6
P19961	ENSG00000240038.8
P19971	ENSG00000025708.15
P20020	ENSG00000070961.18
P20023	ENSG00000117322.20
P20036	ENSG00000168384.11
P20036	ENSG00000206291.10
P20036	ENSG00000224103.7
P20036	ENSG00000231389.9
P20036	ENSG00000228163.8
P20036	ENSG00000235844.8
P20036	ENSG00000229685.8
P20036	ENSG00000236177.9
P20042	ENSG00000125977.8
P20061	ENSG00000134827.8
P20062	ENSG00000185339.11
P20073	ENSG00000138279.17
P20132	ENSG00000135094.12
P20138	ENSG00000105383.17
P20142	ENSG00000096088.17
P20151	ENSG00000167751.13
P20155	ENSG00000128040.13
P20160	ENSG00000172232.10
P20160	ENSG00000278624.2
P20226	ENSG00000112592.16
P20231	ENSG00000197253.15
P20248	ENSG00000145386.12
P20264	ENSG00000198914.5
P20265	ENSG00000184486.10
P20273	ENSG00000012124.18
P20290	ENSG00000145741.17
P20292	ENSG00000132965.11
P20309	ENSG00000133019.13
P20333	ENSG00000028137.20
P20336	ENSG00000105649.11
P20337	ENSG00000169213.8
P20338	ENSG00000168118.13
P20339	ENSG00000144566.12
P20340	ENSG00000175582.21
P20366	ENSG00000006128.13
P20382	ENSG00000183395.5
P20393	ENSG00000126368.6
P20396	ENSG00000170893.4
P20472	ENSG00000100362.14
P20472	ENSG00000274665.3
P20585	ENSG00000113318.12
P20591	ENSG00000157601.16
P20592	ENSG00000183486.15
P20594	ENSG00000159899.17
P20618	ENSG00000008018.10
P20645	ENSG00000003056.9
P20648	ENSG00000105675.9
P20671	ENSG00000196866.3
P20674	ENSG00000178741.13
P20700	ENSG00000113368.13
P20701	ENSG00000005844.20
P20702	ENSG00000140678.18
P20711	ENSG00000132437.19
P20718	ENSG00000100450.14
P20719	ENSG00000106004.5
P20742	ENSG00000126838.11
P20749	ENSG00000069399.15
P20774	ENSG00000106809.12
P20774	ENSG00000291350.1
P20783	ENSG00000185652.12
P20794	ENSG00000111837.12
P20800	ENSG00000127129.11
P20807	ENSG00000092529.26
P20809	ENSG00000095752.7
P20810	ENSG00000310517.2
P20813	ENSG00000197408.11
P20815	ENSG00000106258.17
P20823	ENSG00000135100.20
P20827	ENSG00000169242.13
P20839	ENSG00000106348.20
P20848	ENSG00000274821.5
P20849	ENSG00000112280.18
P20851	ENSG00000123843.14
P20853	ENSG00000198077.12
P20908	ENSG00000130635.18
P20916	ENSG00000105695.16
P20929	ENSG00000183091.21
P20930	ENSG00000143631.11
P20933	ENSG00000038002.10
P20936	ENSG00000145715.16
P20941	ENSG00000116703.14
P20962	ENSG00000159335.19
P20963	ENSG00000198821.13
P21108	ENSG00000229937.9
P21127	ENSG00000248333.10
P21128	ENSG00000111405.9
P21145	ENSG00000172005.12
P21217	ENSG00000171124.14
P21217	ENSG00000292063.1
P21246	ENSG00000105894.14
P21266	ENSG00000134202.13
P21281	ENSG00000147416.13
P21283	ENSG00000155097.13
P21291	ENSG00000159176.15
P21333	ENSG00000196924.20
P21359	ENSG00000196712.20
P21397	ENSG00000189221.12
P21399	ENSG00000122729.20
P21439	ENSG00000005471.20
P21452	ENSG00000075073.16
P21453	ENSG00000170989.11
P21462	ENSG00000171051.11
P21506	ENSG00000256223.7
P21549	ENSG00000172482.6
P21554	ENSG00000118432.14
P21579	ENSG00000067715.16
P21580	ENSG00000118503.19
P21583	ENSG00000049130.17
P21589	ENSG00000135318.13
P21673	ENSG00000130066.17
P21675	ENSG00000147133.19
P21695	ENSG00000167588.14
P21709	ENSG00000146904.10
P21709	ENSG00000284816.2
P21728	ENSG00000184845.5
P21730	ENSG00000197405.8
P21731	ENSG00000006638.14
P21741	ENSG00000110492.18
P21754	ENSG00000188372.15
P21757	ENSG00000038945.16
P21781	ENSG00000140285.13
P21796	ENSG00000213585.12
P21802	ENSG00000066468.25
P21810	ENSG00000182492.17
P21815	ENSG00000029559.8
P21817	ENSG00000196218.15
P21854	ENSG00000137101.14
P21860	ENSG00000065361.18
P21912	ENSG00000117118.13
P21917	ENSG00000069696.7
P21917	ENSG00000276825.2
P21918	ENSG00000169676.7
P21926	ENSG00000010278.16
P21941	ENSG00000162510.6
P21953	ENSG00000083123.16
P21964	ENSG00000093010.16
P21980	ENSG00000198959.13
P22001	ENSG00000177272.10
P22003	ENSG00000112175.9
P22004	ENSG00000153162.10
P22033	ENSG00000146085.9
P22059	ENSG00000110048.13
P22061	ENSG00000120265.22
P22079	ENSG00000167419.12
P22083	ENSG00000196371.4
P22087	ENSG00000105202.10
P22087	ENSG00000280548.4
P22090	ENSG00000129824.16
P22102	ENSG00000159131.18
P22102	ENSG00000262473.5
P22105	ENSG00000168477.21
P22105	ENSG00000236236.9
P22105	ENSG00000229353.10
P22223	ENSG00000062038.16
P22234	ENSG00000128050.10
P22301	ENSG00000136634.7
P22303	ENSG00000087085.17
P22304	ENSG00000010404.19
P22307	ENSG00000116171.20
P22309	ENSG00000241635.8
P22310	ENSG00000244474.6
P22314	ENSG00000130985.18
P22352	ENSG00000211445.13
P22362	ENSG00000108702.4
P22392	ENSG00000243678.13
P22392	ENSG00000011052.21
P22413	ENSG00000197594.15
P22415	ENSG00000158773.15
P22455	ENSG00000160867.16
P22459	ENSG00000182255.8
P22460	ENSG00000130037.5
P22466	ENSG00000069482.8
P22492	ENSG00000187475.6
P22528	ENSG00000169469.9
P22531	ENSG00000203785.9
P22532	ENSG00000163216.7
P22557	ENSG00000158578.22
P22570	ENSG00000161513.13
P22607	ENSG00000068078.21
P22612	ENSG00000165059.8
P22626	ENSG00000122566.24
P22670	ENSG00000132005.10
P22670	ENSG00000288283.1
P22674	ENSG00000152669.9
P22676	ENSG00000172137.20
P22676	ENSG00000282830.2
P22680	ENSG00000167910.4
P22681	ENSG00000110395.8
P22692	ENSG00000141753.8
P22694	ENSG00000142875.22
P22695	ENSG00000140740.12
P22732	ENSG00000142583.19
P22735	ENSG00000092295.13
P22735	ENSG00000285348.2
P22736	ENSG00000123358.21
P22748	ENSG00000167434.11
P22749	ENSG00000115523.18
P22760	ENSG00000114771.15
P22792	ENSG00000178772.8
P22794	ENSG00000126860.13
P22830	ENSG00000066926.14
P22888	ENSG00000138039.16
P22891	ENSG00000126231.16
P22894	ENSG00000118113.12
P22897	ENSG00000260314.4
P22914	ENSG00000213139.8
P23025	ENSG00000136936.12
P23083	ENSG00000211934.3
P23083	ENSG00000282550.1
P23109	ENSG00000116748.22
P23141	ENSG00000198848.14
P23141	ENSG00000262243.5
P23142	ENSG00000077942.20
P23193	ENSG00000187735.17
P23219	ENSG00000095303.18
P23229	ENSG00000091409.18
P23246	ENSG00000116560.12
P23258	ENSG00000131462.10
P23276	ENSG00000197993.10
P23276	ENSG00000276615.2
P23280	ENSG00000131686.15
P23284	ENSG00000166794.8
P23297	ENSG00000160678.13
P23327	ENSG00000130528.13
P23352	ENSG00000011201.13
P23368	ENSG00000082212.14
P23378	ENSG00000178445.11
P23381	ENSG00000140105.19
P23396	ENSG00000149273.16
P23409	ENSG00000111046.5
P23415	ENSG00000145888.11
P23416	ENSG00000101958.14
P23434	ENSG00000140905.12
P23434	ENSG00000291958.1
P23435	ENSG00000102924.13
P23443	ENSG00000108443.15
P23458	ENSG00000162434.15
P23467	ENSG00000127329.17
P23468	ENSG00000153707.21
P23469	ENSG00000132334.18
P23470	ENSG00000144724.20
P23471	ENSG00000106278.13
P23490	ENSG00000203782.6
P23497	ENSG00000067066.18
P23508	ENSG00000171444.19
P23510	ENSG00000117586.13
P23511	ENSG00000001167.16
P23515	ENSG00000126861.5
P23515	ENSG00000291720.1
P23526	ENSG00000101444.13
P23527	ENSG00000274641.2
P23528	ENSG00000172757.13
P23560	ENSG00000176697.21
P23582	ENSG00000163273.5
P23588	ENSG00000063046.19
P23610	ENSG00000288709.1
P23610	ENSG00000288722.1
P23610	ENSG00000277150.2
P23634	ENSG00000058668.17
P23677	ENSG00000137825.12
P23743	ENSG00000065357.21
P23759	ENSG00000009709.14
P23760	ENSG00000135903.20
P23763	ENSG00000139190.17
P23769	ENSG00000179348.14
P23771	ENSG00000107485.19
P23786	ENSG00000157184.8
P23919	ENSG00000168393.14
P23921	ENSG00000167325.16
P23942	ENSG00000112619.8
P23945	ENSG00000170820.12
P23946	ENSG00000092009.10
P23975	ENSG00000103546.20
P24001	ENSG00000008517.20
P24043	ENSG00000196569.14
P24046	ENSG00000146276.14
P24071	ENSG00000186431.19
P24071	ENSG00000275136.4
P24071	ENSG00000275269.4
P24071	ENSG00000276858.4
P24071	ENSG00000275970.4
P24071	ENSG00000273738.4
P24071	ENSG00000275564.4
P24071	ENSG00000276985.4
P24071	ENSG00000274580.4
P24071	ENSG00000278415.4
P24071	ENSG00000284061.2
P24071	ENSG00000283750.3
P24158	ENSG00000196415.10
P24158	ENSG00000277804.4
P24278	ENSG00000089775.13
P24298	ENSG00000167701.15
P24310	ENSG00000161281.11
P24311	ENSG00000131174.8
P24347	ENSG00000099953.11
P24347	ENSG00000275365.3
P24385	ENSG00000110092.5
P24386	ENSG00000188419.15
P24387	ENSG00000145708.12
P24390	ENSG00000105438.10
P24394	ENSG00000077238.15
P24462	ENSG00000160870.15
P24462	ENSG00000282301.4
P24468	ENSG00000185551.16
P24522	ENSG00000116717.13
P24530	ENSG00000136160.18
P24534	ENSG00000114942.16
P24534	ENSG00000283391.3
P24539	ENSG00000116459.12
P24557	ENSG00000059377.20
P24588	ENSG00000179841.8
P24592	ENSG00000167779.10
P24593	ENSG00000115461.6
P24666	ENSG00000143727.17
P24723	ENSG00000027075.18
P24752	ENSG00000075239.16
P24821	ENSG00000041982.18
P24844	ENSG00000101335.11
P24855	ENSG00000213918.11
P24863	ENSG00000112237.14
P24864	ENSG00000105173.15
P24903	ENSG00000197446.10
P24928	ENSG00000284832.2
P24941	ENSG00000123374.11
P25021	ENSG00000113749.9
P25024	ENSG00000163464.8
P25025	ENSG00000180871.9
P25054	ENSG00000134982.20
P25063	ENSG00000272398.6
P25067	ENSG00000171812.13
P25089	ENSG00000187474.6
P25090	ENSG00000171049.9
P25092	ENSG00000070019.6
P25098	ENSG00000173020.12
P25100	ENSG00000171873.8
P25101	ENSG00000151617.18
P25103	ENSG00000115353.11
P25105	ENSG00000169403.13
P25106	ENSG00000144476.7
P25116	ENSG00000181104.7
P25189	ENSG00000158887.21
P25205	ENSG00000112118.21
P25208	ENSG00000120837.9
P25311	ENSG00000160862.14
P25325	ENSG00000128309.19
P25391	ENSG00000101680.17
P25398	ENSG00000112306.9
P25440	ENSG00000204256.16
P25440	ENSG00000234507.9
P25440	ENSG00000215077.10
P25440	ENSG00000234704.9
P25440	ENSG00000235307.12
P25445	ENSG00000026103.25
P25490	ENSG00000100811.15
P25685	ENSG00000132002.10
P25686	ENSG00000135924.18
P25705	ENSG00000152234.17
P25713	ENSG00000087250.10
P25774	ENSG00000163131.13
P25786	ENSG00000129084.20
P25787	ENSG00000106588.13
P25787	ENSG00000256646.8
P25788	ENSG00000100567.14
P25789	ENSG00000041357.17
P25791	ENSG00000135363.13
P25800	ENSG00000166407.15
P25815	ENSG00000163993.7
P25874	ENSG00000109424.5
P25929	ENSG00000164128.8
P25940	ENSG00000080573.7
P25942	ENSG00000101017.16
P25963	ENSG00000100906.13
P26006	ENSG00000005884.19
P26010	ENSG00000139626.17
P26012	ENSG00000105855.11
P26022	ENSG00000163661.5
P26038	ENSG00000147065.19
P26045	ENSG00000070159.15
P26196	ENSG00000110367.15
P26232	ENSG00000066032.19
P26358	ENSG00000130816.18
P26367	ENSG00000007372.25
P26368	ENSG00000063244.15
P26371	ENSG00000254997.4
P26373	ENSG00000167526.16
P26374	ENSG00000203668.3
P26378	ENSG00000162374.19
P26436	ENSG00000134940.14
P26439	ENSG00000203859.11
P26440	ENSG00000128928.11
P26441	ENSG00000242689.3
P26447	ENSG00000196154.13
P26572	ENSG00000131446.18
P26583	ENSG00000164104.13
P26599	ENSG00000011304.23
P26639	ENSG00000113407.15
P26640	ENSG00000096171.14
P26640	ENSG00000204394.14
P26640	ENSG00000224264.9
P26640	ENSG00000231116.9
P26640	ENSG00000226589.9
P26641	ENSG00000254772.11
P26651	ENSG00000128016.9
P26678	ENSG00000198523.7
P26715	ENSG00000134545.14
P26717	ENSG00000205809.11
P26718	ENSG00000213809.9
P26842	ENSG00000139193.5
P26885	ENSG00000173486.14
P26951	ENSG00000185291.13
P26951	ENSG00000292332.2
P26992	ENSG00000122756.16
P26998	ENSG00000100053.10
P27037	ENSG00000121989.16
P27105	ENSG00000148175.14
P27144	ENSG00000162433.16
P27169	ENSG00000005421.10
P27216	ENSG00000104537.18
P27338	ENSG00000069535.15
P27348	ENSG00000134308.15
P27352	ENSG00000134812.8
P27361	ENSG00000102882.13
P27448	ENSG00000075413.20
P27449	ENSG00000185883.13
P27469	ENSG00000123689.7
P27482	ENSG00000178363.5
P27487	ENSG00000197635.12
P27539	ENSG00000130283.9
P27540	ENSG00000143437.22
P27544	ENSG00000223802.9
P27635	ENSG00000147403.19
P27658	ENSG00000144810.17
P27694	ENSG00000132383.13
P27695	ENSG00000100823.13
P27695	ENSG00000291796.1
P27701	ENSG00000085117.14
P27707	ENSG00000156136.11
P27708	ENSG00000084774.15
P27797	ENSG00000179218.16
P27815	ENSG00000065989.17
P27816	ENSG00000047849.23
P27824	ENSG00000127022.17
P27824	ENSG00000283777.2
P27918	ENSG00000126759.15
P27930	ENSG00000115590.15
P27986	ENSG00000145675.17
P27987	ENSG00000143772.12
P28039	ENSG00000136250.14
P28062	ENSG00000204264.13
P28062	ENSG00000206298.8
P28062	ENSG00000235715.6
P28062	ENSG00000226201.6
P28062	ENSG00000236443.6
P28062	ENSG00000231631.6
P28062	ENSG00000230669.6
P28062	ENSG00000230034.8
P28065	ENSG00000240065.10
P28065	ENSG00000240118.7
P28065	ENSG00000243594.7
P28065	ENSG00000243067.7
P28065	ENSG00000242711.8
P28065	ENSG00000243958.7
P28065	ENSG00000239836.7
P28065	ENSG00000240508.7
P28066	ENSG00000143106.14
P28067	ENSG00000204257.16
P28067	ENSG00000243215.7
P28067	ENSG00000242361.7
P28067	ENSG00000239463.7
P28067	ENSG00000242685.7
P28067	ENSG00000243189.7
P28067	ENSG00000243719.7
P28068	ENSG00000241674.8
P28068	ENSG00000242092.8
P28068	ENSG00000241296.8
P28068	ENSG00000242574.10
P28068	ENSG00000234154.10
P28068	ENSG00000239329.8
P28068	ENSG00000226264.10
P28068	ENSG00000242386.8
P28069	ENSG00000064835.12
P28070	ENSG00000159377.12
P28072	ENSG00000142507.11
P28074	ENSG00000100804.20
P28161	ENSG00000213366.14
P28221	ENSG00000179546.6
P28222	ENSG00000135312.7
P28223	ENSG00000102468.12
P28288	ENSG00000117528.15
P28289	ENSG00000136842.15
P28290	ENSG00000138434.17
P28300	ENSG00000113083.16
P28324	ENSG00000158711.15
P28325	ENSG00000170367.6
P28328	ENSG00000164751.16
P28329	ENSG00000070748.19
P28330	ENSG00000115361.9
P28331	ENSG00000023228.16
P28331	ENSG00000283447.3
P28332	ENSG00000172955.18
P28335	ENSG00000147246.11
P28336	ENSG00000135577.5
P28340	ENSG00000062822.17
P28347	ENSG00000187079.20
P28356	ENSG00000128709.13
P28358	ENSG00000128710.6
P28360	ENSG00000163132.8
P28370	ENSG00000102038.17
P28472	ENSG00000166206.16
P28476	ENSG00000111886.11
P28482	ENSG00000100030.16
P28562	ENSG00000120129.7
P28566	ENSG00000168830.9
P28676	ENSG00000115271.12
P28698	ENSG00000099326.10
P28702	ENSG00000204231.12
P28702	ENSG00000206289.11
P28702	ENSG00000228333.9
P28702	ENSG00000235712.10
P28702	ENSG00000231321.9
P28702	ENSG00000227322.11
P28715	ENSG00000134899.25
P28749	ENSG00000080839.13
P28799	ENSG00000030582.20
P28827	ENSG00000173482.17
P28838	ENSG00000002549.14
P28845	ENSG00000117594.11
P28906	ENSG00000174059.18
P28907	ENSG00000004468.14
P28908	ENSG00000120949.15
P29016	ENSG00000158485.12
P29017	ENSG00000158481.13
P29033	ENSG00000165474.9
P29034	ENSG00000196754.14
P29074	ENSG00000088179.10
P29083	ENSG00000153767.11
P29084	ENSG00000197265.10
P29120	ENSG00000175426.12
P29122	ENSG00000140479.18
P29144	ENSG00000134900.14
P29218	ENSG00000133731.11
P29274	ENSG00000128271.23
P29275	ENSG00000170425.4
P29279	ENSG00000118523.7
P29317	ENSG00000142627.14
P29320	ENSG00000044524.12
P29322	ENSG00000070886.12
P29323	ENSG00000133216.17
P29350	ENSG00000111679.18
P29353	ENSG00000160691.20
P29371	ENSG00000169836.5
P29372	ENSG00000103152.12
P29373	ENSG00000143320.10
P29374	ENSG00000032219.20
P29375	ENSG00000073614.13
P29376	ENSG00000062524.17
P29377	ENSG00000169906.5
P29400	ENSG00000188153.15
P29401	ENSG00000163931.18
P29459	ENSG00000168811.8
P29460	ENSG00000113302.6
P29466	ENSG00000137752.26
P29474	ENSG00000164867.12
P29475	ENSG00000089250.20
P29508	ENSG00000057149.17
P29536	ENSG00000163431.15
P29558	ENSG00000153250.22
P29590	ENSG00000140464.21
P29597	ENSG00000105397.17
P29622	ENSG00000100665.13
P29692	ENSG00000104529.20
P29692	ENSG00000273594.4
P29728	ENSG00000111335.14
P29762	ENSG00000166426.9
P29803	ENSG00000163114.6
P29965	ENSG00000102245.9
P29966	ENSG00000277443.4
P29972	ENSG00000240583.15
P29973	ENSG00000198515.17
P29992	ENSG00000088256.9
P30038	ENSG00000159423.18
P30039	ENSG00000108187.17
P30040	ENSG00000089248.8
P30041	ENSG00000117592.10
P30043	ENSG00000090013.12
P30044	ENSG00000126432.15
P30046	ENSG00000099977.17
P30046	ENSG00000275003.3
P30047	ENSG00000137880.6
P30048	ENSG00000165672.8
P30049	ENSG00000099624.9
P30050	ENSG00000197958.14
P30084	ENSG00000127884.6
P30085	ENSG00000162368.16
P30086	ENSG00000089220.6
P30101	ENSG00000167004.15
P30153	ENSG00000105568.20
P30154	ENSG00000137713.17
P30203	ENSG00000013725.15
P30260	ENSG00000004897.13
P30273	ENSG00000158869.12
P30279	ENSG00000118971.10
P30281	ENSG00000112576.13
P30291	ENSG00000166483.13
P30301	ENSG00000135517.9
P30304	ENSG00000164045.13
P30305	ENSG00000101224.19
P30307	ENSG00000158402.22
P30405	ENSG00000108179.15
P30408	ENSG00000169908.13
P30411	ENSG00000168398.8
P30414	ENSG00000114857.20
P30419	ENSG00000136448.14
P30511	ENSG00000204642.15
P30511	ENSG00000206509.13
P30511	ENSG00000229698.11
P30511	ENSG00000137403.19
P30511	ENSG00000235220.10
P30511	ENSG00000237508.10
P30518	ENSG00000126895.17
P30519	ENSG00000103415.13
P30519	ENSG00000277424.4
P30520	ENSG00000035687.10
P30530	ENSG00000167601.13
P30531	ENSG00000157103.13
P30532	ENSG00000169684.14
P30533	ENSG00000163956.14
P30536	ENSG00000100300.19
P30542	ENSG00000163485.19
P30550	ENSG00000126010.6
P30556	ENSG00000144891.20
P30559	ENSG00000180914.12
P30566	ENSG00000239900.15
P30613	ENSG00000143627.19
P30613	ENSG00000262785.5
P30622	ENSG00000130779.23
P30626	ENSG00000075142.15
P30679	ENSG00000060558.4
P30711	ENSG00000277656.3
P30740	ENSG00000021355.14
P30793	ENSG00000131979.21
P30825	ENSG00000139514.14
P30837	ENSG00000137124.9
P30838	ENSG00000108602.19
P30872	ENSG00000139874.7
P30874	ENSG00000180616.9
P30876	ENSG00000047315.17
P30926	ENSG00000117971.13
P30939	ENSG00000179097.8
P30953	ENSG00000180016.2
P30954	ENSG00000196184.10
P30954	ENSG00000291903.1
P30968	ENSG00000109163.7
P30988	ENSG00000004948.17
P30989	ENSG00000101188.5
P30990	ENSG00000133636.12
P31025	ENSG00000160349.10
P31040	ENSG00000073578.19
P31146	ENSG00000102879.18
P31150	ENSG00000203879.13
P31151	ENSG00000143556.10
P31152	ENSG00000141639.13
P31153	ENSG00000168906.14
P31213	ENSG00000277893.3
P31249	ENSG00000128652.13
P31260	ENSG00000253293.6
P31267	ENSG00000106006.6
P31268	ENSG00000122592.8
P31269	ENSG00000078399.19
P31270	ENSG00000005073.6
P31271	ENSG00000106031.9
P31273	ENSG00000037965.6
P31274	ENSG00000180806.5
P31275	ENSG00000123407.4
P31276	ENSG00000123364.5
P31277	ENSG00000128713.14
P31314	ENSG00000107807.13
P31321	ENSG00000188191.17
P31323	ENSG00000005249.15
P31327	ENSG00000021826.19
P31350	ENSG00000171848.17
P31358	ENSG00000169442.9
P31371	ENSG00000102678.7
P31391	ENSG00000132671.6
P31415	ENSG00000143318.14
P31431	ENSG00000124145.7
P31483	ENSG00000116001.18
P31512	ENSG00000076258.11
P31513	ENSG00000007933.14
P31629	ENSG00000010818.12
P31639	ENSG00000140675.14
P31641	ENSG00000131389.19
P31644	ENSG00000186297.13
P31645	ENSG00000108576.11
P31689	ENSG00000086061.17
P31749	ENSG00000142208.20
P31751	ENSG00000105221.19
P31785	ENSG00000147168.14
P31930	ENSG00000010256.13
P31937	ENSG00000106049.10
P31939	ENSG00000138363.16
P31941	ENSG00000128383.14
P31941	ENSG00000262156.6
P31942	ENSG00000096746.19
P31943	ENSG00000169045.20
P31943	ENSG00000284254.4
P31944	ENSG00000105141.6
P31946	ENSG00000166913.14
P31947	ENSG00000175793.12
P31948	ENSG00000168439.18
P31949	ENSG00000163191.7
P31994	ENSG00000072694.23
P31997	ENSG00000124469.13
P32004	ENSG00000198910.15
P32019	ENSG00000204084.15
P32119	ENSG00000167815.13
P32121	ENSG00000141480.19
P32189	ENSG00000198814.15
P32238	ENSG00000163394.6
P32239	ENSG00000110148.11
P32241	ENSG00000114812.14
P32242	ENSG00000115507.11
P32243	ENSG00000165588.20
P32245	ENSG00000166603.5
P32246	ENSG00000163823.5
P32247	ENSG00000102239.5
P32248	ENSG00000126353.5
P32249	ENSG00000169508.8
P32297	ENSG00000080644.17
P32298	ENSG00000125388.21
P32302	ENSG00000160683.5
P32314	ENSG00000170802.18
P32320	ENSG00000158825.7
P32321	ENSG00000129187.16
P32322	ENSG00000183010.18
P32418	ENSG00000183023.20
P32455	ENSG00000117228.12
P32456	ENSG00000162645.14
P32519	ENSG00000120690.18
P32745	ENSG00000278195.3
P32754	ENSG00000158104.12
P32780	ENSG00000110768.13
P32780	ENSG00000288114.1
P32856	ENSG00000111450.16
P32881	ENSG00000120242.4
P32926	ENSG00000134757.6
P32927	ENSG00000100368.16
P32929	ENSG00000116761.13
P32942	ENSG00000076662.12
P32969	ENSG00000163682.18
P32970	ENSG00000125726.12
P32971	ENSG00000106952.9
P33032	ENSG00000176136.6
P33076	ENSG00000179583.22
P33121	ENSG00000151726.17
P33151	ENSG00000179776.21
P33176	ENSG00000170759.12
P33240	ENSG00000101811.16
P33241	ENSG00000130592.18
P33241	ENSG00000288199.3
P33260	ENSG00000108242.14
P33261	ENSG00000165841.12
P33316	ENSG00000128951.15
P33402	ENSG00000152402.11
P33527	ENSG00000103222.21
P33527	ENSG00000278183.4
P33552	ENSG00000123975.6
P33681	ENSG00000121594.13
P33763	ENSG00000196420.9
P33764	ENSG00000188015.11
P33778	ENSG00000276410.5
P33897	ENSG00000101986.13
P33908	ENSG00000111885.8
P33947	ENSG00000136240.11
P33981	ENSG00000112742.11
P33991	ENSG00000104738.20
P33992	ENSG00000100297.17
P33993	ENSG00000166508.20
P34059	ENSG00000141012.14
P34096	ENSG00000258818.5
P34130	ENSG00000225950.10
P34741	ENSG00000169439.13
P34810	ENSG00000129226.15
P34820	ENSG00000116985.12
P34896	ENSG00000176974.23
P34896	ENSG00000284320.4
P34897	ENSG00000182199.12
P34903	ENSG00000011677.14
P34910	ENSG00000185862.8
P34910	ENSG00000291721.1
P34913	ENSG00000120915.16
P34925	ENSG00000163785.15
P34931	ENSG00000204390.11
P34931	ENSG00000206383.8
P34931	ENSG00000234258.6
P34931	ENSG00000236251.6
P34932	ENSG00000170606.17
P34947	ENSG00000198873.13
P34949	ENSG00000178802.19
P34969	ENSG00000148680.16
P34972	ENSG00000188822.8
P34981	ENSG00000174417.3
P34982	ENSG00000184166.3
P34995	ENSG00000160951.5
P34998	ENSG00000120088.17
P34998	ENSG00000278232.4
P34998	ENSG00000276191.4
P34998	ENSG00000263715.7
P35030	ENSG00000010438.17
P35052	ENSG00000063660.10
P35070	ENSG00000174808.13
P35080	ENSG00000070087.16
P35125	ENSG00000129204.17
P35212	ENSG00000187513.10
P35218	ENSG00000174990.9
P35219	ENSG00000178538.11
P35221	ENSG00000044115.22
P35222	ENSG00000168036.20
P35225	ENSG00000169194.10
P35226	ENSG00000168283.15
P35227	ENSG00000278644.2
P35227	ENSG00000277258.6
P35228	ENSG00000007171.20
P35232	ENSG00000167085.15
P35236	ENSG00000143851.18
P35237	ENSG00000124570.22
P35240	ENSG00000186575.21
P35241	ENSG00000137710.18
P35243	ENSG00000109047.8
P35244	ENSG00000106399.12
P35247	ENSG00000133661.18
P35249	ENSG00000163918.13
P35250	ENSG00000049541.12
P35251	ENSG00000035928.18
P35268	ENSG00000116251.12
P35269	ENSG00000125651.15
P35270	ENSG00000116096.8
P35318	ENSG00000148926.11
P35321	ENSG00000169474.5
P35325	ENSG00000196805.8
P35326	ENSG00000241794.2
P35346	ENSG00000162009.11
P35348	ENSG00000120907.18
P35354	ENSG00000073756.13
P35367	ENSG00000196639.8
P35368	ENSG00000170214.6
P35372	ENSG00000112038.18
P35398	ENSG00000069667.16
P35408	ENSG00000171522.7
P35410	ENSG00000204687.4
P35410	ENSG00000206470.3
P35410	ENSG00000206515.3
P35410	ENSG00000233141.3
P35410	ENSG00000234954.3
P35410	ENSG00000228377.3
P35410	ENSG00000228515.3
P35410	ENSG00000237284.3
P35414	ENSG00000134817.12
P35442	ENSG00000186340.18
P35443	ENSG00000113296.15
P35452	ENSG00000170178.7
P35453	ENSG00000128714.6
P35462	ENSG00000151577.14
P35475	ENSG00000127415.14
P35498	ENSG00000144285.24
P35499	ENSG00000007314.12
P35503	ENSG00000288702.1
P35504	ENSG00000288705.1
P35520	ENSG00000160200.19
P35523	ENSG00000188037.15
P35527	ENSG00000171403.10
P35542	ENSG00000148965.11
P35548	ENSG00000120149.9
P35555	ENSG00000166147.16
P35556	ENSG00000138829.15
P35557	ENSG00000106633.18
P35558	ENSG00000124253.12
P35568	ENSG00000169047.7
P35573	ENSG00000162688.18
P35575	ENSG00000131482.11
P35579	ENSG00000100345.24
P35580	ENSG00000133026.15
P35590	ENSG00000066056.16
P35606	ENSG00000184432.12
P35609	ENSG00000077522.16
P35610	ENSG00000057252.14
P35611	ENSG00000087274.20
P35612	ENSG00000075340.24
P35613	ENSG00000172270.23
P35625	ENSG00000100234.13
P35626	ENSG00000100077.17
P35637	ENSG00000089280.21
P35638	ENSG00000175197.13
P35658	ENSG00000126883.20
P35659	ENSG00000124795.18
P35663	ENSG00000183035.13
P35670	ENSG00000123191.19
P35680	ENSG00000276194.4
P35680	ENSG00000275410.7
P35711	ENSG00000134532.21
P35712	ENSG00000110693.20
P35713	ENSG00000203883.7
P35716	ENSG00000176887.7
P35749	ENSG00000133392.20
P35749	ENSG00000276480.5
P35754	ENSG00000173221.15
P35789	ENSG00000184635.17
P35790	ENSG00000110721.13
P35813	ENSG00000100614.19
P35858	ENSG00000099769.7
P35869	ENSG00000106546.15
P35900	ENSG00000171431.5
P35900	ENSG00000263057.2
P35908	ENSG00000172867.4
P35913	ENSG00000133256.13
P35914	ENSG00000117305.16
P35916	ENSG00000037280.17
P35968	ENSG00000128052.11
P35998	ENSG00000161057.14
P36021	ENSG00000147100.12
P36222	ENSG00000133048.14
P36269	ENSG00000099998.20
P36382	ENSG00000265107.4
P36383	ENSG00000182963.12
P36402	ENSG00000081059.21
P36404	ENSG00000213465.9
P36405	ENSG00000138175.10
P36406	ENSG00000113595.15
P36507	ENSG00000126934.16
P36508	ENSG00000065029.16
P36537	ENSG00000109181.13
P36537	ENSG00000275190.3
P36542	ENSG00000165629.21
P36543	ENSG00000131100.14
P36544	ENSG00000175344.20
P36544	ENSG00000274542.1
P36551	ENSG00000080819.10
P36575	ENSG00000120500.19
P36578	ENSG00000174444.16
P36639	ENSG00000106268.17
P36776	ENSG00000196365.13
P36871	ENSG00000079739.18
P36873	ENSG00000186298.12
P36888	ENSG00000122025.16
P36894	ENSG00000107779.17
P36896	ENSG00000135503.14
P36897	ENSG00000106799.16
P36915	ENSG00000204590.14
P36915	ENSG00000206492.11
P36915	ENSG00000226882.9
P36915	ENSG00000229470.9
P36915	ENSG00000228581.9
P36915	ENSG00000235986.9
P36915	ENSG00000232143.9
P36941	ENSG00000111321.12
P36952	ENSG00000206075.15
P36954	ENSG00000105258.9
P36955	ENSG00000132386.12
P36956	ENSG00000072310.19
P36957	ENSG00000119689.16
P36959	ENSG00000137198.11
P36969	ENSG00000167468.20
P36980	ENSG00000080910.15
P36980	ENSG00000292003.1
P37023	ENSG00000139567.15
P37058	ENSG00000130948.10
P37059	ENSG00000086696.12
P37088	ENSG00000111319.14
P37108	ENSG00000140319.12
P37173	ENSG00000163513.21
P37198	ENSG00000213024.14
P37231	ENSG00000132170.25
P37235	ENSG00000115756.14
P37268	ENSG00000079459.15
P37268	ENSG00000284967.3
P37275	ENSG00000148516.24
P37287	ENSG00000165195.16
P37288	ENSG00000166148.4
P37802	ENSG00000158710.16
P37837	ENSG00000177156.12
P37840	ENSG00000145335.18
P38117	ENSG00000105379.11
P38159	ENSG00000147274.15
P38398	ENSG00000012048.27
P38405	ENSG00000141404.17
P38432	ENSG00000121058.6
P38435	ENSG00000115486.14
P38484	ENSG00000159128.17
P38484	ENSG00000262795.5
P38567	ENSG00000106304.16
P38570	ENSG00000083457.13
P38571	ENSG00000107798.19
P38606	ENSG00000114573.13
P38646	ENSG00000113013.17
P38919	ENSG00000141543.13
P38919	ENSG00000291508.1
P38935	ENSG00000132740.11
P38936	ENSG00000124762.16
P39019	ENSG00000105372.9
P39023	ENSG00000100316.17
P39059	ENSG00000204291.13
P39060	ENSG00000182871.17
P39086	ENSG00000171189.18
P39210	ENSG00000115204.16
P39656	ENSG00000244038.11
P39687	ENSG00000140350.16
P39748	ENSG00000168496.5
P39877	ENSG00000127472.12
P39880	ENSG00000257923.13
P39900	ENSG00000262406.3
P39905	ENSG00000168621.16
P40121	ENSG00000042493.17
P40123	ENSG00000112186.14
P40126	ENSG00000080166.16
P40145	ENSG00000155897.11
P40189	ENSG00000134352.22
P40197	ENSG00000178732.6
P40198	ENSG00000170956.17
P40199	ENSG00000086548.10
P40200	ENSG00000153283.15
P40222	ENSG00000084652.17
P40225	ENSG00000090534.21
P40227	ENSG00000146731.12
P40238	ENSG00000117400.19
P40259	ENSG00000007312.15
P40261	ENSG00000166741.10
P40305	ENSG00000165949.14
P40305	ENSG00000275214.4
P40306	ENSG00000205220.13
P40313	ENSG00000141086.18
P40337	ENSG00000134086.11
P40394	ENSG00000196344.12
P40424	ENSG00000185630.20
P40425	ENSG00000204304.12
P40425	ENSG00000206315.9
P40425	ENSG00000236353.7
P40425	ENSG00000232005.7
P40425	ENSG00000224952.7
P40425	ENSG00000225987.7
P40425	ENSG00000237344.7
P40426	ENSG00000167081.19
P40429	ENSG00000142541.19
P40616	ENSG00000120805.15
P40617	ENSG00000122644.14
P40692	ENSG00000076242.19
P40763	ENSG00000168610.18
P40818	ENSG00000138592.16
P40855	ENSG00000162735.20
P40855	ENSG00000258465.8
P40879	ENSG00000091138.14
P40925	ENSG00000014641.22
P40926	ENSG00000146701.13
P40933	ENSG00000164136.18
P40937	ENSG00000111445.15
P40938	ENSG00000133119.14
P40939	ENSG00000084754.13
P40967	ENSG00000185664.16
P41002	ENSG00000162063.14
P41091	ENSG00000130741.12
P41134	ENSG00000125968.11
P41143	ENSG00000116329.12
P41145	ENSG00000082556.14
P41146	ENSG00000125510.19
P41159	ENSG00000174697.6
P41161	ENSG00000244405.9
P41162	ENSG00000117036.12
P41180	ENSG00000036828.18
P41181	ENSG00000167580.8
P41182	ENSG00000113916.18
P41208	ENSG00000147400.11
P41208	ENSG00000292191.1
P41212	ENSG00000139083.12
P41214	ENSG00000143486.17
P41217	ENSG00000091972.20
P41218	ENSG00000163563.9
P41219	ENSG00000135406.15
P41220	ENSG00000116741.8
P41221	ENSG00000114251.15
P41222	ENSG00000107317.14
P41222	ENSG00000284341.1
P41223	ENSG00000106245.12
P41225	ENSG00000134595.9
P41226	ENSG00000182179.14
P41227	ENSG00000102030.17
P41229	ENSG00000126012.15
P41231	ENSG00000175591.13
P41235	ENSG00000101076.21
P41236	ENSG00000184203.9
P41238	ENSG00000111701.7
P41240	ENSG00000103653.18
P41247	ENSG00000006757.13
P41250	ENSG00000106105.16
P41252	ENSG00000196305.20
P41252	ENSG00000291356.1
P41271	ENSG00000158747.16
P41273	ENSG00000125657.5
P41279	ENSG00000107968.11
P41439	ENSG00000110203.11
P41440	ENSG00000173638.20
P41567	ENSG00000173812.12
P41586	ENSG00000078549.17
P41587	ENSG00000106018.15
P41594	ENSG00000168959.16
P41595	ENSG00000135914.7
P41597	ENSG00000121807.8
P41732	ENSG00000156298.14
P41743	ENSG00000163558.14
P41968	ENSG00000124089.4
P41970	ENSG00000111145.9
P42025	ENSG00000115073.9
P42025	ENSG00000291597.1
P42081	ENSG00000114013.16
P42126	ENSG00000167969.14
P42127	ENSG00000101440.11
P42166	ENSG00000120802.16
P42224	ENSG00000115415.22
P42226	ENSG00000166888.14
P42229	ENSG00000126561.19
P42261	ENSG00000155511.19
P42262	ENSG00000120251.22
P42263	ENSG00000125675.21
P42285	ENSG00000039123.17
P42330	ENSG00000196139.15
P42331	ENSG00000163219.12
P42336	ENSG00000121879.7
P42338	ENSG00000051382.11
P42345	ENSG00000198793.15
P42356	ENSG00000241973.12
P42357	ENSG00000084110.12
P42566	ENSG00000085832.19
P42568	ENSG00000171843.17
P42574	ENSG00000164305.21
P42575	ENSG00000106144.21
P42658	ENSG00000130226.18
P42677	ENSG00000177954.15
P42679	ENSG00000007264.16
P42680	ENSG00000135605.14
P42681	ENSG00000074966.13
P42684	ENSG00000143322.22
P42685	ENSG00000111816.9
P42694	ENSG00000198265.13
P42695	ENSG00000151503.15
P42696	ENSG00000188739.16
P42701	ENSG00000096996.16
P42702	ENSG00000113594.11
P42704	ENSG00000138095.21
P42765	ENSG00000167315.19
P42766	ENSG00000136942.16
P42768	ENSG00000015285.13
P42771	ENSG00000147889.18
P42772	ENSG00000147883.13
P42773	ENSG00000123080.13
P42785	ENSG00000137509.13
P42830	ENSG00000163735.7
P42857	ENSG00000168824.16
P42858	ENSG00000197386.14
P42892	ENSG00000117298.16
P42898	ENSG00000177000.14
P43003	ENSG00000079215.16
P43004	ENSG00000110436.14
P43005	ENSG00000106688.13
P43007	ENSG00000115902.12
P43026	ENSG00000125965.10
P43034	ENSG00000007168.16
P43080	ENSG00000048545.18
P43080	ENSG00000290147.1
P43088	ENSG00000122420.11
P43115	ENSG00000050628.22
P43116	ENSG00000125384.8
P43119	ENSG00000160013.11
P43121	ENSG00000076706.18
P43146	ENSG00000187323.13
P43155	ENSG00000095321.19
P43166	ENSG00000168748.14
P43220	ENSG00000112164.6
P43234	ENSG00000256043.6
P43234	ENSG00000263238.1
P43235	ENSG00000143387.15
P43243	ENSG00000015479.21
P43246	ENSG00000095002.17
P43250	ENSG00000198055.12
P43251	ENSG00000169814.19
P43268	ENSG00000175832.14
P43304	ENSG00000115159.18
P43307	ENSG00000124783.15
P43308	ENSG00000163479.15
P43320	ENSG00000244752.4
P43351	ENSG00000002016.19
P43353	ENSG00000006534.18
P43354	ENSG00000153234.17
P43355	ENSG00000198681.7
P43356	ENSG00000183305.15
P43356	ENSG00000268606.7
P43356	ENSG00000292187.1
P43357	ENSG00000221867.10
P43357	ENSG00000292186.1
P43358	ENSG00000147381.13
P43360	ENSG00000197172.12
P43360	ENSG00000292195.1
P43361	ENSG00000156009.10
P43362	ENSG00000123584.7
P43362	ENSG00000267978.7
P43363	ENSG00000124260.12
P43364	ENSG00000185247.15
P43365	ENSG00000213401.11
P43365	ENSG00000292189.1
P43366	ENSG00000214107.10
P43378	ENSG00000169410.12
P43403	ENSG00000115085.17
P43403	ENSG00000291603.1
P43405	ENSG00000165025.16
P43487	ENSG00000099901.19
P43489	ENSG00000186827.12
P43490	ENSG00000105835.14
P43626	ENSG00000125498.21
P43626	ENSG00000277833.4
P43626	ENSG00000276310.1
P43626	ENSG00000274926.1
P43626	ENSG00000278738.5
P43626	ENSG00000275750.1
P43626	ENSG00000273510.1
P43626	ENSG00000273794.4
P43626	ENSG00000278821.4
P43626	ENSG00000276625.4
P43626	ENSG00000275276.1
P43626	ENSG00000274692.1
P43626	ENSG00000278503.1
P43626	ENSG00000277356.1
P43626	ENSG00000278755.1
P43626	ENSG00000278248.1
P43626	ENSG00000278495.4
P43626	ENSG00000284145.2
P43626	ENSG00000284401.2
P43626	ENSG00000283723.2
P43626	ENSG00000284347.2
P43627	ENSG00000275546.5
P43627	ENSG00000276731.1
P43627	ENSG00000278731.5
P43627	ENSG00000275914.5
P43627	ENSG00000275407.1
P43627	ENSG00000276011.1
P43628	ENSG00000243772.9
P43628	ENSG00000274830.5
P43628	ENSG00000276218.5
P43628	ENSG00000277484.5
P43628	ENSG00000276590.5
P43628	ENSG00000278327.5
P43628	ENSG00000277554.5
P43628	ENSG00000275658.5
P43628	ENSG00000273887.1
P43628	ENSG00000274952.5
P43628	ENSG00000274410.5
P43628	ENSG00000275008.1
P43628	ENSG00000274108.5
P43628	ENSG00000275623.5
P43628	ENSG00000274402.1
P43628	ENSG00000277317.5
P43628	ENSG00000277924.5
P43628	ENSG00000276459.5
P43628	ENSG00000284333.2
P43628	ENSG00000283708.2
P43628	ENSG00000283702.2
P43628	ENSG00000283790.2
P43628	ENSG00000284504.2
P43628	ENSG00000284510.2
P43629	ENSG00000167633.18
P43629	ENSG00000274036.5
P43629	ENSG00000275288.6
P43629	ENSG00000276423.6
P43629	ENSG00000284342.2
P43629	ENSG00000284426.1
P43630	ENSG00000240403.7
P43630	ENSG00000278809.4
P43630	ENSG00000278474.4
P43630	ENSG00000277181.4
P43630	ENSG00000274722.4
P43630	ENSG00000278442.4
P43630	ENSG00000275566.4
P43630	ENSG00000276357.4
P43630	ENSG00000275083.4
P43630	ENSG00000278361.4
P43630	ENSG00000276739.4
P43630	ENSG00000275626.4
P43630	ENSG00000275416.4
P43630	ENSG00000276004.4
P43631	ENSG00000277885.1
P43631	ENSG00000276425.1
P43631	ENSG00000274438.1
P43631	ENSG00000274518.1
P43631	ENSG00000275253.1
P43631	ENSG00000276139.4
P43631	ENSG00000275452.2
P43631	ENSG00000278300.5
P43631	ENSG00000275737.1
P43631	ENSG00000275735.1
P43631	ENSG00000275583.5
P43631	ENSG00000276258.1
P43631	ENSG00000278152.3
P43631	ENSG00000284511.3
P43631	ENSG00000284033.2
P43632	ENSG00000276885.1
P43632	ENSG00000274957.1
P43632	ENSG00000276634.1
P43632	ENSG00000275731.1
P43632	ENSG00000276395.1
P43632	ENSG00000275353.1
P43632	ENSG00000274947.2
P43632	ENSG00000274406.1
P43632	ENSG00000276154.1
P43632	ENSG00000284264.3
P43632	ENSG00000283870.3
P43632	ENSG00000283882.3
P43652	ENSG00000079557.6
P43657	ENSG00000139679.17
P43681	ENSG00000101204.18
P43686	ENSG00000013275.9
P43686	ENSG00000281221.3
P43694	ENSG00000136574.20
P43694	ENSG00000285109.4
P43699	ENSG00000136352.20
P43897	ENSG00000123297.21
P45378	ENSG00000130595.21
P45378	ENSG00000288250.1
P45379	ENSG00000118194.23
P45381	ENSG00000108381.12
P45452	ENSG00000137745.14
P45844	ENSG00000160179.21
P45877	ENSG00000168938.7
P45880	ENSG00000165637.15
P45954	ENSG00000196177.14
P45973	ENSG00000094916.17
P45974	ENSG00000111667.15
P45983	ENSG00000107643.18
P45984	ENSG00000050748.19
P45985	ENSG00000065559.16
P46013	ENSG00000148773.15
P46019	ENSG00000044446.13
P46020	ENSG00000067177.16
P46059	ENSG00000088386.18
P46060	ENSG00000100401.22
P46063	ENSG00000004700.17
P46087	ENSG00000111641.14
P46089	ENSG00000181773.8
P46091	ENSG00000183671.13
P46091	ENSG00000283448.2
P46092	ENSG00000184451.5
P46093	ENSG00000177464.6
P46094	ENSG00000173578.9
P46095	ENSG00000146360.9
P46098	ENSG00000166736.13
P46100	ENSG00000085224.23
P46108	ENSG00000167193.8
P46109	ENSG00000099942.14
P46199	ENSG00000085760.16
P46379	ENSG00000204463.15
P46379	ENSG00000096155.15
P46379	ENSG00000229524.10
P46379	ENSG00000233348.10
P46379	ENSG00000227761.10
P46379	ENSG00000228760.10
P46379	ENSG00000234651.10
P46439	ENSG00000134201.13
P46459	ENSG00000073969.20
P46459	ENSG00000278174.3
P46459	ENSG00000276262.2
P46527	ENSG00000111276.13
P46531	ENSG00000148400.14
P46597	ENSG00000196433.13
P46597	ENSG00000292336.1
P46663	ENSG00000100739.12
P46695	ENSG00000137331.13
P46695	ENSG00000206478.5
P46695	ENSG00000227231.3
P46695	ENSG00000235030.3
P46695	ENSG00000237155.3
P46695	ENSG00000230128.3
P46721	ENSG00000084453.18
P46734	ENSG00000034152.21
P46736	ENSG00000185515.16
P46776	ENSG00000166441.14
P46777	ENSG00000122406.15
P46778	ENSG00000122026.13
P46779	ENSG00000108107.16
P46781	ENSG00000170889.15
P46781	ENSG00000278270.4
P46781	ENSG00000278081.3
P46781	ENSG00000274950.4
P46781	ENSG00000274646.4
P46781	ENSG00000277359.3
P46781	ENSG00000274626.3
P46781	ENSG00000274005.3
P46781	ENSG00000275323.3
P46781	ENSG00000277079.3
P46782	ENSG00000083845.10
P46783	ENSG00000124614.18
P46821	ENSG00000131711.15
P46926	ENSG00000113552.17
P46934	ENSG00000069869.18
P46937	ENSG00000137693.15
P46939	ENSG00000152818.20
P46940	ENSG00000140575.14
P46952	ENSG00000162882.16
P46976	ENSG00000163754.19
P46977	ENSG00000134910.15
P47211	ENSG00000166573.6
P47224	ENSG00000183155.6
P47710	ENSG00000126545.15
P47712	ENSG00000116711.11
P47736	ENSG00000076864.22
P47755	ENSG00000198898.17
P47756	ENSG00000077549.20
P47775	ENSG00000132975.9
P47804	ENSG00000148604.15
P47813	ENSG00000173674.12
P47869	ENSG00000151834.17
P47870	ENSG00000145864.15
P47871	ENSG00000215644.11
P47871	ENSG00000288269.1
P47872	ENSG00000080293.11
P47874	ENSG00000254550.1
P47881	ENSG00000180090.6
P47887	ENSG00000127780.3
P47890	ENSG00000183024.4
P47895	ENSG00000184254.19
P47897	ENSG00000172053.19
P47898	ENSG00000157219.5
P47900	ENSG00000169860.7
P47901	ENSG00000198049.7
P47902	ENSG00000113722.18
P47914	ENSG00000162244.13
P47928	ENSG00000172201.13
P47929	ENSG00000178934.5
P47929	ENSG00000205076.5
P47929	ENSG00000282902.2
P47929	ENSG00000283082.1
P47944	ENSG00000102891.4
P47972	ENSG00000106236.5
P47974	ENSG00000152518.9
P47985	ENSG00000169021.7
P47989	ENSG00000158125.11
P47992	ENSG00000143184.5
P48023	ENSG00000117560.9
P48029	ENSG00000130821.18
P48039	ENSG00000168412.7
P48047	ENSG00000241837.8
P48048	ENSG00000151704.17
P48050	ENSG00000168135.5
P48051	ENSG00000157542.12
P48052	ENSG00000158516.12
P48058	ENSG00000152578.16
P48059	ENSG00000169756.18
P48060	ENSG00000139278.10
P48061	ENSG00000107562.18
P48065	ENSG00000111181.14
P48066	ENSG00000132164.11
P48067	ENSG00000196517.14
P48145	ENSG00000288611.1
P48146	ENSG00000125522.4
P48146	ENSG00000277339.2
P48147	ENSG00000085377.16
P48163	ENSG00000065833.10
P48165	ENSG00000121634.6
P48167	ENSG00000109738.12
P48169	ENSG00000109158.12
P48200	ENSG00000136381.14
P48201	ENSG00000154518.11
P48230	ENSG00000169903.8
P48304	ENSG00000172023.9
P48307	ENSG00000105825.15
P48357	ENSG00000116678.20
P48378	ENSG00000087903.14
P48380	ENSG00000080298.17
P48382	ENSG00000143390.19
P48426	ENSG00000150867.15
P48431	ENSG00000181449.4
P48436	ENSG00000125398.9
P48443	ENSG00000143171.14
P48444	ENSG00000095139.16
P48448	ENSG00000132746.16
P48449	ENSG00000160285.16
P48454	ENSG00000120910.16
P48506	ENSG00000001084.14
P48507	ENSG00000023909.11
P48509	ENSG00000177697.20
P48539	ENSG00000183036.11
P48539	ENSG00000291560.1
P48544	ENSG00000120457.13
P48546	ENSG00000010310.10
P48547	ENSG00000129159.9
P48549	ENSG00000162989.5
P48551	ENSG00000159110.23
P48551	ENSG00000249624.10
P48552	ENSG00000180530.11
P48553	ENSG00000160218.14
P48556	ENSG00000099341.13
P48594	ENSG00000206073.11
P48595	ENSG00000242550.7
P48634	ENSG00000204469.13
P48634	ENSG00000206427.11
P48634	ENSG00000226618.9
P48634	ENSG00000231370.9
P48634	ENSG00000231825.9
P48634	ENSG00000225164.9
P48634	ENSG00000225748.9
P48637	ENSG00000100983.13
P48643	ENSG00000150753.13
P48645	ENSG00000109255.12
P48651	ENSG00000156471.14
P48664	ENSG00000105143.14
P48668	ENSG00000170465.10
P48681	ENSG00000132688.12
P48723	ENSG00000155304.7
P48728	ENSG00000145020.16
P48729	ENSG00000113712.19
P48730	ENSG00000141551.16
P48735	ENSG00000182054.11
P48736	ENSG00000105851.12
P48739	ENSG00000180957.19
P48740	ENSG00000127241.19
P48740	ENSG00000291559.1
P48742	ENSG00000273706.6
P48742	ENSG00000274577.2
P48745	ENSG00000136999.6
P48751	ENSG00000114923.18
P48764	ENSG00000066230.12
P48775	ENSG00000151790.10
P48775	ENSG00000262635.5
P48788	ENSG00000130598.17
P48788	ENSG00000288219.1
P48960	ENSG00000123146.21
P48995	ENSG00000144935.17
P49005	ENSG00000106628.14
P49006	ENSG00000175130.8
P49019	ENSG00000255398.3
P49023	ENSG00000089159.18
P49069	ENSG00000164615.7
P49116	ENSG00000177463.17
P49137	ENSG00000162889.12
P49146	ENSG00000185149.6
P49184	ENSG00000013563.15
P49189	ENSG00000143149.14
P49190	ENSG00000144407.10
P49207	ENSG00000109475.19
P49221	ENSG00000163810.13
P49221	ENSG00000281886.3
P49223	ENSG00000101446.8
P49238	ENSG00000168329.15
P49247	ENSG00000153574.10
P49257	ENSG00000074695.7
P49279	ENSG00000018280.19
P49281	ENSG00000110911.18
P49286	ENSG00000134640.3
P49321	ENSG00000132780.18
P49326	ENSG00000131781.14
P49327	ENSG00000169710.10
P49336	ENSG00000132964.14
P49354	ENSG00000168522.14
P49356	ENSG00000257365.9
P49366	ENSG00000095059.18
P49368	ENSG00000163468.16
P49406	ENSG00000115364.15
P49407	ENSG00000137486.18
P49411	ENSG00000178952.12
P49418	ENSG00000078053.18
P49419	ENSG00000164904.19
P49427	ENSG00000099804.10
P49441	ENSG00000151689.14
P49447	ENSG00000008283.17
P49448	ENSG00000182890.5
P49448	ENSG00000288118.1
P49450	ENSG00000115163.16
P49454	ENSG00000117724.16
P49458	ENSG00000143742.15
P49459	ENSG00000077721.18
P49585	ENSG00000161217.13
P49588	ENSG00000090861.18
P49589	ENSG00000110619.19
P49589	ENSG00000278191.4
P49590	ENSG00000112855.18
P49591	ENSG00000031698.14
P49593	ENSG00000100034.14
P49619	ENSG00000058866.16
P49638	ENSG00000137561.6
P49639	ENSG00000105991.10
P49640	ENSG00000106038.13
P49641	ENSG00000196547.17
P49642	ENSG00000198056.17
P49643	ENSG00000146143.20
P49662	ENSG00000196954.14
P49674	ENSG00000213923.14
P49674	ENSG00000283900.1
P49675	ENSG00000147465.13
P49682	ENSG00000186810.8
P49683	ENSG00000119973.7
P49685	ENSG00000154165.5
P49703	ENSG00000175906.6
P49711	ENSG00000102974.17
P49715	ENSG00000245848.3
P49716	ENSG00000221869.5
P49720	ENSG00000277791.6
P49720	ENSG00000275903.2
P49721	ENSG00000126067.13
P49736	ENSG00000073111.16
P49746	ENSG00000169231.14
P49747	ENSG00000105664.12
P49748	ENSG00000072778.21
P49750	ENSG00000119596.19
P49753	ENSG00000119673.17
P49754	ENSG00000006715.17
P49755	ENSG00000170348.10
P49756	ENSG00000119707.15
P49757	ENSG00000133961.23
P49758	ENSG00000182732.18
P49759	ENSG00000013441.18
P49760	ENSG00000176444.20
P49760	ENSG00000261893.5
P49761	ENSG00000179335.21
P49763	ENSG00000119630.15
P49765	ENSG00000173511.11
P49767	ENSG00000150630.4
P49768	ENSG00000080815.21
P49770	ENSG00000119718.12
P49771	ENSG00000090554.14
P49773	ENSG00000169567.14
P49788	ENSG00000118849.11
P49789	ENSG00000189283.11
P49790	ENSG00000124789.13
P49792	ENSG00000153201.18
P49795	ENSG00000171700.15
P49796	ENSG00000138835.24
P49798	ENSG00000117152.14
P49802	ENSG00000182901.18
P49810	ENSG00000288674.1
P49810	ENSG00000143801.19
P49815	ENSG00000103197.21
P49821	ENSG00000167792.14
P49840	ENSG00000105723.13
P49841	ENSG00000082701.18
P49842	ENSG00000204344.17
P49842	ENSG00000206342.12
P49842	ENSG00000236250.8
P49842	ENSG00000234947.8
P49842	ENSG00000226257.9
P49842	ENSG00000226033.11
P49848	ENSG00000106290.17
P49862	ENSG00000169035.13
P49863	ENSG00000113088.6
P49888	ENSG00000109193.13
P49895	ENSG00000211452.12
P49901	ENSG00000163206.6
P49902	ENSG00000076685.20
P49903	ENSG00000086475.16
P49908	ENSG00000250722.6
P49910	ENSG00000197279.6
P49913	ENSG00000164047.6
P49914	ENSG00000136371.12
P49914	ENSG00000259332.3
P49915	ENSG00000163655.17
P49916	ENSG00000005156.13
P49917	ENSG00000174405.16
P49918	ENSG00000129757.16
P49959	ENSG00000020922.14
P49961	ENSG00000138185.21
P50052	ENSG00000180772.9
P50053	ENSG00000138030.15
P50120	ENSG00000114113.7
P50135	ENSG00000150540.15
P50148	ENSG00000156052.12
P50150	ENSG00000168243.12
P50151	ENSG00000242616.5
P50213	ENSG00000166411.15
P50219	ENSG00000130675.15
P50221	ENSG00000005102.15
P50222	ENSG00000106511.7
P50225	ENSG00000196502.16
P50226	ENSG00000197165.12
P50238	ENSG00000213145.11
P50238	ENSG00000257341.5
P50281	ENSG00000157227.15
P50336	ENSG00000143224.19
P50391	ENSG00000204174.9
P50395	ENSG00000057608.19
P50402	ENSG00000102119.13
P50406	ENSG00000158748.4
P50416	ENSG00000110090.14
P50440	ENSG00000171766.18
P50443	ENSG00000155850.10
P50452	ENSG00000166401.16
P50453	ENSG00000170542.8
P50454	ENSG00000149257.17
P50458	ENSG00000106689.11
P50461	ENSG00000129170.11
P50479	ENSG00000131435.14
P50502	ENSG00000100380.16
P50539	ENSG00000119950.21
P50542	ENSG00000139197.12
P50542	ENSG00000288217.3
P50548	ENSG00000105722.12
P50549	ENSG00000006468.16
P50552	ENSG00000125753.16
P50553	ENSG00000139352.4
P50570	ENSG00000079805.20
P50579	ENSG00000111142.15
P50583	ENSG00000164978.20
P50591	ENSG00000121858.12
P50607	ENSG00000166402.10
P50613	ENSG00000134058.13
P50613	ENSG00000277273.5
P50616	ENSG00000141232.6
P50747	ENSG00000159267.18
P50748	ENSG00000184445.12
P50749	ENSG00000101265.17
P50750	ENSG00000136807.14
P50851	ENSG00000198589.16
P50876	ENSG00000151692.16
P50895	ENSG00000187244.13
P50897	ENSG00000131238.19
P50914	ENSG00000188846.14
P50990	ENSG00000156261.14
P50990	ENSG00000291533.1
P50991	ENSG00000115484.16
P50993	ENSG00000018625.16
P50995	ENSG00000122359.19
P51003	ENSG00000090060.20
P51114	ENSG00000114416.20
P51116	ENSG00000129245.13
P51124	ENSG00000197540.8
P51148	ENSG00000108774.16
P51149	ENSG00000075785.15
P51151	ENSG00000123595.9
P51153	ENSG00000143545.11
P51153	ENSG00000285641.1
P51157	ENSG00000157869.17
P51159	ENSG00000069974.18
P51160	ENSG00000095464.10
P51161	ENSG00000170231.17
P51164	ENSG00000186009.5
P51168	ENSG00000168447.12
P51170	ENSG00000166828.4
P51172	ENSG00000162572.21
P51178	ENSG00000187091.15
P51397	ENSG00000112977.17
P51398	ENSG00000132676.17
P51449	ENSG00000143365.21
P51451	ENSG00000136573.17
P51451	ENSG00000285369.3
P51452	ENSG00000108861.10
P51460	ENSG00000248099.4
P51504	ENSG00000174255.8
P51508	ENSG00000197779.16
P51511	ENSG00000102996.6
P51512	ENSG00000156103.16
P51513	ENSG00000139910.20
P51522	ENSG00000167766.23
P51523	ENSG00000198040.12
P51530	ENSG00000138346.17
P51531	ENSG00000080503.26
P51532	ENSG00000127616.23
P51553	ENSG00000067829.21
P51570	ENSG00000108479.14
P51571	ENSG00000180879.15
P51572	ENSG00000185825.18
P51575	ENSG00000108405.5
P51580	ENSG00000137364.6
P51582	ENSG00000186912.7
P51587	ENSG00000139618.19
P51589	ENSG00000134716.12
P51606	ENSG00000102032.14
P51608	ENSG00000169057.26
P51610	ENSG00000172534.15
P51617	ENSG00000184216.16
P51636	ENSG00000105971.16
P51648	ENSG00000072210.20
P51649	ENSG00000112294.15
P51654	ENSG00000147257.17
P51659	ENSG00000133835.19
P51665	ENSG00000103035.12
P51668	ENSG00000072401.16
P51671	ENSG00000172156.4
P51674	ENSG00000150625.18
P51677	ENSG00000183625.17
P51679	ENSG00000183813.8
P51681	ENSG00000160791.14
P51684	ENSG00000112486.19
P51685	ENSG00000179934.8
P51686	ENSG00000173585.19
P51687	ENSG00000139531.14
P51688	ENSG00000181523.14
P51689	ENSG00000006756.17
P51690	ENSG00000157399.18
P51692	ENSG00000173757.12
P51693	ENSG00000105290.15
P51784	ENSG00000102226.11
P51786	ENSG00000147117.8
P51787	ENSG00000053918.21
P51788	ENSG00000114859.17
P51790	ENSG00000109572.17
P51793	ENSG00000073464.14
P51795	ENSG00000171365.18
P51797	ENSG00000011021.24
P51798	ENSG00000103249.20
P51800	ENSG00000186510.13
P51801	ENSG00000184908.21
P51805	ENSG00000130827.7
P51808	ENSG00000165169.12
P51809	ENSG00000124333.17
P51809	ENSG00000292366.2
P51810	ENSG00000101850.14
P51811	ENSG00000047597.7
P51812	ENSG00000177189.15
P51813	ENSG00000102010.16
P51814	ENSG00000147124.14
P51815	ENSG00000186376.17
P51816	ENSG00000155966.14
P51817	ENSG00000183943.7
P51825	ENSG00000172493.24
P51826	ENSG00000144218.21
P51828	ENSG00000121281.13
P51841	ENSG00000101890.5
P51843	ENSG00000169297.8
P51854	ENSG00000007350.18
P51857	ENSG00000122787.16
P51858	ENSG00000143321.19
P51864	ENSG00000225366.7
P51878	ENSG00000137757.12
P51884	ENSG00000139329.6
P51888	ENSG00000188783.7
P51911	ENSG00000130176.9
P51946	ENSG00000134480.18
P51948	ENSG00000020426.12
P51955	ENSG00000117650.14
P51956	ENSG00000136098.20
P51957	ENSG00000114904.14
P51959	ENSG00000113328.22
P51965	ENSG00000170142.13
P51970	ENSG00000119421.8
P51991	ENSG00000170144.24
P51993	ENSG00000156413.16
P52179	ENSG00000101605.15
P52198	ENSG00000108830.12
P52209	ENSG00000142657.22
P52272	ENSG00000099783.14
P52292	ENSG00000182481.11
P52294	ENSG00000114030.14
P52298	ENSG00000114503.11
P52306	ENSG00000138698.16
P52333	ENSG00000105639.21
P52429	ENSG00000153933.11
P52434	ENSG00000163882.11
P52435	ENSG00000005075.17
P52564	ENSG00000108984.17
P52565	ENSG00000141522.14
P52566	ENSG00000111348.10
P52569	ENSG00000003989.19
P52594	ENSG00000173744.19
P52597	ENSG00000169813.18
P52630	ENSG00000170581.16
P52655	ENSG00000165417.13
P52657	ENSG00000140307.12
P52701	ENSG00000116062.20
P52732	ENSG00000138160.8
P52735	ENSG00000160293.18
P52736	ENSG00000125846.18
P52737	ENSG00000196646.13
P52738	ENSG00000196387.11
P52739	ENSG00000172262.13
P52740	ENSG00000131849.15
P52741	ENSG00000213762.13
P52742	ENSG00000176293.21
P52744	ENSG00000197008.10
P52746	ENSG00000115568.17
P52747	ENSG00000166478.11
P52756	ENSG00000003756.18
P52757	ENSG00000106069.27
P52758	ENSG00000132541.12
P52788	ENSG00000102172.17
P52789	ENSG00000159399.11
P52790	ENSG00000160883.12
P52797	ENSG00000143590.15
P52798	ENSG00000243364.8
P52799	ENSG00000125266.9
P52803	ENSG00000184349.14
P52815	ENSG00000262814.9
P52823	ENSG00000159167.12
P52824	ENSG00000145214.15
P52848	ENSG00000070614.16
P52849	ENSG00000166507.20
P52888	ENSG00000172009.16
P52895	ENSG00000151632.19
P52907	ENSG00000116489.14
P52926	ENSG00000149948.15
P52943	ENSG00000182809.12
P52945	ENSG00000139515.6
P52948	ENSG00000110713.19
P52951	ENSG00000168505.7
P52952	ENSG00000183072.10
P52954	ENSG00000138136.8
P52961	ENSG00000129744.4
P53004	ENSG00000106605.12
P53007	ENSG00000100075.11
P53041	ENSG00000011485.16
P53350	ENSG00000166851.16
P53355	ENSG00000196730.14
P53365	ENSG00000132254.14
P53367	ENSG00000164144.17
P53370	ENSG00000170917.14
P53384	ENSG00000103274.12
P53396	ENSG00000131473.18
P53420	ENSG00000081052.14
P53539	ENSG00000125740.15
P53567	ENSG00000153879.10
P53582	ENSG00000164024.13
P53597	ENSG00000163541.13
P53602	ENSG00000167508.13
P53609	ENSG00000164219.10
P53611	ENSG00000137955.17
P53618	ENSG00000129083.14
P53621	ENSG00000122218.18
P53634	ENSG00000109861.18
P53667	ENSG00000106683.16
P53671	ENSG00000182541.19
P53672	ENSG00000163499.13
P53673	ENSG00000196431.4
P53674	ENSG00000100122.8
P53675	ENSG00000070371.17
P53677	ENSG00000070718.14
P53680	ENSG00000042753.13
P53701	ENSG00000004961.16
P53708	ENSG00000077943.9
P53778	ENSG00000188130.15
P53779	ENSG00000109339.25
P53794	ENSG00000198743.7
P53801	ENSG00000183255.13
P53803	ENSG00000147669.12
P53804	ENSG00000182670.14
P53805	ENSG00000159200.18
P53814	ENSG00000183963.20
P53816	ENSG00000176485.15
P53985	ENSG00000155380.14
P53985	ENSG00000281917.4
P53990	ENSG00000182149.22
P53992	ENSG00000176986.17
P53999	ENSG00000113387.14
P54098	ENSG00000140521.18
P54105	ENSG00000074201.10
P54107	ENSG00000124812.15
P54108	ENSG00000096006.12
P54132	ENSG00000197299.14
P54136	ENSG00000113643.10
P54198	ENSG00000100084.15
P54219	ENSG00000036565.16
P54252	ENSG00000066427.26
P54253	ENSG00000124788.19
P54257	ENSG00000173805.17
P54259	ENSG00000111676.16
P54274	ENSG00000147601.16
P54277	ENSG00000064933.20
P54278	ENSG00000122512.18
P54284	ENSG00000167535.9
P54289	ENSG00000153956.18
P54296	ENSG00000036448.11
P54296	ENSG00000274137.2
P54315	ENSG00000187021.15
P54315	ENSG00000291891.1
P54368	ENSG00000104904.13
P54577	ENSG00000134684.14
P54578	ENSG00000101557.16
P54619	ENSG00000181929.13
P54646	ENSG00000162409.13
P54652	ENSG00000126803.10
P54687	ENSG00000060982.16
P54707	ENSG00000075673.13
P54709	ENSG00000069849.12
P54710	ENSG00000137731.15
P54725	ENSG00000179262.11
P54727	ENSG00000119318.14
P54750	ENSG00000115252.20
P54753	ENSG00000182580.4
P54756	ENSG00000145242.15
P54760	ENSG00000196411.11
P54762	ENSG00000154928.20
P54764	ENSG00000116106.13
P54793	ENSG00000062096.16
P54802	ENSG00000108784.11
P54803	ENSG00000054983.18
P54819	ENSG00000004455.19
P54821	ENSG00000116132.12
P54826	ENSG00000180447.7
P54829	ENSG00000110786.19
P54840	ENSG00000111713.4
P54845	ENSG00000129535.14
P54845	ENSG00000285493.3
P54849	ENSG00000134531.11
P54851	ENSG00000213853.11
P54852	ENSG00000142227.13
P54855	ENSG00000196620.11
P54868	ENSG00000134240.13
P54886	ENSG00000059573.10
P54920	ENSG00000105402.8
P54922	ENSG00000144843.13
P55000	ENSG00000126233.2
P55001	ENSG00000117122.15
P55008	ENSG00000204472.14
P55008	ENSG00000206428.9
P55008	ENSG00000235985.7
P55008	ENSG00000237727.7
P55008	ENSG00000234836.7
P55008	ENSG00000235588.8
P55010	ENSG00000100664.11
P55011	ENSG00000064651.15
P55017	ENSG00000070915.11
P55036	ENSG00000159352.17
P55039	ENSG00000108591.11
P55040	ENSG00000164949.9
P55042	ENSG00000166592.14
P55055	ENSG00000131408.16
P55056	ENSG00000224916.9
P55056	ENSG00000267467.5
P55058	ENSG00000100979.16
P55060	ENSG00000124207.18
P55061	ENSG00000139644.14
P55064	ENSG00000161798.8
P55072	ENSG00000165280.19
P55073	ENSG00000197406.8
P55075	ENSG00000107831.14
P55081	ENSG00000140259.8
P55082	ENSG00000037749.14
P55083	ENSG00000166482.13
P55084	ENSG00000138029.15
P55085	ENSG00000164251.5
P55087	ENSG00000171885.19
P55089	ENSG00000163794.6
P55103	ENSG00000175189.4
P55107	ENSG00000266524.4
P55145	ENSG00000145050.19
P55157	ENSG00000138823.14
P55160	ENSG00000123338.14
P55196	ENSG00000130396.23
P55197	ENSG00000078403.18
P55198	ENSG00000275851.4
P55198	ENSG00000275023.6
P55199	ENSG00000105656.14
P55201	ENSG00000156983.18
P55209	ENSG00000187109.16
P55210	ENSG00000165806.22
P55211	ENSG00000132906.19
P55212	ENSG00000138794.10
P55259	ENSG00000169347.18
P55263	ENSG00000156110.16
P55265	ENSG00000160710.20
P55268	ENSG00000172037.15
P55273	ENSG00000129355.7
P55283	ENSG00000179242.16
P55285	ENSG00000113361.14
P55286	ENSG00000150394.15
P55287	ENSG00000140937.15
P55289	ENSG00000154162.16
P55290	ENSG00000140945.17
P55291	ENSG00000129910.9
P55316	ENSG00000176165.13
P55317	ENSG00000129514.8
P55318	ENSG00000170608.4
P55327	ENSG00000076554.17
P55344	ENSG00000105370.9
P55345	ENSG00000160310.21
P55347	ENSG00000160199.16
P55735	ENSG00000157020.19
P55769	ENSG00000100138.15
P55771	ENSG00000198807.13
P55773	ENSG00000276114.2
P55773	ENSG00000274736.5
P55774	ENSG00000278167.2
P55774	ENSG00000278006.2
P55774	ENSG00000275385.2
P55786	ENSG00000141279.19
P55789	ENSG00000127554.13
P55789	ENSG00000291944.1
P55795	ENSG00000126945.10
P55808	ENSG00000124343.14
P55809	ENSG00000083720.14
P55822	ENSG00000185437.17
P55851	ENSG00000175567.13
P55854	ENSG00000184900.17
P55884	ENSG00000106263.20
P55895	ENSG00000175097.9
P55899	ENSG00000104870.14
P55916	ENSG00000175564.14
P55957	ENSG00000015475.20
P56134	ENSG00000241468.9
P56159	ENSG00000151892.17
P56177	ENSG00000144355.15
P56177	ENSG00000292098.1
P56178	ENSG00000105880.7
P56179	ENSG00000006377.11
P56180	ENSG00000274391.5
P56181	ENSG00000160194.19
P56182	ENSG00000160214.14
P56192	ENSG00000166986.16
P56199	ENSG00000213949.10
P56202	ENSG00000172543.10
P56211	ENSG00000128989.12
P56270	ENSG00000103495.15
P56277	ENSG00000182712.16
P56278	ENSG00000214827.12
P56279	ENSG00000100721.11
P56282	ENSG00000100479.15
P56373	ENSG00000109991.11
P56377	ENSG00000182287.16
P56378	ENSG00000156411.11
P56381	ENSG00000124172.11
P56385	ENSG00000169020.11
P56470	ENSG00000171747.10
P56470	ENSG00000282992.2
P56524	ENSG00000068024.19
P56537	ENSG00000242372.10
P56539	ENSG00000182533.7
P56545	ENSG00000175029.18
P56556	ENSG00000184983.12
P56556	ENSG00000272765.2
P56556	ENSG00000277365.3
P56556	ENSG00000281013.5
P56556	ENSG00000273397.4
P56557	ENSG00000142188.18
P56557	ENSG00000263160.6
P56559	ENSG00000188042.8
P56589	ENSG00000034693.16
P56597	ENSG00000112981.6
P56645	ENSG00000049246.16
P56693	ENSG00000100146.21
P56696	ENSG00000117013.18
P56703	ENSG00000108379.12
P56703	ENSG00000277626.1
P56703	ENSG00000277641.2
P56704	ENSG00000154342.7
P56705	ENSG00000162552.16
P56706	ENSG00000188064.10
P56715	ENSG00000104237.11
P56730	ENSG00000164099.4
P56746	ENSG00000106404.14
P56747	ENSG00000184697.8
P56748	ENSG00000156284.6
P56749	ENSG00000157224.17
P56750	ENSG00000156282.5
P56817	ENSG00000186318.19
P56851	ENSG00000181552.4
P56856	ENSG00000066405.14
P56880	ENSG00000171217.6
P56915	ENSG00000133937.5
P56937	ENSG00000132196.17
P56945	ENSG00000050820.18
P56962	ENSG00000136874.12
P56975	ENSG00000185737.13
P57052	ENSG00000185272.15
P57053	ENSG00000234289.6
P57054	ENSG00000185808.15
P57055	ENSG00000183145.9
P57057	ENSG00000160190.15
P57058	ENSG00000142149.10
P57059	ENSG00000142178.10
P57060	ENSG00000156253.8
P57060	ENSG00000291523.1
P57071	ENSG00000141956.15
P57073	ENSG00000005513.11
P57075	ENSG00000160185.15
P57076	ENSG00000159079.20
P57077	ENSG00000156265.18
P57077	ENSG00000291525.1
P57078	ENSG00000183421.12
P57081	ENSG00000160193.13
P57082	ENSG00000121075.12
P57086	ENSG00000171222.12
P57087	ENSG00000154721.16
P57088	ENSG00000109133.15
P57103	ENSG00000100678.21
P57105	ENSG00000213463.6
P57678	ENSG00000179409.11
P57679	ENSG00000072840.14
P57682	ENSG00000109787.14
P57721	ENSG00000183570.18
P57723	ENSG00000090097.23
P57727	ENSG00000160183.18
P57729	ENSG00000123892.13
P57730	ENSG00000255501.3
P57735	ENSG00000132698.16
P57737	ENSG00000262246.7
P57737	ENSG00000103426.12
P57737	ENSG00000282725.1
P57737	ENSG00000278760.4
P57738	ENSG00000145022.6
P57739	ENSG00000165376.13
P57740	ENSG00000111581.11
P57764	ENSG00000104518.12
P57764	ENSG00000278718.3
P57768	ENSG00000104497.16
P57771	ENSG00000135824.13
P57772	ENSG00000132394.12
P57772	ENSG00000284869.2
P57773	ENSG00000131233.10
P57775	ENSG00000107829.16
P57789	ENSG00000100433.17
P57796	ENSG00000175544.14
P58004	ENSG00000130766.6
P58004	ENSG00000285069.2
P58005	ENSG00000149212.12
P58012	ENSG00000183770.7
P58062	ENSG00000145879.11
P58107	ENSG00000261150.3
P58166	ENSG00000139269.4
P58170	ENSG00000262628.1
P58173	ENSG00000124657.1
P58180	ENSG00000255713.2
P58181	ENSG00000273953.1
P58181	ENSG00000281680.2
P58181	ENSG00000170683.7
P58182	ENSG00000204690.6
P58182	ENSG00000233481.4
P58182	ENSG00000235966.4
P58182	ENSG00000280236.3
P58215	ENSG00000115318.13
P58294	ENSG00000143125.6
P58304	ENSG00000119614.3
P58317	ENSG00000197961.12
P58335	ENSG00000163297.19
P58340	ENSG00000178053.21
P58397	ENSG00000151388.11
P58417	ENSG00000122584.13
P58418	ENSG00000163646.12
P58499	ENSG00000183844.18
P58505	ENSG00000160298.19
P58511	ENSG00000205670.13
P58546	ENSG00000105887.12
P58549	ENSG00000221946.9
P58557	ENSG00000182362.15
P58658	ENSG00000166979.14
P58743	ENSG00000170615.16
P58753	ENSG00000150455.16
P58872	ENSG00000141314.14
P58876	ENSG00000158373.10
P59025	ENSG00000175077.6
P59025	ENSG00000291554.1
P59044	ENSG00000174885.13
P59045	ENSG00000179873.14
P59046	ENSG00000142405.25
P59047	ENSG00000171487.17
P59074	ENSG00000258469.2
P59095	ENSG00000174448.9
P59103	ENSG00000182346.22
P59190	ENSG00000139998.17
P59282	ENSG00000179636.15
P59510	ENSG00000173157.19
P59533	ENSG00000257138.1
P59534	ENSG00000236398.2
P59535	ENSG00000221937.4
P59536	ENSG00000221855.1
P59536	ENSG00000284982.1
P59537	ENSG00000255374.3
P59537	ENSG00000262612.3
P59538	ENSG00000256436.1
P59538	ENSG00000263097.3
P59540	ENSG00000226761.3
P59540	ENSG00000262525.3
P59541	ENSG00000256188.3
P59541	ENSG00000262111.3
P59542	ENSG00000212124.2
P59542	ENSG00000263028.1
P59543	ENSG00000255837.2
P59543	ENSG00000273092.1
P59544	ENSG00000212126.3
P59544	ENSG00000273431.1
P59544	ENSG00000276167.1
P59551	ENSG00000185899.1
P59551	ENSG00000285341.1
P59646	ENSG00000150201.16
P59665	ENSG00000240247.9
P59665	ENSG00000206047.5
P59665	ENSG00000284835.2
P59665	ENSG00000284983.2
P59665	ENSG00000285176.2
P59666	ENSG00000239839.8
P59768	ENSG00000186469.10
P59773	ENSG00000186367.7
P59780	ENSG00000157823.18
P59796	ENSG00000198704.10
P59797	ENSG00000186838.15
P59817	ENSG00000169548.3
P59817	ENSG00000275499.2
P59826	ENSG00000186190.8
P59827	ENSG00000186191.9
P59861	ENSG00000186146.2
P59901	ENSG00000239961.3
P59901	ENSG00000277092.4
P59901	ENSG00000274185.4
P59901	ENSG00000276798.4
P59910	ENSG00000187726.10
P59923	ENSG00000185219.19
P59942	ENSG00000204511.3
P59942	ENSG00000206447.2
P59942	ENSG00000226923.2
P59942	ENSG00000226841.2
P59942	ENSG00000225228.2
P59942	ENSG00000228662.2
P59942	ENSG00000238238.2
P59942	ENSG00000231975.2
P59990	ENSG00000187175.5
P59991	ENSG00000221864.4
P59998	ENSG00000250151.9
P59998	ENSG00000241553.14
P60002	ENSG00000130165.12
P60006	ENSG00000110200.10
P60014	ENSG00000221859.2
P60022	ENSG00000164825.4
P60022	ENSG00000284881.2
P60033	ENSG00000110651.14
P60059	ENSG00000132432.15
P60153	ENSG00000188655.11
P60174	ENSG00000111669.16
P60201	ENSG00000123560.15
P60228	ENSG00000104408.12
P60321	ENSG00000188425.4
P60323	ENSG00000187556.8
P60323	ENSG00000288505.1
P60328	ENSG00000205439.10
P60329	ENSG00000212933.1
P60331	ENSG00000215455.4
P60368	ENSG00000205445.3
P60369	ENSG00000212935.2
P60370	ENSG00000241123.1
P60371	ENSG00000188155.11
P60372	ENSG00000215454.7
P60409	ENSG00000272804.3
P60410	ENSG00000187766.1
P60411	ENSG00000221837.7
P60412	ENSG00000243489.4
P60413	ENSG00000189169.8
P60468	ENSG00000106803.11
P60484	ENSG00000171862.16
P60484	ENSG00000284792.2
P60508	ENSG00000244476.4
P60510	ENSG00000149923.15
P60520	ENSG00000034713.8
P60568	ENSG00000109471.5
P60602	ENSG00000125995.17
P60604	ENSG00000184787.20
P60606	ENSG00000178531.6
P60660	ENSG00000092841.20
P60673	ENSG00000196570.3
P60709	ENSG00000075624.18
P60763	ENSG00000169750.10
P60827	ENSG00000184471.11
P60842	ENSG00000161960.17
P60852	ENSG00000149506.12
P60866	ENSG00000008988.12
P60880	ENSG00000132639.16
P60891	ENSG00000147224.13
P60893	ENSG00000164604.15
P60900	ENSG00000100902.12
P60903	ENSG00000197747.10
P60953	ENSG00000070831.19
P60953	ENSG00000289694.1
P60981	ENSG00000125868.17
P60983	ENSG00000197045.15
P60985	ENSG00000188508.11
P61006	ENSG00000167461.13
P61009	ENSG00000129128.13
P61011	ENSG00000100883.14
P61018	ENSG00000167578.19
P61018	ENSG00000171570.11
P61019	ENSG00000104388.16
P61020	ENSG00000111540.17
P61024	ENSG00000173207.14
P61026	ENSG00000084733.12
P61073	ENSG00000121966.8
P61077	ENSG00000109332.21
P61081	ENSG00000130725.9
P61086	ENSG00000078140.15
P61088	ENSG00000177889.11
P61106	ENSG00000119396.13
P61129	ENSG00000188177.16
P61158	ENSG00000115091.13
P61160	ENSG00000138071.16
P61163	ENSG00000138107.14
P61165	ENSG00000134825.17
P61201	ENSG00000166200.16
P61204	ENSG00000134287.11
P61218	ENSG00000100142.17
P61221	ENSG00000164163.12
P61224	ENSG00000127314.19
P61225	ENSG00000181467.5
P61236	ENSG00000090238.13
P61244	ENSG00000125952.22
P61247	ENSG00000145425.11
P61247	ENSG00000292158.1
P61254	ENSG00000161970.16
P61266	ENSG00000099365.12
P61278	ENSG00000157005.4
P61289	ENSG00000131467.13
P61296	ENSG00000164107.9
P61313	ENSG00000174748.23
P61326	ENSG00000162385.12
P61328	ENSG00000114279.15
P61353	ENSG00000131469.16
P61366	ENSG00000188729.7
P61371	ENSG00000016082.16
P61421	ENSG00000159720.14
P61457	ENSG00000166228.10
P61513	ENSG00000197756.11
P61550	ENSG00000293570.1
P61586	ENSG00000067560.15
P61587	ENSG00000115963.15
P61599	ENSG00000173418.13
P61601	ENSG00000104490.18
P61604	ENSG00000115541.12
P61619	ENSG00000058262.12
P61626	ENSG00000090382.7
P61647	ENSG00000148488.17
P61758	ENSG00000155959.13
P61764	ENSG00000136854.27
P61769	ENSG00000166710.24
P61769	ENSG00000273686.4
P61803	ENSG00000129562.12
P61812	ENSG00000092969.12
P61916	ENSG00000119655.12
P61923	ENSG00000111481.11
P61925	ENSG00000171033.14
P61927	ENSG00000145592.15
P61952	ENSG00000127920.6
P61956	ENSG00000188612.13
P61960	ENSG00000120686.13
P61962	ENSG00000136485.16
P61962	ENSG00000288894.1
P61964	ENSG00000196363.11
P61966	ENSG00000106367.16
P61968	ENSG00000143013.14
P61970	ENSG00000102898.14
P61978	ENSG00000165119.24
P61981	ENSG00000170027.7
P62068	ENSG00000109189.14
P62070	ENSG00000133818.15
P62072	ENSG00000134809.10
P62079	ENSG00000168785.9
P62081	ENSG00000171863.16
P62136	ENSG00000172531.17
P62140	ENSG00000213639.12
P62166	ENSG00000107130.11
P62191	ENSG00000100764.15
P62195	ENSG00000087191.15
P62241	ENSG00000142937.13
P62244	ENSG00000134419.16
P62249	ENSG00000105193.10
P62253	ENSG00000132388.14
P62256	ENSG00000186591.14
P62258	ENSG00000108953.18
P62258	ENSG00000274474.3
P62263	ENSG00000164587.14
P62266	ENSG00000186468.14
P62269	ENSG00000096150.9
P62269	ENSG00000226225.6
P62269	ENSG00000231500.8
P62269	ENSG00000235650.6
P62269	ENSG00000223367.6
P62273	ENSG00000213741.12
P62277	ENSG00000110700.8
P62280	ENSG00000142534.8
P62304	ENSG00000182004.14
P62306	ENSG00000139343.12
P62308	ENSG00000143977.15
P62310	ENSG00000170860.5
P62312	ENSG00000164167.14
P62314	ENSG00000167088.12
P62316	ENSG00000125743.11
P62318	ENSG00000100028.13
P62318	ENSG00000286070.2
P62324	ENSG00000133639.6
P62328	ENSG00000205542.12
P62330	ENSG00000165527.9
P62333	ENSG00000100519.13
P62341	ENSG00000198843.14
P62380	ENSG00000028839.10
P62424	ENSG00000148303.18
P62424	ENSG00000280858.3
P62487	ENSG00000168002.13
P62491	ENSG00000103769.11
P62495	ENSG00000120705.14
P62502	ENSG00000267206.7
P62508	ENSG00000196482.18
P62633	ENSG00000169714.18
P62699	ENSG00000119801.15
P62701	ENSG00000198034.12
P62714	ENSG00000104695.14
P62736	ENSG00000107796.15
P62745	ENSG00000143878.10
P62750	ENSG00000198242.15
P62753	ENSG00000137154.14
P62760	ENSG00000163032.13
P62805	ENSG00000274618.2
P62805	ENSG00000197238.5
P62805	ENSG00000197837.4
P62805	ENSG00000158406.6
P62805	ENSG00000278705.4
P62805	ENSG00000197061.5
P62805	ENSG00000270882.3
P62805	ENSG00000270276.3
P62805	ENSG00000273542.3
P62805	ENSG00000277157.2
P62805	ENSG00000276966.3
P62805	ENSG00000276180.3
P62805	ENSG00000278637.3
P62805	ENSG00000275126.2
P62807	ENSG00000180596.10
P62807	ENSG00000277224.3
P62807	ENSG00000278588.2
P62807	ENSG00000273802.3
P62807	ENSG00000274290.3
P62820	ENSG00000138069.19
P62826	ENSG00000132341.13
P62829	ENSG00000125691.16
P62834	ENSG00000116473.16
P62837	ENSG00000131508.18
P62841	ENSG00000115268.11
P62847	ENSG00000138326.22
P62851	ENSG00000118181.12
P62851	ENSG00000280831.3
P62854	ENSG00000197728.12
P62857	ENSG00000233927.6
P62861	ENSG00000149806.12
P62873	ENSG00000078369.20
P62875	ENSG00000177700.7
P62877	ENSG00000100387.10
P62879	ENSG00000172354.11
P62888	ENSG00000156482.12
P62891	ENSG00000198918.9
P62899	ENSG00000071082.12
P62906	ENSG00000198755.12
P62910	ENSG00000144713.14
P62913	ENSG00000142676.15
P62917	ENSG00000161016.19
P62937	ENSG00000196262.16
P62942	ENSG00000088832.19
P62945	ENSG00000229117.10
P62945	ENSG00000274700.1
P62952	ENSG00000166619.16
P62955	ENSG00000105605.8
P62979	ENSG00000143947.16
P62987	ENSG00000221983.9
P62993	ENSG00000177885.16
P62995	ENSG00000136527.20
P63000	ENSG00000136238.21
P63010	ENSG00000006125.19
P63027	ENSG00000220205.11
P63096	ENSG00000127955.18
P63098	ENSG00000221823.11
P63104	ENSG00000164924.19
P63146	ENSG00000119048.10
P63151	ENSG00000221914.12
P63162	ENSG00000128739.24
P63165	ENSG00000116030.18
P63167	ENSG00000088986.12
P63172	ENSG00000146425.12
P63173	ENSG00000172809.14
P63208	ENSG00000113558.20
P63211	ENSG00000127928.14
P63215	ENSG00000162188.8
P63218	ENSG00000174021.13
P63220	ENSG00000171858.19
P63241	ENSG00000132507.19
P63241	ENSG00000288145.1
P63244	ENSG00000204628.13
P63252	ENSG00000123700.6
P63261	ENSG00000184009.14
P63261	ENSG00000291420.1
P63267	ENSG00000163017.15
P63272	ENSG00000213246.7
P63279	ENSG00000103275.23
P63302	ENSG00000178980.16
P63313	ENSG00000034510.7
P63316	ENSG00000114854.8
P67775	ENSG00000113575.14
P67809	ENSG00000065978.20
P67812	ENSG00000140612.15
P67870	ENSG00000204435.15
P67870	ENSG00000206406.9
P67870	ENSG00000224774.7
P67870	ENSG00000228875.8
P67870	ENSG00000224398.7
P67870	ENSG00000230700.11
P67870	ENSG00000232960.12
P67936	ENSG00000167460.19
P68032	ENSG00000159251.11
P68036	ENSG00000185651.17
P68104	ENSG00000156508.21
P68106	ENSG00000119782.14
P68133	ENSG00000143632.16
P68363	ENSG00000123416.16
P68366	ENSG00000127824.16
P68371	ENSG00000188229.7
P68400	ENSG00000101266.20
P68402	ENSG00000168092.15
P68431	ENSG00000197409.9
P68431	ENSG00000197153.5
P68431	ENSG00000278828.2
P68431	ENSG00000287080.2
P68431	ENSG00000275714.3
P68431	ENSG00000273983.2
P68431	ENSG00000274750.4
P68431	ENSG00000275379.2
P68431	ENSG00000277775.2
P68431	ENSG00000286522.2
P68543	ENSG00000173960.15
P68871	ENSG00000244734.5
P69849	ENSG00000103226.20
P69849	ENSG00000278087.4
P69891	ENSG00000213934.9
P69892	ENSG00000196565.15
P69905	ENSG00000188536.14
P69905	ENSG00000206172.9
P78310	ENSG00000154639.20
P78312	ENSG00000125386.17
P78314	ENSG00000087266.19
P78316	ENSG00000087269.17
P78317	ENSG00000063978.18
P78318	ENSG00000089289.17
P78324	ENSG00000198053.13
P78325	ENSG00000151651.17
P78329	ENSG00000186115.14
P78330	ENSG00000146733.15
P78332	ENSG00000004534.16
P78333	ENSG00000179399.16
P78334	ENSG00000102287.19
P78337	ENSG00000069011.16
P78344	ENSG00000110321.19
P78345	ENSG00000152464.16
P78346	ENSG00000148688.15
P78347	ENSG00000263001.10
P78348	ENSG00000110881.13
P78352	ENSG00000132535.23
P78356	ENSG00000277292.2
P78356	ENSG00000276293.6
P78357	ENSG00000108797.12
P78358	ENSG00000184033.14
P78358	ENSG00000268651.4
P78362	ENSG00000135250.18
P78363	ENSG00000198691.14
P78364	ENSG00000111752.12
P78367	ENSG00000109705.8
P78368	ENSG00000133275.17
P78369	ENSG00000134873.11
P78371	ENSG00000166226.14
P78380	ENSG00000173391.10
P78381	ENSG00000102100.17
P78381	ENSG00000292209.1
P78382	ENSG00000164414.20
P78383	ENSG00000121073.16
P78385	ENSG00000170523.3
P78386	ENSG00000135443.8
P78395	ENSG00000185686.18
P78395	ENSG00000275013.4
P78396	ENSG00000133101.11
P78406	ENSG00000101146.14
P78410	ENSG00000186470.15
P78411	ENSG00000176842.17
P78412	ENSG00000159387.9
P78413	ENSG00000113430.12
P78414	ENSG00000170549.4
P78415	ENSG00000177508.12
P78417	ENSG00000148834.14
P78423	ENSG00000006210.7
P78424	ENSG00000106536.21
P78426	ENSG00000163623.10
P78504	ENSG00000101384.13
P78508	ENSG00000177807.12
P78509	ENSG00000189056.15
P78524	ENSG00000166444.20
P78527	ENSG00000253729.10
P78536	ENSG00000151694.16
P78537	ENSG00000135441.9
P78539	ENSG00000101955.16
P78540	ENSG00000081181.9
P78543	ENSG00000159388.6
P78545	ENSG00000163435.16
P78549	ENSG00000065057.10
P78552	ENSG00000131724.12
P78556	ENSG00000115009.13
P78559	ENSG00000166963.13
P78560	ENSG00000169372.14
P78562	ENSG00000102174.10
P78563	ENSG00000197381.19
P79483	ENSG00000196101.10
P79483	ENSG00000231679.8
P79522	ENSG00000204576.13
P79522	ENSG00000206491.12
P79522	ENSG00000228186.10
P79522	ENSG00000229202.10
P79522	ENSG00000223766.10
P79522	ENSG00000233564.10
P79522	ENSG00000223887.10
P80075	ENSG00000108700.5
P80098	ENSG00000108688.11
P80108	ENSG00000112293.16
P80162	ENSG00000124875.10
P80188	ENSG00000148346.13
P80192	ENSG00000006432.17
P80217	ENSG00000068079.8
P80294	ENSG00000205358.5
P80297	ENSG00000187193.10
P80303	ENSG00000070081.19
P80365	ENSG00000176387.8
P80370	ENSG00000185559.17
P80404	ENSG00000183044.13
P80511	ENSG00000163221.9
P80723	ENSG00000176788.10
P80748	ENSG00000211662.2
P81133	ENSG00000112246.11
P81172	ENSG00000105697.10
P81274	ENSG00000121957.16
P81277	ENSG00000071677.2
P81408	ENSG00000160767.24
P81408	ENSG00000262666.5
P81534	ENSG00000176797.4
P81534	ENSG00000177243.3
P81534	ENSG00000273641.2
P81534	ENSG00000285376.2
P81534	ENSG00000284978.2
P81605	ENSG00000161634.12
P81877	ENSG00000145687.18
P82094	ENSG00000144747.18
P82251	ENSG00000021488.14
P82279	ENSG00000134376.18
P82650	ENSG00000175110.15
P82663	ENSG00000131368.10
P82664	ENSG00000048544.8
P82673	ENSG00000061794.14
P82675	ENSG00000144029.15
P82909	ENSG00000134056.13
P82909	ENSG00000278461.4
P82912	ENSG00000181991.17
P82914	ENSG00000116898.13
P82921	ENSG00000266472.7
P82930	ENSG00000074071.16
P82932	ENSG00000243927.7
P82933	ENSG00000135972.10
P82970	ENSG00000198157.12
P82979	ENSG00000205323.10
P82980	ENSG00000139194.9
P82980	ENSG00000288369.1
P82987	ENSG00000156218.14
P82987	ENSG00000291606.1
P83105	ENSG00000169495.5
P83110	ENSG00000170801.11
P83111	ENSG00000103642.12
P83369	ENSG00000155858.6
P83436	ENSG00000168434.14
P83731	ENSG00000114391.15
P83859	ENSG00000188710.3
P83876	ENSG00000141759.15
P83881	ENSG00000241343.11
P83916	ENSG00000108468.16
P84022	ENSG00000166949.18
P84074	ENSG00000121905.11
P84077	ENSG00000143761.18
P84085	ENSG00000004059.12
P84090	ENSG00000100632.12
P84095	ENSG00000177105.11
P84098	ENSG00000108298.13
P84101	ENSG00000140264.23
P84103	ENSG00000112081.19
P84157	ENSG00000182534.14
P84243	ENSG00000132475.11
P84243	ENSG00000163041.14
P84550	ENSG00000188779.12
P85037	ENSG00000164916.12
P85298	ENSG00000241484.11
P85299	ENSG00000186654.22
P86397	ENSG00000255154.9
P86452	ENSG00000257315.4
P86478	ENSG00000204918.3
P86478	ENSG00000204919.1
P86478	ENSG00000234278.3
P86478	ENSG00000227151.4
P86478	ENSG00000229665.8
P86479	ENSG00000204918.3
P86479	ENSG00000204919.1
P86479	ENSG00000234278.3
P86479	ENSG00000227151.4
P86479	ENSG00000229665.8
P86480	ENSG00000204918.3
P86480	ENSG00000204919.1
P86480	ENSG00000234278.3
P86480	ENSG00000227151.4
P86480	ENSG00000229665.8
P86481	ENSG00000204918.3
P86481	ENSG00000204919.1
P86481	ENSG00000234278.3
P86481	ENSG00000227151.4
P86481	ENSG00000229665.8
P86496	ENSG00000204918.3
P86496	ENSG00000204919.1
P86496	ENSG00000234278.3
P86496	ENSG00000227151.4
P86496	ENSG00000229665.8
P86790	ENSG00000146574.17
P86790	ENSG00000122674.13
P86791	ENSG00000146574.17
P86791	ENSG00000122674.13
P98066	ENSG00000123610.5
P98073	ENSG00000154646.9
P98077	ENSG00000129946.12
P98082	ENSG00000153071.16
P98088	ENSG00000215182.8
P98088	ENSG00000291363.1
P98095	ENSG00000163520.15
P98153	ENSG00000070413.22
P98155	ENSG00000147852.18
P98160	ENSG00000142798.20
P98161	ENSG00000008710.20
P98164	ENSG00000081479.15
P98168	ENSG00000198205.7
P98169	ENSG00000198455.5
P98170	ENSG00000101966.15
P98171	ENSG00000089820.18
P98172	ENSG00000090776.7
P98173	ENSG00000071889.18
P98174	ENSG00000102302.9
P98175	ENSG00000182872.17
P98177	ENSG00000184481.18
P98179	ENSG00000102317.19
P98182	ENSG00000010539.13
P98187	ENSG00000186526.13
P98194	ENSG00000017260.21
P98196	ENSG00000068650.20
P98198	ENSG00000143515.21
P99999	ENSG00000172115.10
Q00005	ENSG00000156475.20
Q00013	ENSG00000130830.16
Q00056	ENSG00000197576.15
Q00059	ENSG00000108064.12
Q00169	ENSG00000174238.16
Q00266	ENSG00000151224.14
Q00325	ENSG00000075415.16
Q00341	ENSG00000115677.19
Q00403	ENSG00000137947.13
Q00444	ENSG00000172789.4
Q00526	ENSG00000250506.10
Q00532	ENSG00000100490.11
Q00534	ENSG00000105810.11
Q00535	ENSG00000164885.14
Q00536	ENSG00000102225.18
Q00537	ENSG00000059758.9
Q00577	ENSG00000185129.8
Q00587	ENSG00000128283.8
Q00597	ENSG00000158169.15
Q00604	ENSG00000124479.12
Q00610	ENSG00000141367.15
Q00613	ENSG00000185122.12
Q00613	ENSG00000284774.2
Q00653	ENSG00000077150.22
Q00688	ENSG00000100442.12
Q00722	ENSG00000137841.13
Q00765	ENSG00000129625.14
Q00796	ENSG00000140263.16
Q00839	ENSG00000153187.22
Q00872	ENSG00000196091.16
Q00887	ENSG00000183668.18
Q00888	ENSG00000243137.8
Q00889	ENSG00000170848.16
Q008S8	ENSG00000203734.13
Q00973	ENSG00000135454.15
Q00975	ENSG00000148408.16
Q00978	ENSG00000213928.11
Q00978	ENSG00000285048.2
Q00987	ENSG00000135679.28
Q00994	ENSG00000166681.15
Q00G26	ENSG00000214456.9
Q00LT1	ENSG00000214140.11
Q01064	ENSG00000123360.13
Q01081	ENSG00000160201.13
Q01082	ENSG00000115306.18
Q01085	ENSG00000151923.19
Q01094	ENSG00000101412.14
Q01101	ENSG00000173404.5
Q01105	ENSG00000119335.19
Q01113	ENSG00000124334.20
Q01113	ENSG00000292373.3
Q01118	ENSG00000136546.18
Q01130	ENSG00000161547.18
Q01151	ENSG00000112149.12
Q01167	ENSG00000141568.22
Q01196	ENSG00000159216.21
Q01201	ENSG00000104856.15
Q01344	ENSG00000091181.20
Q01362	ENSG00000149534.9
Q01415	ENSG00000156958.16
Q01432	ENSG00000133805.17
Q01433	ENSG00000116337.21
Q01449	ENSG00000106631.9
Q01453	ENSG00000109099.17
Q01459	ENSG00000117151.14
Q01469	ENSG00000164687.12
Q01484	ENSG00000145362.22
Q01518	ENSG00000131236.19
Q01523	ENSG00000164816.8
Q01523	ENSG00000285251.2
Q01524	ENSG00000164822.5
Q01524	ENSG00000285136.2
Q01534	ENSG00000258992.7
Q01538	ENSG00000196132.15
Q01538	ENSG00000276876.4
Q01543	ENSG00000151702.19
Q01546	ENSG00000185069.2
Q01581	ENSG00000112972.16
Q01628	ENSG00000142089.18
Q01629	ENSG00000185201.18
Q01638	ENSG00000115602.18
Q01650	ENSG00000103257.11
Q01658	ENSG00000117505.14
Q01664	ENSG00000090447.13
Q01668	ENSG00000157388.21
Q01718	ENSG00000185231.6
Q01726	ENSG00000258839.5
Q01740	ENSG00000010932.17
Q01780	ENSG00000171824.15
Q01804	ENSG00000164164.18
Q01813	ENSG00000067057.20
Q01814	ENSG00000157087.20
Q01826	ENSG00000182568.19
Q01831	ENSG00000154767.17
Q01844	ENSG00000182944.19
Q01850	ENSG00000140743.9
Q01851	ENSG00000152192.8
Q01860	ENSG00000204531.21
Q01860	ENSG00000206454.12
Q01860	ENSG00000229094.9
Q01860	ENSG00000235068.9
Q01860	ENSG00000237582.10
Q01860	ENSG00000233911.9
Q01860	ENSG00000230336.9
Q01892	ENSG00000269404.7
Q01954	ENSG00000169594.14
Q01955	ENSG00000169031.22
Q01959	ENSG00000142319.20
Q01959	ENSG00000276996.2
Q01968	ENSG00000122126.19
Q01970	ENSG00000149782.14
Q01973	ENSG00000185483.13
Q01974	ENSG00000169071.16
Q01995	ENSG00000149591.18
Q02040	ENSG00000197976.13
Q02040	ENSG00000292343.2
Q02045	ENSG00000215375.8
Q02078	ENSG00000068305.20
Q02080	ENSG00000213999.18
Q02083	ENSG00000138744.18
Q02086	ENSG00000167182.17
Q02094	ENSG00000112077.18
Q02108	ENSG00000164116.18
Q02127	ENSG00000102967.13
Q02153	ENSG00000061918.15
Q02156	ENSG00000171132.15
Q02161	ENSG00000187010.21
Q02218	ENSG00000105953.17
Q02221	ENSG00000156885.7
Q02223	ENSG00000048462.11
Q02224	ENSG00000138778.15
Q02241	ENSG00000137807.17
Q02246	ENSG00000184144.13
Q02252	ENSG00000119711.14
Q02297	ENSG00000157168.23
Q02318	ENSG00000135929.10
Q02325	ENSG00000183281.16
Q02325	ENSG00000125551.20
Q02338	ENSG00000161267.13
Q02338	ENSG00000275544.4
Q02363	ENSG00000115738.11
Q02383	ENSG00000124157.7
Q02386	ENSG00000124459.13
Q02388	ENSG00000114270.18
Q02410	ENSG00000107282.9
Q02413	ENSG00000134760.6
Q02446	ENSG00000105866.16
Q02447	ENSG00000172845.18
Q02487	ENSG00000134755.20
Q02505	ENSG00000169894.19
Q02509	ENSG00000253117.5
Q02535	ENSG00000117318.10
Q02535	ENSG00000283060.2
Q02539	ENSG00000124610.5
Q02543	ENSG00000105640.14
Q02548	ENSG00000196092.14
Q02556	ENSG00000140968.13
Q02575	ENSG00000171786.6
Q02577	ENSG00000177551.6
Q02641	ENSG00000067191.18
Q02643	ENSG00000106128.20
Q02742	ENSG00000187210.15
Q02747	ENSG00000197273.5
Q02750	ENSG00000169032.12
Q02763	ENSG00000120156.23
Q02779	ENSG00000130758.9
Q02790	ENSG00000004478.9
Q02809	ENSG00000083444.18
Q02818	ENSG00000104805.18
Q02833	ENSG00000099849.16
Q02833	ENSG00000273859.4
Q02846	ENSG00000132518.7
Q02878	ENSG00000089009.17
Q02880	ENSG00000077097.18
Q02928	ENSG00000187048.15
Q02930	ENSG00000146592.18
Q02952	ENSG00000131016.18
Q02962	ENSG00000075891.25
Q02978	ENSG00000108528.15
Q02985	ENSG00000116785.16
Q03001	ENSG00000151914.22
Q03013	ENSG00000168765.20
Q03014	ENSG00000152804.12
Q03052	ENSG00000185668.8
Q03060	ENSG00000095794.21
Q03111	ENSG00000130382.10
Q03112	ENSG00000085276.19
Q03113	ENSG00000146535.16
Q03135	ENSG00000105974.14
Q03154	ENSG00000243989.10
Q03164	ENSG00000118058.26
Q03167	ENSG00000069702.12
Q03169	ENSG00000185215.12
Q03181	ENSG00000112033.15
Q03188	ENSG00000145241.12
Q03252	ENSG00000176619.14
Q03393	ENSG00000150787.9
Q03395	ENSG00000149489.9
Q03403	ENSG00000160181.9
Q03405	ENSG00000011422.13
Q03426	ENSG00000110921.15
Q03431	ENSG00000160801.15
Q03468	ENSG00000225830.17
Q03518	ENSG00000168394.14
Q03518	ENSG00000206297.7
Q03518	ENSG00000226173.4
Q03518	ENSG00000227816.4
Q03518	ENSG00000230705.4
Q03518	ENSG00000224212.4
Q03518	ENSG00000232367.5
Q03519	ENSG00000204267.20
Q03519	ENSG00000206235.8
Q03519	ENSG00000206299.8
Q03519	ENSG00000228582.9
Q03519	ENSG00000237599.9
Q03519	ENSG00000232326.9
Q03519	ENSG00000225967.9
Q03519	ENSG00000223481.9
Q03591	ENSG00000244414.9
Q03692	ENSG00000123500.10
Q03701	ENSG00000115816.16
Q03721	ENSG00000116396.15
Q03828	ENSG00000174279.5
Q03923	ENSG00000105750.16
Q03923	ENSG00000278091.4
Q03924	ENSG00000152926.18
Q03933	ENSG00000025156.14
Q03936	ENSG00000146757.14
Q03938	ENSG00000213988.11
Q03989	ENSG00000196843.19
Q04118	ENSG00000197870.14
Q04118	ENSG00000275624.4
Q04206	ENSG00000173039.21
Q04323	ENSG00000162191.15
Q04446	ENSG00000114480.14
Q04609	ENSG00000086205.19
Q04637	ENSG00000114867.23
Q04656	ENSG00000165240.22
Q04671	ENSG00000104044.17
Q04695	ENSG00000128422.19
Q04721	ENSG00000134250.22
Q04724	ENSG00000196781.17
Q04725	ENSG00000065717.17
Q04726	ENSG00000140332.19
Q04727	ENSG00000106829.22
Q04741	ENSG00000135638.15
Q04743	ENSG00000170370.12
Q04756	ENSG00000109758.10
Q04759	ENSG00000065675.17
Q04760	ENSG00000124767.8
Q04771	ENSG00000115170.17
Q04828	ENSG00000187134.15
Q04837	ENSG00000106028.12
Q04837	ENSG00000262771.5
Q04844	ENSG00000108556.10
Q04864	ENSG00000162924.17
Q04900	ENSG00000135535.18
Q04912	ENSG00000164078.16
Q04917	ENSG00000128245.16
Q04941	ENSG00000102007.12
Q05048	ENSG00000101138.13
Q05066	ENSG00000184895.8
Q05084	ENSG00000003147.20
Q05086	ENSG00000114062.23
Q05193	ENSG00000106976.23
Q05195	ENSG00000059728.12
Q05209	ENSG00000127947.17
Q05215	ENSG00000135625.9
Q05315	ENSG00000105205.7
Q05329	ENSG00000136750.13
Q05397	ENSG00000169398.21
Q05469	ENSG00000079435.11
Q05481	ENSG00000167232.15
Q05513	ENSG00000067606.18
Q05516	ENSG00000109906.16
Q05519	ENSG00000116754.15
Q05586	ENSG00000176884.17
Q05639	ENSG00000101210.16
Q05655	ENSG00000163932.17
Q05682	ENSG00000122786.21
Q05707	ENSG00000187955.14
Q05823	ENSG00000135828.12
Q05901	ENSG00000147432.7
Q05923	ENSG00000158050.7
Q05925	ENSG00000163064.7
Q05932	ENSG00000136877.17
Q05940	ENSG00000165646.15
Q05952	ENSG00000178279.4
Q05996	ENSG00000103310.11
Q05996	ENSG00000284588.3
Q05BQ5	ENSG00000011258.17
Q05BV3	ENSG00000165521.17
Q05C16	ENSG00000173988.14
Q05D32	ENSG00000137770.15
Q05D60	ENSG00000165325.15
Q05DH4	ENSG00000164142.17
Q06033	ENSG00000162267.15
Q06055	ENSG00000135390.22
Q06124	ENSG00000179295.20
Q06136	ENSG00000119537.19
Q06141	ENSG00000172016.16
Q06187	ENSG00000010671.19
Q06190	ENSG00000073711.12
Q06203	ENSG00000128059.9
Q06210	ENSG00000198380.14
Q06265	ENSG00000123737.14
Q06278	ENSG00000138356.15
Q06323	ENSG00000092010.16
Q06323	ENSG00000284916.2
Q06330	ENSG00000168214.23
Q06413	ENSG00000081189.18
Q06416	ENSG00000212993.6
Q06418	ENSG00000092445.13
Q06432	ENSG00000108878.6
Q06455	ENSG00000079102.19
Q06481	ENSG00000084234.19
Q06495	ENSG00000131183.12
Q06520	ENSG00000105398.5
Q06546	ENSG00000154727.12
Q06547	ENSG00000104064.19
Q06587	ENSG00000204227.6
Q06587	ENSG00000206287.5
Q06587	ENSG00000226788.3
Q06587	ENSG00000231115.3
Q06587	ENSG00000228520.3
Q06587	ENSG00000235107.3
Q06609	ENSG00000051180.18
Q06643	ENSG00000204487.8
Q06643	ENSG00000206437.10
Q06643	ENSG00000223448.7
Q06643	ENSG00000238114.7
Q06643	ENSG00000227507.3
Q06643	ENSG00000236925.7
Q06643	ENSG00000236237.7
Q06643	ENSG00000231314.7
Q06710	ENSG00000125618.19
Q06730	ENSG00000189180.17
Q06732	ENSG00000196693.16
Q06787	ENSG00000102081.17
Q06828	ENSG00000122176.13
Q06830	ENSG00000117450.16
Q06889	ENSG00000179388.9
Q06945	ENSG00000124766.7
Q07001	ENSG00000135902.11
Q07002	ENSG00000117266.17
Q07011	ENSG00000049249.11
Q07020	ENSG00000063177.14
Q07021	ENSG00000108561.8
Q07065	ENSG00000136026.15
Q07075	ENSG00000138792.11
Q07092	ENSG00000084636.19
Q07108	ENSG00000110848.8
Q07157	ENSG00000104067.18
Q07157	ENSG00000277401.4
Q07283	ENSG00000159450.13
Q07325	ENSG00000138755.6
Q07326	ENSG00000151665.14
Q07343	ENSG00000184588.18
Q07352	ENSG00000185650.11
Q07444	ENSG00000205810.9
Q07507	ENSG00000143196.6
Q075Z2	ENSG00000188334.3
Q07617	ENSG00000104450.14
Q07627	ENSG00000188581.9
Q07627	ENSG00000262808.2
Q07654	ENSG00000160180.18
Q07666	ENSG00000121774.19
Q07687	ENSG00000115844.11
Q07699	ENSG00000105711.15
Q07812	ENSG00000087088.22
Q07817	ENSG00000171552.15
Q07820	ENSG00000143384.14
Q07837	ENSG00000138079.15
Q07864	ENSG00000177084.20
Q07866	ENSG00000126214.23
Q07869	ENSG00000186951.18
Q07889	ENSG00000115904.16
Q07890	ENSG00000100485.13
Q07912	ENSG00000061938.22
Q07954	ENSG00000123384.14
Q07955	ENSG00000136450.13
Q07955	ENSG00000266086.3
Q07960	ENSG00000175220.13
Q07973	ENSG00000019186.11
Q08043	ENSG00000248746.7
Q08050	ENSG00000111206.14
Q08116	ENSG00000090104.13
Q08117	ENSG00000104964.16
Q08170	ENSG00000116350.19
Q08174	ENSG00000156453.14
Q08188	ENSG00000125780.12
Q08209	ENSG00000138814.18
Q08211	ENSG00000135829.18
Q08257	ENSG00000116791.15
Q08289	ENSG00000165995.24
Q08334	ENSG00000243646.12
Q08345	ENSG00000137332.19
Q08345	ENSG00000204580.15
Q08345	ENSG00000215522.11
Q08345	ENSG00000230456.10
Q08345	ENSG00000234078.10
Q08357	ENSG00000168575.12
Q08378	ENSG00000090615.17
Q08379	ENSG00000167110.20
Q08380	ENSG00000108679.14
Q08397	ENSG00000129038.17
Q08426	ENSG00000113790.12
Q08431	ENSG00000140545.17
Q08462	ENSG00000078295.18
Q08477	ENSG00000186529.17
Q08493	ENSG00000105650.23
Q08493	ENSG00000285188.1
Q08495	ENSG00000158856.19
Q08499	ENSG00000113448.21
Q08554	ENSG00000134765.10
Q08623	ENSG00000130021.16
Q08629	ENSG00000152377.15
Q08648	ENSG00000164871.18
Q08648	ENSG00000178287.18
Q08648	ENSG00000274405.4
Q08648	ENSG00000288309.2
Q08648	ENSG00000285507.3
Q08708	ENSG00000167850.5
Q08708	ENSG00000291920.1
Q08722	ENSG00000196776.18
Q08752	ENSG00000171497.6
Q08828	ENSG00000164742.17
Q08830	ENSG00000104760.18
Q08881	ENSG00000113263.15
Q08945	ENSG00000149136.10
Q08999	ENSG00000103479.18
Q08AD1	ENSG00000118200.17
Q08AE8	ENSG00000134278.17
Q08AF3	ENSG00000166750.11
Q08AG5	ENSG00000223547.10
Q08AG7	ENSG00000204899.6
Q08AH1	ENSG00000166743.11
Q08AH3	ENSG00000183747.13
Q08AI6	ENSG00000169507.10
Q08AI8	ENSG00000172478.19
Q08AM6	ENSG00000103043.16
Q08AN1	ENSG00000204611.8
Q08ER8	ENSG00000178229.9
Q08ET2	ENSG00000254415.4
Q08J23	ENSG00000037474.16
Q09013	ENSG00000104936.21
Q09019	ENSG00000185800.13
Q09028	ENSG00000162521.19
Q09161	ENSG00000136937.14
Q09327	ENSG00000128268.13
Q09328	ENSG00000152127.10
Q09428	ENSG00000006071.16
Q09470	ENSG00000111262.6
Q09472	ENSG00000100393.17
Q09666	ENSG00000124942.14
Q09FC8	ENSG00000170954.13
Q09MP3	ENSG00000214842.6
Q0D2I5	ENSG00000010295.21
Q0D2J5	ENSG00000197054.12
Q0D2K0	ENSG00000172548.15
Q0D2K2	ENSG00000168427.10
Q0D2K3	ENSG00000147223.6
Q0GE19	ENSG00000120519.17
Q0IIM8	ENSG00000133138.21
Q0JRZ9	ENSG00000157107.15
Q0P5N6	ENSG00000214087.10
Q0P5P2	ENSG00000214226.10
Q0P641	ENSG00000188674.12
Q0P670	ENSG00000184560.8
Q0P670	ENSG00000283714.2
Q0P6D2	ENSG00000187773.9
Q0P6D6	ENSG00000149548.16
Q0P6H9	ENSG00000137842.8
Q0PNE2	ENSG00000163832.17
Q0VAA2	ENSG00000100565.16
Q0VAA5	ENSG00000240891.8
Q0VAF6	ENSG00000179751.7
Q0VAK6	ENSG00000163380.17
Q0VAM2	ENSG00000138670.20
Q0VAQ4	ENSG00000170545.18
Q0VD83	ENSG00000184730.13
Q0VD86	ENSG00000196388.10
Q0VDD7	ENSG00000132016.13
Q0VDD7	ENSG00000288152.1
Q0VDD8	ENSG00000185842.16
Q0VDE8	ENSG00000182035.13
Q0VDF9	ENSG00000187522.16
Q0VDG4	ENSG00000144306.16
Q0VDI3	ENSG00000151881.16
Q0VF96	ENSG00000128849.12
Q0VFZ6	ENSG00000154479.13
Q0VG06	ENSG00000185504.18
Q0VG99	ENSG00000188095.6
Q0VGE8	ENSG00000180257.15
Q0VGL1	ENSG00000188186.11
Q0WX57	ENSG00000228856.3
Q0WX57	ENSG00000232264.5
Q0WX57	ENSG00000231051.3
Q0WX57	ENSG00000230430.5
Q0WX57	ENSG00000229579.5
Q0WX57	ENSG00000231637.3
Q0WX57	ENSG00000235780.3
Q0Z7S8	ENSG00000205186.4
Q0ZGT2	ENSG00000162614.20
Q0ZLH3	ENSG00000204311.16
Q10469	ENSG00000168282.6
Q10471	ENSG00000143641.11
Q10472	ENSG00000141429.15
Q10567	ENSG00000100280.18
Q10570	ENSG00000071894.18
Q10570	ENSG00000285049.2
Q10571	ENSG00000169184.7
Q10586	ENSG00000105516.11
Q10587	ENSG00000167074.16
Q10588	ENSG00000109743.13
Q10589	ENSG00000130303.15
Q10713	ENSG00000165688.15
Q10981	ENSG00000176920.15
Q11128	ENSG00000130383.7
Q11130	ENSG00000180549.9
Q11201	ENSG00000008513.18
Q11203	ENSG00000126091.22
Q11206	ENSG00000110080.21
Q12756	ENSG00000130294.19
Q12765	ENSG00000136193.18
Q12766	ENSG00000113716.14
Q12767	ENSG00000177728.18
Q12768	ENSG00000164961.17
Q12769	ENSG00000030066.15
Q12770	ENSG00000114650.22
Q12772	ENSG00000198911.14
Q12774	ENSG00000050327.16
Q12778	ENSG00000150907.11
Q12788	ENSG00000183751.17
Q12788	ENSG00000291938.1
Q12789	ENSG00000077235.19
Q12791	ENSG00000156113.25
Q12792	ENSG00000151239.15
Q12794	ENSG00000114378.18
Q12796	ENSG00000146278.11
Q12797	ENSG00000198363.19
Q12798	ENSG00000177143.5
Q12800	ENSG00000135457.12
Q12802	ENSG00000170776.23
Q12805	ENSG00000115380.21
Q12809	ENSG00000055118.19
Q12815	ENSG00000135451.14
Q12816	ENSG00000067445.23
Q12824	ENSG00000099956.21
Q12824	ENSG00000275837.3
Q12829	ENSG00000141542.12
Q12830	ENSG00000171634.19
Q12834	ENSG00000117399.15
Q12836	ENSG00000116996.10
Q12837	ENSG00000151615.3
Q12840	ENSG00000155980.14
Q12841	ENSG00000163430.14
Q12846	ENSG00000103496.16
Q12849	ENSG00000132463.16
Q12851	ENSG00000168067.13
Q12852	ENSG00000139625.14
Q12857	ENSG00000162599.19
Q12860	ENSG00000018236.16
Q12864	ENSG00000079112.11
Q12866	ENSG00000153208.20
Q12870	ENSG00000125878.7
Q12872	ENSG00000061936.11
Q12873	ENSG00000170004.19
Q12874	ENSG00000183431.13
Q12879	ENSG00000183454.19
Q12882	ENSG00000188641.15
Q12884	ENSG00000078098.16
Q12887	ENSG00000006695.13
Q12888	ENSG00000067369.15
Q12889	ENSG00000085465.14
Q12891	ENSG00000068001.15
Q12893	ENSG00000126062.5
Q12894	ENSG00000214706.13
Q12899	ENSG00000137313.15
Q12899	ENSG00000231002.7
Q12899	ENSG00000234046.7
Q12899	ENSG00000228881.7
Q12899	ENSG00000231641.9
Q12899	ENSG00000226060.7
Q12899	ENSG00000230230.7
Q12899	ENSG00000234127.10
Q12901	ENSG00000204920.12
Q12904	ENSG00000164022.19
Q12905	ENSG00000143621.18
Q12906	ENSG00000129351.19
Q12907	ENSG00000169223.17
Q12908	ENSG00000125255.7
Q12912	ENSG00000118308.17
Q12913	ENSG00000149177.15
Q12918	ENSG00000111796.4
Q12923	ENSG00000163629.14
Q12926	ENSG00000107105.16
Q12929	ENSG00000151491.15
Q12931	ENSG00000126602.12
Q12933	ENSG00000127191.20
Q12934	ENSG00000125864.15
Q12946	ENSG00000103241.7
Q12947	ENSG00000137273.6
Q12948	ENSG00000054598.9
Q12950	ENSG00000170122.6
Q12951	ENSG00000168269.10
Q12952	ENSG00000176678.7
Q12955	ENSG00000151150.23
Q12959	ENSG00000075711.22
Q12962	ENSG00000166337.11
Q12965	ENSG00000157483.10
Q12967	ENSG00000160271.17
Q12968	ENSG00000072736.19
Q12972	ENSG00000117751.19
Q12974	ENSG00000184007.22
Q12979	ENSG00000159842.17
Q12979	ENSG00000276016.4
Q12979	ENSG00000278741.4
Q12980	ENSG00000103148.18
Q12981	ENSG00000113734.19
Q12982	ENSG00000140299.15
Q12983	ENSG00000176171.13
Q12986	ENSG00000086102.20
Q12988	ENSG00000169271.3
Q12996	ENSG00000176102.14
Q12999	ENSG00000135452.11
Q13002	ENSG00000164418.22
Q13003	ENSG00000163873.10
Q13007	ENSG00000162892.16
Q13009	ENSG00000156299.16
Q13011	ENSG00000104823.10
Q13011	ENSG00000282853.2
Q13015	ENSG00000213190.5
Q13017	ENSG00000100852.15
Q13018	ENSG00000153246.14
Q13021	ENSG00000144063.5
Q13023	ENSG00000151320.12
Q13029	ENSG00000116731.23
Q13033	ENSG00000196792.13
Q13042	ENSG00000130177.17
Q13043	ENSG00000101109.15
Q13045	ENSG00000177731.17
Q13045	ENSG00000284571.3
Q13046	ENSG00000221878.13
Q13049	ENSG00000119401.12
Q13057	ENSG00000068120.15
Q13061	ENSG00000186439.17
Q13064	ENSG00000179455.10
Q13075	ENSG00000249437.9
Q13075	ENSG00000278613.4
Q13077	ENSG00000056558.12
Q13084	ENSG00000086504.19
Q13085	ENSG00000275176.4
Q13085	ENSG00000278540.5
Q13087	ENSG00000185615.17
Q13093	ENSG00000146070.18
Q13094	ENSG00000043462.14
Q13098	ENSG00000169727.15
Q13099	ENSG00000032742.19
Q13103	ENSG00000072080.12
Q13105	ENSG00000116809.13
Q13106	ENSG00000179909.16
Q13107	ENSG00000114316.14
Q13111	ENSG00000167670.17
Q13112	ENSG00000159259.9
Q13113	ENSG00000162366.9
Q13114	ENSG00000131323.18
Q13115	ENSG00000120875.9
Q13117	ENSG00000205944.12
Q13118	ENSG00000155090.16
Q13123	ENSG00000113141.20
Q13126	ENSG00000099810.22
Q13127	ENSG00000084093.20
Q13129	ENSG00000117000.9
Q13131	ENSG00000132356.12
Q13133	ENSG00000025434.20
Q13136	ENSG00000131626.20
Q13136	ENSG00000288198.2
Q13137	ENSG00000136436.17
Q13144	ENSG00000145191.16
Q13145	ENSG00000095739.12
Q13148	ENSG00000120948.20
Q13151	ENSG00000177733.8
Q13153	ENSG00000149269.11
Q13155	ENSG00000106305.11
Q13156	ENSG00000204086.4
Q13158	ENSG00000168040.6
Q13162	ENSG00000123131.14
Q13163	ENSG00000137764.21
Q13164	ENSG00000166484.21
Q13177	ENSG00000180370.11
Q13183	ENSG00000007216.17
Q13185	ENSG00000122565.20
Q13188	ENSG00000104375.18
Q13190	ENSG00000162236.14
Q13191	ENSG00000114423.24
Q13200	ENSG00000175166.18
Q13201	ENSG00000138722.11
Q13202	ENSG00000184545.12
Q13202	ENSG00000278165.3
Q13202	ENSG00000273793.3
Q13202	ENSG00000291431.1
Q13203	ENSG00000133055.11
Q13206	ENSG00000178105.13
Q13207	ENSG00000121068.15
Q13214	ENSG00000012171.21
Q13216	ENSG00000049167.17
Q13217	ENSG00000102580.16
Q13219	ENSG00000182752.10
Q13224	ENSG00000273079.7
Q13227	ENSG00000132522.17
Q13227	ENSG00000288325.1
Q13228	ENSG00000143416.22
Q13231	ENSG00000133063.17
Q13232	ENSG00000103024.9
Q13233	ENSG00000095015.7
Q13237	ENSG00000138669.12
Q13239	ENSG00000155926.15
Q13241	ENSG00000134539.18
Q13242	ENSG00000111786.11
Q13243	ENSG00000100650.17
Q13247	ENSG00000124193.17
Q13253	ENSG00000183691.6
Q13255	ENSG00000152822.15
Q13257	ENSG00000164109.15
Q13258	ENSG00000168229.4
Q13261	ENSG00000134470.22
Q13263	ENSG00000130726.13
Q13268	ENSG00000100867.16
Q13275	ENSG00000001617.13
Q13277	ENSG00000166900.18
Q13283	ENSG00000145907.17
Q13285	ENSG00000136931.11
Q13286	ENSG00000188603.23
Q13286	ENSG00000261832.6
Q13287	ENSG00000123609.12
Q13291	ENSG00000117090.17
Q13296	ENSG00000110484.7
Q13303	ENSG00000069424.16
Q13304	ENSG00000144230.18
Q13308	ENSG00000112655.17
Q13309	ENSG00000145604.18
Q13310	ENSG00000090621.16
Q13315	ENSG00000149311.23
Q13316	ENSG00000152592.15
Q13319	ENSG00000171450.6
Q13322	ENSG00000106070.21
Q13323	ENSG00000100290.4
Q13324	ENSG00000106113.20
Q13325	ENSG00000152778.10
Q13326	ENSG00000102683.9
Q13330	ENSG00000182979.19
Q13332	ENSG00000105426.21
Q13336	ENSG00000141469.19
Q13342	ENSG00000079263.20
Q13347	ENSG00000084623.13
Q13349	ENSG00000156886.12
Q13351	ENSG00000105610.7
Q13352	ENSG00000142856.19
Q13356	ENSG00000100023.20
Q13360	ENSG00000188629.15
Q13360	ENSG00000270011.9
Q13361	ENSG00000197614.12
Q13362	ENSG00000078304.21
Q13363	ENSG00000159692.19
Q13367	ENSG00000103723.17
Q13368	ENSG00000161647.20
Q13370	ENSG00000152270.11
Q13371	ENSG00000136940.15
Q13387	ENSG00000008735.15
Q13393	ENSG00000075651.18
Q13394	ENSG00000180660.10
Q13395	ENSG00000059588.11
Q13398	ENSG00000121417.15
Q13402	ENSG00000137474.24
Q13404	ENSG00000244687.14
Q13405	ENSG00000149792.10
Q13409	ENSG00000077380.17
Q13409	ENSG00000292102.1
Q13410	ENSG00000124557.14
Q13410	ENSG00000292177.1
Q13415	ENSG00000085840.14
Q13416	ENSG00000115942.10
Q13418	ENSG00000166333.15
Q13421	ENSG00000102854.17
Q13422	ENSG00000185811.22
Q13423	ENSG00000112992.19
Q13424	ENSG00000101400.7
Q13425	ENSG00000168807.18
Q13426	ENSG00000152422.17
Q13427	ENSG00000138398.18
Q13428	ENSG00000070814.23
Q13432	ENSG00000109103.13
Q13433	ENSG00000141424.13
Q13435	ENSG00000087365.17
Q13438	ENSG00000135506.18
Q13439	ENSG00000144674.20
Q13442	ENSG00000106244.14
Q13443	ENSG00000168615.14
Q13444	ENSG00000143537.15
Q13445	ENSG00000099203.8
Q13449	ENSG00000185565.14
Q13451	ENSG00000096060.16
Q13454	ENSG00000104723.22
Q13459	ENSG00000099331.15
Q13461	ENSG00000186790.6
Q13464	ENSG00000067900.9
Q13467	ENSG00000163251.5
Q13469	ENSG00000101096.21
Q13470	ENSG00000174292.13
Q13470	ENSG00000283781.1
Q13472	ENSG00000177302.17
Q13472	ENSG00000284238.3
Q13474	ENSG00000102385.14
Q13477	ENSG00000099866.17
Q13478	ENSG00000115604.13
Q13480	ENSG00000109458.11
Q13485	ENSG00000141646.18
Q13487	ENSG00000104976.14
Q13488	ENSG00000110719.11
Q13489	ENSG00000023445.18
Q13490	ENSG00000110330.11
Q13491	ENSG00000046653.15
Q13492	ENSG00000073921.19
Q13495	ENSG00000013619.16
Q13496	ENSG00000171100.17
Q13501	ENSG00000161011.21
Q13501	ENSG00000284099.3
Q13503	ENSG00000152944.10
Q13505	ENSG00000173171.15
Q13506	ENSG00000138386.18
Q13507	ENSG00000138741.12
Q13508	ENSG00000156219.19
Q13509	ENSG00000258947.8
Q13510	ENSG00000104763.21
Q13515	ENSG00000170819.5
Q13516	ENSG00000205927.6
Q13519	ENSG00000168081.10
Q13520	ENSG00000086159.15
Q13522	ENSG00000135447.18
Q13523	ENSG00000112739.18
Q13526	ENSG00000127445.15
Q13530	ENSG00000132824.15
Q13535	ENSG00000175054.17
Q13541	ENSG00000187840.6
Q13542	ENSG00000148730.8
Q13546	ENSG00000137275.17
Q13547	ENSG00000116478.14
Q13554	ENSG00000058404.22
Q13555	ENSG00000148660.23
Q13557	ENSG00000145349.21
Q13561	ENSG00000175203.18
Q13562	ENSG00000162992.5
Q13563	ENSG00000118762.9
Q13564	ENSG00000159593.16
Q13568	ENSG00000128604.22
Q13569	ENSG00000139372.15
Q13571	ENSG00000162511.9
Q13572	ENSG00000100605.18
Q13572	ENSG00000274958.4
Q13573	ENSG00000100603.15
Q13574	ENSG00000149091.16
Q13576	ENSG00000145703.17
Q13585	ENSG00000102195.10
Q13586	ENSG00000167323.14
Q13588	ENSG00000154016.15
Q13591	ENSG00000112902.13
Q13595	ENSG00000164548.13
Q13596	ENSG00000028528.16
Q13601	ENSG00000111615.15
Q13606	ENSG00000167825.3
Q13607	ENSG00000213215.5
Q13607	ENSG00000284866.1
Q13608	ENSG00000124587.15
Q13609	ENSG00000163687.15
Q13610	ENSG00000136045.13
Q13613	ENSG00000063601.18
Q13614	ENSG00000087053.20
Q13615	ENSG00000100330.17
Q13616	ENSG00000055130.19
Q13617	ENSG00000108094.18
Q13618	ENSG00000036257.15
Q13619	ENSG00000139842.16
Q13620	ENSG00000158290.20
Q13621	ENSG00000074803.21
Q13625	ENSG00000143514.19
Q13627	ENSG00000157540.23
Q13630	ENSG00000104522.17
Q13630	ENSG00000278243.2
Q13634	ENSG00000145526.13
Q13635	ENSG00000185920.19
Q13636	ENSG00000168461.14
Q13637	ENSG00000118508.6
Q13639	ENSG00000164270.20
Q13641	ENSG00000146242.10
Q13641	ENSG00000283085.3
Q13642	ENSG00000022267.20
Q13643	ENSG00000183386.12
Q13651	ENSG00000110324.13
Q13671	ENSG00000174791.12
Q13683	ENSG00000135424.20
Q13685	ENSG00000127837.11
Q13686	ENSG00000100601.11
Q13698	ENSG00000081248.13
Q13702	ENSG00000165917.11
Q13705	ENSG00000114739.15
Q13724	ENSG00000115275.15
Q13733	ENSG00000132681.17
Q13740	ENSG00000170017.13
Q13751	ENSG00000196878.16
Q13753	ENSG00000058085.16
Q13761	ENSG00000020633.19
Q13769	ENSG00000100296.15
Q13772	ENSG00000266412.7
Q13790	ENSG00000175336.11
Q13794	ENSG00000141682.13
Q13795	ENSG00000101246.21
Q13796	ENSG00000146950.13
Q13797	ENSG00000144668.13
Q13797	ENSG00000291488.1
Q13813	ENSG00000197694.20
Q13822	ENSG00000136960.14
Q13823	ENSG00000134697.14
Q13825	ENSG00000148090.13
Q13829	ENSG00000109079.11
Q13835	ENSG00000081277.13
Q13838	ENSG00000215425.11
Q13838	ENSG00000198563.15
Q13838	ENSG00000225073.10
Q13838	ENSG00000225859.10
Q13838	ENSG00000229496.10
Q13838	ENSG00000235439.10
Q13838	ENSG00000230624.10
Q13867	ENSG00000108578.16
Q13868	ENSG00000130713.18
Q13873	ENSG00000204217.16
Q13875	ENSG00000168314.20
Q13882	ENSG00000101213.8
Q13884	ENSG00000172164.15
Q13885	ENSG00000137267.8
Q13886	ENSG00000119138.5
Q13887	ENSG00000102554.15
Q13888	ENSG00000145736.16
Q13888	ENSG00000276910.4
Q13888	ENSG00000275045.4
Q13889	ENSG00000111358.14
Q13895	ENSG00000112578.12
Q13901	ENSG00000197223.13
Q13905	ENSG00000107263.20
Q13907	ENSG00000067064.13
Q13936	ENSG00000151067.23
Q13936	ENSG00000285479.3
Q13938	ENSG00000105519.19
Q13939	ENSG00000185972.6
Q13946	ENSG00000205268.12
Q13950	ENSG00000124813.24
Q13951	ENSG00000067955.16
Q13952	ENSG00000066136.22
Q13956	ENSG00000139053.4
Q13972	ENSG00000058335.16
Q13976	ENSG00000185532.20
Q14002	ENSG00000007306.16
Q14003	ENSG00000131398.15
Q14004	ENSG00000065883.19
Q14005	ENSG00000172349.20
Q14008	ENSG00000175216.16
Q14011	ENSG00000099622.15
Q14012	ENSG00000134072.12
Q14019	ENSG00000103187.8
Q14028	ENSG00000070729.14
Q14031	ENSG00000197565.18
Q14032	ENSG00000136881.13
Q14032	ENSG00000276559.2
Q14050	ENSG00000092758.19
Q14055	ENSG00000049089.16
Q14061	ENSG00000138495.8
Q14088	ENSG00000134594.6
Q14093	ENSG00000155833.15
Q14094	ENSG00000118816.13
Q14103	ENSG00000138668.21
Q14106	ENSG00000183864.7
Q14108	ENSG00000138760.12
Q14112	ENSG00000087303.19
Q14114	ENSG00000157193.19
Q14116	ENSG00000150782.14
Q14117	ENSG00000147647.14
Q14118	ENSG00000173402.14
Q14119	ENSG00000136451.10
Q14123	ENSG00000154678.19
Q14126	ENSG00000046604.16
Q14129	ENSG00000183628.15
Q14129	ENSG00000278817.1
Q14134	ENSG00000137699.18
Q14135	ENSG00000144560.16
Q14137	ENSG00000261236.9
Q14139	ENSG00000110344.11
Q14140	ENSG00000179833.5
Q14141	ENSG00000125354.25
Q14142	ENSG00000106785.16
Q14145	ENSG00000079999.15
Q14146	ENSG00000135763.11
Q14147	ENSG00000134815.21
Q14149	ENSG00000159256.13
Q14151	ENSG00000130254.14
Q14152	ENSG00000107581.15
Q14153	ENSG00000189319.15
Q14154	ENSG00000081791.10
Q14155	ENSG00000102606.21
Q14156	ENSG00000132294.16
Q14157	ENSG00000143569.21
Q14159	ENSG00000164808.18
Q14160	ENSG00000180900.21
Q14160	ENSG00000274287.4
Q14161	ENSG00000139436.23
Q14162	ENSG00000074660.18
Q14162	ENSG00000276336.4
Q14164	ENSG00000263528.9
Q14165	ENSG00000110917.10
Q14166	ENSG00000100304.13
Q14168	ENSG00000108852.17
Q14181	ENSG00000014138.11
Q14183	ENSG00000149927.19
Q14184	ENSG00000272636.6
Q14185	ENSG00000150760.14
Q14186	ENSG00000198176.14
Q14188	ENSG00000114126.19
Q14190	ENSG00000159263.16
Q14191	ENSG00000165392.12
Q14192	ENSG00000115641.20
Q14194	ENSG00000072832.15
Q14195	ENSG00000113657.14
Q14197	ENSG00000167862.11
Q14201	ENSG00000154640.16
Q14202	ENSG00000147130.15
Q14203	ENSG00000204843.14
Q14204	ENSG00000197102.15
Q14206	ENSG00000172348.16
Q14207	ENSG00000149308.19
Q14209	ENSG00000007968.8
Q14209	ENSG00000282899.2
Q14210	ENSG00000167656.5
Q14213	ENSG00000105246.7
Q14232	ENSG00000111361.14
Q14240	ENSG00000156976.18
Q14241	ENSG00000011007.14
Q14242	ENSG00000110876.12
Q14244	ENSG00000135525.20
Q14246	ENSG00000174837.15
Q14247	ENSG00000085733.17
Q14247	ENSG00000288401.1
Q14249	ENSG00000167136.8
Q14254	ENSG00000132589.17
Q14257	ENSG00000117906.15
Q14258	ENSG00000121060.19
Q14264	ENSG00000213462.5
Q14289	ENSG00000120899.19
Q14296	ENSG00000164896.22
Q14314	ENSG00000127951.8
Q14315	ENSG00000128591.18
Q14318	ENSG00000105701.17
Q14320	ENSG00000071859.16
Q14324	ENSG00000086967.11
Q14330	ENSG00000125245.14
Q14331	ENSG00000109536.14
Q14331	ENSG00000275145.3
Q14331	ENSG00000283153.2
Q14331	ENSG00000283630.3
Q14332	ENSG00000180340.7
Q14344	ENSG00000120063.11
Q14353	ENSG00000130005.14
Q14376	ENSG00000117308.16
Q14390	ENSG00000100121.14
Q14392	ENSG00000137507.12
Q14393	ENSG00000183087.16
Q14406	ENSG00000204414.14
Q14409	ENSG00000229894.5
Q14410	ENSG00000196475.6
Q14416	ENSG00000164082.16
Q14432	ENSG00000172572.8
Q14435	ENSG00000115339.16
Q14439	ENSG00000166073.12
Q14442	ENSG00000100564.10
Q14444	ENSG00000135387.22
Q14449	ENSG00000115290.12
Q14451	ENSG00000141738.15
Q14457	ENSG00000126581.14
Q14469	ENSG00000114315.5
Q14493	ENSG00000163950.14
Q14494	ENSG00000082641.17
Q14498	ENSG00000131051.25
Q14500	ENSG00000184185.11
Q14507	ENSG00000181562.5
Q14508	ENSG00000101443.19
Q14511	ENSG00000111859.18
Q14512	ENSG00000137440.6
Q14515	ENSG00000152583.14
Q14517	ENSG00000083857.16
Q14520	ENSG00000148702.16
Q14524	ENSG00000183873.21
Q14525	ENSG00000131738.11
Q14525	ENSG00000263012.1
Q14525	ENSG00000292028.1
Q14526	ENSG00000177374.14
Q14527	ENSG00000071794.17
Q14532	ENSG00000108759.4
Q14533	ENSG00000205426.11
Q14534	ENSG00000104549.13
Q14541	ENSG00000164749.13
Q14542	ENSG00000174669.13
Q14549	ENSG00000164900.5
Q14554	ENSG00000065485.21
Q14558	ENSG00000161542.18
Q14562	ENSG00000067596.13
Q14563	ENSG00000075213.12
Q14565	ENSG00000100206.12
Q14566	ENSG00000076003.6
Q14571	ENSG00000123104.12
Q14573	ENSG00000096433.12
Q14574	ENSG00000134762.17
Q14576	ENSG00000196361.11
Q14582	ENSG00000123933.18
Q14584	ENSG00000174652.21
Q14585	ENSG00000251247.14
Q14586	ENSG00000185947.16
Q14587	ENSG00000090612.23
Q14588	ENSG00000263002.9
Q14590	ENSG00000159917.18
Q14592	ENSG00000197714.10
Q14593	ENSG00000198039.13
Q14596	ENSG00000188554.16
Q14623	ENSG00000163501.7
Q14624	ENSG00000055955.18
Q14626	ENSG00000137070.20
Q14627	ENSG00000123496.9
Q14641	ENSG00000120211.4
Q14642	ENSG00000068383.20
Q14643	ENSG00000150995.21
Q14644	ENSG00000185989.12
Q14644	ENSG00000280477.2
Q14651	ENSG00000120756.14
Q14653	ENSG00000126456.17
Q14654	ENSG00000187486.8
Q14656	ENSG00000177854.9
Q14657	ENSG00000196976.8
Q14667	ENSG00000007202.17
Q14669	ENSG00000153827.16
Q14671	ENSG00000134644.17
Q14674	ENSG00000135476.13
Q14676	ENSG00000137337.17
Q14676	ENSG00000206481.11
Q14676	ENSG00000224587.9
Q14676	ENSG00000225589.9
Q14676	ENSG00000234012.9
Q14676	ENSG00000231135.9
Q14676	ENSG00000228575.9
Q14676	ENSG00000237095.9
Q14677	ENSG00000113282.15
Q14678	ENSG00000107104.22
Q14679	ENSG00000135912.12
Q14680	ENSG00000165304.9
Q14681	ENSG00000180901.11
Q14683	ENSG00000072501.20
Q14684	ENSG00000160208.13
Q14686	ENSG00000198646.15
Q14687	ENSG00000131149.20
Q14689	ENSG00000160305.20
Q14690	ENSG00000148843.16
Q14691	ENSG00000101003.12
Q14692	ENSG00000165733.9
Q14693	ENSG00000134324.13
Q14694	ENSG00000103194.17
Q14696	ENSG00000117899.12
Q14697	ENSG00000089597.19
Q14699	ENSG00000131378.15
Q14703	ENSG00000140943.18
Q14714	ENSG00000123096.13
Q14721	ENSG00000158445.10
Q14722	ENSG00000169282.19
Q14728	ENSG00000109736.16
Q14738	ENSG00000112640.17
Q14739	ENSG00000143815.16
Q14746	ENSG00000135775.15
Q14749	ENSG00000124713.7
Q14761	ENSG00000213402.3
Q14764	ENSG00000013364.20
Q14765	ENSG00000138378.21
Q14766	ENSG00000049323.17
Q14767	ENSG00000119681.13
Q14773	ENSG00000105371.11
Q14774	ENSG00000136630.14
Q14781	ENSG00000173894.11
Q14789	ENSG00000173230.18
Q14790	ENSG00000064012.25
Q147U1	ENSG00000196605.8
Q147U7	ENSG00000214097.6
Q147X3	ENSG00000139977.15
Q14802	ENSG00000089356.20
Q14802	ENSG00000285526.1
Q14807	ENSG00000079616.15
Q14814	ENSG00000116604.20
Q14814	ENSG00000291761.1
Q14831	ENSG00000196277.17
Q14832	ENSG00000198822.12
Q14833	ENSG00000124493.15
Q14839	ENSG00000111642.17
Q14847	ENSG00000002834.20
Q14849	ENSG00000131748.17
Q14863	ENSG00000184271.18
Q14865	ENSG00000150347.17
Q14872	ENSG00000188786.11
Q14894	ENSG00000103316.13
Q14896	ENSG00000134571.12
Q14914	ENSG00000106853.21
Q14916	ENSG00000124568.13
Q14919	ENSG00000175550.8
Q14929	ENSG00000175787.19
Q14934	ENSG00000100968.14
Q14934	ENSG00000285485.2
Q14938	ENSG00000008441.19
Q14940	ENSG00000135740.18
Q14943	ENSG00000275434.5
Q14952	ENSG00000277657.2
Q14952	ENSG00000278306.1
Q14952	ENSG00000277163.2
Q14952	ENSG00000284039.3
Q14952	ENSG00000288487.1
Q14953	ENSG00000275047.1
Q14953	ENSG00000274739.1
Q14953	ENSG00000277650.1
Q14953	ENSG00000284217.3
Q14953	ENSG00000288206.1
Q14953	ENSG00000288357.1
Q14954	ENSG00000276327.1
Q14954	ENSG00000278304.1
Q14954	ENSG00000278120.1
Q14954	ENSG00000273603.1
Q14954	ENSG00000275421.1
Q14954	ENSG00000273517.1
Q14954	ENSG00000284560.3
Q14954	ENSG00000284150.3
Q14954	ENSG00000284120.3
Q14956	ENSG00000136235.18
Q14957	ENSG00000161509.15
Q14964	ENSG00000179331.3
Q14966	ENSG00000075292.21
Q14973	ENSG00000100652.6
Q14974	ENSG00000108424.12
Q14978	ENSG00000166197.18
Q14980	ENSG00000137497.20
Q14982	ENSG00000183715.15
Q14990	ENSG00000155087.4
Q14993	ENSG00000082293.13
Q14994	ENSG00000143257.14
Q14995	ENSG00000174738.15
Q14997	ENSG00000068878.16
Q14999	ENSG00000044090.14
Q149M9	ENSG00000188039.17
Q149N8	ENSG00000146414.18
Q14BN4	ENSG00000163681.18
Q14C86	ENSG00000165219.24
Q14C87	ENSG00000151952.16
Q14CB8	ENSG00000213390.12
Q14CB8	ENSG00000269891.2
Q14CM0	ENSG00000169933.17
Q14CN2	ENSG00000016602.10
Q14CN4	ENSG00000170486.11
Q14CS0	ENSG00000215114.11
Q14CW9	ENSG00000087152.17
Q14CX5	ENSG00000138111.15
Q14CX7	ENSG00000111300.11
Q14CZ0	ENSG00000182831.13
Q14CZ7	ENSG00000124279.13
Q14CZ8	ENSG00000165478.9
Q14D04	ENSG00000197415.13
Q14D33	ENSG00000188011.5
Q14D33	ENSG00000277949.2
Q14DG7	ENSG00000139364.11
Q15003	ENSG00000121152.11
Q15004	ENSG00000166803.15
Q15004	ENSG00000259316.12
Q15005	ENSG00000118363.14
Q15006	ENSG00000104412.9
Q15007	ENSG00000146457.17
Q15008	ENSG00000163636.12
Q15011	ENSG00000051108.16
Q15012	ENSG00000068697.8
Q15013	ENSG00000124688.15
Q15014	ENSG00000123562.19
Q15018	ENSG00000165660.9
Q15019	ENSG00000168385.19
Q15020	ENSG00000075856.13
Q15021	ENSG00000010292.14
Q15022	ENSG00000178691.13
Q15024	ENSG00000075914.14
Q15025	ENSG00000145901.19
Q15027	ENSG00000072818.13
Q15027	ENSG00000288169.1
Q15029	ENSG00000108883.14
Q15031	ENSG00000011376.13
Q15032	ENSG00000048991.19
Q15034	ENSG00000138641.20
Q15035	ENSG00000065308.6
Q15036	ENSG00000115234.12
Q15038	ENSG00000183283.17
Q15040	ENSG00000100221.12
Q15041	ENSG00000170540.17
Q15042	ENSG00000115839.21
Q15043	ENSG00000104635.16
Q15046	ENSG00000065427.16
Q15047	ENSG00000143379.14
Q15048	ENSG00000160959.9
Q15049	ENSG00000100427.17
Q15050	ENSG00000179041.4
Q15051	ENSG00000173226.18
Q15052	ENSG00000129675.17
Q15053	ENSG00000235750.11
Q15054	ENSG00000077514.10
Q15056	ENSG00000106682.16
Q15057	ENSG00000114331.17
Q15058	ENSG00000118193.13
Q15059	ENSG00000169925.18
Q15061	ENSG00000163811.13
Q15063	ENSG00000133110.16
Q15067	ENSG00000161533.13
Q15070	ENSG00000155463.15
Q15072	ENSG00000167635.13
Q15075	ENSG00000102189.18
Q15077	ENSG00000171631.17
Q15078	ENSG00000176749.10
Q15080	ENSG00000100365.16
Q15084	ENSG00000143870.14
Q15102	ENSG00000079462.9
Q15109	ENSG00000204305.17
Q15109	ENSG00000206320.12
Q15109	ENSG00000229058.10
Q15109	ENSG00000230514.11
Q15109	ENSG00000231268.9
Q15109	ENSG00000237405.10
Q15109	ENSG00000234729.9
Q15111	ENSG00000115896.17
Q15113	ENSG00000106333.14
Q15116	ENSG00000188389.13
Q15116	ENSG00000276977.3
Q15118	ENSG00000152256.15
Q15119	ENSG00000005882.13
Q15120	ENSG00000067992.18
Q15121	ENSG00000162734.14
Q15124	ENSG00000154330.14
Q15125	ENSG00000147155.12
Q15126	ENSG00000163344.7
Q15131	ENSG00000185324.23
Q15139	ENSG00000184304.17
Q15147	ENSG00000101333.20
Q15149	ENSG00000178209.18
Q15154	ENSG00000078674.21
Q15155	ENSG00000103512.17
Q15155	ENSG00000274779.4
Q15165	ENSG00000105854.14
Q15166	ENSG00000105852.12
Q15170	ENSG00000172465.15
Q15172	ENSG00000066027.13
Q15173	ENSG00000068971.15
Q15181	ENSG00000180817.13
Q15185	ENSG00000110958.17
Q15198	ENSG00000104213.14
Q15208	ENSG00000112079.11
Q15223	ENSG00000110400.11
Q15233	ENSG00000147140.18
Q15238	ENSG00000204941.14
Q15256	ENSG00000153233.13
Q15257	ENSG00000119383.22
Q15262	ENSG00000152894.16
Q15262	ENSG00000273993.4
Q15269	ENSG00000241945.9
Q15270	ENSG00000235608.2
Q15274	ENSG00000103485.20
Q15276	ENSG00000029725.18
Q15283	ENSG00000155903.15
Q15286	ENSG00000111737.13
Q15287	ENSG00000205937.12
Q15291	ENSG00000117222.15
Q15293	ENSG00000049449.11
Q15293	ENSG00000285283.1
Q15303	ENSG00000178568.16
Q15306	ENSG00000137265.17
Q15311	ENSG00000017797.14
Q15319	ENSG00000091010.7
Q15323	ENSG00000094796.5
Q15323	ENSG00000262993.1
Q15323	ENSG00000292029.1
Q15326	ENSG00000015171.22
Q15327	ENSG00000148677.8
Q15329	ENSG00000133740.12
Q15334	ENSG00000131899.14
Q15345	ENSG00000132128.19
Q15349	ENSG00000071242.14
Q15361	ENSG00000125482.14
Q15363	ENSG00000086598.12
Q15365	ENSG00000169564.7
Q15366	ENSG00000197111.17
Q15369	ENSG00000154582.19
Q15370	ENSG00000103363.17
Q15375	ENSG00000135333.16
Q15382	ENSG00000106615.11
Q15386	ENSG00000009335.20
Q15388	ENSG00000173726.12
Q15389	ENSG00000154188.11
Q15390	ENSG00000066855.17
Q15391	ENSG00000174944.10
Q15392	ENSG00000116133.14
Q15393	ENSG00000189091.14
Q15397	ENSG00000080608.11
Q15398	ENSG00000126787.14
Q15399	ENSG00000174125.10
Q15404	ENSG00000148484.19
Q15406	ENSG00000148200.18
Q15413	ENSG00000198838.15
Q15415	ENSG00000226941.9
Q15415	ENSG00000169800.14
Q15417	ENSG00000117519.17
Q15418	ENSG00000117676.15
Q15418	ENSG00000281877.3
Q15424	ENSG00000160633.14
Q15427	ENSG00000143368.11
Q15428	ENSG00000104897.11
Q15431	ENSG00000198765.12
Q15434	ENSG00000076067.15
Q15435	ENSG00000115685.16
Q15436	ENSG00000100934.16
Q15437	ENSG00000101310.18
Q15438	ENSG00000108669.19
Q15459	ENSG00000099995.20
Q15464	ENSG00000107338.11
Q15464	ENSG00000255872.3
Q15465	ENSG00000164690.8
Q15466	ENSG00000131910.5
Q15468	ENSG00000123473.18
Q15475	ENSG00000126778.13
Q15477	ENSG00000204351.14
Q15477	ENSG00000206353.11
Q15477	ENSG00000232616.9
Q15477	ENSG00000228896.9
Q15477	ENSG00000223493.9
Q15477	ENSG00000225737.9
Q15485	ENSG00000160339.17
Q15493	ENSG00000130988.14
Q15506	ENSG00000064199.8
Q15517	ENSG00000137197.6
Q15517	ENSG00000204539.4
Q15517	ENSG00000237123.2
Q15517	ENSG00000237114.2
Q15517	ENSG00000237165.2
Q15526	ENSG00000148290.11
Q15526	ENSG00000280627.3
Q15527	ENSG00000148291.11
Q15527	ENSG00000281024.3
Q15528	ENSG00000148297.17
Q15528	ENSG00000281022.3
Q15532	ENSG00000141380.15
Q15542	ENSG00000148835.13
Q15543	ENSG00000197780.11
Q15544	ENSG00000064995.20
Q15545	ENSG00000178913.9
Q15546	ENSG00000108960.10
Q15554	ENSG00000132604.12
Q15555	ENSG00000166974.14
Q15560	ENSG00000171703.18
Q15561	ENSG00000197905.10
Q15562	ENSG00000074219.15
Q15569	ENSG00000107140.18
Q15572	ENSG00000103168.18
Q15573	ENSG00000143498.19
Q15582	ENSG00000120708.17
Q15583	ENSG00000177426.23
Q15596	ENSG00000140396.14
Q15599	ENSG00000065054.15
Q155Q3	ENSG00000150764.15
Q15612	ENSG00000165202.3
Q15615	ENSG00000141194.7
Q15617	ENSG00000197849.7
Q15619	ENSG00000221888.4
Q15620	ENSG00000197125.3
Q15622	ENSG00000188269.10
Q15628	ENSG00000102871.17
Q15629	ENSG00000067167.9
Q15631	ENSG00000211460.13
Q15633	ENSG00000139546.12
Q15637	ENSG00000168066.23
Q15642	ENSG00000125733.19
Q15643	ENSG00000100815.13
Q15645	ENSG00000071539.15
Q15646	ENSG00000135114.14
Q15648	ENSG00000125686.13
Q15649	ENSG00000273611.6
Q15649	ENSG00000278574.4
Q15650	ENSG00000103671.11
Q15651	ENSG00000118418.17
Q15652	ENSG00000171988.20
Q15653	ENSG00000104825.18
Q15653	ENSG00000282905.2
Q15654	ENSG00000087077.15
Q15661	ENSG00000172236.20
Q15669	ENSG00000168421.15
Q15672	ENSG00000122691.13
Q15678	ENSG00000152104.12
Q15691	ENSG00000101367.10
Q15696	ENSG00000169249.15
Q15697	ENSG00000103343.14
Q15699	ENSG00000180318.4
Q15700	ENSG00000150672.19
Q15714	ENSG00000102804.17
Q15717	ENSG00000066044.16
Q15722	ENSG00000213903.10
Q15722	ENSG00000285456.2
Q15723	ENSG00000109381.22
Q15726	ENSG00000170498.11
Q15735	ENSG00000185133.15
Q15738	ENSG00000147383.12
Q15738	ENSG00000292192.1
Q15742	ENSG00000166886.14
Q15743	ENSG00000119714.12
Q15744	ENSG00000092067.7
Q15746	ENSG00000065534.21
Q15750	ENSG00000100324.15
Q15751	ENSG00000103657.14
Q15758	ENSG00000105281.14
Q15759	ENSG00000185386.16
Q15760	ENSG00000183150.9
Q15761	ENSG00000164129.13
Q15762	ENSG00000150637.10
Q15768	ENSG00000108947.5
Q15771	ENSG00000137502.11
Q15772	ENSG00000072195.15
Q15773	ENSG00000089693.12
Q15776	ENSG00000198315.12
Q15777	ENSG00000066382.18
Q15782	ENSG00000064886.15
Q15784	ENSG00000171532.6
Q15785	ENSG00000025772.9
Q15788	ENSG00000084676.17
Q15796	ENSG00000175387.17
Q15797	ENSG00000170365.11
Q15800	ENSG00000052802.14
Q15811	ENSG00000205726.16
Q15813	ENSG00000284770.3
Q15813	ENSG00000285053.1
Q15814	ENSG00000124659.7
Q15818	ENSG00000171246.7
Q15819	ENSG00000169139.13
Q15822	ENSG00000120903.13
Q15825	ENSG00000147434.9
Q15828	ENSG00000175315.3
Q15831	ENSG00000118046.19
Q15833	ENSG00000076944.18
Q15834	ENSG00000175602.4
Q15835	ENSG00000185974.7
Q15835	ENSG00000288263.1
Q15836	ENSG00000049245.13
Q15842	ENSG00000121361.6
Q15843	ENSG00000129559.14
Q15843	ENSG00000285246.2
Q15846	ENSG00000079101.18
Q15847	ENSG00000148671.16
Q15848	ENSG00000181092.11
Q15849	ENSG00000132874.15
Q15853	ENSG00000105698.17
Q15858	ENSG00000169432.19
Q15878	ENSG00000198216.14
Q15884	ENSG00000135063.21
Q15904	ENSG00000071553.19
Q15906	ENSG00000163159.16
Q15907	ENSG00000185236.13
Q15910	ENSG00000106462.13
Q15911	ENSG00000140836.17
Q15915	ENSG00000152977.10
Q15916	ENSG00000186130.6
Q15928	ENSG00000131127.15
Q15935	ENSG00000175691.10
Q15937	ENSG00000196152.11
Q15942	ENSG00000159840.17
Q15942	ENSG00000285443.2
Q15973	ENSG00000196418.14
Q16082	ENSG00000170276.7
Q16082	ENSG00000254445.1
Q16099	ENSG00000149403.14
Q16134	ENSG00000171503.14
Q16143	ENSG00000074317.12
Q16181	ENSG00000122545.22
Q16186	ENSG00000130706.14
Q16204	ENSG00000108091.12
Q16206	ENSG00000165675.21
Q16222	ENSG00000117143.15
Q16236	ENSG00000116044.18
Q16254	ENSG00000205250.10
Q16270	ENSG00000163453.12
Q16280	ENSG00000183862.6
Q16281	ENSG00000144191.13
Q16288	ENSG00000140538.18
Q16322	ENSG00000143105.7
Q16342	ENSG00000071994.11
Q16348	ENSG00000163406.12
Q16352	ENSG00000148798.12
Q16363	ENSG00000112769.21
Q16378	ENSG00000111215.13
Q16378	ENSG00000263247.6
Q16378	ENSG00000282269.1
Q16384	ENSG00000126752.8
Q16385	ENSG00000241476.9
Q16385	ENSG00000268447.6
Q16394	ENSG00000182197.13
Q16401	ENSG00000095261.15
Q16445	ENSG00000145863.11
Q16478	ENSG00000105737.11
Q16512	ENSG00000123143.14
Q16513	ENSG00000065243.21
Q16514	ENSG00000120656.15
Q16515	ENSG00000108684.15
Q16517	ENSG00000053438.11
Q16518	ENSG00000116745.8
Q16520	ENSG00000156127.8
Q16526	ENSG00000008405.13
Q16527	ENSG00000175183.11
Q16531	ENSG00000167986.16
Q16533	ENSG00000023608.6
Q16534	ENSG00000108924.14
Q16537	ENSG00000154001.15
Q16538	ENSG00000250510.9
Q16539	ENSG00000112062.14
Q16540	ENSG00000214026.12
Q16540	ENSG00000288141.1
Q16543	ENSG00000105401.11
Q16548	ENSG00000140379.9
Q16549	ENSG00000160613.16
Q16552	ENSG00000112115.7
Q16553	ENSG00000160932.12
Q16553	ENSG00000278032.2
Q16555	ENSG00000092964.18
Q16557	ENSG00000221826.10
Q16558	ENSG00000145936.10
Q16559	ENSG00000186051.7
Q16560	ENSG00000184209.16
Q16563	ENSG00000008282.11
Q16566	ENSG00000152495.12
Q16568	ENSG00000164326.5
Q16570	ENSG00000213088.15
Q16572	ENSG00000187714.7
Q16576	ENSG00000102054.19
Q16581	ENSG00000171860.6
Q16584	ENSG00000173327.10
Q16585	ENSG00000163069.14
Q16586	ENSG00000108823.18
Q16587	ENSG00000185252.20
Q16589	ENSG00000138764.16
Q16594	ENSG00000273841.7
Q16594	ENSG00000276463.4
Q16595	ENSG00000165060.16
Q16595	ENSG00000285130.2
Q16600	ENSG00000196793.15
Q16602	ENSG00000064989.14
Q16610	ENSG00000143369.16
Q16611	ENSG00000030110.15
Q16612	ENSG00000134986.15
Q16613	ENSG00000129673.11
Q16617	ENSG00000105374.11
Q16619	ENSG00000150281.7
Q16620	ENSG00000148053.19
Q16621	ENSG00000123405.15
Q16623	ENSG00000106089.13
Q16625	ENSG00000197822.13
Q16626	ENSG00000124733.5
Q16627	ENSG00000276409.6
Q16627	ENSG00000277236.4
Q16629	ENSG00000115875.20
Q16630	ENSG00000111605.19
Q16633	ENSG00000110777.12
Q16635	ENSG00000102125.18
Q16637	ENSG00000172062.18
Q16637	ENSG00000205571.16
Q16637	ENSG00000277773.4
Q16637	ENSG00000273772.4
Q16637	ENSG00000275349.4
Q16643	ENSG00000113758.15
Q16644	ENSG00000114738.12
Q16647	ENSG00000124212.7
Q16649	ENSG00000165030.6
Q16650	ENSG00000136535.15
Q16651	ENSG00000052344.17
Q16653	ENSG00000137345.19
Q16653	ENSG00000204655.13
Q16653	ENSG00000237834.9
Q16653	ENSG00000234623.9
Q16653	ENSG00000234096.9
Q16653	ENSG00000236561.9
Q16653	ENSG00000230885.9
Q16653	ENSG00000232641.10
Q16654	ENSG00000004799.9
Q16655	ENSG00000120215.10
Q16656	ENSG00000106459.16
Q16658	ENSG00000075618.19
Q16659	ENSG00000069956.15
Q16661	ENSG00000044012.4
Q16663	ENSG00000275688.4
Q16663	ENSG00000275528.2
Q16663	ENSG00000275718.2
Q16665	ENSG00000100644.18
Q16666	ENSG00000163565.21
Q16667	ENSG00000100526.22
Q16670	ENSG00000197062.13
Q16671	ENSG00000135409.12
Q16674	ENSG00000261857.8
Q16676	ENSG00000251493.5
Q16678	ENSG00000138061.14
Q16690	ENSG00000138166.7
Q16695	ENSG00000168148.4
Q16695	ENSG00000285435.3
Q16696	ENSG00000197838.6
Q16698	ENSG00000104325.8
Q16706	ENSG00000112893.11
Q16718	ENSG00000128609.17
Q16719	ENSG00000115919.16
Q16720	ENSG00000067842.20
Q16739	ENSG00000148154.11
Q16740	ENSG00000125656.13
Q16760	ENSG00000077044.12
Q16762	ENSG00000128311.15
Q16763	ENSG00000108106.15
Q16769	ENSG00000115828.18
Q16772	ENSG00000174156.16
Q16773	ENSG00000171097.15
Q16774	ENSG00000143774.19
Q16775	ENSG00000063854.14
Q16777	ENSG00000184260.6
Q16778	ENSG00000184678.11
Q16787	ENSG00000053747.17
Q16790	ENSG00000107159.15
Q16795	ENSG00000139180.12
Q16798	ENSG00000151376.20
Q16799	ENSG00000139970.19
Q16816	ENSG00000164776.12
Q16819	ENSG00000112818.12
Q16820	ENSG00000141434.12
Q16821	ENSG00000154415.8
Q16822	ENSG00000100889.13
Q16822	ENSG00000285241.2
Q16825	ENSG00000070778.14
Q16827	ENSG00000151490.16
Q16828	ENSG00000139318.9
Q16829	ENSG00000164086.10
Q16831	ENSG00000183696.15
Q16832	ENSG00000162733.20
Q16836	ENSG00000138796.19
Q16842	ENSG00000157350.14
Q16849	ENSG00000054356.15
Q16850	ENSG00000001630.19
Q16851	ENSG00000169764.17
Q16853	ENSG00000131471.7
Q16854	ENSG00000114956.21
Q16864	ENSG00000128524.5
Q16873	ENSG00000213316.11
Q16873	ENSG00000283887.2
Q16875	ENSG00000170525.22
Q16877	ENSG00000114268.13
Q16878	ENSG00000129596.6
Q16880	ENSG00000174607.13
Q16881	ENSG00000198431.18
Q16890	ENSG00000111907.21
Q16891	ENSG00000132305.23
Q17R31	ENSG00000203705.12
Q17R55	ENSG00000177558.4
Q17R60	ENSG00000112706.12
Q17R89	ENSG00000006740.19
Q17R98	ENSG00000151612.19
Q17RB0	ENSG00000212747.5
Q17RB8	ENSG00000154359.14
Q17RC7	ENSG00000205436.9
Q17RD7	ENSG00000139973.19
Q17RF5	ENSG00000174792.11
Q17RG1	ENSG00000168676.11
Q17RM4	ENSG00000135637.16
Q17RN3	ENSG00000130244.14
Q17RP2	ENSG00000164296.8
Q17RQ9	ENSG00000179846.11
Q17RR3	ENSG00000203837.5
Q17RS7	ENSG00000178295.16
Q17RW2	ENSG00000171502.15
Q17RY0	ENSG00000113742.14
Q17RY6	ENSG00000160886.13
Q18PE1	ENSG00000175920.18
Q19AV6	ENSG00000214941.9
Q19T08	ENSG00000279686.1
Q19T08	ENSG00000249751.5
Q19T08	ENSG00000288260.1
Q19T08	ENSG00000288297.1
Q1A5X6	ENSG00000214216.11
Q1ED39	ENSG00000103550.15
Q1EHB4	ENSG00000148942.16
Q1HG43	ENSG00000140254.14
Q1HG44	ENSG00000140274.15
Q1KMD3	ENSG00000214753.5
Q1L5Z9	ENSG00000170500.13
Q1L6U9	ENSG00000215183.5
Q1MSJ5	ENSG00000104218.17
Q1MX18	ENSG00000188487.13
Q1RMZ1	ENSG00000164603.13
Q1W4C9	ENSG00000214510.10
Q1W6H9	ENSG00000184731.6
Q1X8D7	ENSG00000159708.18
Q1XH10	ENSG00000180592.17
Q1ZYL8	ENSG00000099840.14
Q24JP5	ENSG00000006118.15
Q24JQ0	ENSG00000134490.15
Q27J81	ENSG00000203485.15
Q29980	ENSG00000204516.10
Q29980	ENSG00000206449.11
Q29980	ENSG00000238289.9
Q29980	ENSG00000234218.9
Q29980	ENSG00000231179.9
Q29980	ENSG00000227772.8
Q29983	ENSG00000183214.12
Q29983	ENSG00000235233.9
Q29RF7	ENSG00000121892.16
Q2HXU8	ENSG00000256660.7
Q2I0M4	ENSG00000184709.7
Q2I0M5	ENSG00000101282.10
Q2KHM9	ENSG00000198920.11
Q2KHN1	ENSG00000179580.10
Q2KHN1	ENSG00000291936.1
Q2KHR2	ENSG00000181827.17
Q2KHT3	ENSG00000038532.18
Q2KHT4	ENSG00000111305.19
Q2KJY2	ENSG00000162849.16
Q2L4Q9	ENSG00000151006.8
Q2LD37	ENSG00000138688.17
Q2M1K9	ENSG00000102935.12
Q2M1P5	ENSG00000166813.18
Q2M1V0	ENSG00000175329.14
Q2M1Z3	ENSG00000031081.12
Q2M218	ENSG00000221994.13
Q2M243	ENSG00000162592.10
Q2M296	ENSG00000103248.20
Q2M2D7	ENSG00000189375.12
Q2M2E3	ENSG00000184650.11
Q2M2H8	ENSG00000257743.9
Q2M2H8	ENSG00000278563.2
Q2M2I3	ENSG00000105523.5
Q2M2I5	ENSG00000167916.5
Q2M2I8	ENSG00000115977.22
Q2M2W7	ENSG00000186665.11
Q2M2Z5	ENSG00000088970.17
Q2M329	ENSG00000173013.6
Q2M385	ENSG00000197629.7
Q2M389	ENSG00000136051.16
Q2M3C6	ENSG00000169758.14
Q2M3C7	ENSG00000153820.13
Q2M3D2	ENSG00000283632.5
Q2M3G0	ENSG00000004846.17
Q2M3G4	ENSG00000164403.16
Q2M3M2	ENSG00000117834.14
Q2M3R5	ENSG00000176273.16
Q2M3T9	ENSG00000106302.11
Q2M3V2	ENSG00000198944.6
Q2M3W8	ENSG00000197841.16
Q2M3X9	ENSG00000251192.9
Q2M5E4	ENSG00000253148.1
Q2MJR0	ENSG00000188766.14
Q2MKA7	ENSG00000169218.15
Q2MV58	ENSG00000204852.18
Q2NKJ3	ENSG00000178971.18
Q2NKQ1	ENSG00000167037.20
Q2NKX8	ENSG00000186871.7
Q2NKX9	ENSG00000168887.12
Q2NL67	ENSG00000137817.19
Q2NL68	ENSG00000167595.17
Q2NL82	ENSG00000167721.12
Q2NL98	ENSG00000187650.4
Q2NL98	ENSG00000292061.1
Q2PPJ7	ENSG00000188559.17
Q2PZI1	ENSG00000173852.17
Q2Q1W2	ENSG00000206557.7
Q2Q1W2	ENSG00000291501.1
Q2QD12	ENSG00000235376.5
Q2QGD7	ENSG00000070476.16
Q2QL34	ENSG00000156968.9
Q2QL34	ENSG00000275543.4
Q2T9J0	ENSG00000156521.15
Q2T9K0	ENSG00000145014.19
Q2T9L4	ENSG00000205363.8
Q2TAA2	ENSG00000134330.19
Q2TAA5	ENSG00000253710.5
Q2TAA8	ENSG00000102904.16
Q2TAC2	ENSG00000176155.22
Q2TAC6	ENSG00000196169.16
Q2TAK8	ENSG00000160953.18
Q2TAL5	ENSG00000188176.13
Q2TAL6	ENSG00000188730.6
Q2TAL8	ENSG00000198218.13
Q2TAM9	ENSG00000198680.6
Q2TAP0	ENSG00000155265.13
Q2TAY7	ENSG00000122692.10
Q2TAZ0	ENSG00000110046.15
Q2TB10	ENSG00000048405.12
Q2TB18	ENSG00000034533.13
Q2TB90	ENSG00000156510.14
Q2TBA0	ENSG00000157119.13
Q2TBC4	ENSG00000124593.16
Q2TBC4	ENSG00000278224.8
Q2TBE0	ENSG00000152404.17
Q2TBF2	ENSG00000075035.11
Q2UY09	ENSG00000215018.10
Q2V2M9	ENSG00000134775.17
Q2VIQ3	ENSG00000226650.6
Q2VIR3	ENSG00000180574.4
Q2VPA4	ENSG00000197721.17
Q2VPB7	ENSG00000254470.4
Q2VPJ9	ENSG00000178026.14
Q2VPK5	ENSG00000174177.14
Q2VWA4	ENSG00000215474.9
Q2VWP7	ENSG00000166450.13
Q2VY69	ENSG00000186026.8
Q2VYF4	ENSG00000165046.14
Q2WEN9	ENSG00000213892.12
Q2WGJ6	ENSG00000175946.9
Q2WGJ8	ENSG00000261587.3
Q2WGJ8	ENSG00000285272.1
Q2WGJ9	ENSG00000214814.7
Q2WGN9	ENSG00000215568.9
Q2Y0W8	ENSG00000050438.18
Q2YD98	ENSG00000163945.20
Q30154	ENSG00000198502.8
Q30201	ENSG00000010704.20
Q304Z4	ENSG00000293569.1
Q30KP8	ENSG00000205884.2
Q30KP8	ENSG00000285087.1
Q30KP9	ENSG00000205883.3
Q30KP9	ENSG00000285365.2
Q30KQ4	ENSG00000215545.1
Q30KQ5	ENSG00000215547.1
Q30KQ6	ENSG00000177684.4
Q30KQ7	ENSG00000214642.1
Q30KQ9	ENSG00000203970.4
Q30KR1	ENSG00000205989.2
Q30KR1	ENSG00000206034.2
Q32M45	ENSG00000151572.19
Q32M45	ENSG00000262139.9
Q32M78	ENSG00000196110.9
Q32M84	ENSG00000138152.10
Q32M88	ENSG00000142102.17
Q32MH5	ENSG00000047346.14
Q32MK0	ENSG00000140795.14
Q32MQ0	ENSG00000141579.7
Q32MZ4	ENSG00000124831.21
Q32NB8	ENSG00000087157.20
Q32NC0	ENSG00000141428.17
Q32P28	ENSG00000117385.17
Q32P41	ENSG00000126814.8
Q32P44	ENSG00000149499.13
Q32P51	ENSG00000139675.13
Q32ZL2	ENSG00000117598.15
Q330K2	ENSG00000156170.15
Q33E94	ENSG00000111783.14
Q38SD2	ENSG00000154237.13
Q3B726	ENSG00000105849.7
Q3B7I2	ENSG00000146910.14
Q3B7J2	ENSG00000141098.14
Q3B7S5	ENSG00000206026.7
Q3B7T1	ENSG00000107938.19
Q3B7T3	ENSG00000166546.15
Q3B820	ENSG00000170264.14
Q3B8N2	ENSG00000170298.17
Q3B8N5	ENSG00000119608.15
Q3BBV0	ENSG00000219481.11
Q3BBV2	ENSG00000270231.6
Q3C1V0	ENSG00000214782.8
Q3C1V1	ENSG00000205177.7
Q3C1V8	ENSG00000188909.5
Q3I5F7	ENSG00000205669.4
Q3KNS6	ENSG00000185869.16
Q3KNT9	ENSG00000182896.13
Q3KNT9	ENSG00000288511.3
Q3KNV8	ENSG00000185619.20
Q3KNW1	ENSG00000185669.6
Q3KNW5	ENSG00000145283.8
Q3KP22	ENSG00000168070.13
Q3KP31	ENSG00000173875.14
Q3KP44	ENSG00000164512.18
Q3KP66	ENSG00000163362.12
Q3KPI0	ENSG00000007129.19
Q3KPI0	ENSG00000278565.4
Q3KQU3	ENSG00000116871.17
Q3KQV3	ENSG00000180884.11
Q3KQV9	ENSG00000197355.12
Q3KQZ1	ENSG00000125434.12
Q3KR16	ENSG00000008323.17
Q3KR37	ENSG00000023171.21
Q3KRA6	ENSG00000186132.16
Q3KRA9	ENSG00000239382.12
Q3KRB8	ENSG00000285077.4
Q3KRB8	ENSG00000284906.3
Q3KRB8	ENSG00000274734.1
Q3KRB8	ENSG00000286139.2
Q3L8U1	ENSG00000177200.18
Q3LHN0	ENSG00000232263.1
Q3LHN1	ENSG00000231068.1
Q3LHN2	ENSG00000186965.5
Q3LI54	ENSG00000206102.2
Q3LI58	ENSG00000187005.5
Q3LI59	ENSG00000187026.3
Q3LI60	ENSG00000206104.2
Q3LI61	ENSG00000184032.3
Q3LI62	ENSG00000206105.2
Q3LI63	ENSG00000244624.3
Q3LI64	ENSG00000184724.5
Q3LI66	ENSG00000186930.4
Q3LI67	ENSG00000212938.4
Q3LI68	ENSG00000206106.2
Q3LI70	ENSG00000186925.6
Q3LI72	ENSG00000186977.3
Q3LI73	ENSG00000186967.7
Q3LI76	ENSG00000186970.5
Q3LI77	ENSG00000186971.4
Q3LI81	ENSG00000206107.2
Q3LI83	ENSG00000188694.6
Q3LIE5	ENSG00000170222.13
Q3LXA3	ENSG00000149476.17
Q3MHD2	ENSG00000161654.11
Q3MII6	ENSG00000068354.17
Q3MIN7	ENSG00000205517.14
Q3MIP1	ENSG00000205730.7
Q3MIR4	ENSG00000182107.7
Q3MIS6	ENSG00000167555.15
Q3MIT2	ENSG00000162927.16
Q3MIV0	ENSG00000186924.3
Q3MIW9	ENSG00000232251.5
Q3MIW9	ENSG00000229284.4
Q3MIX3	ENSG00000173137.13
Q3MIX3	ENSG00000285451.2
Q3MJ13	ENSG00000166415.16
Q3MJ16	ENSG00000188089.14
Q3MJ62	ENSG00000187987.11
Q3MUY2	ENSG00000255072.2
Q3SX64	ENSG00000181781.10
Q3SXM0	ENSG00000182308.7
Q3SXM5	ENSG00000103160.13
Q3SXP7	ENSG00000138944.8
Q3SXY7	ENSG00000183423.13
Q3SXY8	ENSG00000169379.17
Q3SXZ3	ENSG00000250312.8
Q3SXZ7	ENSG00000131044.19
Q3SY00	ENSG00000175513.10
Q3SY17	ENSG00000141437.10
Q3SY46	ENSG00000240432.4
Q3SY52	ENSG00000171649.12
Q3SY56	ENSG00000189120.6
Q3SY69	ENSG00000136010.15
Q3SY77	ENSG00000168671.11
Q3SY84	ENSG00000139648.7
Q3SYB3	ENSG00000273514.2
Q3SYC2	ENSG00000166391.16
Q3SYF9	ENSG00000244362.3
Q3SYG4	ENSG00000122507.22
Q3T8J9	ENSG00000116580.21
Q3T906	ENSG00000111670.17
Q3V5L5	ENSG00000167889.14
Q3V6T2	ENSG00000115355.19
Q3YBM2	ENSG00000106565.20
Q3YBR2	ENSG00000154144.14
Q3YEC7	ENSG00000196642.20
Q3ZAQ7	ENSG00000160131.15
Q3ZCM7	ENSG00000261456.6
Q3ZCN5	ENSG00000165899.12
Q3ZCQ2	ENSG00000177721.5
Q3ZCQ3	ENSG00000185442.14
Q3ZCQ8	ENSG00000105197.12
Q3ZCT1	ENSG00000254004.8
Q3ZCT8	ENSG00000187715.14
Q3ZCU0	ENSG00000179240.13
Q3ZCV2	ENSG00000162398.12
Q3ZCW2	ENSG00000119862.14
Q3ZCX4	ENSG00000198453.16
Q3ZM63	ENSG00000224107.5
Q3ZM63	ENSG00000238210.4
Q400G9	ENSG00000174945.15
Q401N2	ENSG00000186919.13
Q460N3	ENSG00000173200.14
Q460N5	ENSG00000173193.16
Q494R4	ENSG00000248712.9
Q494U1	ENSG00000187583.12
Q494V2	ENSG00000163885.13
Q494W8	ENSG00000166664.16
Q494X3	ENSG00000176222.11
Q495A1	ENSG00000181847.13
Q495B1	ENSG00000166839.19
Q495C1	ENSG00000178222.14
Q495M3	ENSG00000186335.9
Q495M9	ENSG00000182040.9
Q495N2	ENSG00000186334.10
Q495T6	ENSG00000142606.16
Q495T6	ENSG00000277131.4
Q495W5	ENSG00000196968.11
Q495X7	ENSG00000176979.14
Q495Y8	ENSG00000205238.12
Q495Y8	ENSG00000173678.15
Q496A3	ENSG00000249481.8
Q496F6	ENSG00000186407.9
Q496H8	ENSG00000188038.8
Q496J9	ENSG00000122012.14
Q496M5	ENSG00000185988.16
Q496Y0	ENSG00000175556.19
Q499Z3	ENSG00000171790.17
Q499Z4	ENSG00000171161.14
Q49A17	ENSG00000174473.17
Q49A26	ENSG00000140632.18
Q49A88	ENSG00000175455.17
Q49A92	ENSG00000165084.17
Q49AA0	ENSG00000187815.11
Q49AG3	ENSG00000236287.9
Q49AH0	ENSG00000185267.11
Q49AJ0	ENSG00000147724.12
Q49AM1	ENSG00000120832.12
Q49AM3	ENSG00000115282.22
Q49AN0	ENSG00000121671.13
Q49AR2	ENSG00000082213.19
Q49B96	ENSG00000240230.6
Q49MG5	ENSG00000164114.20
Q49MI3	ENSG00000188452.15
Q49SQ1	ENSG00000214943.5
Q4AC94	ENSG00000168014.19
Q4AC99	ENSG00000205126.2
Q4ADV7	ENSG00000107036.13
Q4AE62	ENSG00000121964.16
Q4FZB7	ENSG00000110066.16
Q4G0A6	ENSG00000106125.15
Q4G0F5	ENSG00000151502.12
Q4G0G5	ENSG00000205209.8
Q4G0I0	ENSG00000174109.5
Q4G0J3	ENSG00000174720.19
Q4G0M1	ENSG00000178752.16
Q4G0N0	ENSG00000204136.13
Q4G0N4	ENSG00000152620.14
Q4G0N7	ENSG00000203778.9
Q4G0N8	ENSG00000172139.15
Q4G0N8	ENSG00000285044.2
Q4G0P3	ENSG00000157423.18
Q4G0S4	ENSG00000186684.15
Q4G0S7	ENSG00000198865.11
Q4G0T1	ENSG00000214279.13
Q4G0U5	ENSG00000163075.14
Q4G0W2	ENSG00000188542.10
Q4G0X4	ENSG00000188997.9
Q4G0X9	ENSG00000141519.16
Q4G0X9	ENSG00000291505.1
Q4G0Z9	ENSG00000178460.19
Q4G112	ENSG00000176160.11
Q4G148	ENSG00000151233.12
Q4G163	ENSG00000156509.14
Q4G176	ENSG00000176715.18
Q4G1C9	ENSG00000180481.12
Q4J6C6	ENSG00000138078.17
Q4JDL3	ENSG00000204179.12
Q4KMG0	ENSG00000064309.17
Q4KMG9	ENSG00000165685.10
Q4KMP7	ENSG00000169221.15
Q4KMQ1	ENSG00000176058.14
Q4KMQ2	ENSG00000177119.18
Q4KMZ1	ENSG00000160051.13
Q4KMZ8	ENSG00000084628.11
Q4KWH8	ENSG00000114805.19
Q4L180	ENSG00000168386.19
Q4L235	ENSG00000157426.15
Q4LDE5	ENSG00000165124.19
Q4LDG9	ENSG00000119661.16
Q4LDR2	ENSG00000205279.9
Q4LE39	ENSG00000054267.23
Q4LEZ3	ENSG00000205002.4
Q4QY38	ENSG00000205882.9
Q4QY38	ENSG00000284754.2
Q4U2R6	ENSG00000111639.9
Q4U2R8	ENSG00000197901.13
Q4V321	ENSG00000274274.3
Q4V326	ENSG00000275113.1
Q4V328	ENSG00000068400.15
Q4V328	ENSG00000292219.1
Q4V339	ENSG00000215126.13
Q4V9L6	ENSG00000183160.10
Q4VC05	ENSG00000110987.10
Q4VC12	ENSG00000166343.10
Q4VC31	ENSG00000160124.10
Q4VC39	ENSG00000175202.7
Q4VC44	ENSG00000059122.18
Q4VCS5	ENSG00000126016.17
Q4VNC0	ENSG00000187527.12
Q4VNC1	ENSG00000127249.16
Q4VX76	ENSG00000164674.18
Q4VXA5	ENSG00000135314.15
Q4VXU2	ENSG00000101104.14
Q4W4Y0	ENSG00000179476.9
Q4W5G0	ENSG00000180346.5
Q4W5P6	ENSG00000164112.14
Q4ZG55	ENSG00000196208.15
Q4ZHG4	ENSG00000164694.18
Q4ZIN3	ENSG00000182087.15
Q4ZJI4	ENSG00000164037.18
Q502W6	ENSG00000168658.20
Q502W7	ENSG00000165972.13
Q502X0	ENSG00000188010.17
Q504Q3	ENSG00000135473.17
Q504T8	ENSG00000167470.15
Q504U0	ENSG00000205208.6
Q504Y0	ENSG00000148482.13
Q504Y2	ENSG00000162878.14
Q504Y3	ENSG00000206559.9
Q50LG9	ENSG00000254402.7
Q52LA3	ENSG00000205659.13
Q52LD8	ENSG00000162944.12
Q52LG2	ENSG00000182816.9
Q52LJ0	ENSG00000171262.11
Q52LR7	ENSG00000135999.14
Q52LW3	ENSG00000137962.14
Q52M93	ENSG00000245680.12
Q52MB2	ENSG00000177875.5
Q52WX2	ENSG00000188322.8
Q537H7	ENSG00000185523.6
Q53EL6	ENSG00000150593.19
Q53EL9	ENSG00000063015.21
Q53EP0	ENSG00000075420.14
Q53EQ6	ENSG00000278016.2
Q53EQ6	ENSG00000179886.6
Q53ET0	ENSG00000160741.18
Q53EU6	ENSG00000138678.12
Q53EV4	ENSG00000010626.16
Q53EZ4	ENSG00000138180.17
Q53F19	ENSG00000074356.18
Q53F39	ENSG00000154889.18
Q53FA7	ENSG00000115129.15
Q53FD0	ENSG00000119703.16
Q53FE4	ENSG00000138813.10
Q53FP2	ENSG00000126950.8
Q53FT3	ENSG00000149196.18
Q53FV1	ENSG00000123353.11
Q53FZ2	ENSG00000005187.13
Q53G44	ENSG00000137959.18
Q53G59	ENSG00000117153.17
Q53GA4	ENSG00000181649.9
Q53GA4	ENSG00000274538.2
Q53GD3	ENSG00000204385.14
Q53GD3	ENSG00000206378.10
Q53GD3	ENSG00000229077.8
Q53GD3	ENSG00000235336.8
Q53GD3	ENSG00000228263.8
Q53GD3	ENSG00000232180.8
Q53GD3	ENSG00000231479.8
Q53GG5	ENSG00000154553.17
Q53GI3	ENSG00000160908.16
Q53GL0	ENSG00000023902.14
Q53GL7	ENSG00000178685.15
Q53GQ0	ENSG00000149084.14
Q53GS7	ENSG00000119392.17
Q53GS9	ENSG00000168883.21
Q53GT1	ENSG00000099910.18
Q53H12	ENSG00000006530.19
Q53H12	ENSG00000262327.7
Q53H47	ENSG00000170364.14
Q53H54	ENSG00000183665.5
Q53H64	ENSG00000167117.11
Q53H76	ENSG00000144837.10
Q53H80	ENSG00000135334.10
Q53H82	ENSG00000147592.10
Q53H96	ENSG00000104524.15
Q53H96	ENSG00000276657.2
Q53HC0	ENSG00000119242.10
Q53HC0	ENSG00000275035.2
Q53HC5	ENSG00000167487.12
Q53HC9	ENSG00000032389.14
Q53HI1	ENSG00000115446.13
Q53HL2	ENSG00000134690.12
Q53HV7	ENSG00000123415.17
Q53LP3	ENSG00000198142.5
Q53QV2	ENSG00000213626.13
Q53QW1	ENSG00000177673.4
Q53QZ3	ENSG00000075884.15
Q53R12	ENSG00000168955.4
Q53R41	ENSG00000138399.19
Q53RD9	ENSG00000144152.14
Q53RE8	ENSG00000213337.10
Q53RT3	ENSG00000244617.3
Q53RT3	ENSG00000293615.1
Q53RY4	ENSG00000157992.13
Q53S08	ENSG00000233087.8
Q53S33	ENSG00000163170.13
Q53S58	ENSG00000144120.14
Q53SF7	ENSG00000082438.19
Q53SZ7	ENSG00000186143.11
Q53T59	ENSG00000118960.14
Q53T94	ENSG00000115750.18
Q53TN4	ENSG00000071967.13
Q53TQ3	ENSG00000114933.17
Q53TQ3	ENSG00000283510.2
Q53TS8	ENSG00000155754.16
Q562E7	ENSG00000167716.19
Q562E7	ENSG00000276021.4
Q562F6	ENSG00000163535.19
Q562R1	ENSG00000169067.4
Q567U6	ENSG00000125633.12
Q567V2	ENSG00000254858.11
Q569G3	ENSG00000185056.10
Q569H4	ENSG00000184838.15
Q569K4	ENSG00000144331.20
Q569K6	ENSG00000187860.12
Q56A73	ENSG00000186767.7
Q56NI9	ENSG00000171320.15
Q56P03	ENSG00000129518.11
Q56P42	ENSG00000253548.1
Q56UN5	ENSG00000176601.14
Q56VL3	ENSG00000145247.13
Q587I9	ENSG00000173349.6
Q587J7	ENSG00000173809.18
Q587J8	ENSG00000203908.4
Q58A45	ENSG00000152520.15
Q58DX5	ENSG00000177694.16
Q58EX2	ENSG00000069188.17
Q58EX7	ENSG00000196155.14
Q58F21	ENSG00000137948.19
Q58HT5	ENSG00000204195.4
Q58WW2	ENSG00000143164.17
Q59EK9	ENSG00000108309.15
Q59H18	ENSG00000116783.16
Q59H18	ENSG00000259030.8
Q5BIV9	ENSG00000203772.9
Q5BJD5	ENSG00000166471.12
Q5BJE1	ENSG00000166960.17
Q5BJF2	ENSG00000109084.14
Q5BJF6	ENSG00000136811.17
Q5BJH2	ENSG00000132406.13
Q5BJH7	ENSG00000167645.18
Q5BKT4	ENSG00000139133.7
Q5BKU9	ENSG00000204237.6
Q5BKX5	ENSG00000188493.16
Q5BKX6	ENSG00000022567.11
Q5BKX8	ENSG00000170681.8
Q5BKY1	ENSG00000198812.5
Q5BKY9	ENSG00000234545.9
Q5BKZ1	ENSG00000162664.18
Q5BLP8	ENSG00000243449.9
Q5BN46	ENSG00000160345.14
Q5BVD1	ENSG00000114529.14
Q5C9Z4	ENSG00000146909.9
Q5CZA5	ENSG00000204524.7
Q5CZC0	ENSG00000188738.16
Q5D0E6	ENSG00000178149.18
Q5D1E8	ENSG00000163874.12
Q5D862	ENSG00000143520.6
Q5DID0	ENSG00000177398.19
Q5DJT8	ENSG00000270946.6
Q5DJT8	ENSG00000271449.8
Q5DJT8	ENSG00000278085.5
Q5DT21	ENSG00000204909.8
Q5DX21	ENSG00000144847.14
Q5EB52	ENSG00000106484.16
Q5EBL2	ENSG00000197483.11
Q5EBL4	ENSG00000188026.14
Q5EBL8	ENSG00000120509.13
Q5EBM0	ENSG00000134326.12
Q5EBN2	ENSG00000183439.11
Q5EE01	ENSG00000203760.10
Q5EG05	ENSG00000204397.12
Q5F1R6	ENSG00000168724.19
Q5FBB7	ENSG00000129810.16
Q5FVE4	ENSG00000130377.14
Q5FWE3	ENSG00000163704.14
Q5FWF4	ENSG00000121988.19
Q5FWF5	ENSG00000141446.13
Q5FWF6	ENSG00000198556.15
Q5FWF7	ENSG00000204923.5
Q5FYA8	ENSG00000205667.3
Q5FYB0	ENSG00000180801.14
Q5FYB1	ENSG00000183876.9
Q5GAN3	ENSG00000206150.4
Q5GAN4	ENSG00000258436.2
Q5GAN6	ENSG00000182545.7
Q5GAN6	ENSG00000291813.1
Q5GFL6	ENSG00000165816.14
Q5GH70	ENSG00000221947.9
Q5GH72	ENSG00000260903.3
Q5GH73	ENSG00000171044.11
Q5GH76	ENSG00000206579.10
Q5GH77	ENSG00000172967.8
Q5GJ75	ENSG00000183578.8
Q5GLZ8	ENSG00000148634.17
Q5H8A3	ENSG00000204640.1
Q5H8A4	ENSG00000174227.17
Q5H8C1	ENSG00000164946.21
Q5H913	ENSG00000174225.15
Q5H943	ENSG00000204019.5
Q5H9E4	ENSG00000269743.4
Q5H9F3	ENSG00000085185.16
Q5H9I0	ENSG00000183434.10
Q5H9J7	ENSG00000184515.12
Q5H9J7	ENSG00000291824.1
Q5H9J9	ENSG00000215029.12
Q5H9K5	ENSG00000166432.17
Q5H9L2	ENSG00000204065.4
Q5H9L4	ENSG00000102387.16
Q5H9M0	ENSG00000157502.14
Q5H9R4	ENSG00000196440.12
Q5H9R7	ENSG00000110075.16
Q5H9S7	ENSG00000115827.15
Q5H9T9	ENSG00000189139.6
Q5H9U9	ENSG00000181381.16
Q5HY64	ENSG00000198173.5
Q5HY92	ENSG00000182263.15
Q5HY98	ENSG00000196214.12
Q5HYA8	ENSG00000164953.17
Q5HYC2	ENSG00000183354.12
Q5HYI7	ENSG00000177034.18
Q5HYI8	ENSG00000144840.11
Q5HYJ1	ENSG00000205678.9
Q5HYJ3	ENSG00000077458.13
Q5HYK3	ENSG00000110871.16
Q5HYK7	ENSG00000109686.22
Q5HYK7	ENSG00000292165.1
Q5HYK9	ENSG00000198046.14
Q5HYL7	ENSG00000173452.16
Q5HYM0	ENSG00000102053.14
Q5HYN5	ENSG00000268940.6
Q5HYR2	ENSG00000184911.15
Q5HYR2	ENSG00000269502.6
Q5HYW2	ENSG00000204131.11
Q5HYW3	ENSG00000242732.6
Q5I0G3	ENSG00000138400.13
Q5I0X4	ENSG00000221821.4
Q5I0X7	ENSG00000183891.7
Q5I7T1	ENSG00000175548.9
Q5IJ48	ENSG00000148204.13
Q5J5C9	ENSG00000204548.4
Q5J8M3	ENSG00000128463.14
Q5J8X5	ENSG00000204979.8
Q5JNZ3	ENSG00000197935.8
Q5JNZ3	ENSG00000169260.11
Q5JNZ3	ENSG00000225351.4
Q5JNZ3	ENSG00000235178.4
Q5JNZ3	ENSG00000235589.4
Q5JNZ3	ENSG00000223687.4
Q5JNZ3	ENSG00000233831.4
Q5JPB2	ENSG00000124203.7
Q5JPE7	ENSG00000185164.17
Q5JPF3	ENSG00000174501.15
Q5JPH6	ENSG00000103356.18
Q5JPI3	ENSG00000179021.11
Q5JPI9	ENSG00000203791.16
Q5JQC4	ENSG00000230594.3
Q5JQC4	ENSG00000226600.3
Q5JQC4	ENSG00000226023.6
Q5JQC4	ENSG00000226685.4
Q5JQC4	ENSG00000224089.3
Q5JQC4	ENSG00000236371.6
Q5JQC4	ENSG00000228517.3
Q5JQC4	ENSG00000237957.6
Q5JQC4	ENSG00000236126.3
Q5JQC4	ENSG00000226929.3
Q5JQC4	ENSG00000230347.5
Q5JQC4	ENSG00000242362.2
Q5JQC4	ENSG00000288363.1
Q5JQC4	ENSG00000288477.1
Q5JQC4	ENSG00000288273.1
Q5JQC4	ENSG00000292267.1
Q5JQC4	ENSG00000292268.1
Q5JQC9	ENSG00000147081.15
Q5JQF7	ENSG00000206526.2
Q5JQF7	ENSG00000231041.1
Q5JQF7	ENSG00000237313.1
Q5JQF7	ENSG00000233566.1
Q5JQF7	ENSG00000237634.1
Q5JQF8	ENSG00000186288.5
Q5JQF8	ENSG00000184388.6
Q5JQS5	ENSG00000177535.10
Q5JQS6	ENSG00000169224.13
Q5JR12	ENSG00000155367.17
Q5JR59	ENSG00000132938.23
Q5JR98	ENSG00000188396.5
Q5JRA6	ENSG00000154305.19
Q5JRC9	ENSG00000185448.12
Q5JRK9	ENSG00000238269.10
Q5JRM2	ENSG00000203933.3
Q5JRS4	ENSG00000291901.1
Q5JRV8	ENSG00000125355.17
Q5JRX3	ENSG00000107959.18
Q5JS13	ENSG00000136828.20
Q5JS37	ENSG00000188811.14
Q5JS54	ENSG00000180822.13
Q5JSH3	ENSG00000131725.15
Q5JSJ4	ENSG00000165359.17
Q5JSL3	ENSG00000147251.17
Q5JSP0	ENSG00000127084.20
Q5JSQ8	ENSG00000256980.5
Q5JSS6	ENSG00000197889.11
Q5JST6	ENSG00000183690.14
Q5JSZ5	ENSG00000288701.1
Q5JT25	ENSG00000147127.8
Q5JT82	ENSG00000171872.5
Q5JTB6	ENSG00000189129.15
Q5JTC6	ENSG00000184675.11
Q5JTD0	ENSG00000137221.15
Q5JTD7	ENSG00000204052.6
Q5JTH9	ENSG00000052749.15
Q5JTJ3	ENSG00000168275.16
Q5JTN6	ENSG00000136918.9
Q5JTV8	ENSG00000143337.19
Q5JTW2	ENSG00000148019.15
Q5JTY5	ENSG00000196873.17
Q5JTY5	ENSG00000147996.18
Q5JTZ5	ENSG00000188959.10
Q5JTZ9	ENSG00000124608.6
Q5JU00	ENSG00000146221.11
Q5JU67	ENSG00000160401.15
Q5JU69	ENSG00000160404.19
Q5JU85	ENSG00000124313.19
Q5JUK2	ENSG00000165643.12
Q5JUK3	ENSG00000107147.15
Q5JUK9	ENSG00000204279.8
Q5JUQ0	ENSG00000126882.14
Q5JUR7	ENSG00000151287.18
Q5JUW0	ENSG00000147121.17
Q5JUX0	ENSG00000204271.13
Q5JV73	ENSG00000147234.11
Q5JVF3	ENSG00000126226.23
Q5JVG2	ENSG00000127081.16
Q5JVG8	ENSG00000081665.15
Q5JVL4	ENSG00000096093.17
Q5JVS0	ENSG00000130956.15
Q5JVX7	ENSG00000203963.12
Q5JW98	ENSG00000164451.14
Q5JWF2	ENSG00000087460.29
Q5JWF8	ENSG00000288649.2
Q5JWR5	ENSG00000083097.15
Q5JX69	ENSG00000213714.1
Q5JX71	ENSG00000124103.10
Q5JXA9	ENSG00000196209.14
Q5JXB2	ENSG00000292243.1
Q5JXC2	ENSG00000116691.12
Q5JXM2	ENSG00000053328.10
Q5JXX7	ENSG00000179363.8
Q5JY77	ENSG00000198932.14
Q5JYT7	ENSG00000149633.13
Q5JZY3	ENSG00000183317.18
Q5K4E3	ENSG00000178226.12
Q5K4L6	ENSG00000263163.5
Q5K4L6	ENSG00000143554.15
Q5K651	ENSG00000205413.8
Q5KSL6	ENSG00000274588.3
Q5KU26	ENSG00000158270.13
Q5M775	ENSG00000128487.20
Q5M7Z0	ENSG00000189050.17
Q5M8T2	ENSG00000182747.5
Q5M9N0	ENSG00000163749.18
Q5M9Q1	ENSG00000189134.4
Q5MAI5	ENSG00000205111.11
Q5MCW4	ENSG00000196437.13
Q5MIZ7	ENSG00000275052.6
Q5MJ07	ENSG00000204363.5
Q5MJ08	ENSG00000189326.5
Q5MJ09	ENSG00000189252.4
Q5MJ10	ENSG00000268988.2
Q5MJ68	ENSG00000204710.3
Q5MJ70	ENSG00000163806.16
Q5MNV8	ENSG00000204952.3
Q5MNZ6	ENSG00000141580.17
Q5MNZ9	ENSG00000070540.14
Q5MY95	ENSG00000188833.11
Q5NDL2	ENSG00000163378.14
Q5NUL3	ENSG00000186188.12
Q5PRF9	ENSG00000179134.17
Q5PSV4	ENSG00000100916.15
Q5PT55	ENSG00000253598.3
Q5QGS0	ENSG00000050030.16
Q5QGT7	ENSG00000198471.2
Q5QGZ9	ENSG00000172322.14
Q5QJ38	ENSG00000182898.4
Q5QJ74	ENSG00000154114.14
Q5QJE6	ENSG00000067334.14
Q5QJU3	ENSG00000177076.6
Q5QNW6	ENSG00000203814.7
Q5QP82	ENSG00000122741.17
Q5R372	ENSG00000152061.24
Q5R387	ENSG00000187980.7
Q5R3F8	ENSG00000166897.17
Q5R3I4	ENSG00000075234.18
Q5R3K3	ENSG00000188820.15
Q5RHP9	ENSG00000178965.14
Q5RI15	ENSG00000203667.11
Q5RIA9	ENSG00000147996.18
Q5RKV6	ENSG00000223496.3
Q5RL73	ENSG00000127993.16
Q5S007	ENSG00000188906.18
Q5SGD2	ENSG00000163590.14
Q5SNT2	ENSG00000188807.14
Q5SNV9	ENSG00000215910.8
Q5SQ64	ENSG00000204424.10
Q5SQ64	ENSG00000243804.1
Q5SQ64	ENSG00000259101.1
Q5SQ64	ENSG00000226603.8
Q5SQ64	ENSG00000258635.1
Q5SQ64	ENSG00000241822.3
Q5SQ64	ENSG00000239741.3
Q5SQ64	ENSG00000240008.1
Q5SQ64	ENSG00000240957.1
Q5SQ64	ENSG00000243003.3
Q5SQ64	ENSG00000236902.8
Q5SQ64	ENSG00000250641.1
Q5SQH8	ENSG00000204564.13
Q5SQH8	ENSG00000206487.11
Q5SQH8	ENSG00000233164.9
Q5SQH8	ENSG00000237100.9
Q5SQH8	ENSG00000233641.9
Q5SQH8	ENSG00000237012.9
Q5SQH8	ENSG00000224120.9
Q5SQI0	ENSG00000137343.19
Q5SQI0	ENSG00000206488.10
Q5SQI0	ENSG00000234549.8
Q5SQI0	ENSG00000235658.8
Q5SQI0	ENSG00000231257.8
Q5SQI0	ENSG00000223752.8
Q5SQI0	ENSG00000229061.8
Q5SQN1	ENSG00000143740.16
Q5SQQ9	ENSG00000148704.13
Q5SQS7	ENSG00000178217.15
Q5SQS8	ENSG00000183559.12
Q5SR56	ENSG00000148110.18
Q5SRD1	ENSG00000204152.15
Q5SRD1	ENSG00000178440.9
Q5SRE5	ENSG00000095319.15
Q5SRE7	ENSG00000175287.20
Q5SRH9	ENSG00000085831.17
Q5SRI9	ENSG00000172469.18
Q5SRN2	ENSG00000204296.13
Q5SRN2	ENSG00000206245.11
Q5SRN2	ENSG00000206310.8
Q5SRN2	ENSG00000232106.9
Q5SRR4	ENSG00000111971.14
Q5SRR4	ENSG00000204428.12
Q5SRR4	ENSG00000206404.11
Q5SRR4	ENSG00000228883.9
Q5SRR4	ENSG00000231325.9
Q5SRR4	ENSG00000226404.9
Q5SRR4	ENSG00000237495.9
Q5SSG8	ENSG00000204544.5
Q5SSG8	ENSG00000227506.5
Q5SSJ5	ENSG00000127483.21
Q5SSQ6	ENSG00000228727.11
Q5SSQ6	ENSG00000227074.11
Q5SSQ6	ENSG00000227861.9
Q5SSQ6	ENSG00000237918.9
Q5SSQ6	ENSG00000234951.9
Q5SSQ6	ENSG00000229176.11
Q5SSQ6	ENSG00000255419.7
Q5ST30	ENSG00000137411.20
Q5ST30	ENSG00000223494.11
Q5STR5	ENSG00000285064.2
Q5STR5	ENSG00000286920.2
Q5SV17	ENSG00000205090.10
Q5SV97	ENSG00000187642.11
Q5SVJ3	ENSG00000173728.11
Q5SVQ8	ENSG00000177888.9
Q5SVS4	ENSG00000174032.18
Q5SVZ6	ENSG00000197056.13
Q5SW24	ENSG00000164488.12
Q5SW79	ENSG00000143702.18
Q5SW79	ENSG00000276725.4
Q5SW96	ENSG00000157978.14
Q5SWA1	ENSG00000158615.10
Q5SWH9	ENSG00000159596.8
Q5SWL7	ENSG00000204481.8
Q5SWL8	ENSG00000204480.9
Q5SWX8	ENSG00000157181.17
Q5SXH7	ENSG00000148735.16
Q5SXM1	ENSG00000181450.18
Q5SXM2	ENSG00000165684.7
Q5SXM8	ENSG00000213221.6
Q5SY16	ENSG00000162408.12
Q5SY80	ENSG00000179397.18
Q5SYB0	ENSG00000070601.10
Q5SYC1	ENSG00000146352.14
Q5SYE7	ENSG00000135540.13
Q5SZB4	ENSG00000179058.8
Q5SZD1	ENSG00000197261.12
Q5SZD4	ENSG00000203972.10
Q5SZI1	ENSG00000187942.12
Q5SZJ8	ENSG00000151917.19
Q5SZK8	ENSG00000150893.11
Q5SZL2	ENSG00000111860.15
Q5SZQ8	ENSG00000159409.15
Q5T011	ENSG00000198198.17
Q5T013	ENSG00000178922.19
Q5T036	ENSG00000188938.17
Q5T089	ENSG00000116151.15
Q5T0B9	ENSG00000160094.16
Q5T0D9	ENSG00000158109.16
Q5T0F9	ENSG00000154222.16
Q5T0J7	ENSG00000240021.10
Q5T0L3	ENSG00000171722.14
Q5T0N1	ENSG00000156042.19
Q5T0N5	ENSG00000137942.19
Q5T0T0	ENSG00000165406.17
Q5T0T0	ENSG00000278545.4
Q5T0U0	ENSG00000151773.14
Q5T0W9	ENSG00000168143.9
Q5T0Z8	ENSG00000188112.10
Q5T124	ENSG00000158062.22
Q5T160	ENSG00000146282.20
Q5T197	ENSG00000163357.11
Q5T1A1	ENSG00000163354.15
Q5T1B0	ENSG00000162779.22
Q5T1C6	ENSG00000159445.14
Q5T1H1	ENSG00000188107.15
Q5T1M5	ENSG00000119321.11
Q5T1N1	ENSG00000162641.20
Q5T1Q4	ENSG00000196376.11
Q5T1R4	ENSG00000127124.16
Q5T1S8	ENSG00000184454.8
Q5T1V6	ENSG00000118197.15
Q5T200	ENSG00000123200.18
Q5T215	ENSG00000173626.10
Q5T230	ENSG00000171794.4
Q5T280	ENSG00000198917.14
Q5T292	ENSG00000204161.16
Q5T2D2	ENSG00000112195.9
Q5T2D3	ENSG00000169914.7
Q5T2E6	ENSG00000120029.14
Q5T2L2	ENSG00000264006.9
Q5T2N8	ENSG00000215915.10
Q5T2R2	ENSG00000148459.17
Q5T2S8	ENSG00000169126.17
Q5T2T1	ENSG00000150054.20
Q5T2W1	ENSG00000174827.15
Q5T3F8	ENSG00000137216.20
Q5T3I0	ENSG00000292251.1
Q5T3J3	ENSG00000121931.17
Q5T3U5	ENSG00000124574.17
Q5T440	ENSG00000181873.14
Q5T442	ENSG00000198835.5
Q5T447	ENSG00000126107.16
Q5T481	ENSG00000203867.10
Q5T4B2	ENSG00000167123.21
Q5T4D3	ENSG00000125247.17
Q5T4F4	ENSG00000155256.19
Q5T4F7	ENSG00000120057.5
Q5T4I8	ENSG00000137434.13
Q5T4I8	ENSG00000285312.1
Q5T4S7	ENSG00000127481.15
Q5T4T1	ENSG00000205269.7
Q5T4T6	ENSG00000153157.14
Q5T4W7	ENSG00000117407.18
Q5T5A4	ENSG00000179902.14
Q5T5A8	ENSG00000244057.5
Q5T5B0	ENSG00000185966.4
Q5T5C0	ENSG00000164506.17
Q5T5D7	ENSG00000117010.18
Q5T5J6	ENSG00000116668.14
Q5T5M9	ENSG00000107443.17
Q5T5N4	ENSG00000112539.15
Q5T5P2	ENSG00000120549.20
Q5T5S1	ENSG00000213213.14
Q5T5U3	ENSG00000107863.21
Q5T5X7	ENSG00000178409.15
Q5T5Y3	ENSG00000130559.19
Q5T601	ENSG00000153292.17
Q5T619	ENSG00000179930.6
Q5T653	ENSG00000112651.13
Q5T655	ENSG00000120051.15
Q5T681	ENSG00000203942.5
Q5T686	ENSG00000119986.8
Q5T6C5	ENSG00000162650.18
Q5T6F0	ENSG00000198876.14
Q5T6F2	ENSG00000137073.25
Q5T6J7	ENSG00000148057.17
Q5T6L9	ENSG00000130023.17
Q5T6L9	ENSG00000276187.4
Q5T6S3	ENSG00000119403.16
Q5T6V5	ENSG00000165118.15
Q5T6X4	ENSG00000183807.9
Q5T6X5	ENSG00000173612.10
Q5T700	ENSG00000203985.12
Q5T749	ENSG00000203786.7
Q5T750	ENSG00000198854.5
Q5T751	ENSG00000197084.6
Q5T752	ENSG00000172155.10
Q5T753	ENSG00000186226.9
Q5T754	ENSG00000240386.4
Q5T764	ENSG00000204010.3
Q5T7B8	ENSG00000186638.18
Q5T7M4	ENSG00000184163.3
Q5T7M9	ENSG00000154511.13
Q5T7N2	ENSG00000240563.4
Q5T7N3	ENSG00000132854.20
Q5T7P2	ENSG00000186844.6
Q5T7P3	ENSG00000196734.9
Q5T7P8	ENSG00000134207.17
Q5T7R7	ENSG00000204006.11
Q5T7V8	ENSG00000120370.14
Q5T7W0	ENSG00000157657.16
Q5T7W7	ENSG00000136925.16
Q5T848	ENSG00000151025.11
Q5T870	ENSG00000203783.5
Q5T871	ENSG00000203784.3
Q5T890	ENSG00000182150.21
Q5T8A7	ENSG00000196422.12
Q5T8D3	ENSG00000107897.21
Q5T8I3	ENSG00000162636.17
Q5T8I9	ENSG00000162639.17
Q5T8P6	ENSG00000139746.17
Q5T953	ENSG00000188483.8
Q5T9A4	ENSG00000160072.21
Q5T9C2	ENSG00000167106.13
Q5T9C9	ENSG00000167103.12
Q5T9G4	ENSG00000157343.9
Q5T9L3	ENSG00000116729.15
Q5T9S5	ENSG00000122483.19
Q5T9Z0	ENSG00000203730.3
Q5TA31	ENSG00000168159.15
Q5TA31	ENSG00000285426.4
Q5TA45	ENSG00000127054.23
Q5TA50	ENSG00000224051.8
Q5TA76	ENSG00000185962.1
Q5TA77	ENSG00000187238.5
Q5TA78	ENSG00000187170.6
Q5TA79	ENSG00000187173.4
Q5TA81	ENSG00000187180.4
Q5TA82	ENSG00000187223.4
Q5TA89	ENSG00000197921.6
Q5TA89	ENSG00000273529.2
Q5TAA0	ENSG00000006555.12
Q5TAB7	ENSG00000203877.9
Q5TAG4	ENSG00000268043.10
Q5TAH2	ENSG00000162753.13
Q5TAP6	ENSG00000253797.2
Q5TAQ9	ENSG00000132716.20
Q5TAT6	ENSG00000197467.17
Q5TAX3	ENSG00000134744.15
Q5TB30	ENSG00000024526.18
Q5TB80	ENSG00000135315.13
Q5TBA9	ENSG00000073910.23
Q5TBB1	ENSG00000136104.23
Q5TBC7	ENSG00000188761.13
Q5TBE3	ENSG00000187753.13
Q5TBK1	ENSG00000139597.19
Q5TC12	ENSG00000123472.14
Q5TC63	ENSG00000139835.15
Q5TC79	ENSG00000185278.17
Q5TC82	ENSG00000135870.14
Q5TC84	ENSG00000119900.9
Q5TCH4	ENSG00000162365.14
Q5TCM9	ENSG00000186207.5
Q5TCQ9	ENSG00000081026.20
Q5TCS8	ENSG00000155085.16
Q5TCX8	ENSG00000143674.12
Q5TCY1	ENSG00000146216.14
Q5TCZ1	ENSG00000107957.17
Q5TD94	ENSG00000111834.13
Q5TD97	ENSG00000112214.12
Q5TDH0	ENSG00000197312.13
Q5TDP6	ENSG00000146166.17
Q5TEA3	ENSG00000088854.14
Q5TEA6	ENSG00000101251.13
Q5TEA6	ENSG00000291539.1
Q5TEC3	ENSG00000143067.6
Q5TEC6	ENSG00000273213.4
Q5TEJ8	ENSG00000130775.17
Q5TEU4	ENSG00000101247.19
Q5TEZ5	ENSG00000203872.7
Q5TF21	ENSG00000255330.9
Q5TF21	ENSG00000214338.11
Q5TF39	ENSG00000173214.7
Q5TF58	ENSG00000169991.12
Q5TFE4	ENSG00000178425.15
Q5TFG8	ENSG00000118491.10
Q5TG30	ENSG00000124143.12
Q5TGI0	ENSG00000146267.12
Q5TGI4	ENSG00000203727.4
Q5TGJ6	ENSG00000112273.7
Q5TGL8	ENSG00000168994.14
Q5TGP6	ENSG00000117501.16
Q5TGS1	ENSG00000173673.9
Q5TGU0	ENSG00000112212.12
Q5TGY1	ENSG00000162542.15
Q5TGY3	ENSG00000126705.16
Q5TGZ0	ENSG00000173436.16
Q5TH69	ENSG00000112379.10
Q5TH74	ENSG00000001460.19
Q5THJ4	ENSG00000048707.15
Q5THK1	ENSG00000183530.15
Q5THR3	ENSG00000186976.16
Q5TI25	ENSG00000270629.7
Q5TIA1	ENSG00000167077.14
Q5TID7	ENSG00000117477.14
Q5TIE3	ENSG00000158816.17
Q5TKA1	ENSG00000183814.17
Q5TYM5	ENSG00000196550.12
Q5TYW1	ENSG00000274349.6
Q5TYW2	ENSG00000260691.8
Q5TYX0	ENSG00000283150.2
Q5TYX0	ENSG00000276420.5
Q5TYX0	ENSG00000270601.5
Q5TYX0	ENSG00000282424.1
Q5TZ20	ENSG00000188558.7
Q5TZ20	ENSG00000292302.1
Q5TZA2	ENSG00000058453.18
Q5TZF3	ENSG00000183831.8
Q5TZF3	ENSG00000285777.1
Q5TZJ5	ENSG00000204849.10
Q5U3C3	ENSG00000157600.14
Q5U4P2	ENSG00000174939.12
Q5U5Q3	ENSG00000176624.12
Q5U5R9	ENSG00000165338.17
Q5U5X0	ENSG00000186687.17
Q5U5X8	ENSG00000139438.7
Q5U5Z8	ENSG00000165923.17
Q5U5Z8	ENSG00000285501.2
Q5U623	ENSG00000166669.15
Q5U649	ENSG00000182993.6
Q5U651	ENSG00000105538.11
Q5UAW9	ENSG00000180758.13
Q5UCC4	ENSG00000161671.17
Q5UE93	ENSG00000276231.6
Q5UIP0	ENSG00000080345.19
Q5VIR6	ENSG00000141252.21
Q5VIR6	ENSG00000283883.2
Q5VIY5	ENSG00000204604.14
Q5VSG8	ENSG00000185090.16
Q5VSL9	ENSG00000143093.16
Q5VSR9	ENSG00000203923.5
Q5VST6	ENSG00000107362.15
Q5VST9	ENSG00000154358.23
Q5VSY0	ENSG00000165113.14
Q5VT03	ENSG00000214562.15
Q5VT06	ENSG00000135837.19
Q5VT25	ENSG00000143776.21
Q5VT40	ENSG00000188859.7
Q5VT52	ENSG00000163125.17
Q5VT66	ENSG00000186205.15
Q5VT79	ENSG00000264230.10
Q5VT97	ENSG00000097096.11
Q5VT98	ENSG00000204478.11
Q5VT99	ENSG00000162494.6
Q5VTA0	ENSG00000204479.4
Q5VTB9	ENSG00000187147.20
Q5VTD9	ENSG00000165702.16
Q5VTE6	ENSG00000174606.15
Q5VTH2	ENSG00000188931.5
Q5VTH9	ENSG00000152763.18
Q5VTJ3	ENSG00000179023.9
Q5VTL7	ENSG00000143107.11
Q5VTL8	ENSG00000134186.13
Q5VTM2	ENSG00000204172.12
Q5VTQ0	ENSG00000155158.21
Q5VTR2	ENSG00000155827.13
Q5VTT2	ENSG00000204711.10
Q5VTT5	ENSG00000142661.20
Q5VTY9	ENSG00000054392.14
Q5VTY9	ENSG00000280680.3
Q5VU36	ENSG00000276581.3
Q5VU43	ENSG00000178104.22
Q5VU57	ENSG00000186094.18
Q5VU65	ENSG00000143552.10
Q5VU69	ENSG00000163263.7
Q5VU92	ENSG00000198889.5
Q5VU97	ENSG00000158966.17
Q5VUA4	ENSG00000171467.17
Q5VUB5	ENSG00000148468.18
Q5VUD6	ENSG00000165716.12
Q5VUE5	ENSG00000203724.12
Q5VUG0	ENSG00000198879.13
Q5VUJ6	ENSG00000130224.16
Q5VUJ9	ENSG00000203666.14
Q5VUM1	ENSG00000154079.6
Q5VUY0	ENSG00000188984.12
Q5VUY2	ENSG00000204518.3
Q5VV16	ENSG00000204779.2
Q5VV17	ENSG00000165312.7
Q5VV41	ENSG00000130762.16
Q5VV42	ENSG00000145996.12
Q5VV43	ENSG00000137261.16
Q5VV52	ENSG00000164011.19
Q5VV63	ENSG00000107518.19
Q5VV67	ENSG00000148840.12
Q5VVB8	ENSG00000203756.9
Q5VVC0	ENSG00000203910.9
Q5VVH2	ENSG00000198225.6
Q5VVH5	ENSG00000146243.14
Q5VVJ2	ENSG00000162601.13
Q5VVM6	ENSG00000186409.19
Q5VVP1	ENSG00000185775.10
Q5VVQ6	ENSG00000180667.11
Q5VVW2	ENSG00000136895.19
Q5VVX9	ENSG00000177414.14
Q5VVY1	ENSG00000203740.5
Q5VW00	ENSG00000198354.7
Q5VW22	ENSG00000204149.16
Q5VW32	ENSG00000162819.13
Q5VW36	ENSG00000188352.14
Q5VW38	ENSG00000148358.22
Q5VWC8	ENSG00000188921.15
Q5VWG9	ENSG00000165632.9
Q5VWI1	ENSG00000176769.10
Q5VWJ9	ENSG00000148158.18
Q5VWK0	ENSG00000186086.19
Q5VWK5	ENSG00000162594.17
Q5VWM3	ENSG00000279804.3
Q5VWM3	ENSG00000282212.2
Q5VWM4	ENSG00000182330.11
Q5VWM4	ENSG00000278021.4
Q5VWM4	ENSG00000282583.1
Q5VWM4	ENSG00000283387.2
Q5VWM6	ENSG00000279169.3
Q5VWM6	ENSG00000282741.3
Q5VWN6	ENSG00000108021.23
Q5VWP2	ENSG00000183508.6
Q5VWP3	ENSG00000146147.16
Q5VWQ0	ENSG00000081019.15
Q5VWQ8	ENSG00000136848.19
Q5VWT5	ENSG00000187889.14
Q5VWW1	ENSG00000165985.12
Q5VWX1	ENSG00000112232.12
Q5VWZ2	ENSG00000143353.13
Q5VX71	ENSG00000143502.17
Q5VXD3	ENSG00000203943.9
Q5VXH4	ENSG00000232423.6
Q5VXH4	ENSG00000282119.2
Q5VXH5	ENSG00000204510.6
Q5VXH5	ENSG00000279195.2
Q5VXI9	ENSG00000204020.6
Q5VXJ0	ENSG00000204021.5
Q5VXM1	ENSG00000157211.12
Q5VXT5	ENSG00000143028.10
Q5VXU1	ENSG00000188580.16
Q5VXU3	ENSG00000204116.12
Q5VXU9	ENSG00000165181.17
Q5VY09	ENSG00000162783.11
Q5VY43	ENSG00000187800.15
Q5VY80	ENSG00000155918.8
Q5VYJ5	ENSG00000204740.11
Q5VYK3	ENSG00000136813.16
Q5VYM1	ENSG00000174038.13
Q5VYP0	ENSG00000275969.3
Q5VYS4	ENSG00000102802.11
Q5VYS8	ENSG00000083223.19
Q5VYV0	ENSG00000204612.2
Q5VYV7	ENSG00000149346.16
Q5VYX0	ENSG00000184719.13
Q5VYY1	ENSG00000152766.7
Q5VYY2	ENSG00000173239.14
Q5VZ03	ENSG00000130045.18
Q5VZ03	ENSG00000291520.1
Q5VZ18	ENSG00000169291.11
Q5VZ19	ENSG00000163239.13
Q5VZ46	ENSG00000135835.13
Q5VZ52	ENSG00000185681.14
Q5VZ66	ENSG00000188385.13
Q5VZ72	ENSG00000205442.13
Q5VZ89	ENSG00000137145.22
Q5VZB9	ENSG00000176399.4
Q5VZE5	ENSG00000135040.17
Q5VZF2	ENSG00000139793.22
Q5VZI3	ENSG00000157693.16
Q5VZK9	ENSG00000079691.20
Q5VZL5	ENSG00000146463.13
Q5VZM2	ENSG00000083750.14
Q5VZP5	ENSG00000198842.10
Q5VZQ5	ENSG00000175018.13
Q5VZR2	ENSG00000188152.13
Q5VZV1	ENSG00000139780.8
Q5VZY2	ENSG00000203805.11
Q5W041	ENSG00000165309.14
Q5W064	ENSG00000204022.9
Q5W0A0	ENSG00000165837.12
Q5W0B1	ENSG00000152193.9
Q5W0B7	ENSG00000148483.9
Q5W0N0	ENSG00000204669.11
Q5W0Q7	ENSG00000132952.13
Q5W0U4	ENSG00000119411.12
Q5W0V3	ENSG00000151553.16
Q5W0Z9	ENSG00000180776.18
Q5W111	ENSG00000123178.17
Q5W186	ENSG00000173335.5
Q5W5W9	ENSG00000182698.13
Q5W5X9	ENSG00000103852.14
Q5XG87	ENSG00000112941.15
Q5XG92	ENSG00000172824.18
Q5XG99	ENSG00000183060.17
Q5XKE5	ENSG00000185640.6
Q5XKK7	ENSG00000178761.16
Q5XKL5	ENSG00000189195.16
Q5XKP0	ENSG00000174917.10
Q5XKR4	ENSG00000171540.8
Q5XKR9	ENSG00000182518.15
Q5XPI4	ENSG00000164068.17
Q5XUX0	ENSG00000103264.19
Q5XUX1	ENSG00000132004.14
Q5XX13	ENSG00000171931.13
Q5XXA6	ENSG00000131620.19
Q5ZPR3	ENSG00000103855.19
Q60I27	ENSG00000178038.18
Q629K1	ENSG00000205133.13
Q63HK3	ENSG00000155592.17
Q63HK5	ENSG00000121297.8
Q63HM1	ENSG00000183077.17
Q63HM2	ENSG00000126773.14
Q63HM9	ENSG00000182836.11
Q63HN8	ENSG00000173821.20
Q63HQ0	ENSG00000138660.13
Q63HQ2	ENSG00000164318.18
Q63HR2	ENSG00000111077.19
Q63ZE4	ENSG00000184999.14
Q63ZY3	ENSG00000197256.12
Q641Q2	ENSG00000099290.18
Q641Q3	ENSG00000176845.13
Q641Q3	ENSG00000275031.2
Q643R3	ENSG00000176454.16
Q643R3	ENSG00000291994.1
Q64ET8	ENSG00000205097.7
Q64ET8	ENSG00000274972.3
Q64ET8	ENSG00000285063.1
Q64ET8	ENSG00000285202.1
Q64LD2	ENSG00000176473.15
Q658L1	ENSG00000188659.10
Q658N2	ENSG00000179314.18
Q658P3	ENSG00000115107.21
Q658Y4	ENSG00000176853.17
Q659A1	ENSG00000128915.13
Q659C4	ENSG00000138709.21
Q66GS9	ENSG00000174799.13
Q66K14	ENSG00000197226.14
Q66K14	ENSG00000284400.2
Q66K64	ENSG00000132017.12
Q66K64	ENSG00000288453.1
Q66K66	ENSG00000188760.12
Q66K74	ENSG00000130479.12
Q66K79	ENSG00000109625.20
Q66K89	ENSG00000167967.17
Q66LE6	ENSG00000175470.21
Q66PJ3	ENSG00000182196.15
Q674R7	ENSG00000181652.20
Q674X7	ENSG00000189337.17
Q676U5	ENSG00000085978.23
Q676U5	ENSG00000281089.3
Q67FW5	ENSG00000175711.10
Q67FW5	ENSG00000277033.2
Q684P5	ENSG00000132359.18
Q685J3	ENSG00000169876.14
Q687X5	ENSG00000127954.14
Q68BL7	ENSG00000185585.21
Q68BL8	ENSG00000162745.11
Q68CJ6	ENSG00000189233.13
Q68CJ9	ENSG00000060566.15
Q68CK6	ENSG00000066813.15
Q68CL5	ENSG00000134779.16
Q68CP4	ENSG00000165102.16
Q68CP9	ENSG00000189079.19
Q68CQ1	ENSG00000184313.21
Q68CQ1	ENSG00000271723.5
Q68CQ4	ENSG00000117597.19
Q68CQ7	ENSG00000016864.20
Q68CR1	ENSG00000091490.12
Q68CR7	ENSG00000188993.5
Q68CZ1	ENSG00000103494.17
Q68CZ2	ENSG00000136205.19
Q68CZ6	ENSG00000214367.10
Q68CZ6	ENSG00000290263.1
Q68D06	ENSG00000154760.15
Q68D10	ENSG00000179119.15
Q68D42	ENSG00000188133.7
Q68D51	ENSG00000175984.17
Q68D85	ENSG00000188211.9
Q68D86	ENSG00000150636.18
Q68D91	ENSG00000176055.10
Q68DA7	ENSG00000248905.10
Q68DC2	ENSG00000165138.19
Q68DD2	ENSG00000168907.14
Q68DE3	ENSG00000176542.10
Q68DH5	ENSG00000164187.8
Q68DI1	ENSG00000152443.13
Q68DK2	ENSG00000072121.17
Q68DK7	ENSG00000188895.13
Q68DL7	ENSG00000206043.7
Q68DQ2	ENSG00000080200.10
Q68DU8	ENSG00000183775.11
Q68DV7	ENSG00000108375.14
Q68DX3	ENSG00000170324.21
Q68DY1	ENSG00000188171.17
Q68DY9	ENSG00000197128.13
Q68E01	ENSG00000143624.15
Q68E01	ENSG00000262826.5
Q68EA5	ENSG00000171970.15
Q68EM7	ENSG00000140750.18
Q68EM7	ENSG00000288353.1
Q68EN5	ENSG00000196123.14
Q68G74	ENSG00000162624.17
Q68G75	ENSG00000186007.10
Q68J44	ENSG00000188716.7
Q68J44	ENSG00000281660.1
Q693B1	ENSG00000213859.8
Q693B1	ENSG00000288399.2
Q695T7	ENSG00000174358.16
Q69YG0	ENSG00000169964.9
Q69YG0	ENSG00000280516.4
Q69YH5	ENSG00000184661.15
Q69YI7	ENSG00000171169.9
Q69YL0	ENSG00000270170.2
Q69YN2	ENSG00000095485.19
Q69YN4	ENSG00000164944.13
Q69YQ0	ENSG00000100014.21
Q69YU3	ENSG00000272031.4
Q69YU5	ENSG00000204954.11
Q69YW2	ENSG00000203685.11
Q69YZ2	ENSG00000253304.3
Q6A162	ENSG00000204889.11
Q6A162	ENSG00000262845.7
Q6A163	ENSG00000196859.8
Q6A163	ENSG00000262164.6
Q6A555	ENSG00000204193.12
Q6AHZ1	ENSG00000177853.16
Q6AI08	ENSG00000068097.17
Q6AI12	ENSG00000154945.8
Q6AI14	ENSG00000180251.5
Q6AI39	ENSG00000112624.15
Q6AW86	ENSG00000249471.9
Q6AWC2	ENSG00000151718.17
Q6AZW8	ENSG00000144792.10
Q6AZW8	ENSG00000280661.2
Q6AZY7	ENSG00000168077.15
Q6AZZ1	ENSG00000167333.14
Q6B0B8	ENSG00000173825.8
Q6B0I6	ENSG00000186280.7
Q6B0K9	ENSG00000206177.7
Q6B8I1	ENSG00000293543.1
Q6B9Z1	ENSG00000204869.9
Q6BAA4	ENSG00000162746.15
Q6BCY4	ENSG00000166394.16
Q6BDI9	ENSG00000174236.4
Q6BDS2	ENSG00000065060.18
Q6BEB4	ENSG00000204335.4
Q6DCA0	ENSG00000144233.12
Q6DD87	ENSG00000142409.7
Q6DD88	ENSG00000184743.14
Q6DHV5	ENSG00000188649.16
Q6DHV7	ENSG00000168803.17
Q6DHY5	ENSG00000260287.5
Q6DHY5	ENSG00000275760.4
Q6DJT9	ENSG00000181690.9
Q6DKI1	ENSG00000146223.17
Q6DKI2	ENSG00000171916.18
Q6DKI2	ENSG00000284021.2
Q6DKI7	ENSG00000213413.4
Q6DKJ4	ENSG00000167693.17
Q6DKK2	ENSG00000011295.17
Q6DN12	ENSG00000140563.17
Q6DN14	ENSG00000175471.20
Q6DN72	ENSG00000181036.15
Q6DN90	ENSG00000144711.17
Q6DT37	ENSG00000171219.10
Q6DWJ6	ENSG00000180269.8
Q6E0U4	ENSG00000161249.22
Q6E213	ENSG00000147160.10
Q6EBC2	ENSG00000204671.2
Q6ECI4	ENSG00000197016.13
Q6EEV6	ENSG00000177688.7
Q6EIG7	ENSG00000205846.4
Q6EKJ0	ENSG00000174428.20
Q6EMB2	ENSG00000119685.21
Q6EMK4	ENSG00000168140.6
Q6EMK4	ENSG00000274334.1
Q6F5E8	ENSG00000159753.15
Q6FHJ7	ENSG00000106483.13
Q6FI13	ENSG00000288825.1
Q6FI13	ENSG00000288859.2
Q6FI81	ENSG00000005194.16
Q6FIF0	ENSG00000086666.21
Q6GMR7	ENSG00000165591.8
Q6GMV2	ENSG00000135632.13
Q6GMV3	ENSG00000184924.7
Q6GPH4	ENSG00000132530.18
Q6GPH6	ENSG00000198885.11
Q6GPI1	ENSG00000168928.13
Q6GQQ9	ENSG00000264522.7
Q6GTS8	ENSG00000162877.13
Q6GTX8	ENSG00000167613.17
Q6GTX8	ENSG00000276053.4
Q6GTX8	ENSG00000278154.4
Q6GTX8	ENSG00000274110.4
Q6GTX8	ENSG00000276163.4
Q6GV28	ENSG00000204300.7
Q6GYQ0	ENSG00000174373.17
Q6H3X3	ENSG00000203722.9
Q6H8Q1	ENSG00000163995.22
Q6H9L7	ENSG00000100593.19
Q6HA08	ENSG00000188886.5
Q6I9Y2	ENSG00000163634.12
Q6IA17	ENSG00000185187.15
Q6IA69	ENSG00000172890.14
Q6IA86	ENSG00000134759.15
Q6IAA8	ENSG00000149357.11
Q6IAN0	ENSG00000109016.19
Q6IB77	ENSG00000149124.11
Q6IBS0	ENSG00000247596.11
Q6IBW4	ENSG00000025770.20
Q6IC83	ENSG00000205856.4
Q6IC98	ENSG00000075240.18
Q6ICB0	ENSG00000100418.9
Q6ICB4	ENSG00000177096.10
Q6ICC9	ENSG00000188636.4
Q6ICG6	ENSG00000100364.20
Q6ICG8	ENSG00000183066.16
Q6ICH7	ENSG00000128203.8
Q6ICI0	ENSG00000206069.8
Q6ICL3	ENSG00000183597.17
Q6ICL7	ENSG00000100036.13
Q6IE38	ENSG00000196800.7
Q6IE81	ENSG00000077684.17
Q6IEE7	ENSG00000181291.8
Q6IEG0	ENSG00000168566.14
Q6IEU7	ENSG00000254834.5
Q6IEV9	ENSG00000172188.6
Q6IEY1	ENSG00000284662.2
Q6IEY1	ENSG00000284733.2
Q6IEY1	ENSG00000230178.1
Q6IEZ7	ENSG00000273827.2
Q6IEZ7	ENSG00000275102.2
Q6IEZ7	ENSG00000203661.4
Q6IEZ7	ENSG00000292007.1
Q6IF00	ENSG00000276821.1
Q6IF00	ENSG00000275754.2
Q6IF00	ENSG00000196240.6
Q6IF00	ENSG00000292018.1
Q6IF42	ENSG00000221989.3
Q6IF63	ENSG00000175485.3
Q6IF82	ENSG00000237388.3
Q6IF99	ENSG00000180708.6
Q6IFG1	ENSG00000183269.6
Q6IFH4	ENSG00000182083.8
Q6IFN5	ENSG00000237521.4
Q6IMI4	ENSG00000138068.12
Q6IMI6	ENSG00000196228.6
Q6IMN6	ENSG00000110888.20
Q6IN84	ENSG00000274853.2
Q6IN84	ENSG00000278619.6
Q6IN85	ENSG00000100796.19
Q6IPM2	ENSG00000106012.20
Q6IPR1	ENSG00000205707.12
Q6IPR3	ENSG00000162623.17
Q6IPT2	ENSG00000142530.12
Q6IPT4	ENSG00000215883.12
Q6IPU0	ENSG00000188312.15
Q6IPU0	ENSG00000291348.1
Q6IPW1	ENSG00000180425.11
Q6IPX1	ENSG00000274611.5
Q6IPX1	ENSG00000278299.6
Q6IPX3	ENSG00000204071.11
Q6IPX3	ENSG00000291827.3
Q6IQ16	ENSG00000144228.11
Q6IQ19	ENSG00000154429.11
Q6IQ20	ENSG00000161048.13
Q6IQ20	ENSG00000275723.4
Q6IQ21	ENSG00000198146.5
Q6IQ23	ENSG00000166689.19
Q6IQ26	ENSG00000184014.10
Q6IQ32	ENSG00000101544.10
Q6IQ49	ENSG00000143751.11
Q6IQ55	ENSG00000128881.19
Q6IS14	ENSG00000253626.4
Q6IS24	ENSG00000185274.13
Q6ISB3	ENSG00000083307.13
Q6ISS4	ENSG00000167618.11
Q6ISS4	ENSG00000274084.4
Q6ISS4	ENSG00000277335.4
Q6ISU1	ENSG00000171611.10
Q6IV72	ENSG00000204947.10
Q6IWH7	ENSG00000146205.16
Q6J272	ENSG00000188163.8
Q6J4K2	ENSG00000089060.13
Q6J9G0	ENSG00000060140.10
Q6JBY9	ENSG00000198771.12
Q6JEL2	ENSG00000161594.8
Q6JQN1	ENSG00000111271.16
Q6JVE5	ENSG00000184925.13
Q6JVE6	ENSG00000187922.15
Q6JVE9	ENSG00000204001.11
Q6K0P9	ENSG00000163564.15
Q6KB66	ENSG00000167767.14
Q6KC79	ENSG00000164190.19
Q6KCM7	ENSG00000148339.14
Q6KF10	ENSG00000156466.11
Q6L8G4	ENSG00000204571.7
Q6L8G5	ENSG00000204572.10
Q6L8G8	ENSG00000244411.4
Q6L8G9	ENSG00000205864.1
Q6L8G9	ENSG00000277389.1
Q6L8H1	ENSG00000278620.3
Q6L8H2	ENSG00000196224.7
Q6L8H2	ENSG00000275920.1
Q6L8H2	ENSG00000281191.2
Q6L8H2	ENSG00000291435.1
Q6L8H4	ENSG00000205869.2
Q6L8H4	ENSG00000278210.1
Q6L8H4	ENSG00000280585.1
Q6L8H4	ENSG00000291433.1
Q6L8Q7	ENSG00000174840.10
Q6L9T8	ENSG00000215784.7
Q6L9W6	ENSG00000139044.13
Q6MZM0	ENSG00000181333.12
Q6MZM9	ENSG00000187533.14
Q6MZM9	ENSG00000282868.2
Q6MZP7	ENSG00000189308.12
Q6MZQ0	ENSG00000135362.15
Q6MZT1	ENSG00000186479.5
Q6MZW2	ENSG00000053108.19
Q6MZZ7	ENSG00000162949.17
Q6N021	ENSG00000168769.15
Q6N022	ENSG00000149256.16
Q6N043	ENSG00000137871.22
Q6N063	ENSG00000111325.17
Q6N069	ENSG00000172766.20
Q6N075	ENSG00000182544.10
Q6NS38	ENSG00000189046.12
Q6NSI3	ENSG00000174137.14
Q6NSI4	ENSG00000147231.14
Q6NSI8	ENSG00000162929.15
Q6NSJ0	ENSG00000164976.10
Q6NSJ2	ENSG00000176531.13
Q6NSJ5	ENSG00000171017.12
Q6NSW7	ENSG00000255192.7
Q6NSX1	ENSG00000123171.8
Q6NSZ9	ENSG00000197037.12
Q6NT04	ENSG00000140993.12
Q6NT16	ENSG00000146409.13
Q6NT32	ENSG00000159398.16
Q6NT46	ENSG00000189064.10
Q6NT52	ENSG00000104818.15
Q6NT55	ENSG00000171954.14
Q6NT76	ENSG00000147421.19
Q6NT89	ENSG00000253368.5
Q6NTE8	ENSG00000161010.16
Q6NTE8	ENSG00000283918.2
Q6NTF7	ENSG00000100298.16
Q6NTF9	ENSG00000005486.18
Q6NUI2	ENSG00000186281.14
Q6NUI6	ENSG00000100399.17
Q6NUJ1	ENSG00000178597.7
Q6NUJ2	ENSG00000185742.8
Q6NUJ5	ENSG00000171813.15
Q6NUK1	ENSG00000085491.18
Q6NUK1	ENSG00000284468.3
Q6NUK4	ENSG00000165476.15
Q6NUM6	ENSG00000277149.6
Q6NUM9	ENSG00000042445.15
Q6NUM9	ENSG00000292155.1
Q6NUN0	ENSG00000183549.11
Q6NUN7	ENSG00000109944.12
Q6NUN9	ENSG00000181220.19
Q6NUP7	ENSG00000119698.13
Q6NUP7	ENSG00000278326.4
Q6NUQ1	ENSG00000135249.9
Q6NUQ4	ENSG00000119777.21
Q6NUS6	ENSG00000119977.23
Q6NUS8	ENSG00000145626.13
Q6NUT2	ENSG00000177990.13
Q6NUT3	ENSG00000161091.16
Q6NV74	ENSG00000196872.13
Q6NV75	ENSG00000158292.8
Q6NVH7	ENSG00000173928.5
Q6NVU6	ENSG00000176125.7
Q6NVV3	ENSG00000163293.13
Q6NVV7	ENSG00000205643.12
Q6NVY1	ENSG00000198130.17
Q6NW29	ENSG00000182552.15
Q6NW34	ENSG00000163608.16
Q6NW40	ENSG00000174136.14
Q6NWY9	ENSG00000110844.15
Q6NX45	ENSG00000196391.11
Q6NX49	ENSG00000198131.16
Q6NXE6	ENSG00000105676.15
Q6NXG1	ENSG00000104413.19
Q6NXP0	ENSG00000172771.13
Q6NXP2	ENSG00000205085.13
Q6NXP6	ENSG00000165555.10
Q6NXR0	ENSG00000124449.7
Q6NXR4	ENSG00000129696.14
Q6NXS1	ENSG00000231989.5
Q6NXT1	ENSG00000100124.16
Q6NXT2	ENSG00000188375.5
Q6NXT4	ENSG00000152683.15
Q6NXT6	ENSG00000169762.18
Q6NY19	ENSG00000186994.13
Q6NYC1	ENSG00000070495.16
Q6NYC8	ENSG00000146112.13
Q6NYC8	ENSG00000206485.10
Q6NYC8	ENSG00000225060.8
Q6NYC8	ENSG00000230341.8
Q6NYC8	ENSG00000234000.8
Q6NYC8	ENSG00000229998.8
Q6NZ36	ENSG00000162585.18
Q6NZ63	ENSG00000105889.17
Q6NZ67	ENSG00000152082.16
Q6NZ67	ENSG00000292119.1
Q6NZI2	ENSG00000177469.14
Q6NZY4	ENSG00000033030.17
Q6NZY7	ENSG00000167617.4
Q6NZY7	ENSG00000273622.1
Q6NZY7	ENSG00000273633.1
Q6NZY7	ENSG00000278444.1
Q6P047	ENSG00000171060.11
Q6P050	ENSG00000197361.8
Q6P087	ENSG00000156990.15
Q6P093	ENSG00000197953.6
Q6P093	ENSG00000261846.2
Q6P0A1	ENSG00000196666.7
Q6P0A1	ENSG00000284938.4
Q6P0N0	ENSG00000129534.15
Q6P0Q8	ENSG00000086015.24
Q6P158	ENSG00000163214.22
Q6P161	ENSG00000183617.6
Q6P179	ENSG00000164308.19
Q6P1A2	ENSG00000111684.12
Q6P1J6	ENSG00000163803.13
Q6P1J9	ENSG00000134371.16
Q6P1K1	ENSG00000211584.15
Q6P1K2	ENSG00000260238.6
Q6P1K2	ENSG00000160783.20
Q6P1K8	ENSG00000183474.17
Q6P1K8	ENSG00000274675.4
Q6P1L5	ENSG00000138439.12
Q6P1L6	ENSG00000088876.14
Q6P1L8	ENSG00000180992.8
Q6P1M0	ENSG00000167114.14
Q6P1M3	ENSG00000073350.15
Q6P1M9	ENSG00000125962.17
Q6P1N0	ENSG00000132024.19
Q6P1N0	ENSG00000288293.1
Q6P1N9	ENSG00000147687.20
Q6P1N9	ENSG00000291730.1
Q6P1Q0	ENSG00000050426.17
Q6P1Q9	ENSG00000165055.17
Q6P1R3	ENSG00000120458.13
Q6P1R4	ENSG00000169718.19
Q6P1S2	ENSG00000174928.17
Q6P1W5	ENSG00000142698.15
Q6P1X5	ENSG00000064313.13
Q6P1X6	ENSG00000213563.7
Q6P280	ENSG00000186020.14
Q6P2C0	ENSG00000140527.16
Q6P2C8	ENSG00000160563.15
Q6P2D0	ENSG00000184517.13
Q6P2D8	ENSG00000166435.17
Q6P2E9	ENSG00000038358.16
Q6P2H3	ENSG00000130695.17
Q6P2H8	ENSG00000126106.14
Q6P2I3	ENSG00000144199.14
Q6P2I3	ENSG00000291581.1
Q6P2I7	ENSG00000255423.1
Q6P2M8	ENSG00000130822.17
Q6P2P2	ENSG00000164169.14
Q6P2Q9	ENSG00000174231.19
Q6P2Q9	ENSG00000274442.2
Q6P387	ENSG00000166455.15
Q6P387	ENSG00000291963.1
Q6P3R8	ENSG00000197168.15
Q6P3S1	ENSG00000213047.14
Q6P3S6	ENSG00000037637.12
Q6P3S6	ENSG00000291375.1
Q6P3V2	ENSG00000196967.12
Q6P3W2	ENSG00000170946.16
Q6P3W6	ENSG00000271425.10
Q6P3W7	ENSG00000136021.20
Q6P3X3	ENSG00000018699.14
Q6P3X8	ENSG00000185220.13
Q6P444	ENSG00000146410.13
Q6P461	ENSG00000173124.15
Q6P499	ENSG00000001461.20
Q6P4A7	ENSG00000183605.18
Q6P4A8	ENSG00000121316.12
Q6P4D5	ENSG00000156500.17
Q6P4E1	ENSG00000166734.21
Q6P4F1	ENSG00000172728.17
Q6P4F2	ENSG00000267673.7
Q6P4F2	ENSG00000167807.15
Q6P4F7	ENSG00000198826.12
Q6P4F7	ENSG00000275568.4
Q6P4H8	ENSG00000150756.15
Q6P4I2	ENSG00000177082.14
Q6P4I2	ENSG00000291629.1
Q6P4Q7	ENSG00000158158.13
Q6P4R8	ENSG00000170322.16
Q6P531	ENSG00000167741.11
Q6P582	ENSG00000173272.17
Q6P587	ENSG00000180185.13
Q6P589	ENSG00000163154.7
Q6P597	ENSG00000104892.18
Q6P5Q4	ENSG00000170807.12
Q6P5R6	ENSG00000163584.19
Q6P5S2	ENSG00000184530.9
Q6P5S7	ENSG00000219200.12
Q6P5W5	ENSG00000147804.10
Q6P5X5	ENSG00000242259.10
Q6P5X7	ENSG00000165071.16
Q6P5Z2	ENSG00000160447.8
Q6P656	ENSG00000156206.14
Q6P6B1	ENSG00000177459.12
Q6P6B7	ENSG00000134461.17
Q6P6C2	ENSG00000091542.9
Q6P7N7	ENSG00000174529.7
Q6P988	ENSG00000185269.13
Q6P995	ENSG00000144369.15
Q6P996	ENSG00000179889.22
Q6P996	ENSG00000275498.5
Q6P996	ENSG00000276709.4
Q6P9A1	ENSG00000183647.12
Q6P9A2	ENSG00000110328.7
Q6P9A3	ENSG00000121406.10
Q6P9B6	ENSG00000140950.17
Q6P9B9	ENSG00000185085.2
Q6P9F0	ENSG00000130783.15
Q6P9F5	ENSG00000204614.10
Q6P9F5	ENSG00000172524.12
Q6P9F5	ENSG00000237046.8
Q6P9F5	ENSG00000228001.8
Q6P9F5	ENSG00000224496.7
Q6P9F7	ENSG00000197147.16
Q6P9G0	ENSG00000182224.12
Q6P9G4	ENSG00000170006.14
Q6P9G9	ENSG00000173275.14
Q6P9H4	ENSG00000153721.20
Q6P9H5	ENSG00000133561.16
Q6PB30	ENSG00000198930.14
Q6PB30	ENSG00000292188.1
Q6PCB0	ENSG00000179403.13
Q6PCB5	ENSG00000187257.17
Q6PCB6	ENSG00000136379.13
Q6PCB7	ENSG00000130304.18
Q6PCB8	ENSG00000170571.13
Q6PCD5	ENSG00000168411.15
Q6PCE3	ENSG00000165434.9
Q6PCT2	ENSG00000099364.18
Q6PD62	ENSG00000198730.10
Q6PD74	ENSG00000103591.14
Q6PDA7	ENSG00000178287.18
Q6PDA7	ENSG00000164871.18
Q6PDA7	ENSG00000285507.3
Q6PDA7	ENSG00000288309.2
Q6PDB4	ENSG00000221923.10
Q6PEV8	ENSG00000123575.10
Q6PEW0	ENSG00000103023.12
Q6PEW1	ENSG00000174460.5
Q6PEX3	ENSG00000197683.5
Q6PEX7	ENSG00000186118.9
Q6PEY0	ENSG00000164411.13
Q6PEY1	ENSG00000167874.8
Q6PEY2	ENSG00000152086.9
Q6PEZ8	ENSG00000132000.15
Q6PEZ8	ENSG00000288195.1
Q6PF04	ENSG00000176024.19
Q6PF05	ENSG00000205838.15
Q6PF06	ENSG00000165275.11
Q6PF15	ENSG00000149243.18
Q6PF18	ENSG00000139714.13
Q6PFW1	ENSG00000168781.25
Q6PG37	ENSG00000197863.10
Q6PGN9	ENSG00000134222.17
Q6PGP7	ENSG00000198677.14
Q6PGQ1	ENSG00000189269.13
Q6PGQ7	ENSG00000136122.19
Q6PH81	ENSG00000155330.10
Q6PH85	ENSG00000150401.16
Q6PHR2	ENSG00000140474.15
Q6PHW0	ENSG00000009765.16
Q6PI25	ENSG00000174871.11
Q6PI26	ENSG00000144736.15
Q6PI47	ENSG00000155729.14
Q6PI48	ENSG00000117593.13
Q6PI73	ENSG00000244482.11
Q6PI73	ENSG00000274148.6
Q6PI73	ENSG00000275539.5
Q6PI77	ENSG00000198908.13
Q6PI77	ENSG00000286237.1
Q6PI78	ENSG00000164983.10
Q6PI97	ENSG00000183644.15
Q6PI98	ENSG00000153391.17
Q6PID6	ENSG00000113638.15
Q6PID8	ENSG00000128607.15
Q6PIF2	ENSG00000161860.9
Q6PIF6	ENSG00000169994.21
Q6PII3	ENSG00000154781.17
Q6PII5	ENSG00000103253.20
Q6PIJ6	ENSG00000145868.18
Q6PIL6	ENSG00000185774.17
Q6PIS1	ENSG00000213901.12
Q6PIU1	ENSG00000164794.9
Q6PIU2	ENSG00000144959.12
Q6PIV2	ENSG00000176302.13
Q6PIV7	ENSG00000162461.9
Q6PIW4	ENSG00000132436.14
Q6PIY5	ENSG00000198520.13
Q6PIY7	ENSG00000164329.16
Q6PIZ9	ENSG00000163519.14
Q6PJ21	ENSG00000162032.17
Q6PJ61	ENSG00000177051.7
Q6PJ69	ENSG00000141569.13
Q6PJE2	ENSG00000146707.16
Q6PJE2	ENSG00000276464.4
Q6PJF5	ENSG00000129667.14
Q6PJG2	ENSG00000156030.15
Q6PJG6	ENSG00000106009.17
Q6PJG9	ENSG00000173621.10
Q6PJI9	ENSG00000103091.16
Q6PJP8	ENSG00000198924.9
Q6PJQ5	ENSG00000189299.7
Q6PJT7	ENSG00000100722.21
Q6PJW8	ENSG00000162852.15
Q6PK04	ENSG00000185298.13
Q6PK18	ENSG00000181396.14
Q6PK81	ENSG00000152439.13
Q6PKC3	ENSG00000153066.14
Q6PKG0	ENSG00000155506.20
Q6PKH6	ENSG00000187630.19
Q6PKH6	ENSG00000292270.1
Q6PKX4	ENSG00000206052.12
Q6PL18	ENSG00000156802.14
Q6PL24	ENSG00000100580.9
Q6PL45	ENSG00000182685.8
Q6PML9	ENSG00000014824.15
Q6PP77	ENSG00000182489.9
Q6PRD1	ENSG00000276469.1
Q6PRD7	ENSG00000205923.3
Q6PUV4	ENSG00000145920.16
Q6PXP3	ENSG00000197241.4
Q6Q0C0	ENSG00000131653.15
Q6Q0C1	ENSG00000140107.12
Q6Q4G3	ENSG00000172901.21
Q6Q6R5	ENSG00000146215.15
Q6Q759	ENSG00000155761.14
Q6Q788	ENSG00000110243.13
Q6Q8B3	ENSG00000206531.12
Q6QAJ8	ENSG00000187824.10
Q6QEF8	ENSG00000167549.20
Q6QHC5	ENSG00000168350.8
Q6QHF9	ENSG00000148832.17
Q6QHK4	ENSG00000183733.6
Q6QNK2	ENSG00000111452.14
Q6QNY0	ENSG00000189114.9
Q6QNY1	ENSG00000196072.13
Q6R2W3	ENSG00000232040.5
Q6R327	ENSG00000164327.15
Q6R6M4	ENSG00000223443.3
Q6RFH5	ENSG00000133316.17
Q6RI45	ENSG00000165288.11
Q6RSH7	ENSG00000189030.10
Q6RW13	ENSG00000177674.17
Q6S545	ENSG00000198062.16
Q6S5H5	ENSG00000187537.13
Q6S5L8	ENSG00000185634.12
Q6S8J3	ENSG00000188219.16
Q6S9Z5	ENSG00000164185.8
Q6SA08	ENSG00000139908.15
Q6SA08	ENSG00000285140.2
Q6SJ93	ENSG00000189057.12
Q6SJ96	ENSG00000182521.6
Q6SPF0	ENSG00000288488.2
Q6STE5	ENSG00000082014.17
Q6SZW1	ENSG00000004139.15
Q6T310	ENSG00000122035.8
Q6T311	ENSG00000196503.6
Q6T423	ENSG00000196600.13
Q6T4P5	ENSG00000129951.20
Q6T4R5	ENSG00000188158.17
Q6TCH4	ENSG00000160781.18
Q6TCH7	ENSG00000163291.15
Q6TDP4	ENSG00000187961.16
Q6TDU7	ENSG00000118307.21
Q6TFL3	ENSG00000164989.18
Q6TFL4	ENSG00000114796.17
Q6TGC4	ENSG00000276747.1
Q6TGC4	ENSG00000280949.1
Q6U736	ENSG00000124818.16
Q6U7Q0	ENSG00000181315.12
Q6U841	ENSG00000144290.18
Q6UB28	ENSG00000172878.15
Q6UB28	ENSG00000292097.1
Q6UB35	ENSG00000120254.17
Q6UB98	ENSG00000101745.18
Q6UB99	ENSG00000167522.18
Q6UDR6	ENSG00000149651.4
Q6UE05	ENSG00000175877.4
Q6ULP2	ENSG00000119844.18
Q6UN15	ENSG00000145216.18
Q6UQ28	ENSG00000188771.5
Q6URK8	ENSG00000159648.13
Q6UUV7	ENSG00000140577.18
Q6UUV9	ENSG00000105662.17
Q6UVJ0	ENSG00000156876.10
Q6UVK1	ENSG00000173546.8
Q6UVM3	ENSG00000162687.19
Q6UVM3	ENSG00000291999.1
Q6UVW9	ENSG00000188393.9
Q6UVY6	ENSG00000079931.16
Q6UW01	ENSG00000139899.12
Q6UW02	ENSG00000119004.18
Q6UW10	ENSG00000196260.5
Q6UW10	ENSG00000206465.4
Q6UW10	ENSG00000230072.2
Q6UW10	ENSG00000237814.2
Q6UW10	ENSG00000225454.2
Q6UW15	ENSG00000143954.14
Q6UW32	ENSG00000188293.7
Q6UW49	ENSG00000258484.5
Q6UW56	ENSG00000138085.19
Q6UW60	ENSG00000115257.16
Q6UW63	ENSG00000134901.15
Q6UW68	ENSG00000105518.15
Q6UW78	ENSG00000204922.6
Q6UW88	ENSG00000182585.10
Q6UWB1	ENSG00000104998.5
Q6UWB1	ENSG00000288185.1
Q6UWB4	ENSG00000184647.11
Q6UWD8	ENSG00000185905.5
Q6UWE0	ENSG00000148356.16
Q6UWE3	ENSG00000196748.11
Q6UWF3	ENSG00000161929.15
Q6UWF7	ENSG00000137634.11
Q6UWF9	ENSG00000189320.9
Q6UWH4	ENSG00000164125.17
Q6UWH6	ENSG00000144043.13
Q6UWI2	ENSG00000169116.12
Q6UWI4	ENSG00000180730.5
Q6UWJ1	ENSG00000150403.19
Q6UWJ8	ENSG00000174950.12
Q6UWK7	ENSG00000188373.5
Q6UWL2	ENSG00000106868.18
Q6UWL6	ENSG00000126259.21
Q6UWM5	ENSG00000173401.10
Q6UWM7	ENSG00000188501.12
Q6UWM9	ENSG00000135220.12
Q6UWM9	ENSG00000278216.3
Q6UWN0	ENSG00000273111.6
Q6UWN5	ENSG00000159871.15
Q6UWN8	ENSG00000178172.7
Q6UWP2	ENSG00000278535.6
Q6UWP2	ENSG00000275397.2
Q6UWP7	ENSG00000172954.15
Q6UWP8	ENSG00000189001.11
Q6UWQ5	ENSG00000120563.10
Q6UWQ7	ENSG00000204866.9
Q6UWR7	ENSG00000164303.12
Q6UWS5	ENSG00000232838.4
Q6UWT2	ENSG00000168913.8
Q6UWT4	ENSG00000178776.6
Q6UWU2	ENSG00000163521.17
Q6UWU4	ENSG00000198663.18
Q6UWV2	ENSG00000160588.10
Q6UWV6	ENSG00000182156.11
Q6UWV7	ENSG00000182183.15
Q6UWW0	ENSG00000177984.7
Q6UWW8	ENSG00000172828.14
Q6UWW9	ENSG00000198398.3
Q6UWX4	ENSG00000143512.13
Q6UWY0	ENSG00000164291.18
Q6UWY2	ENSG00000185198.12
Q6UWY5	ENSG00000183801.9
Q6UWZ7	ENSG00000163322.15
Q6UX01	ENSG00000139636.17
Q6UX04	ENSG00000153015.17
Q6UX06	ENSG00000102837.7
Q6UX07	ENSG00000167536.15
Q6UX15	ENSG00000204381.13
Q6UX27	ENSG00000189068.11
Q6UX27	ENSG00000274953.4
Q6UX27	ENSG00000276159.4
Q6UX27	ENSG00000274887.4
Q6UX27	ENSG00000275330.4
Q6UX27	ENSG00000275577.4
Q6UX27	ENSG00000276066.4
Q6UX27	ENSG00000275962.4
Q6UX27	ENSG00000277607.4
Q6UX27	ENSG00000276363.4
Q6UX34	ENSG00000182600.10
Q6UX39	ENSG00000187689.10
Q6UX40	ENSG00000179029.16
Q6UX41	ENSG00000113303.13
Q6UX46	ENSG00000189292.18
Q6UX52	ENSG00000187997.12
Q6UX53	ENSG00000170439.8
Q6UX65	ENSG00000156171.16
Q6UX68	ENSG00000275591.6
Q6UX71	ENSG00000120594.18
Q6UX72	ENSG00000237172.5
Q6UX73	ENSG00000153446.17
Q6UX82	ENSG00000259823.7
Q6UX98	ENSG00000174165.9
Q6UXA7	ENSG00000204542.3
Q6UXA7	ENSG00000206461.4
Q6UXA7	ENSG00000231624.2
Q6UXA7	ENSG00000225543.2
Q6UXA7	ENSG00000224105.2
Q6UXA7	ENSG00000229432.2
Q6UXB0	ENSG00000175182.16
Q6UXB1	ENSG00000188624.3
Q6UXB2	ENSG00000189377.10
Q6UXB3	ENSG00000197353.4
Q6UXB4	ENSG00000182566.15
Q6UXB8	ENSG00000164530.16
Q6UXC1	ENSG00000177943.15
Q6UXD1	ENSG00000196196.3
Q6UXD5	ENSG00000174938.16
Q6UXD7	ENSG00000169026.14
Q6UXE8	ENSG00000168903.10
Q6UXF1	ENSG00000144868.15
Q6UXF7	ENSG00000140839.14
Q6UXG2	ENSG00000116299.18
Q6UXG3	ENSG00000161649.15
Q6UXG8	ENSG00000165810.18
Q6UXH0	ENSG00000130173.14
Q6UXH1	ENSG00000184164.16
Q6UXH8	ENSG00000183287.16
Q6UXH9	ENSG00000149090.14
Q6UXI7	ENSG00000205221.14
Q6UXI9	ENSG00000168743.14
Q6UXK2	ENSG00000167178.18
Q6UXK5	ENSG00000175928.7
Q6UXL0	ENSG00000174564.14
Q6UXM1	ENSG00000139263.13
Q6UXN2	ENSG00000188056.12
Q6UXN7	ENSG00000196860.8
Q6UXN8	ENSG00000197992.8
Q6UXN9	ENSG00000164091.13
Q6UXP7	ENSG00000152380.11
Q6UXS0	ENSG00000261210.8
Q6UXS9	ENSG00000204403.11
Q6UXS9	ENSG00000291983.2
Q6UXT8	ENSG00000196711.9
Q6UXT9	ENSG00000168792.5
Q6UXU4	ENSG00000169181.14
Q6UXU6	ENSG00000167105.9
Q6UXV0	ENSG00000187871.2
Q6UXV1	ENSG00000161652.14
Q6UXV4	ENSG00000155008.17
Q6UXX5	ENSG00000102313.9
Q6UXX9	ENSG00000147655.13
Q6UXY1	ENSG00000128298.19
Q6UXY8	ENSG00000103534.18
Q6UXZ0	ENSG00000182271.14
Q6UXZ3	ENSG00000204345.1
Q6UXZ3	ENSG00000291922.1
Q6UXZ4	ENSG00000156687.11
Q6UY01	ENSG00000114248.11
Q6UY09	ENSG00000273777.6
Q6UY11	ENSG00000171462.16
Q6UY14	ENSG00000143382.17
Q6UY18	ENSG00000213171.3
Q6UY27	ENSG00000196844.9
Q6UYE1	ENSG00000186047.11
Q6V0I7	ENSG00000196159.14
Q6V0L0	ENSG00000187553.10
Q6V1P9	ENSG00000197410.14
Q6V1P9	ENSG00000284227.3
Q6V1X1	ENSG00000074603.20
Q6V702	ENSG00000197826.13
Q6V9R5	ENSG00000171466.11
Q6VAB6	ENSG00000171435.15
Q6VB84	ENSG00000187559.6
Q6VMQ6	ENSG00000171681.14
Q6VN20	ENSG00000141084.13
Q6VUC0	ENSG00000116819.9
Q6VVB1	ENSG00000187566.6
Q6VVX0	ENSG00000186104.12
Q6VY07	ENSG00000175115.13
Q6W0C5	ENSG00000187569.4
Q6W2J9	ENSG00000183337.19
Q6W3E5	ENSG00000178795.10
Q6W4X9	ENSG00000184956.16
Q6W5P4	ENSG00000187258.14
Q6WBX8	ENSG00000151164.19
Q6WCQ1	ENSG00000133030.23
Q6WKZ4	ENSG00000156675.17
Q6WN34	ENSG00000054938.17
Q6WQI6	ENSG00000221932.7
Q6WRI0	ENSG00000152580.10
Q6WRX3	ENSG00000203995.11
Q6X4T0	ENSG00000177627.11
Q6X4U4	ENSG00000171243.8
Q6X4W1	ENSG00000165802.24
Q6X784	ENSG00000186075.13
Q6X9E4	ENSG00000164049.14
Q6XD76	ENSG00000187855.6
Q6XE24	ENSG00000144642.23
Q6XE38	ENSG00000197745.3
Q6XPR3	ENSG00000215853.3
Q6XPS3	ENSG00000132958.19
Q6XQN6	ENSG00000147813.17
Q6XQN6	ENSG00000278488.2
Q6XR72	ENSG00000196660.13
Q6XUX3	ENSG00000133059.19
Q6XYB7	ENSG00000179528.16
Q6XYQ8	ENSG00000110975.8
Q6XZB0	ENSG00000188992.12
Q6XZF7	ENSG00000107554.18
Q6Y1H2	ENSG00000206527.11
Q6Y288	ENSG00000187676.9
Q6Y2X3	ENSG00000135392.20
Q6Y7W6	ENSG00000204120.17
Q6YBV0	ENSG00000180773.16
Q6YFQ2	ENSG00000160471.13
Q6YHK3	ENSG00000156535.15
Q6YHU6	ENSG00000115970.20
Q6YI46	ENSG00000180694.15
Q6YN16	ENSG00000119471.16
Q6YP21	ENSG00000137944.18
Q6ZMB0	ENSG00000198488.11
Q6ZMB5	ENSG00000164855.17
Q6ZMC9	ENSG00000197046.12
Q6ZMD2	ENSG00000182557.9
Q6ZMG9	ENSG00000172292.16
Q6ZMH5	ENSG00000139540.13
Q6ZMI0	ENSG00000162869.17
Q6ZMI3	ENSG00000186417.16
Q6ZMJ2	ENSG00000168079.18
Q6ZMJ4	ENSG00000157368.13
Q6ZMN7	ENSG00000165966.16
Q6ZMN8	ENSG00000205089.9
Q6ZMP0	ENSG00000187720.15
Q6ZMQ8	ENSG00000181409.15
Q6ZMR3	ENSG00000166800.11
Q6ZMR5	ENSG00000187054.17
Q6ZMS4	ENSG00000178917.19
Q6ZMS7	ENSG00000204946.10
Q6ZMT1	ENSG00000141750.8
Q6ZMT4	ENSG00000006459.12
Q6ZMT9	ENSG00000197057.11
Q6ZMU5	ENSG00000177238.15
Q6ZMV5	ENSG00000224960.5
Q6ZMV7	ENSG00000197980.14
Q6ZMV8	ENSG00000183850.14
Q6ZMV9	ENSG00000164627.18
Q6ZMW2	ENSG00000196597.14
Q6ZMW3	ENSG00000214595.13
Q6ZMY3	ENSG00000134668.14
Q6ZMY6	ENSG00000166359.11
Q6ZMY9	ENSG00000197363.12
Q6ZMZ0	ENSG00000116514.18
Q6ZMZ3	ENSG00000176438.14
Q6ZN01	ENSG00000176909.13
Q6ZN04	ENSG00000183496.6
Q6ZN06	ENSG00000198346.12
Q6ZN08	ENSG00000160229.14
Q6ZN11	ENSG00000188227.15
Q6ZN16	ENSG00000180815.16
Q6ZN17	ENSG00000187772.8
Q6ZN18	ENSG00000139154.16
Q6ZN19	ENSG00000197608.13
Q6ZN28	ENSG00000183742.14
Q6ZN30	ENSG00000173068.20
Q6ZN32	ENSG00000253831.4
Q6ZN44	ENSG00000113763.13
Q6ZN54	ENSG00000140995.18
Q6ZN55	ENSG00000105732.14
Q6ZN57	ENSG00000198939.9
Q6ZN66	ENSG00000183347.16
Q6ZN79	ENSG00000196946.11
Q6ZN84	ENSG00000149201.10
Q6ZNA1	ENSG00000196267.15
Q6ZNA4	ENSG00000157450.17
Q6ZNA5	ENSG00000156869.15
Q6ZNB5	ENSG00000254469.12
Q6ZNB6	ENSG00000170448.13
Q6ZNB7	ENSG00000187546.15
Q6ZNC4	ENSG00000164684.13
Q6ZNC8	ENSG00000172197.12
Q6ZNE5	ENSG00000126775.9
Q6ZNE9	ENSG00000188282.13
Q6ZNF0	ENSG00000183760.12
Q6ZNG0	ENSG00000177842.13
Q6ZNG1	ENSG00000189190.12
Q6ZNG2	ENSG00000185610.6
Q6ZNG9	ENSG00000184619.9
Q6ZNH5	ENSG00000174586.12
Q6ZNI0	ENSG00000124091.10
Q6ZNJ1	ENSG00000160796.19
Q6ZNK6	ENSG00000255833.2
Q6ZNL6	ENSG00000154783.13
Q6ZNM6	ENSG00000196900.5
Q6ZNQ3	ENSG00000214954.9
Q6ZNR0	ENSG00000142046.16
Q6ZNW5	ENSG00000183208.14
Q6ZNX1	ENSG00000253251.4
Q6ZP01	ENSG00000177483.12
Q6ZP29	ENSG00000040487.14
Q6ZP65	ENSG00000135127.13
Q6ZP80	ENSG00000170417.16
Q6ZP82	ENSG00000163492.17
Q6ZPD8	ENSG00000184210.6
Q6ZPD9	ENSG00000178904.20
Q6ZQN5	ENSG00000186766.8
Q6ZQN7	ENSG00000173930.10
Q6ZQQ2	ENSG00000214929.4
Q6ZQQ6	ENSG00000171804.11
Q6ZQR2	ENSG00000188523.10
Q6ZQW0	ENSG00000188676.16
Q6ZQX7	ENSG00000187624.9
Q6ZQX7	ENSG00000283985.2
Q6ZQY2	ENSG00000187905.11
Q6ZQY3	ENSG00000144644.16
Q6ZR08	ENSG00000174844.15
Q6ZR37	ENSG00000187510.12
Q6ZR52	ENSG00000196268.12
Q6ZR62	ENSG00000187823.5
Q6ZR85	ENSG00000205710.5
Q6ZRC1	ENSG00000181215.17
Q6ZRF8	ENSG00000158286.14
Q6ZRH7	ENSG00000099338.23
Q6ZRI0	ENSG00000188162.12
Q6ZRI6	ENSG00000167173.20
Q6ZRI8	ENSG00000147256.12
Q6ZRK6	ENSG00000186714.13
Q6ZRP0	ENSG00000233701.3
Q6ZRP7	ENSG00000165661.18
Q6ZRQ5	ENSG00000146263.13
Q6ZRR5	ENSG00000181264.10
Q6ZRR7	ENSG00000131951.12
Q6ZRS2	ENSG00000080603.18
Q6ZRS4	ENSG00000180347.16
Q6ZRT6	ENSG00000184814.5
Q6ZRV2	ENSG00000180921.8
Q6ZRV2	ENSG00000273889.2
Q6ZRY4	ENSG00000166831.10
Q6ZS10	ENSG00000187912.12
Q6ZS11	ENSG00000187994.14
Q6ZS11	ENSG00000282895.2
Q6ZS17	ENSG00000039523.21
Q6ZS27	ENSG00000182983.16
Q6ZS30	ENSG00000144426.19
Q6ZS72	ENSG00000188305.6
Q6ZS81	ENSG00000128815.21
Q6ZS82	ENSG00000186326.4
Q6ZS86	ENSG00000175066.16
Q6ZSA7	ENSG00000183908.7
Q6ZSB9	ENSG00000168826.17
Q6ZSC3	ENSG00000184898.7
Q6ZSG1	ENSG00000141622.15
Q6ZSG2	ENSG00000188916.10
Q6ZSI9	ENSG00000182472.9
Q6ZSI9	ENSG00000292260.1
Q6ZSJ8	ENSG00000197982.14
Q6ZSJ9	ENSG00000188803.15
Q6ZSM3	ENSG00000152779.15
Q6ZSS3	ENSG00000172888.12
Q6ZSS7	ENSG00000151690.16
Q6ZST4	ENSG00000214402.8
Q6ZSY5	ENSG00000049769.15
Q6ZSZ5	ENSG00000104880.19
Q6ZSZ6	ENSG00000179981.11
Q6ZT07	ENSG00000109436.9
Q6ZT12	ENSG00000144357.19
Q6ZT21	ENSG00000188167.9
Q6ZT52	ENSG00000183114.8
Q6ZT62	ENSG00000285304.1
Q6ZT89	ENSG00000145832.17
Q6ZT98	ENSG00000137941.18
Q6ZTA4	ENSG00000119283.16
Q6ZTI6	ENSG00000178882.15
Q6ZTK2	ENSG00000188897.10
Q6ZTN6	ENSG00000172932.17
Q6ZTQ3	ENSG00000169435.15
Q6ZTQ4	ENSG00000128536.17
Q6ZTR5	ENSG00000165164.14
Q6ZTR7	ENSG00000153789.14
Q6ZTW0	ENSG00000141933.9
Q6ZTZ1	ENSG00000188981.11
Q6ZU15	ENSG00000154997.9
Q6ZU35	ENSG00000109265.16
Q6ZU45	ENSG00000188585.10
Q6ZU52	ENSG00000189367.16
Q6ZU64	ENSG00000181378.15
Q6ZU65	ENSG00000157741.16
Q6ZU67	ENSG00000188848.17
Q6ZU69	ENSG00000205108.6
Q6ZU80	ENSG00000100629.18
Q6ZUA9	ENSG00000291473.2
Q6ZUB0	ENSG00000189357.9
Q6ZUB1	ENSG00000177992.10
Q6ZUI0	ENSG00000188001.11
Q6ZUJ4	ENSG00000188315.8
Q6ZUJ8	ENSG00000155629.16
Q6ZUK4	ENSG00000196932.12
Q6ZUM4	ENSG00000159314.14
Q6ZUM4	ENSG00000276907.4
Q6ZUM4	ENSG00000276836.4
Q6ZUS5	ENSG00000176714.11
Q6ZUS6	ENSG00000181982.21
Q6ZUT1	ENSG00000150776.19
Q6ZUT3	ENSG00000165694.11
Q6ZUT6	ENSG00000188549.14
Q6ZUT9	ENSG00000170456.17
Q6ZUU3	ENSG00000206262.10
Q6ZUX3	ENSG00000189350.14
Q6ZUX7	ENSG00000145685.15
Q6ZV29	ENSG00000130653.17
Q6ZV50	ENSG00000196460.15
Q6ZV65	ENSG00000189157.15
Q6ZV65	ENSG00000272414.6
Q6ZV70	ENSG00000147036.12
Q6ZV73	ENSG00000180263.15
Q6ZV89	ENSG00000189410.13
Q6ZVC0	ENSG00000166924.10
Q6ZVD7	ENSG00000165730.17
Q6ZVD8	ENSG00000040199.19
Q6ZVE7	ENSG00000174567.9
Q6ZVF9	ENSG00000185477.7
Q6ZVH7	ENSG00000144488.16
Q6ZVK1	ENSG00000258986.7
Q6ZVK1	ENSG00000276342.4
Q6ZVK8	ENSG00000275074.3
Q6ZVM7	ENSG00000175662.20
Q6ZVN7	ENSG00000127922.11
Q6ZVN8	ENSG00000168509.21
Q6ZVS7	ENSG00000164556.7
Q6ZVT0	ENSG00000162571.15
Q6ZVT6	ENSG00000163689.22
Q6ZVW7	ENSG00000188263.11
Q6ZVX7	ENSG00000188505.6
Q6ZVX9	ENSG00000188582.11
Q6ZVZ8	ENSG00000182177.15
Q6ZW05	ENSG00000244694.8
Q6ZW13	ENSG00000159761.15
Q6ZW31	ENSG00000105137.14
Q6ZW49	ENSG00000157212.21
Q6ZW61	ENSG00000181004.10
Q6ZW76	ENSG00000168096.16
Q6ZWB6	ENSG00000183783.8
Q6ZWE6	ENSG00000178385.16
Q6ZWH5	ENSG00000163491.19
Q6ZWI9	ENSG00000251258.3
Q6ZWJ1	ENSG00000166263.14
Q6ZWJ8	ENSG00000135253.16
Q6ZWK4	ENSG00000263961.9
Q6ZWK6	ENSG00000198092.6
Q6ZWL3	ENSG00000145476.17
Q6ZWT7	ENSG00000143797.13
Q6ZXV5	ENSG00000139324.13
Q6ZYL4	ENSG00000272047.5
Q701N2	ENSG00000185940.11
Q701N2	ENSG00000277291.2
Q701N2	ENSG00000291443.1
Q701N4	ENSG00000205867.3
Q701N4	ENSG00000278489.2
Q701N4	ENSG00000281533.1
Q701N4	ENSG00000291434.1
Q702N8	ENSG00000168334.10
Q709C8	ENSG00000129003.19
Q709F0	ENSG00000240303.9
Q70CQ1	ENSG00000164663.16
Q70CQ2	ENSG00000115464.15
Q70CQ3	ENSG00000135093.14
Q70CQ4	ENSG00000103404.16
Q70E73	ENSG00000173166.19
Q70EK8	ENSG00000145390.13
Q70EK9	ENSG00000247746.6
Q70EL1	ENSG00000166348.21
Q70EL2	ENSG00000123552.19
Q70EL3	ENSG00000170236.16
Q70EL4	ENSG00000154914.18
Q70HW3	ENSG00000144741.20
Q70HW3	ENSG00000282739.1
Q70IA6	ENSG00000182208.15
Q70IA6	ENSG00000291442.1
Q70IA8	ENSG00000142961.17
Q70J99	ENSG00000092929.14
Q70JA7	ENSG00000198108.4
Q70SY1	ENSG00000182158.17
Q70UQ0	ENSG00000166130.15
Q70YC5	ENSG00000138311.19
Q70YC5	ENSG00000285837.1
Q70Z35	ENSG00000046889.20
Q70Z44	ENSG00000186090.11
Q70Z53	ENSG00000148690.13
Q711Q0	ENSG00000177354.13
Q712K3	ENSG00000107341.6
Q717R9	ENSG00000205795.5
Q719H9	ENSG00000134504.15
Q71DI3	ENSG00000183598.4
Q71DI3	ENSG00000203811.2
Q71DI3	ENSG00000203852.4
Q71F23	ENSG00000151725.13
Q71F56	ENSG00000123066.9
Q71H61	ENSG00000143195.14
Q71RC2	ENSG00000161813.24
Q71RC9	ENSG00000204323.6
Q71RG4	ENSG00000168591.17
Q71RH2	ENSG00000149926.15
Q71RS6	ENSG00000188467.11
Q71SY5	ENSG00000104973.20
Q71U36	ENSG00000167552.17
Q71UI9	ENSG00000105968.20
Q71UM5	ENSG00000185088.15
Q75N03	ENSG00000105879.13
Q75N90	ENSG00000142449.14
Q75QN2	ENSG00000164941.15
Q75T13	ENSG00000197121.16
Q75V66	ENSG00000171714.14
Q75VX8	ENSG00000157833.13
Q75WM6	ENSG00000187166.1
Q765I0	ENSG00000188958.11
Q765P7	ENSG00000132613.16
Q76B58	ENSG00000162670.12
Q76EJ3	ENSG00000130958.14
Q76FK4	ENSG00000198000.13
Q76FK4	ENSG00000291347.1
Q76G19	ENSG00000067840.14
Q76I76	ENSG00000141298.19
Q76KD6	ENSG00000186583.12
Q76KP1	ENSG00000182272.13
Q76KX8	ENSG00000198633.12
Q76L83	ENSG00000143970.18
Q76LX8	ENSG00000160323.20
Q76LX8	ENSG00000281244.2
Q76M96	ENSG00000091986.17
Q76MJ5	ENSG00000134398.16
Q76N32	ENSG00000011523.16
Q76N89	ENSG00000002746.16
Q76NI1	ENSG00000171798.20
Q7KYR7	ENSG00000112763.18
Q7KYR7	ENSG00000292170.1
Q7KZ85	ENSG00000109111.16
Q7KZF4	ENSG00000197157.12
Q7KZI7	ENSG00000072518.24
Q7KZN9	ENSG00000014919.14
Q7L014	ENSG00000145833.17
Q7L099	ENSG00000018189.14
Q7L0J3	ENSG00000159164.11
Q7L0Q8	ENSG00000116574.6
Q7L0Q8	ENSG00000284984.2
Q7L0R7	ENSG00000146083.14
Q7L0X0	ENSG00000255690.3
Q7L0X2	ENSG00000163645.15
Q7L0Y3	ENSG00000174173.7
Q7L190	ENSG00000121570.14
Q7L1I2	ENSG00000185518.13
Q7L1Q6	ENSG00000082153.19
Q7L1S5	ENSG00000154080.15
Q7L1T6	ENSG00000065615.15
Q7L1V2	ENSG00000103111.15
Q7L1W4	ENSG00000171492.15
Q7L211	ENSG00000139826.7
Q7L266	ENSG00000162174.13
Q7L273	ENSG00000104756.17
Q7L2E3	ENSG00000132153.16
Q7L2H7	ENSG00000149100.14
Q7L2J0	ENSG00000146834.16
Q7L2J0	ENSG00000289690.1
Q7L2K0	ENSG00000162062.16
Q7L2R6	ENSG00000204604.14
Q7L2R6	ENSG00000196417.14
Q7L2Z9	ENSG00000031691.8
Q7L311	ENSG00000184867.15
Q7L3B6	ENSG00000106993.13
Q7L3S4	ENSG00000179965.13
Q7L3T8	ENSG00000162396.7
Q7L3V2	ENSG00000215012.9
Q7L4E1	ENSG00000148343.20
Q7L4I2	ENSG00000111011.19
Q7L4P6	ENSG00000162373.14
Q7L4S7	ENSG00000198960.12
Q7L513	ENSG00000132185.19
Q7L523	ENSG00000155876.6
Q7L576	ENSG00000273749.6
Q7L576	ENSG00000288461.1
Q7L590	ENSG00000065328.18
Q7L591	ENSG00000146094.17
Q7L592	ENSG00000003509.17
Q7L5A3	ENSG00000005238.21
Q7L5A8	ENSG00000103089.10
Q7L5D6	ENSG00000239857.8
Q7L5L3	ENSG00000102886.15
Q7L5N1	ENSG00000168090.11
Q7L5N7	ENSG00000087253.14
Q7L5Y1	ENSG00000132199.21
Q7L5Y6	ENSG00000140543.16
Q7L5Y6	ENSG00000173867.10
Q7L5Y9	ENSG00000090316.17
Q7L622	ENSG00000092140.17
Q7L775	ENSG00000178567.8
Q7L7L0	ENSG00000181218.6
Q7L7L0	ENSG00000284841.1
Q7L7V1	ENSG00000089876.13
Q7L7X3	ENSG00000160551.13
Q7L804	ENSG00000107560.13
Q7L8A9	ENSG00000071246.11
Q7L8C5	ENSG00000019505.8
Q7L8J4	ENSG00000175137.12
Q7L8L6	ENSG00000215251.5
Q7L8S5	ENSG00000189401.3
Q7L8W6	ENSG00000134146.13
Q7L945	ENSG00000198551.10
Q7L985	ENSG00000174482.11
Q7L9B9	ENSG00000122547.13
Q7L9L4	ENSG00000173542.9
Q7LBC6	ENSG00000120733.16
Q7LBE3	ENSG00000174502.20
Q7LBR1	ENSG00000255112.3
Q7LC44	ENSG00000198576.4
Q7LDG7	ENSG00000068831.20
Q7LFL8	ENSG00000171604.13
Q7LFX5	ENSG00000182022.19
Q7LG56	ENSG00000048392.14
Q7LGA3	ENSG00000267561.2
Q7LGA3	ENSG00000153936.18
Q7LGC8	ENSG00000122863.7
Q7M4L6	ENSG00000138606.20
Q7RTM1	ENSG00000163982.6
Q7RTN6	ENSG00000266173.8
Q7RTP0	ENSG00000170113.17
Q7RTP0	ENSG00000288478.1
Q7RTP6	ENSG00000243156.9
Q7RTR0	ENSG00000185792.10
Q7RTR2	ENSG00000167984.19
Q7RTR8	ENSG00000186136.1
Q7RTR8	ENSG00000273505.1
Q7RTS1	ENSG00000180535.5
Q7RTS3	ENSG00000168267.7
Q7RTS5	ENSG00000182938.8
Q7RTS6	ENSG00000183034.14
Q7RTS7	ENSG00000170484.10
Q7RTS9	ENSG00000141627.15
Q7RTT5	ENSG00000187754.9
Q7RTT9	ENSG00000164638.12
Q7RTU0	ENSG00000261787.3
Q7RTU1	ENSG00000163792.7
Q7RTU3	ENSG00000177468.7
Q7RTU4	ENSG00000205899.4
Q7RTU5	ENSG00000232237.5
Q7RTU7	ENSG00000260428.4
Q7RTU9	ENSG00000242866.10
Q7RTV0	ENSG00000100410.9
Q7RTV2	ENSG00000182793.12
Q7RTV3	ENSG00000165244.7
Q7RTV5	ENSG00000158122.13
Q7RTW8	ENSG00000155719.18
Q7RTX0	ENSG00000169962.5
Q7RTX1	ENSG00000173662.21
Q7RTX7	ENSG00000188782.9
Q7RTX9	ENSG00000163053.12
Q7RTY0	ENSG00000174327.7
Q7RTY1	ENSG00000165449.13
Q7RTY5	ENSG00000189099.12
Q7RTY7	ENSG00000187950.9
Q7RTY8	ENSG00000176040.14
Q7RTZ2	ENSG00000230549.3
Q7Z2D5	ENSG00000117600.15
Q7Z2E3	ENSG00000137074.21
Q7Z2F6	ENSG00000197302.12
Q7Z2G1	ENSG00000123569.10
Q7Z2H8	ENSG00000123643.15
Q7Z2K6	ENSG00000099219.16
Q7Z2K8	ENSG00000169258.8
Q7Z2Q7	ENSG00000186105.8
Q7Z2T5	ENSG00000121486.13
Q7Z2W4	ENSG00000105939.15
Q7Z2W7	ENSG00000144481.17
Q7Z2W9	ENSG00000197345.14
Q7Z2X4	ENSG00000153823.20
Q7Z2X7	ENSG00000234068.7
Q7Z2Y5	ENSG00000123572.18
Q7Z2Z1	ENSG00000140534.15
Q7Z2Z2	ENSG00000140598.17
Q7Z304	ENSG00000165072.11
Q7Z309	ENSG00000156504.18
Q7Z333	ENSG00000107290.15
Q7Z340	ENSG00000204519.11
Q7Z353	ENSG00000165259.15
Q7Z388	ENSG00000156162.17
Q7Z392	ENSG00000168538.17
Q7Z398	ENSG00000251369.10
Q7Z3B0	ENSG00000188725.9
Q7Z3B1	ENSG00000172260.15
Q7Z3B3	ENSG00000120071.16
Q7Z3B4	ENSG00000138750.17
Q7Z3C6	ENSG00000198925.13
Q7Z3D4	ENSG00000176018.14
Q7Z3D6	ENSG00000133943.22
Q7Z3E1	ENSG00000163659.14
Q7Z3E2	ENSG00000165813.21
Q7Z3E5	ENSG00000135931.20
Q7Z3F1	ENSG00000163328.15
Q7Z3G6	ENSG00000163637.14
Q7Z3H0	ENSG00000167612.13
Q7Z3H4	ENSG00000187033.9
Q7Z3I7	ENSG00000180938.7
Q7Z3J2	ENSG00000103544.18
Q7Z3J3	ENSG00000196862.10
Q7Z3K3	ENSG00000143442.24
Q7Z3K6	ENSG00000155545.21
Q7Z3Q1	ENSG00000139508.16
Q7Z3S7	ENSG00000151062.15
Q7Z3S7	ENSG00000284953.2
Q7Z3S9	ENSG00000264343.8
Q7Z3S9	ENSG00000286219.2
Q7Z3T1	ENSG00000238243.3
Q7Z3T8	ENSG00000039319.18
Q7Z3U7	ENSG00000061987.17
Q7Z3V4	ENSG00000151148.15
Q7Z3V5	ENSG00000180479.16
Q7Z3Y7	ENSG00000173908.9
Q7Z3Y8	ENSG00000171446.7
Q7Z3Y9	ENSG00000186393.6
Q7Z3Z0	ENSG00000204897.7
Q7Z3Z2	ENSG00000198570.8
Q7Z3Z3	ENSG00000184571.14
Q7Z3Z4	ENSG00000134627.12
Q7Z401	ENSG00000174485.17
Q7Z402	ENSG00000170537.14
Q7Z403	ENSG00000141524.20
Q7Z404	ENSG00000274905.1
Q7Z404	ENSG00000277996.1
Q7Z404	ENSG00000274873.1
Q7Z404	ENSG00000273722.4
Q7Z404	ENSG00000276260.1
Q7Z404	ENSG00000278363.1
Q7Z404	ENSG00000277667.1
Q7Z406	ENSG00000105357.21
Q7Z407	ENSG00000164796.18
Q7Z408	ENSG00000121904.19
Q7Z410	ENSG00000178297.15
Q7Z412	ENSG00000215193.15
Q7Z417	ENSG00000108256.10
Q7Z418	ENSG00000186795.2
Q7Z419	ENSG00000137393.11
Q7Z422	ENSG00000055070.18
Q7Z422	ENSG00000291379.1
Q7Z429	ENSG00000178719.18
Q7Z434	ENSG00000088888.19
Q7Z442	ENSG00000166473.20
Q7Z442	ENSG00000292248.2
Q7Z443	ENSG00000277481.2
Q7Z444	ENSG00000187682.2
Q7Z449	ENSG00000155016.19
Q7Z460	ENSG00000074054.22
Q7Z465	ENSG00000163141.21
Q7Z478	ENSG00000067248.12
Q7Z494	ENSG00000113971.22
Q7Z494	ENSG00000274810.4
Q7Z4F1	ENSG00000197324.10
Q7Z4G1	ENSG00000188243.15
Q7Z4G4	ENSG00000066651.21
Q7Z4H3	ENSG00000111906.19
Q7Z4H4	ENSG00000128165.9
Q7Z4H7	ENSG00000147874.12
Q7Z4H8	ENSG00000178202.14
Q7Z4H9	ENSG00000178397.13
Q7Z4I7	ENSG00000072163.21
Q7Z4J2	ENSG00000204007.9
Q7Z4K8	ENSG00000163462.19
Q7Z4L0	ENSG00000187581.3
Q7Z4L0	ENSG00000277018.2
Q7Z4L5	ENSG00000123607.17
Q7Z4L9	ENSG00000178125.15
Q7Z4M0	ENSG00000183324.11
Q7Z4N2	ENSG00000134160.17
Q7Z4N8	ENSG00000149380.13
Q7Z4P5	ENSG00000143869.7
Q7Z4Q2	ENSG00000155393.15
Q7Z4R8	ENSG00000185127.7
Q7Z4S6	ENSG00000139116.20
Q7Z4S9	ENSG00000152292.19
Q7Z4T8	ENSG00000106648.15
Q7Z4T9	ENSG00000183833.17
Q7Z4T9	ENSG00000285585.1
Q7Z4V0	ENSG00000183621.16
Q7Z4V5	ENSG00000167674.16
Q7Z4W1	ENSG00000169738.9
Q7Z4W2	ENSG00000151033.10
Q7Z4W3	ENSG00000244025.5
Q7Z4Y8	ENSG00000249222.1
Q7Z553	ENSG00000139915.22
Q7Z569	ENSG00000089234.17
Q7Z570	ENSG00000170396.9
Q7Z572	ENSG00000187144.11
Q7Z572	ENSG00000291401.1
Q7Z589	ENSG00000158636.18
Q7Z591	ENSG00000106948.18
Q7Z5A7	ENSG00000219438.10
Q7Z5A8	ENSG00000184599.14
Q7Z5A9	ENSG00000183662.12
Q7Z5B4	ENSG00000166405.16
Q7Z5D8	ENSG00000205857.2
Q7Z5G4	ENSG00000147533.19
Q7Z5H3	ENSG00000128805.16
Q7Z5H4	ENSG00000291888.2
Q7Z5H5	ENSG00000228567.3
Q7Z5J1	ENSG00000167733.15
Q7Z5J4	ENSG00000108557.21
Q7Z5J8	ENSG00000151687.15
Q7Z5K2	ENSG00000062650.21
Q7Z5L0	ENSG00000182853.12
Q7Z5L2	ENSG00000166024.15
Q7Z5L3	ENSG00000144119.5
Q7Z5L4	ENSG00000166118.8
Q7Z5L7	ENSG00000174348.15
Q7Z5L9	ENSG00000168264.13
Q7Z5M5	ENSG00000188869.13
Q7Z5M8	ENSG00000131969.16
Q7Z5N4	ENSG00000146555.20
Q7Z5P4	ENSG00000170509.13
Q7Z5Q1	ENSG00000137449.17
Q7Z5Q5	ENSG00000130997.16
Q7Z5R6	ENSG00000077420.18
Q7Z5S9	ENSG00000164124.12
Q7Z5U6	ENSG00000185798.9
Q7Z5V6	ENSG00000162148.12
Q7Z5W3	ENSG00000186666.6
Q7Z5Y6	ENSG00000183682.9
Q7Z5Y7	ENSG00000112078.15
Q7Z601	ENSG00000257008.7
Q7Z602	ENSG00000187037.10
Q7Z614	ENSG00000167208.17
Q7Z624	ENSG00000143919.16
Q7Z628	ENSG00000173848.20
Q7Z692	ENSG00000186567.15
Q7Z695	ENSG00000133597.12
Q7Z698	ENSG00000198369.11
Q7Z699	ENSG00000166068.14
Q7Z6A9	ENSG00000186265.12
Q7Z6B0	ENSG00000123106.12
Q7Z6B7	ENSG00000196935.11
Q7Z6E9	ENSG00000122257.21
Q7Z6G3	ENSG00000103154.11
Q7Z6G8	ENSG00000185046.21
Q7Z6I5	ENSG00000186451.3
Q7Z6I6	ENSG00000186517.14
Q7Z6I8	ENSG00000181904.10
Q7Z6J0	ENSG00000154447.16
Q7Z6J2	ENSG00000161835.11
Q7Z6J4	ENSG00000146192.17
Q7Z6J6	ENSG00000171877.21
Q7Z6J8	ENSG00000118420.18
Q7Z6J9	ENSG00000182173.15
Q7Z6K1	ENSG00000177683.14
Q7Z6K3	ENSG00000188647.14
Q7Z6K4	ENSG00000198435.4
Q7Z6K5	ENSG00000242498.9
Q7Z6K5	ENSG00000250021.7
Q7Z6L0	ENSG00000167371.22
Q7Z6L1	ENSG00000205356.11
Q7Z6M1	ENSG00000136933.18
Q7Z6M2	ENSG00000165355.9
Q7Z6M3	ENSG00000271605.7
Q7Z6M4	ENSG00000122085.18
Q7Z6P3	ENSG00000255587.10
Q7Z6R9	ENSG00000008197.5
Q7Z6V5	ENSG00000189007.17
Q7Z6W1	ENSG00000188800.6
Q7Z6W7	ENSG00000172404.5
Q7Z6Z6	ENSG00000100341.14
Q7Z6Z7	ENSG00000086758.18
Q7Z713	ENSG00000186352.9
Q7Z736	ENSG00000068137.16
Q7Z739	ENSG00000185728.18
Q7Z745	ENSG00000171495.17
Q7Z769	ENSG00000175782.12
Q7Z794	ENSG00000189182.10
Q7Z7A1	ENSG00000119397.20
Q7Z7A3	ENSG00000142544.8
Q7Z7A4	ENSG00000168297.17
Q7Z7B0	ENSG00000118407.16
Q7Z7B1	ENSG00000277161.3
Q7Z7B1	ENSG00000275600.2
Q7Z7B7	ENSG00000186458.5
Q7Z7B8	ENSG00000185982.7
Q7Z7C7	ENSG00000146857.5
Q7Z7C8	ENSG00000137413.17
Q7Z7D3	ENSG00000134258.19
Q7Z7E8	ENSG00000160714.12
Q7Z7F0	ENSG00000132680.12
Q7Z7F7	ENSG00000162910.20
Q7Z7G0	ENSG00000154175.20
Q7Z7G1	ENSG00000109684.16
Q7Z7G2	ENSG00000166569.8
Q7Z7G8	ENSG00000132549.20
Q7Z7H3	ENSG00000158428.6
Q7Z7H5	ENSG00000158604.17
Q7Z7H8	ENSG00000159111.14
Q7Z7J5	ENSG00000163530.5
Q7Z7J7	ENSG00000156959.10
Q7Z7J9	ENSG00000162545.7
Q7Z7K0	ENSG00000187118.15
Q7Z7K2	ENSG00000181444.14
Q7Z7K6	ENSG00000166582.12
Q7Z7L1	ENSG00000172716.18
Q7Z7L7	ENSG00000160445.12
Q7Z7L8	ENSG00000187479.9
Q7Z7L9	ENSG00000176371.15
Q7Z7L9	ENSG00000291625.1
Q7Z7M0	ENSG00000105429.13
Q7Z7M8	ENSG00000177191.3
Q7Z7M9	ENSG00000136542.10
Q7Z7N9	ENSG00000185475.12
Q86SE5	ENSG00000184672.12
Q86SE8	ENSG00000158806.15
Q86SE9	ENSG00000180628.16
Q86SF2	ENSG00000109586.13
Q86SG2	ENSG00000163126.16
Q86SG3	ENSG00000205916.12
Q86SG3	ENSG00000188120.16
Q86SG5	ENSG00000184330.12
Q86SG6	ENSG00000160602.15
Q86SG7	ENSG00000185674.11
Q86SH2	ENSG00000182223.7
Q86SJ2	ENSG00000139211.8
Q86SJ6	ENSG00000175065.12
Q86SK9	ENSG00000145284.12
Q86SM5	ENSG00000182170.3
Q86SM8	ENSG00000184350.11
Q86SP6	ENSG00000174948.6
Q86SQ0	ENSG00000144824.22
Q86SQ4	ENSG00000112414.16
Q86SQ6	ENSG00000197177.17
Q86SQ7	ENSG00000054282.17
Q86SQ7	ENSG00000276111.3
Q86SQ9	ENSG00000117682.19
Q86SR1	ENSG00000164574.17
Q86SS6	ENSG00000170743.17
Q86SU0	ENSG00000145103.16
Q86SX3	ENSG00000185347.20
Q86SX6	ENSG00000182512.6
Q86SZ2	ENSG00000182400.16
Q86T03	ENSG00000165782.12
Q86T03	ENSG00000291802.1
Q86T13	ENSG00000176435.7
Q86T20	ENSG00000186577.15
Q86T24	ENSG00000177485.8
Q86T26	ENSG00000185873.8
Q86T29	ENSG00000196458.12
Q86T65	ENSG00000146122.18
Q86T75	ENSG00000263956.9
Q86T82	ENSG00000135913.12
Q86T90	ENSG00000150477.16
Q86T96	ENSG00000164197.13
Q86TA1	ENSG00000120162.11
Q86TB3	ENSG00000198796.8
Q86TB9	ENSG00000166889.15
Q86TC9	ENSG00000138347.17
Q86TD4	ENSG00000185739.14
Q86TE4	ENSG00000187398.12
Q86TG1	ENSG00000168890.15
Q86TG7	ENSG00000242265.6
Q86TH1	ENSG00000197859.12
Q86TI0	ENSG00000065882.19
Q86TI2	ENSG00000142002.20
Q86TI4	ENSG00000187260.16
Q86TJ2	ENSG00000173011.12
Q86TJ5	ENSG00000172006.13
Q86TL0	ENSG00000130734.11
Q86TL2	ENSG00000213533.14
Q86TM3	ENSG00000184735.7
Q86TM6	ENSG00000162298.20
Q86TN4	ENSG00000149743.15
Q86TP1	ENSG00000143363.18
Q86TS9	ENSG00000172590.19
Q86TU7	ENSG00000183576.14
Q86TV6	ENSG00000165914.16
Q86TW2	ENSG00000063761.17
Q86TX2	ENSG00000184227.8
Q86TY3	ENSG00000139971.16
Q86TZ1	ENSG00000139865.17
Q86U06	ENSG00000100461.19
Q86U10	ENSG00000166183.17
Q86U17	ENSG00000186910.6
Q86U28	ENSG00000165898.15
Q86U38	ENSG00000196943.14
Q86U38	ENSG00000285326.3
Q86U42	ENSG00000100836.12
Q86U44	ENSG00000165819.13
Q86U70	ENSG00000198728.11
Q86U86	ENSG00000163939.20
Q86U90	ENSG00000196449.5
Q86UA1	ENSG00000185246.19
Q86UA6	ENSG00000129197.16
Q86UB2	ENSG00000134897.15
Q86UB9	ENSG00000166575.18
Q86UD0	ENSG00000186193.10
Q86UD1	ENSG00000184232.10
Q86UD3	ENSG00000173926.7
Q86UD4	ENSG00000181894.16
Q86UD5	ENSG00000164038.17
Q86UD7	ENSG00000214946.15
Q86UE3	ENSG00000187187.15
Q86UE3	ENSG00000281526.3
Q86UE4	ENSG00000147649.11
Q86UE6	ENSG00000162951.12
Q86UE8	ENSG00000146872.20
Q86UF1	ENSG00000158457.7
Q86UF2	ENSG00000271321.1
Q86UF2	ENSG00000285123.1
Q86UF4	ENSG00000185860.15
Q86UG4	ENSG00000205359.10
Q86UK0	ENSG00000144452.15
Q86UK5	ENSG00000173040.14
Q86UL3	ENSG00000158669.12
Q86UL8	ENSG00000187391.23
Q86UN2	ENSG00000185924.7
Q86UN3	ENSG00000186907.8
Q86UN6	ENSG00000186471.14
Q86UP0	ENSG00000139880.21
Q86UP2	ENSG00000126777.19
Q86UP3	ENSG00000091656.19
Q86UP6	ENSG00000138161.15
Q86UP8	ENSG00000196275.17
Q86UP8	ENSG00000174428.20
Q86UP8	ENSG00000289346.1
Q86UP9	ENSG00000187416.13
Q86UQ0	ENSG00000164048.15
Q86UQ4	ENSG00000179869.15
Q86UR1	ENSG00000188747.10
Q86UR5	ENSG00000079841.20
Q86US8	ENSG00000070366.15
Q86UT5	ENSG00000172367.16
Q86UT6	ENSG00000160703.18
Q86UT8	ENSG00000186166.10
Q86UT8	ENSG00000280975.3
Q86UU0	ENSG00000186174.14
Q86UU1	ENSG00000019144.21
Q86UU5	ENSG00000179168.16
Q86UU9	ENSG00000176358.16
Q86UV5	ENSG00000090686.17
Q86UV6	ENSG00000155428.13
Q86UV7	ENSG00000178809.13
Q86UW1	ENSG00000163959.11
Q86UW2	ENSG00000186198.5
Q86UW6	ENSG00000078177.16
Q86UW7	ENSG00000081803.18
Q86UW8	ENSG00000187664.10
Q86UW9	ENSG00000091073.21
Q86UX6	ENSG00000165752.18
Q86UX7	ENSG00000149781.15
Q86UY5	ENSG00000147689.18
Q86UY6	ENSG00000110583.14
Q86UY8	ENSG00000111696.13
Q86UZ6	ENSG00000130584.13
Q86V15	ENSG00000130940.15
Q86V20	ENSG00000122376.13
Q86V21	ENSG00000081760.18
Q86V24	ENSG00000006831.11
Q86V24	ENSG00000285070.2
Q86V25	ENSG00000143494.17
Q86V35	ENSG00000100314.5
Q86V40	ENSG00000186854.12
Q86V42	ENSG00000150510.17
Q86V48	ENSG00000169641.16
Q86V59	ENSG00000182013.19
Q86V71	ENSG00000197013.12
Q86V85	ENSG00000152749.9
Q86V86	ENSG00000198355.6
Q86V87	ENSG00000158863.23
Q86V88	ENSG00000213920.10
Q86V88	ENSG00000285200.2
Q86V97	ENSG00000165572.8
Q86VB7	ENSG00000177575.14
Q86VD1	ENSG00000114487.10
Q86VD7	ENSG00000181035.15
Q86VD9	ENSG00000119227.9
Q86VE0	ENSG00000176182.7
Q86VE3	ENSG00000184788.15
Q86VE9	ENSG00000164300.19
Q86VF2	ENSG00000163395.17
Q86VF5	ENSG00000106384.13
Q86VF7	ENSG00000197893.15
Q86VG3	ENSG00000166352.19
Q86VH2	ENSG00000165115.16
Q86VH4	ENSG00000176204.14
Q86VH5	ENSG00000198739.11
Q86VI1	ENSG00000179044.17
Q86VI3	ENSG00000183856.12
Q86VI3	ENSG00000291754.1
Q86VI4	ENSG00000104341.18
Q86VK4	ENSG00000119725.22
Q86VL8	ENSG00000180638.20
Q86VM9	ENSG00000158545.17
Q86VN1	ENSG00000136100.15
Q86VP1	ENSG00000106052.15
Q86VP3	ENSG00000179364.16
Q86VP6	ENSG00000111530.14
Q86VQ0	ENSG00000135338.15
Q86VQ1	ENSG00000106415.14
Q86VQ3	ENSG00000168454.13
Q86VQ6	ENSG00000197763.20
Q86VR2	ENSG00000141699.12
Q86VR7	ENSG00000186806.7
Q86VR8	ENSG00000179431.7
Q86VS3	ENSG00000103599.21
Q86VS8	ENSG00000168172.10
Q86VU5	ENSG00000165644.12
Q86VV4	ENSG00000164188.10
Q86VV8	ENSG00000176225.16
Q86VW0	ENSG00000187231.15
Q86VW1	ENSG00000004809.15
Q86VW2	ENSG00000240771.9
Q86VX2	ENSG00000149600.13
Q86VX9	ENSG00000164077.16
Q86VY4	ENSG00000180543.5
Q86VY9	ENSG00000164484.13
Q86VZ1	ENSG00000182162.12
Q86VZ1	ENSG00000292333.2
Q86VZ2	ENSG00000196981.5
Q86VZ4	ENSG00000120256.12
Q86VZ5	ENSG00000198964.15
Q86VZ6	ENSG00000153814.14
Q86W10	ENSG00000186160.5
Q86W11	ENSG00000186814.16
Q86W24	ENSG00000158077.6
Q86W25	ENSG00000173572.13
Q86W26	ENSG00000182261.5
Q86W26	ENSG00000276780.2
Q86W26	ENSG00000281166.2
Q86W28	ENSG00000179709.9
Q86W33	ENSG00000163870.17
Q86W34	ENSG00000196704.15
Q86W42	ENSG00000131652.15
Q86W47	ENSG00000135643.5
Q86W50	ENSG00000127804.13
Q86W54	ENSG00000170469.12
Q86W56	ENSG00000227345.10
Q86W67	ENSG00000186453.14
Q86W74	ENSG00000186106.12
Q86W92	ENSG00000110841.15
Q86WA6	ENSG00000137274.15
Q86WA8	ENSG00000102910.15
Q86WA9	ENSG00000181045.17
Q86WB0	ENSG00000091732.19
Q86WB7	ENSG00000112494.11
Q86WC4	ENSG00000081087.16
Q86WC6	ENSG00000182676.6
Q86WC6	ENSG00000288186.1
Q86WD7	ENSG00000170054.17
Q86WG3	ENSG00000167654.19
Q86WG5	ENSG00000133812.19
Q86WH2	ENSG00000153179.16
Q86WI0	ENSG00000182508.15
Q86WI1	ENSG00000205038.12
Q86WI3	ENSG00000140853.18
Q86WJ1	ENSG00000131778.21
Q86WK6	ENSG00000181754.8
Q86WK7	ENSG00000176020.9
Q86WK9	ENSG00000182749.7
Q86WN1	ENSG00000197948.12
Q86WN2	ENSG00000184995.7
Q86WP2	ENSG00000062194.17
Q86WQ0	ENSG00000184162.16
Q86WR0	ENSG00000147419.20
Q86WR6	ENSG00000141371.13
Q86WR7	ENSG00000148426.14
Q86WS3	ENSG00000149507.7
Q86WS3	ENSG00000285422.2
Q86WS4	ENSG00000180116.15
Q86WS5	ENSG00000186452.11
Q86WT1	ENSG00000197557.7
Q86WT6	ENSG00000185880.15
Q86WT6	ENSG00000278211.4
Q86WU2	ENSG00000166816.16
Q86WV1	ENSG00000141293.18
Q86WV5	ENSG00000257949.8
Q86WV5	ENSG00000261408.7
Q86WV6	ENSG00000184584.15
Q86WV6	ENSG00000288243.1
Q86WW8	ENSG00000183513.10
Q86WX3	ENSG00000187051.10
Q86WZ0	ENSG00000187105.9
Q86WZ6	ENSG00000131115.17
Q86X02	ENSG00000109089.8
Q86X10	ENSG00000170471.16
Q86X19	ENSG00000186889.11
Q86X24	ENSG00000143452.16
Q86X27	ENSG00000116191.20
Q86X29	ENSG00000105699.18
Q86X40	ENSG00000168904.16
Q86X45	ENSG00000129295.11
Q86X51	ENSG00000187690.4
Q86X52	ENSG00000131873.8
Q86X53	ENSG00000104714.15
Q86X55	ENSG00000142453.13
Q86X60	ENSG00000188610.13
Q86X67	ENSG00000166321.15
Q86X76	ENSG00000158793.15
Q86X83	ENSG00000114744.10
Q86X95	ENSG00000138433.17
Q86XA0	ENSG00000181038.15
Q86XA9	ENSG00000129493.16
Q86XD5	ENSG00000159784.19
Q86XD8	ENSG00000172671.21
Q86XE0	ENSG00000172803.19
Q86XE3	ENSG00000155970.14
Q86XE5	ENSG00000241935.10
Q86XF0	ENSG00000178700.10
Q86XF7	ENSG00000176472.12
Q86XH1	ENSG00000132321.18
Q86XI2	ENSG00000146918.21
Q86XI6	ENSG00000173281.5
Q86XI6	ENSG00000285343.2
Q86XI8	ENSG00000185453.14
Q86XJ0	ENSG00000183128.7
Q86XJ1	ENSG00000139354.12
Q86XK2	ENSG00000138081.23
Q86XK3	ENSG00000156384.15
Q86XK7	ENSG00000101842.14
Q86XL3	ENSG00000176915.15
Q86XM0	ENSG00000174898.16
Q86XN6	ENSG00000160336.18
Q86XN7	ENSG00000120685.21
Q86XN8	ENSG00000181588.17
Q86XP0	ENSG00000159337.7
Q86XP1	ENSG00000102780.18
Q86XP3	ENSG00000198231.15
Q86XP6	ENSG00000183607.11
Q86XQ3	ENSG00000152705.8
Q86XR2	ENSG00000167483.19
Q86XR5	ENSG00000175785.14
Q86XR5	ENSG00000274089.4
Q86XR7	ENSG00000251201.8
Q86XR7	ENSG00000243414.7
Q86XR8	ENSG00000166037.12
Q86XS5	ENSG00000187151.8
Q86XS8	ENSG00000113269.15
Q86XT2	ENSG00000176428.7
Q86XT4	ENSG00000146755.12
Q86XT9	ENSG00000149932.18
Q86XU0	ENSG00000197928.12
Q86XW9	ENSG00000181322.16
Q86XX4	ENSG00000138759.21
Q86XZ4	ENSG00000123352.19
Q86Y01	ENSG00000135144.9
Q86Y07	ENSG00000028116.19
Q86Y13	ENSG00000198919.14
Q86Y22	ENSG00000050767.18
Q86Y25	ENSG00000177932.8
Q86Y26	ENSG00000184507.17
Q86Y33	ENSG00000164287.13
Q86Y34	ENSG00000182885.18
Q86Y37	ENSG00000151893.16
Q86Y38	ENSG00000103489.13
Q86Y38	ENSG00000285395.3
Q86Y39	ENSG00000174886.16
Q86Y39	ENSG00000292058.1
Q86Y46	ENSG00000186049.8
Q86Y56	ENSG00000164818.17
Q86Y78	ENSG00000187123.16
Q86Y79	ENSG00000187024.16
Q86Y82	ENSG00000117758.15
Q86Y91	ENSG00000186185.15
Q86Y97	ENSG00000133247.15
Q86YA3	ENSG00000138658.18
Q86YB7	ENSG00000121310.18
Q86YB8	ENSG00000086619.15
Q86YC2	ENSG00000083093.13
Q86YC3	ENSG00000174004.7
Q86YD1	ENSG00000104960.15
Q86YD3	ENSG00000149582.17
Q86YD5	ENSG00000179241.14
Q86YD7	ENSG00000171847.12
Q86YE8	ENSG00000189144.16
Q86YF9	ENSG00000134874.19
Q86YG4	ENSG00000144130.12
Q86YH2	ENSG00000275004.4
Q86YH2	ENSG00000277421.3
Q86YH6	ENSG00000164494.13
Q86YI8	ENSG00000116273.7
Q86YJ5	ENSG00000139266.6
Q86YJ6	ENSG00000144115.19
Q86YJ7	ENSG00000198720.14
Q86YL5	ENSG00000180190.13
Q86YL7	ENSG00000162493.18
Q86YM7	ENSG00000152413.16
Q86YN1	ENSG00000167130.19
Q86YN6	ENSG00000155846.18
Q86YP4	ENSG00000167491.19
Q86YQ8	ENSG00000139117.15
Q86YR5	ENSG00000160360.13
Q86YR6	ENSG00000166351.11
Q86YR7	ENSG00000053524.13
Q86YS3	ENSG00000131242.19
Q86YS6	ENSG00000172780.18
Q86YS7	ENSG00000111731.14
Q86YT5	ENSG00000141485.18
Q86YT6	ENSG00000101752.14
Q86YT9	ENSG00000160593.21
Q86YV0	ENSG00000105122.14
Q86YV5	ENSG00000275342.7
Q86YV6	ENSG00000145949.13
Q86YV9	ENSG00000166189.8
Q86YW0	ENSG00000139151.16
Q86YW5	ENSG00000161911.13
Q86YW7	ENSG00000179600.4
Q86YW9	ENSG00000144893.14
Q86YZ3	ENSG00000197915.7
Q86Z02	ENSG00000163349.23
Q86Z14	ENSG00000134962.8
Q86Z20	ENSG00000183323.14
Q86Z20	ENSG00000277868.4
Q86Z23	ENSG00000186897.6
Q8HWS3	ENSG00000185002.10
Q8IU54	ENSG00000182393.3
Q8IU54	ENSG00000291872.1
Q8IU57	ENSG00000185436.13
Q8IU60	ENSG00000172795.17
Q8IU68	ENSG00000167895.17
Q8IU80	ENSG00000187045.20
Q8IU81	ENSG00000170604.5
Q8IU85	ENSG00000183049.14
Q8IU89	ENSG00000154227.14
Q8IU99	ENSG00000185933.7
Q8IUA0	ENSG00000158901.12
Q8IUA7	ENSG00000154258.17
Q8IUB2	ENSG00000124116.19
Q8IUB3	ENSG00000182931.11
Q8IUB5	ENSG00000168634.5
Q8IUB9	ENSG00000184351.8
Q8IUC0	ENSG00000198390.5
Q8IUC1	ENSG00000182591.6
Q8IUC2	ENSG00000183640.6
Q8IUC3	ENSG00000274749.1
Q8IUC4	ENSG00000131941.9
Q8IUC6	ENSG00000127666.12
Q8IUC8	ENSG00000144278.16
Q8IUD2	ENSG00000082805.22
Q8IUD6	ENSG00000181481.15
Q8IUD6	ENSG00000291712.1
Q8IUE0	ENSG00000176679.9
Q8IUE1	ENSG00000153779.11
Q8IUE6	ENSG00000184270.6
Q8IUF1	ENSG00000136682.17
Q8IUF8	ENSG00000170854.19
Q8IUG1	ENSG00000221880.4
Q8IUG1	ENSG00000262347.2
Q8IUG5	ENSG00000133454.16
Q8IUH2	ENSG00000175874.10
Q8IUH3	ENSG00000155636.17
Q8IUH4	ENSG00000177054.15
Q8IUH5	ENSG00000186908.16
Q8IUH8	ENSG00000185294.7
Q8IUI8	ENSG00000176390.13
Q8IUK5	ENSG00000161381.15
Q8IUK8	ENSG00000141668.11
Q8IUL8	ENSG00000160161.10
Q8IUM7	ENSG00000174576.11
Q8IUN9	ENSG00000132514.15
Q8IUQ0	ENSG00000177182.12
Q8IUQ4	ENSG00000196470.13
Q8IUR0	ENSG00000181029.10
Q8IUR5	ENSG00000133687.17
Q8IUR6	ENSG00000164463.13
Q8IUR7	ENSG00000114098.19
Q8IUS5	ENSG00000172031.8
Q8IUW3	ENSG00000158792.17
Q8IUW5	ENSG00000181826.11
Q8IUX1	ENSG00000171204.13
Q8IUX4	ENSG00000128394.18
Q8IUX7	ENSG00000106624.12
Q8IUX8	ENSG00000198759.13
Q8IUY3	ENSG00000175318.13
Q8IUZ0	ENSG00000137821.13
Q8IUZ5	ENSG00000175309.17
Q8IV01	ENSG00000173227.15
Q8IV03	ENSG00000153714.6
Q8IV04	ENSG00000175463.13
Q8IV08	ENSG00000105223.22
Q8IV13	ENSG00000135083.18
Q8IV16	ENSG00000277494.3
Q8IV20	ENSG00000179630.12
Q8IV31	ENSG00000178826.12
Q8IV32	ENSG00000177352.11
Q8IV33	ENSG00000185261.16
Q8IV35	ENSG00000174776.13
Q8IV36	ENSG00000167861.17
Q8IV38	ENSG00000106524.10
Q8IV42	ENSG00000179988.15
Q8IV45	ENSG00000124602.11
Q8IV48	ENSG00000104626.16
Q8IV50	ENSG00000140280.15
Q8IV53	ENSG00000205744.11
Q8IV56	ENSG00000176532.5
Q8IV61	ENSG00000152689.20
Q8IV63	ENSG00000105053.12
Q8IV76	ENSG00000166049.11
Q8IV77	ENSG00000132259.14
Q8IVA1	ENSG00000174788.10
Q8IVB4	ENSG00000181804.16
Q8IVB5	ENSG00000271601.5
Q8IVC4	ENSG00000171574.19
Q8IVD9	ENSG00000015676.19
Q8IVE3	ENSG00000152527.15
Q8IVF1	ENSG00000184923.12
Q8IVF2	ENSG00000185567.7
Q8IVF4	ENSG00000197653.17
Q8IVF5	ENSG00000146426.20
Q8IVF6	ENSG00000180071.21
Q8IVF7	ENSG00000161791.15
Q8IVG5	ENSG00000177409.13
Q8IVH2	ENSG00000137166.19
Q8IVH4	ENSG00000151611.18
Q8IVH8	ENSG00000011566.16
Q8IVI9	ENSG00000163072.17
Q8IVJ1	ENSG00000133065.12
Q8IVL0	ENSG00000067798.16
Q8IVL1	ENSG00000166833.23
Q8IVL5	ENSG00000090530.11
Q8IVL6	ENSG00000110811.21
Q8IVL8	ENSG00000144410.5
Q8IVM0	ENSG00000152492.16
Q8IVM8	ENSG00000149742.11
Q8IVN3	ENSG00000272573.7
Q8IVN8	ENSG00000164764.12
Q8IVP5	ENSG00000069509.7
Q8IVP9	ENSG00000152433.16
Q8IVQ6	ENSG00000175893.14
Q8IVS2	ENSG00000100294.14
Q8IVS8	ENSG00000168237.19
Q8IVT2	ENSG00000099812.10
Q8IVT5	ENSG00000141068.17
Q8IVU1	ENSG00000174498.15
Q8IVU3	ENSG00000138642.17
Q8IVU9	ENSG00000183346.10
Q8IVV2	ENSG00000167210.17
Q8IVV7	ENSG00000141034.11
Q8IVV8	ENSG00000101198.15
Q8IVW1	ENSG00000185829.19
Q8IVW1	ENSG00000228696.13
Q8IVW1	ENSG00000275748.4
Q8IVW1	ENSG00000276276.4
Q8IVW4	ENSG00000006837.12
Q8IVW6	ENSG00000179361.19
Q8IVW8	ENSG00000183018.10
Q8IVY1	ENSG00000253313.7
Q8IW00	ENSG00000165633.14
Q8IW03	ENSG00000215475.5
Q8IW19	ENSG00000169621.12
Q8IW35	ENSG00000182504.12
Q8IW36	ENSG00000197472.15
Q8IW40	ENSG00000167131.18
Q8IW41	ENSG00000089022.15
Q8IW45	ENSG00000213995.13
Q8IW50	ENSG00000164970.16
Q8IW52	ENSG00000179542.17
Q8IW70	ENSG00000178233.18
Q8IW75	ENSG00000165953.11
Q8IW92	ENSG00000149328.17
Q8IW93	ENSG00000142632.18
Q8IW93	ENSG00000291381.1
Q8IWA0	ENSG00000115368.11
Q8IWA4	ENSG00000171109.20
Q8IWA5	ENSG00000129353.16
Q8IWA6	ENSG00000183273.8
Q8IWB1	ENSG00000148841.18
Q8IWB4	ENSG00000276040.5
Q8IWB6	ENSG00000121101.17
Q8IWB7	ENSG00000085449.16
Q8IWB9	ENSG00000136478.10
Q8IWC1	ENSG00000129680.17
Q8IWD4	ENSG00000159873.11
Q8IWD5	ENSG00000185156.6
Q8IWE2	ENSG00000197712.13
Q8IWE4	ENSG00000188215.11
Q8IWE5	ENSG00000116786.16
Q8IWF2	ENSG00000100350.17
Q8IWF6	ENSG00000174839.14
Q8IWF9	ENSG00000150676.13
Q8IWG1	ENSG00000162643.14
Q8IWI9	ENSG00000174197.20
Q8IWJ2	ENSG00000135968.23
Q8IWK6	ENSG00000152990.15
Q8IWL1	ENSG00000185303.18
Q8IWL2	ENSG00000122852.16
Q8IWL3	ENSG00000100209.12
Q8IWL8	ENSG00000256762.1
Q8IWN7	ENSG00000183638.6
Q8IWQ3	ENSG00000174672.17
Q8IWQ3	ENSG00000291428.1
Q8IWR0	ENSG00000122299.12
Q8IWR1	ENSG00000213186.9
Q8IWS0	ENSG00000156531.19
Q8IWT0	ENSG00000176261.17
Q8IWT1	ENSG00000177098.9
Q8IWT3	ENSG00000112659.15
Q8IWT6	ENSG00000136802.13
Q8IWU2	ENSG00000164715.7
Q8IWU4	ENSG00000164756.13
Q8IWU5	ENSG00000196562.17
Q8IWU6	ENSG00000137573.15
Q8IWU9	ENSG00000139287.13
Q8IWV1	ENSG00000122188.14
Q8IWV2	ENSG00000144619.16
Q8IWV7	ENSG00000159459.13
Q8IWV8	ENSG00000024048.12
Q8IWW6	ENSG00000165322.19
Q8IWW8	ENSG00000147576.18
Q8IWW8	ENSG00000285791.1
Q8IWX5	ENSG00000163082.11
Q8IWX7	ENSG00000141161.13
Q8IWX8	ENSG00000085872.16
Q8IWY4	ENSG00000159307.21
Q8IWY8	ENSG00000140265.15
Q8IWY9	ENSG00000140326.14
Q8IWZ3	ENSG00000131503.22
Q8IWZ3	ENSG00000254996.5
Q8IWZ4	ENSG00000150244.12
Q8IWZ5	ENSG00000155890.4
Q8IWZ6	ENSG00000138686.11
Q8IWZ8	ENSG00000105705.17
Q8IX01	ENSG00000064607.18
Q8IX03	ENSG00000113645.16
Q8IX04	ENSG00000151116.18
Q8IX05	ENSG00000241399.8
Q8IX07	ENSG00000179588.9
Q8IX12	ENSG00000060339.15
Q8IX15	ENSG00000290292.10
Q8IX18	ENSG00000108406.11
Q8IX19	ENSG00000183019.10
Q8IX21	ENSG00000119906.14
Q8IX29	ENSG00000214050.9
Q8IX30	ENSG00000146197.10
Q8IX90	ENSG00000165480.17
Q8IX94	ENSG00000288784.1
Q8IXA5	ENSG00000141316.13
Q8IXB1	ENSG00000077232.20
Q8IXB3	ENSG00000184811.4
Q8IXE1	ENSG00000184394.3
Q8IXE1	ENSG00000291808.1
Q8IXF0	ENSG00000151322.20
Q8IXF9	ENSG00000184945.15
Q8IXH6	ENSG00000078804.14
Q8IXH7	ENSG00000101158.16
Q8IXH8	ENSG00000124215.18
Q8IXI1	ENSG00000140983.16
Q8IXI2	ENSG00000126858.20
Q8IXJ6	ENSG00000068903.22
Q8IXJ6	ENSG00000283100.2
Q8IXJ9	ENSG00000171456.23
Q8IXK0	ENSG00000134686.22
Q8IXK2	ENSG00000119514.8
Q8IXL6	ENSG00000177706.10
Q8IXL6	ENSG00000288499.1
Q8IXL7	ENSG00000174099.13
Q8IXL9	ENSG00000184345.5
Q8IXM2	ENSG00000258315.6
Q8IXM3	ENSG00000182154.8
Q8IXM6	ENSG00000137404.16
Q8IXM6	ENSG00000206484.10
Q8IXM6	ENSG00000234809.8
Q8IXM6	ENSG00000228854.8
Q8IXM6	ENSG00000236843.8
Q8IXM6	ENSG00000228867.8
Q8IXM6	ENSG00000235773.8
Q8IXM7	ENSG00000182950.3
Q8IXN7	ENSG00000177181.16
Q8IXP5	ENSG00000150750.9
Q8IXQ3	ENSG00000135045.7
Q8IXQ4	ENSG00000133114.19
Q8IXQ5	ENSG00000122550.19
Q8IXQ6	ENSG00000138496.18
Q8IXQ8	ENSG00000155714.14
Q8IXQ8	ENSG00000284316.2
Q8IXQ9	ENSG00000139160.14
Q8IXR5	ENSG00000168754.15
Q8IXR9	ENSG00000185306.14
Q8IXS0	ENSG00000145975.15
Q8IXS2	ENSG00000139537.12
Q8IXS8	ENSG00000155744.11
Q8IXT1	ENSG00000165490.14
Q8IXT2	ENSG00000142025.16
Q8IXT5	ENSG00000183808.13
Q8IXU6	ENSG00000110660.16
Q8IXV7	ENSG00000185909.16
Q8IXW0	ENSG00000185522.10
Q8IXW0	ENSG00000275873.2
Q8IXW5	ENSG00000122484.10
Q8IXX5	ENSG00000163444.13
Q8IXY8	ENSG00000185250.17
Q8IXZ2	ENSG00000014164.8
Q8IXZ3	ENSG00000164651.18
Q8IY17	ENSG00000032444.17
Q8IY18	ENSG00000198887.10
Q8IY21	ENSG00000137628.19
Q8IY22	ENSG00000153815.18
Q8IY26	ENSG00000205808.7
Q8IY31	ENSG00000109083.15
Q8IY33	ENSG00000164877.20
Q8IY34	ENSG00000110446.13
Q8IY37	ENSG00000150990.10
Q8IY42	ENSG00000154274.16
Q8IY45	ENSG00000151743.11
Q8IY47	ENSG00000170852.13
Q8IY49	ENSG00000136297.17
Q8IY50	ENSG00000183780.13
Q8IY51	ENSG00000169989.4
Q8IY57	ENSG00000015153.16
Q8IY63	ENSG00000166025.19
Q8IY81	ENSG00000108592.18
Q8IY82	ENSG00000159625.16
Q8IY84	ENSG00000177453.8
Q8IY85	ENSG00000178852.16
Q8IY92	ENSG00000188827.12
Q8IY95	ENSG00000170088.15
Q8IYA6	ENSG00000169607.14
Q8IYA7	ENSG00000150051.15
Q8IYA8	ENSG00000173421.18
Q8IYB1	ENSG00000180611.7
Q8IYB3	ENSG00000133226.20
Q8IYB4	ENSG00000114757.19
Q8IYB5	ENSG00000112305.16
Q8IYB7	ENSG00000144535.21
Q8IYB8	ENSG00000156502.15
Q8IYB9	ENSG00000272602.6
Q8IYD1	ENSG00000189369.9
Q8IYD2	ENSG00000162873.16
Q8IYD8	ENSG00000187790.13
Q8IYD9	ENSG00000166845.16
Q8IYE0	ENSG00000135205.16
Q8IYE1	ENSG00000244607.8
Q8IYF1	ENSG00000206181.7
Q8IYF3	ENSG00000120498.14
Q8IYG6	ENSG00000161328.12
Q8IYH5	ENSG00000036549.14
Q8IYI0	ENSG00000171984.16
Q8IYI6	ENSG00000116903.7
Q8IYI8	ENSG00000171295.13
Q8IYJ0	ENSG00000139200.15
Q8IYJ1	ENSG00000144550.15
Q8IYJ2	ENSG00000179133.16
Q8IYJ3	ENSG00000142765.19
Q8IYK2	ENSG00000160994.4
Q8IYK4	ENSG00000198756.12
Q8IYK8	ENSG00000139890.11
Q8IYL2	ENSG00000155275.20
Q8IYL3	ENSG00000198912.12
Q8IYL9	ENSG00000140030.7
Q8IYM0	ENSG00000135436.8
Q8IYM1	ENSG00000140623.14
Q8IYM2	ENSG00000172123.15
Q8IYM9	ENSG00000132274.18
Q8IYN0	ENSG00000197020.13
Q8IYN0	ENSG00000274746.4
Q8IYN2	ENSG00000180964.18
Q8IYN6	ENSG00000185262.10
Q8IYP2	ENSG00000258223.6
Q8IYP2	ENSG00000276785.4
Q8IYP9	ENSG00000184307.18
Q8IYQ7	ENSG00000185875.14
Q8IYR0	ENSG00000272514.7
Q8IYR0	ENSG00000213204.8
Q8IYR2	ENSG00000186532.13
Q8IYR6	ENSG00000241697.6
Q8IYR6	ENSG00000251349.3
Q8IYS0	ENSG00000178075.21
Q8IYS1	ENSG00000146281.7
Q8IYS2	ENSG00000116685.18
Q8IYS4	ENSG00000166246.15
Q8IYS5	ENSG00000170909.15
Q8IYS5	ENSG00000276982.4
Q8IYS5	ENSG00000277088.4
Q8IYS5	ENSG00000274703.4
Q8IYS5	ENSG00000278533.4
Q8IYS5	ENSG00000275551.4
Q8IYS5	ENSG00000275736.4
Q8IYS5	ENSG00000275644.4
Q8IYS5	ENSG00000273511.4
Q8IYS5	ENSG00000278378.4
Q8IYS8	ENSG00000228075.5
Q8IYT1	ENSG00000162771.8
Q8IYT2	ENSG00000180917.19
Q8IYT3	ENSG00000120262.11
Q8IYT4	ENSG00000167216.20
Q8IYT8	ENSG00000083290.21
Q8IYU2	ENSG00000085382.13
Q8IYU4	ENSG00000175518.8
Q8IYU8	ENSG00000165487.15
Q8IYV9	ENSG00000182264.9
Q8IYW2	ENSG00000171811.14
Q8IYW4	ENSG00000176177.10
Q8IYW5	ENSG00000163961.4
Q8IYX0	ENSG00000197123.9
Q8IYX1	ENSG00000167139.9
Q8IYX3	ENSG00000161180.11
Q8IYX4	ENSG00000256453.2
Q8IYX7	ENSG00000155875.15
Q8IYX8	ENSG00000183137.17
Q8IYY4	ENSG00000158163.16
Q8IZ02	ENSG00000171757.18
Q8IZ07	ENSG00000076513.18
Q8IZ08	ENSG00000181619.12
Q8IZ13	ENSG00000221886.5
Q8IZ16	ENSG00000185955.5
Q8IZ20	ENSG00000176083.19
Q8IZ21	ENSG00000204138.14
Q8IZ26	ENSG00000196378.15
Q8IZ40	ENSG00000167771.7
Q8IZ41	ENSG00000165105.11
Q8IZ52	ENSG00000123989.16
Q8IZ57	ENSG00000152954.13
Q8IZ63	ENSG00000212123.4
Q8IZ69	ENSG00000099899.17
Q8IZ73	ENSG00000166133.19
Q8IZ81	ENSG00000179387.11
Q8IZ83	ENSG00000161618.11
Q8IZ96	ENSG00000089505.18
Q8IZA0	ENSG00000142687.20
Q8IZA3	ENSG00000178804.8
Q8IZC4	ENSG00000182010.12
Q8IZC6	ENSG00000196739.15
Q8IZC7	ENSG00000181896.12
Q8IZD0	ENSG00000167100.16
Q8IZD2	ENSG00000005483.23
Q8IZD4	ENSG00000151065.15
Q8IZD4	ENSG00000284850.2
Q8IZD6	ENSG00000163393.14
Q8IZD9	ENSG00000088538.14
Q8IZE3	ENSG00000000457.15
Q8IZF0	ENSG00000102452.19
Q8IZF2	ENSG00000069122.20
Q8IZF3	ENSG00000153294.13
Q8IZF4	ENSG00000159618.17
Q8IZF5	ENSG00000173567.16
Q8IZF6	ENSG00000156920.11
Q8IZH2	ENSG00000114127.12
Q8IZI9	ENSG00000197110.10
Q8IZI9	ENSG00000291876.1
Q8IZJ0	ENSG00000183709.8
Q8IZJ0	ENSG00000291875.1
Q8IZJ1	ENSG00000107731.13
Q8IZJ3	ENSG00000160111.16
Q8IZJ4	ENSG00000159496.15
Q8IZK6	ENSG00000153898.14
Q8IZL2	ENSG00000184384.15
Q8IZL8	ENSG00000141456.17
Q8IZL9	ENSG00000156345.19
Q8IZM8	ENSG00000175105.9
Q8IZM9	ENSG00000139974.18
Q8IZN3	ENSG00000175048.18
Q8IZN7	ENSG00000186572.2
Q8IZN7	ENSG00000198129.3
Q8IZN7	ENSG00000277530.1
Q8IZN7	ENSG00000285432.1
Q8IZN7	ENSG00000284979.2
Q8IZP0	ENSG00000136754.19
Q8IZP1	ENSG00000274611.5
Q8IZP1	ENSG00000278299.6
Q8IZP6	ENSG00000139797.8
Q8IZP7	ENSG00000185352.10
Q8IZP9	ENSG00000173698.19
Q8IZQ1	ENSG00000163625.17
Q8IZQ5	ENSG00000211450.11
Q8IZQ8	ENSG00000141052.19
Q8IZR5	ENSG00000183723.13
Q8IZS6	ENSG00000184786.7
Q8IZS6	ENSG00000275368.2
Q8IZS8	ENSG00000157445.17
Q8IZT6	ENSG00000066279.20
Q8IZT8	ENSG00000249853.10
Q8IZT9	ENSG00000187268.12
Q8IZU0	ENSG00000177138.17
Q8IZU1	ENSG00000183304.10
Q8IZU2	ENSG00000150627.17
Q8IZU3	ENSG00000139351.15
Q8IZU8	ENSG00000171451.16
Q8IZU8	ENSG00000262102.1
Q8IZU9	ENSG00000149571.12
Q8IZV2	ENSG00000170293.10
Q8IZV5	ENSG00000121039.11
Q8IZW8	ENSG00000131746.14
Q8IZX4	ENSG00000122728.6
Q8IZY2	ENSG00000064687.13
Q8IZY5	ENSG00000259571.2
Q8J025	ENSG00000154856.13
Q8N0S2	ENSG00000171772.18
Q8N0S6	ENSG00000120334.17
Q8N0T1	ENSG00000176731.13
Q8N0U2	ENSG00000143001.7
Q8N0U4	ENSG00000222011.10
Q8N0U7	ENSG00000162598.14
Q8N0U8	ENSG00000196715.8
Q8N0V3	ENSG00000101546.13
Q8N0V4	ENSG00000153012.13
Q8N0V5	ENSG00000111846.21
Q8N0V5	ENSG00000285222.3
Q8N0W3	ENSG00000157353.18
Q8N0W4	ENSG00000146938.17
Q8N0W5	ENSG00000174628.18
Q8N0W7	ENSG00000176988.9
Q8N0X2	ENSG00000144451.20
Q8N0X4	ENSG00000125246.17
Q8N0X7	ENSG00000133104.15
Q8N0Y2	ENSG00000167685.16
Q8N0Y3	ENSG00000183706.6
Q8N0Y3	ENSG00000285472.1
Q8N0Y3	ENSG00000288193.2
Q8N0Y3	ENSG00000288501.1
Q8N0Y5	ENSG00000172154.11
Q8N0Y7	ENSG00000226784.3
Q8N0Z2	ENSG00000174429.5
Q8N0Z3	ENSG00000163611.12
Q8N0Z3	ENSG00000285943.1
Q8N0Z6	ENSG00000136319.13
Q8N0Z6	ENSG00000291781.1
Q8N0Z8	ENSG00000169972.14
Q8N0Z9	ENSG00000176834.15
Q8N100	ENSG00000179774.9
Q8N103	ENSG00000164691.20
Q8N104	ENSG00000186579.3
Q8N104	ENSG00000187082.2
Q8N104	ENSG00000275794.2
Q8N104	ENSG00000284937.3
Q8N104	ENSG00000285617.2
Q8N108	ENSG00000198160.15
Q8N109	ENSG00000274676.1
Q8N109	ENSG00000274143.1
Q8N109	ENSG00000275596.1
Q8N109	ENSG00000288357.1
Q8N109	ENSG00000288206.1
Q8N111	ENSG00000184524.7
Q8N112	ENSG00000179564.5
Q8N114	ENSG00000164054.18
Q8N118	ENSG00000186377.9
Q8N119	ENSG00000154485.6
Q8N122	ENSG00000141564.16
Q8N123	ENSG00000147183.10
Q8N126	ENSG00000162706.14
Q8N127	ENSG00000181785.3
Q8N128	ENSG00000151327.15
Q8N129	ENSG00000166997.9
Q8N130	ENSG00000198569.10
Q8N131	ENSG00000152558.16
Q8N135	ENSG00000153902.15
Q8N136	ENSG00000123977.11
Q8N137	ENSG00000170037.15
Q8N138	ENSG00000172057.11
Q8N139	ENSG00000154262.14
Q8N140	ENSG00000255150.2
Q8N141	ENSG00000181007.10
Q8N142	ENSG00000185100.13
Q8N143	ENSG00000161940.12
Q8N144	ENSG00000183153.7
Q8N145	ENSG00000168481.10
Q8N146	ENSG00000181761.5
Q8N148	ENSG00000225781.2
Q8N148	ENSG00000277378.1
Q8N149	ENSG00000239998.8
Q8N149	ENSG00000275290.4
Q8N149	ENSG00000274000.4
Q8N149	ENSG00000278634.4
Q8N157	ENSG00000135541.23
Q8N158	ENSG00000213420.9
Q8N159	ENSG00000161653.12
Q8N162	ENSG00000181767.3
Q8N163	ENSG00000158941.18
Q8N165	ENSG00000175087.11
Q8N183	ENSG00000164182.13
Q8N184	ENSG00000189042.15
Q8N187	ENSG00000138380.19
Q8N196	ENSG00000177045.11
Q8N1A0	ENSG00000213424.10
Q8N1A0	ENSG00000264058.2
Q8N1A6	ENSG00000151470.14
Q8N1B3	ENSG00000262919.9
Q8N1B4	ENSG00000206286.11
Q8N1B4	ENSG00000236014.10
Q8N1B4	ENSG00000228425.9
Q8N1B4	ENSG00000224455.9
Q8N1B4	ENSG00000223501.10
Q8N1B4	ENSG00000225590.9
Q8N1C3	ENSG00000163285.9
Q8N1D5	ENSG00000157330.10
Q8N1E2	ENSG00000144214.11
Q8N1E6	ENSG00000171823.8
Q8N1F7	ENSG00000102900.14
Q8N1F8	ENSG00000144589.23
Q8N1G0	ENSG00000143373.19
Q8N1G1	ENSG00000079313.16
Q8N1G2	ENSG00000137200.14
Q8N1G4	ENSG00000130764.11
Q8N1H7	ENSG00000179008.10
Q8N1I0	ENSG00000128512.24
Q8N1K5	ENSG00000172673.13
Q8N1K5	ENSG00000275122.4
Q8N1L9	ENSG00000168062.10
Q8N1M1	ENSG00000127325.20
Q8N1N0	ENSG00000152672.8
Q8N1N2	ENSG00000178690.4
Q8N1N4	ENSG00000170423.13
Q8N1P7	ENSG00000176092.17
Q8N1Q1	ENSG00000185015.8
Q8N1Q8	ENSG00000196407.12
Q8N1S5	ENSG00000133195.13
Q8N1V2	ENSG00000166596.15
Q8N1W1	ENSG00000214944.11
Q8N1W2	ENSG00000140548.11
Q8N201	ENSG00000164880.17
Q8N205	ENSG00000181392.18
Q8N228	ENSG00000146285.16
Q8N239	ENSG00000185915.5
Q8N257	ENSG00000196890.5
Q8N257	ENSG00000285449.1
Q8N264	ENSG00000138639.18
Q8N271	ENSG00000155066.17
Q8N271	ENSG00000292084.1
Q8N283	ENSG00000198483.14
Q8N292	ENSG00000175857.9
Q8N2A8	ENSG00000179598.6
Q8N2C3	ENSG00000166153.18
Q8N2C7	ENSG00000144406.20
Q8N2E2	ENSG00000146530.16
Q8N2F6	ENSG00000170632.15
Q8N2G4	ENSG00000150551.12
Q8N2G6	ENSG00000165424.8
Q8N2G8	ENSG00000167925.18
Q8N2H3	ENSG00000119943.14
Q8N2H4	ENSG00000204070.11
Q8N2H9	ENSG00000174516.16
Q8N2I2	ENSG00000177873.15
Q8N2I9	ENSG00000196182.12
Q8N2K0	ENSG00000100997.21
Q8N2K1	ENSG00000160087.22
Q8N2M4	ENSG00000151117.9
Q8N2M8	ENSG00000104859.16
Q8N2N9	ENSG00000196912.13
Q8N2N9	ENSG00000291600.1
Q8N2Q7	ENSG00000169760.18
Q8N2R0	ENSG00000164920.11
Q8N2R8	ENSG00000185112.6
Q8N2S1	ENSG00000090006.19
Q8N2U0	ENSG00000205544.5
Q8N2U0	ENSG00000283771.2
Q8N2U9	ENSG00000122490.20
Q8N2W9	ENSG00000105229.8
Q8N2Y8	ENSG00000198853.13
Q8N2Z9	ENSG00000175279.22
Q8N2Z9	ENSG00000251503.8
Q8N300	ENSG00000177868.13
Q8N302	ENSG00000164252.14
Q8N307	ENSG00000176945.19
Q8N307	ENSG00000278114.4
Q8N307	ENSG00000276583.4
Q8N307	ENSG00000275501.4
Q8N309	ENSG00000158113.14
Q8N319	ENSG00000181577.16
Q8N323	ENSG00000095110.10
Q8N335	ENSG00000152642.12
Q8N336	ENSG00000110675.14
Q8N339	ENSG00000205364.5
Q8N344	ENSG00000105556.13
Q8N349	ENSG00000196071.6
Q8N350	ENSG00000099625.15
Q8N357	ENSG00000213699.10
Q8N365	ENSG00000159208.16
Q8N370	ENSG00000167703.16
Q8N370	ENSG00000278550.4
Q8N371	ENSG00000155666.13
Q8N386	ENSG00000175489.10
Q8N387	ENSG00000169550.14
Q8N392	ENSG00000146376.12
Q8N393	ENSG00000197362.16
Q8N394	ENSG00000179104.9
Q8N398	ENSG00000145198.16
Q8N3A8	ENSG00000151883.21
Q8N3C0	ENSG00000112249.15
Q8N3C7	ENSG00000115295.22
Q8N3D4	ENSG00000173442.14
Q8N3E9	ENSG00000161714.13
Q8N3F0	ENSG00000180354.17
Q8N3F8	ENSG00000100139.15
Q8N3F9	ENSG00000180998.13
Q8N3G9	ENSG00000166448.16
Q8N3H0	ENSG00000198673.12
Q8N3I7	ENSG00000163093.13
Q8N3J2	ENSG00000101574.16
Q8N3J3	ENSG00000125319.16
Q8N3J5	ENSG00000163644.16
Q8N3J6	ENSG00000175161.14
Q8N3J9	ENSG00000179195.17
Q8N3K9	ENSG00000164309.16
Q8N3L3	ENSG00000164440.16
Q8N3P4	ENSG00000156931.18
Q8N3R3	ENSG00000179152.21
Q8N3R9	ENSG00000072415.11
Q8N3S3	ENSG00000006576.18
Q8N3T1	ENSG00000131386.21
Q8N3T6	ENSG00000181234.10
Q8N3U4	ENSG00000101972.21
Q8N3V7	ENSG00000171992.14
Q8N3X1	ENSG00000109920.14
Q8N3X1	ENSG00000285182.2
Q8N3X6	ENSG00000178177.18
Q8N3Y1	ENSG00000174989.15
Q8N3Y3	ENSG00000165905.19
Q8N3Y7	ENSG00000170786.14
Q8N3Z0	ENSG00000146250.8
Q8N3Z3	ENSG00000163607.19
Q8N3Z6	ENSG00000147905.19
Q8N412	ENSG00000163116.10
Q8N413	ENSG00000162241.14
Q8N414	ENSG00000177614.12
Q8N423	ENSG00000131042.16
Q8N423	ENSG00000276146.4
Q8N423	ENSG00000275463.4
Q8N423	ENSG00000274513.4
Q8N427	ENSG00000086288.12
Q8N428	ENSG00000100626.18
Q8N431	ENSG00000146090.17
Q8N434	ENSG00000157703.17
Q8N436	ENSG00000121898.14
Q8N441	ENSG00000127418.16
Q8N442	ENSG00000151806.15
Q8N443	ENSG00000158423.18
Q8N446	ENSG00000176723.11
Q8N448	ENSG00000139517.10
Q8N456	ENSG00000165383.12
Q8N461	ENSG00000127585.14
Q8N465	ENSG00000180902.19
Q8N468	ENSG00000174514.14
Q8N474	ENSG00000104332.13
Q8N475	ENSG00000168843.15
Q8N485	ENSG00000145721.13
Q8N488	ENSG00000163602.12
Q8N488	ENSG00000281766.4
Q8N490	ENSG00000127838.16
Q8N4A0	ENSG00000257594.4
Q8N4B1	ENSG00000198324.15
Q8N4B4	ENSG00000177294.7
Q8N4B5	ENSG00000176381.6
Q8N4C6	ENSG00000100503.28
Q8N4C7	ENSG00000178750.4
Q8N4C8	ENSG00000141503.18
Q8N4C9	ENSG00000278505.5
Q8N4C9	ENSG00000278145.2
Q8N4E4	ENSG00000163440.13
Q8N4E7	ENSG00000181867.3
Q8N4F0	ENSG00000078898.8
Q8N4F4	ENSG00000197658.10
Q8N4F7	ENSG00000145428.16
Q8N4G2	ENSG00000179674.4
Q8N4H0	ENSG00000106686.19
Q8N4H5	ENSG00000175768.14
Q8N4J0	ENSG00000156017.14
Q8N4K4	ENSG00000179673.5
Q8N4L1	ENSG00000179292.5
Q8N4L2	ENSG00000155099.9
Q8N4L4	ENSG00000181323.8
Q8N4L4	ENSG00000284598.2
Q8N4L8	ENSG00000159214.14
Q8N4M1	ENSG00000143036.18
Q8N4N3	ENSG00000135686.14
Q8N4N8	ENSG00000141200.8
Q8N4P2	ENSG00000196659.10
Q8N4P3	ENSG00000184508.12
Q8N4P6	ENSG00000160838.15
Q8N4Q0	ENSG00000180011.7
Q8N4Q1	ENSG00000163528.14
Q8N4S0	ENSG00000149231.17
Q8N4S7	ENSG00000162073.15
Q8N4S9	ENSG00000152939.18
Q8N4S9	ENSG00000274671.4
Q8N4T0	ENSG00000165078.14
Q8N4T4	ENSG00000137135.19
Q8N4T8	ENSG00000145439.13
Q8N4U5	ENSG00000166046.13
Q8N4V1	ENSG00000169446.7
Q8N4V2	ENSG00000166111.10
Q8N4W6	ENSG00000178401.17
Q8N4W9	ENSG00000198482.15
Q8N4X5	ENSG00000169129.17
Q8N4Y2	ENSG00000177685.18
Q8N4Z0	ENSG00000188060.8
Q8N511	ENSG00000244045.14
Q8N531	ENSG00000182325.12
Q8N531	ENSG00000285442.2
Q8N539	ENSG00000130720.14
Q8N543	ENSG00000087263.18
Q8N554	ENSG00000158805.13
Q8N556	ENSG00000196526.12
Q8N565	ENSG00000118242.17
Q8N567	ENSG00000131732.13
Q8N568	ENSG00000170390.17
Q8N573	ENSG00000164830.19
Q8N584	ENSG00000168234.15
Q8N587	ENSG00000171469.12
Q8N594	ENSG00000008382.17
Q8N5A5	ENSG00000197114.13
Q8N5B7	ENSG00000139624.15
Q8N5C1	ENSG00000178033.6
Q8N5C6	ENSG00000068784.14
Q8N5C7	ENSG00000104047.16
Q8N5C8	ENSG00000157625.17
Q8N5D0	ENSG00000142784.17
Q8N5D6	ENSG00000148288.14
Q8N5F7	ENSG00000101882.11
Q8N5G0	ENSG00000250317.10
Q8N5G2	ENSG00000204178.12
Q8N5H3	ENSG00000176973.9
Q8N5H7	ENSG00000095370.21
Q8N5I2	ENSG00000197070.15
Q8N5I3	ENSG00000198553.9
Q8N5I4	ENSG00000169084.15
Q8N5I4	ENSG00000292338.1
Q8N5I9	ENSG00000151131.12
Q8N5J2	ENSG00000143409.19
Q8N5J4	ENSG00000166211.8
Q8N5K1	ENSG00000145354.13
Q8N5L8	ENSG00000164967.11
Q8N5M1	ENSG00000171953.16
Q8N5M4	ENSG00000162222.15
Q8N5M9	ENSG00000171135.16
Q8N5N4	ENSG00000180697.9
Q8N5N7	ENSG00000136897.8
Q8N5P1	ENSG00000144161.15
Q8N5Q1	ENSG00000180043.11
Q8N5R6	ENSG00000140481.15
Q8N5R6	ENSG00000288407.1
Q8N5S1	ENSG00000181240.14
Q8N5S3	ENSG00000177994.16
Q8N5S9	ENSG00000004660.16
Q8N5T2	ENSG00000109680.12
Q8N5U0	ENSG00000180878.3
Q8N5U1	ENSG00000166961.16
Q8N5U6	ENSG00000022840.17
Q8N5V2	ENSG00000066248.16
Q8N5W8	ENSG00000213185.8
Q8N5W9	ENSG00000183688.4
Q8N5W9	ENSG00000283979.4
Q8N5X7	ENSG00000163412.14
Q8N5Y2	ENSG00000005302.19
Q8N5Y8	ENSG00000138617.17
Q8N5Z0	ENSG00000109576.15
Q8N5Z5	ENSG00000100379.19
Q8N608	ENSG00000175497.17
Q8N609	ENSG00000174599.5
Q8N612	ENSG00000051009.12
Q8N614	ENSG00000121895.10
Q8N628	ENSG00000196242.10
Q8N635	ENSG00000162039.19
Q8N653	ENSG00000099949.23
Q8N660	ENSG00000266338.8
Q8N661	ENSG00000180089.7
Q8N668	ENSG00000173163.12
Q8N680	ENSG00000181472.6
Q8N682	ENSG00000136048.15
Q8N684	ENSG00000149532.17
Q8N687	ENSG00000178591.7
Q8N688	ENSG00000180424.7
Q8N690	ENSG00000180483.7
Q8N693	ENSG00000123576.5
Q8N695	ENSG00000256870.4
Q8N695	ENSG00000262217.3
Q8N697	ENSG00000139370.13
Q8N699	ENSG00000120279.7
Q8N6C5	ENSG00000147255.20
Q8N6C8	ENSG00000278046.4
Q8N6C8	ENSG00000273884.4
Q8N6C8	ENSG00000275841.5
Q8N6C8	ENSG00000276175.4
Q8N6D2	ENSG00000180537.14
Q8N6D5	ENSG00000154065.18
Q8N6F1	ENSG00000164007.11
Q8N6F7	ENSG00000174500.13
Q8N6F7	ENSG00000284925.2
Q8N6F8	ENSG00000165171.12
Q8N6G2	ENSG00000175664.11
Q8N6G5	ENSG00000169826.9
Q8N6G6	ENSG00000178031.19
Q8N6H7	ENSG00000149182.16
Q8N6I1	ENSG00000176396.11
Q8N6I4	ENSG00000153485.7
Q8N6I4	ENSG00000275947.2
Q8N6K0	ENSG00000153495.12
Q8N6K7	ENSG00000164483.17
Q8N6L0	ENSG00000161609.10
Q8N6L1	ENSG00000163463.14
Q8N6L7	ENSG00000181778.5
Q8N6M0	ENSG00000155100.12
Q8N6M3	ENSG00000197296.6
Q8N6M5	ENSG00000151360.10
Q8N6M6	ENSG00000148120.20
Q8N6M8	ENSG00000173389.16
Q8N6M9	ENSG00000178381.14
Q8N6N2	ENSG00000174521.9
Q8N6N3	ENSG00000162642.15
Q8N6N6	ENSG00000274180.1
Q8N6N7	ENSG00000176244.7
Q8N6P7	ENSG00000142677.5
Q8N6Q1	ENSG00000166069.15
Q8N6Q3	ENSG00000204936.11
Q8N6Q8	ENSG00000127720.9
Q8N6R0	ENSG00000010165.21
Q8N6R1	ENSG00000151778.12
Q8N6S4	ENSG00000118454.14
Q8N6S5	ENSG00000177917.12
Q8N6T0	ENSG00000173715.20
Q8N6T3	ENSG00000101199.14
Q8N6T7	ENSG00000077463.16
Q8N6U8	ENSG00000143147.16
Q8N6V4	ENSG00000178645.14
Q8N6V9	ENSG00000151575.16
Q8N6W0	ENSG00000161082.14
Q8N6Y0	ENSG00000130307.13
Q8N6Y1	ENSG00000197991.11
Q8N6Y1	ENSG00000280165.2
Q8N6Y2	ENSG00000128606.14
Q8N715	ENSG00000178395.7
Q8N720	ENSG00000197343.12
Q8N729	ENSG00000183971.10
Q8N729	ENSG00000291946.1
Q8N743	ENSG00000274639.1
Q8N743	ENSG00000276196.1
Q8N752	ENSG00000180138.7
Q8N755	ENSG00000162976.13
Q8N766	ENSG00000127463.17
Q8N782	ENSG00000203326.13
Q8N7A1	ENSG00000197776.9
Q8N7B1	ENSG00000176635.19
Q8N7B6	ENSG00000163138.20
Q8N7B9	ENSG00000172421.10
Q8N7C0	ENSG00000162763.4
Q8N7C3	ENSG00000179046.10
Q8N7C4	ENSG00000172738.13
Q8N7C7	ENSG00000235631.2
Q8N7E2	ENSG00000175809.6
Q8N7F7	ENSG00000186150.5
Q8N7G0	ENSG00000248483.7
Q8N7H5	ENSG00000006712.16
Q8N7J2	ENSG00000165566.13
Q8N7K0	ENSG00000197647.14
Q8N7L0	ENSG00000179813.7
Q8N7M0	ENSG00000152760.11
Q8N7M2	ENSG00000167637.18
Q8N7N1	ENSG00000186523.16
Q8N7N1	ENSG00000145002.14
Q8N7P1	ENSG00000180287.17
Q8N7P3	ENSG00000177300.7
Q8N7Q3	ENSG00000276219.4
Q8N7Q3	ENSG00000196109.10
Q8N7R1	ENSG00000221900.6
Q8N7R7	ENSG00000163249.14
Q8N7S2	ENSG00000163793.13
Q8N7U6	ENSG00000163576.18
Q8N7W2	ENSG00000165626.20
Q8N7X0	ENSG00000118492.19
Q8N7X1	ENSG00000175718.10
Q8N7X2	ENSG00000197768.12
Q8N7X4	ENSG00000176746.6
Q8N7X8	ENSG00000179213.14
Q8N7Z2	ENSG00000278247.2
Q8N7Z2	ENSG00000273976.2
Q8N7Z2	ENSG00000275009.2
Q8N7Z5	ENSG00000145700.10
Q8N801	ENSG00000239605.11
Q8N806	ENSG00000012963.16
Q8N806	ENSG00000278787.4
Q8N807	ENSG00000169340.10
Q8N808	ENSG00000164729.8
Q8N813	ENSG00000214324.5
Q8N815	ENSG00000176563.10
Q8N819	ENSG00000213889.12
Q8N823	ENSG00000213020.11
Q8N831	ENSG00000178021.11
Q8N841	ENSG00000170703.16
Q8N859	ENSG00000178665.16
Q8N865	ENSG00000153790.12
Q8N878	ENSG00000153303.18
Q8N883	ENSG00000142556.20
Q8N884	ENSG00000164430.18
Q8N895	ENSG00000178175.13
Q8N8A2	ENSG00000065413.21
Q8N8A6	ENSG00000185163.11
Q8N8A6	ENSG00000288503.1
Q8N8B7	ENSG00000176896.10
Q8N8D1	ENSG00000090470.15
Q8N8D7	ENSG00000185942.13
Q8N8E2	ENSG00000163795.15
Q8N8E3	ENSG00000154240.19
Q8N8F6	ENSG00000177752.16
Q8N8F7	ENSG00000181016.10
Q8N8G2	ENSG00000170162.15
Q8N8I0	ENSG00000177570.16
Q8N8J6	ENSG00000197619.16
Q8N8J7	ENSG00000174749.6
Q8N8K9	ENSG00000165185.16
Q8N8L2	ENSG00000177599.14
Q8N8L6	ENSG00000175414.8
Q8N8M0	ENSG00000167011.9
Q8N8N0	ENSG00000176641.12
Q8N8N7	ENSG00000140043.13
Q8N8Q1	ENSG00000174151.16
Q8N8Q3	ENSG00000173818.18
Q8N8Q8	ENSG00000163626.18
Q8N8Q9	ENSG00000140157.17
Q8N8R3	ENSG00000197119.13
Q8N8R5	ENSG00000178074.6
Q8N8R7	ENSG00000152219.7
Q8N8S7	ENSG00000154380.20
Q8N8U2	ENSG00000166446.16
Q8N8U3	ENSG00000179300.5
Q8N8U9	ENSG00000164619.10
Q8N8V2	ENSG00000213512.4
Q8N8V4	ENSG00000175311.7
Q8N8V4	ENSG00000284290.2
Q8N8W4	ENSG00000180316.13
Q8N8X9	ENSG00000173212.6
Q8N8Y2	ENSG00000147614.5
Q8N8Y5	ENSG00000181638.21
Q8N8Y5	ENSG00000264668.2
Q8N8Z6	ENSG00000164465.20
Q8N8Z8	ENSG00000197044.11
Q8N907	ENSG00000179284.7
Q8N912	ENSG00000184601.12
Q8N912	ENSG00000274126.4
Q8N944	ENSG00000178171.12
Q8N945	ENSG00000186314.13
Q8N957	ENSG00000153930.13
Q8N960	ENSG00000168944.17
Q8N961	ENSG00000166016.7
Q8N966	ENSG00000177108.6
Q8N967	ENSG00000166159.11
Q8N967	ENSG00000285383.2
Q8N972	ENSG00000242852.8
Q8N972	ENSG00000196826.7
Q8N983	ENSG00000055950.18
Q8N987	ENSG00000123119.13
Q8N988	ENSG00000130544.13
Q8N998	ENSG00000179071.5
Q8N999	ENSG00000133641.19
Q8N9A8	ENSG00000205423.13
Q8N9B4	ENSG00000137494.15
Q8N9B5	ENSG00000152409.11
Q8N9B8	ENSG00000198915.13
Q8N9C0	ENSG00000179057.14
Q8N9E0	ENSG00000179083.8
Q8N9F0	ENSG00000185818.8
Q8N9F7	ENSG00000153982.11
Q8N9F8	ENSG00000178187.9
Q8N9H8	ENSG00000187609.17
Q8N9H9	ENSG00000175262.15
Q8N9I0	ENSG00000143858.13
Q8N9I5	ENSG00000172782.14
Q8N9I9	ENSG00000178498.17
Q8N9K5	ENSG00000196357.13
Q8N9L1	ENSG00000174963.18
Q8N9L9	ENSG00000177465.5
Q8N9M1	ENSG00000160392.15
Q8N9M5	ENSG00000181284.4
Q8N9M5	ENSG00000284228.2
Q8N9N2	ENSG00000138303.20
Q8N9N5	ENSG00000172530.23
Q8N9N7	ENSG00000180979.11
Q8N9N8	ENSG00000175376.10
Q8N9Q2	ENSG00000153006.17
Q8N9R6	ENSG00000239704.13
Q8N9R8	ENSG00000173611.19
Q8N9S9	ENSG00000174226.10
Q8N9T8	ENSG00000129347.22
Q8N9U0	ENSG00000165929.14
Q8N9U0	ENSG00000276776.4
Q8N9V2	ENSG00000184108.8
Q8N9V3	ENSG00000196151.12
Q8N9V6	ENSG00000144031.13
Q8N9V7	ENSG00000173769.4
Q8N9W4	ENSG00000174450.13
Q8N9W5	ENSG00000167646.15
Q8N9W6	ENSG00000152430.20
Q8N9W8	ENSG00000172717.17
Q8N9Y4	ENSG00000140067.8
Q8N9Y4	ENSG00000273533.3
Q8N9Z0	ENSG00000167554.16
Q8N9Z2	ENSG00000253276.5
Q8N9Z9	ENSG00000152936.11
Q8NA03	ENSG00000150667.9
Q8NA19	ENSG00000154655.17
Q8NA23	ENSG00000148225.18
Q8NA29	ENSG00000168389.19
Q8NA31	ENSG00000249961.10
Q8NA42	ENSG00000188283.13
Q8NA47	ENSG00000173093.13
Q8NA54	ENSG00000164675.12
Q8NA56	ENSG00000137473.20
Q8NA57	ENSG00000165805.10
Q8NA58	ENSG00000146453.14
Q8NA61	ENSG00000174015.10
Q8NA66	ENSG00000176571.13
Q8NA69	ENSG00000198723.11
Q8NA70	ENSG00000189132.6
Q8NA72	ENSG00000152359.16
Q8NA75	ENSG00000176566.5
Q8NA77	ENSG00000182459.5
Q8NA82	ENSG00000173838.13
Q8NA92	ENSG00000161277.12
Q8NAA4	ENSG00000168010.12
Q8NAA5	ENSG00000181350.13
Q8NAB2	ENSG00000182359.16
Q8NAC3	ENSG00000163702.22
Q8NAF0	ENSG00000218891.6
Q8NAG6	ENSG00000160117.17
Q8NAM6	ENSG00000180532.12
Q8NAN2	ENSG00000180488.18
Q8NAP3	ENSG00000177311.13
Q8NAP8	ENSG00000254553.1
Q8NAP8	ENSG00000273274.3
Q8NAT1	ENSG00000144647.8
Q8NAT2	ENSG00000162782.17
Q8NAU1	ENSG00000160097.21
Q8NAV1	ENSG00000134748.14
Q8NAV2	ENSG00000241852.12
Q8NAX2	ENSG00000175707.11
Q8NB12	ENSG00000115593.16
Q8NB14	ENSG00000170185.13
Q8NB15	ENSG00000198546.16
Q8NB16	ENSG00000168404.14
Q8NB25	ENSG00000111879.20
Q8NB37	ENSG00000177225.17
Q8NB42	ENSG00000189164.16
Q8NB46	ENSG00000139645.11
Q8NB49	ENSG00000101974.15
Q8NB50	ENSG00000196670.14
Q8NB59	ENSG00000143469.21
Q8NB66	ENSG00000137766.18
Q8NB78	ENSG00000165097.17
Q8NB90	ENSG00000145375.10
Q8NB91	ENSG00000181544.17
Q8NBA8	ENSG00000169570.11
Q8NBB4	ENSG00000152467.10
Q8NBC4	ENSG00000198547.10
Q8NBD8	ENSG00000198133.10
Q8NBE8	ENSG00000213160.11
Q8NBF1	ENSG00000174332.7
Q8NBF2	ENSG00000196865.5
Q8NBF6	ENSG00000105778.21
Q8NBH2	ENSG00000174611.13
Q8NBI2	ENSG00000162144.11
Q8NBI3	ENSG00000162490.8
Q8NBI5	ENSG00000134802.19
Q8NBI6	ENSG00000173950.16
Q8NBJ4	ENSG00000135052.17
Q8NBJ5	ENSG00000130309.13
Q8NBJ7	ENSG00000129103.20
Q8NBJ9	ENSG00000149577.18
Q8NBK3	ENSG00000144455.15
Q8NBL1	ENSG00000163389.13
Q8NBL3	ENSG00000152154.13
Q8NBM4	ENSG00000134882.17
Q8NBM8	ENSG00000145882.12
Q8NBN3	ENSG00000103978.18
Q8NBN7	ENSG00000160439.16
Q8NBN7	ENSG00000276341.1
Q8NBN7	ENSG00000274504.1
Q8NBN7	ENSG00000276684.4
Q8NBN7	ENSG00000275474.1
Q8NBN7	ENSG00000276826.1
Q8NBN7	ENSG00000278149.1
Q8NBN7	ENSG00000273944.1
Q8NBN7	ENSG00000274418.1
Q8NBN7	ENSG00000278284.1
Q8NBP0	ENSG00000143643.14
Q8NBP5	ENSG00000135953.12
Q8NBP7	ENSG00000169174.14
Q8NBQ5	ENSG00000198189.12
Q8NBQ7	ENSG00000178301.5
Q8NBR0	ENSG00000167543.17
Q8NBR6	ENSG00000128923.12
Q8NBS3	ENSG00000088836.15
Q8NBS9	ENSG00000239264.10
Q8NBT0	ENSG00000164087.9
Q8NBT2	ENSG00000161888.12
Q8NBT3	ENSG00000167619.13
Q8NBU5	ENSG00000138138.15
Q8NBV4	ENSG00000160539.7
Q8NBV8	ENSG00000149043.18
Q8NBV8	ENSG00000288149.1
Q8NBW4	ENSG00000177058.13
Q8NBX0	ENSG00000143653.11
Q8NBZ0	ENSG00000169592.16
Q8NBZ7	ENSG00000115652.16
Q8NC01	ENSG00000150048.11
Q8NC06	ENSG00000181513.16
Q8NC24	ENSG00000164620.10
Q8NC26	ENSG00000178150.11
Q8NC42	ENSG00000163162.10
Q8NC44	ENSG00000144567.12
Q8NC51	ENSG00000142864.16
Q8NC54	ENSG00000113583.9
Q8NC56	ENSG00000161904.14
Q8NC60	ENSG00000084092.8
Q8NC67	ENSG00000171208.11
Q8NC69	ENSG00000168301.14
Q8NC74	ENSG00000130701.4
Q8NC96	ENSG00000089818.18
Q8NCA5	ENSG00000119812.20
Q8NCA9	ENSG00000179922.6
Q8NCB2	ENSG00000164076.18
Q8NCC3	ENSG00000103066.14
Q8NCC5	ENSG00000157800.19
Q8NCD3	ENSG00000123485.12
Q8NCE0	ENSG00000154743.20
Q8NCE2	ENSG00000163719.21
Q8NCF0	ENSG00000157335.22
Q8NCF5	ENSG00000176953.14
Q8NCG5	ENSG00000140835.11
Q8NCG7	ENSG00000164535.16
Q8NCH0	ENSG00000169105.8
Q8NCI6	ENSG00000166105.17
Q8NCJ5	ENSG00000167778.10
Q8NCK3	ENSG00000198298.14
Q8NCK7	ENSG00000174326.16
Q8NCL4	ENSG00000139629.17
Q8NCL8	ENSG00000198270.15
Q8NCL9	ENSG00000198768.12
Q8NCM2	ENSG00000140015.20
Q8NCM8	ENSG00000187240.18
Q8NCN4	ENSG00000166439.7
Q8NCN5	ENSG00000090857.15
Q8NCP5	ENSG00000196323.15
Q8NCQ5	ENSG00000141665.14
Q8NCQ7	ENSG00000167525.16
Q8NCR0	ENSG00000162885.15
Q8NCR0	ENSG00000282880.5
Q8NCR3	ENSG00000166323.14
Q8NCR6	ENSG00000164972.14
Q8NCR9	ENSG00000180745.6
Q8NCS4	ENSG00000243749.3
Q8NCS7	ENSG00000137968.17
Q8NCT1	ENSG00000140450.10
Q8NCT3	ENSG00000164542.14
Q8NCU1	ENSG00000175699.16
Q8NCU4	ENSG00000163617.12
Q8NCU7	ENSG00000198535.5
Q8NCU8	ENSG00000175701.11
Q8NCV1	ENSG00000140955.12
Q8NCW0	ENSG00000131650.16
Q8NCW5	ENSG00000163382.14
Q8NCW6	ENSG00000178234.15
Q8NCX0	ENSG00000144395.18
Q8NCY6	ENSG00000170903.13
Q8ND04	ENSG00000167447.14
Q8ND07	ENSG00000119636.17
Q8ND23	ENSG00000186648.16
Q8ND23	ENSG00000284765.2
Q8ND24	ENSG00000167257.12
Q8ND25	ENSG00000186187.13
Q8ND30	ENSG00000166387.15
Q8ND56	ENSG00000257103.10
Q8ND56	ENSG00000262860.5
Q8ND61	ENSG00000131379.10
Q8ND71	ENSG00000171115.5
Q8ND76	ENSG00000108100.19
Q8ND82	ENSG00000056277.17
Q8ND83	ENSG00000139737.23
Q8ND90	ENSG00000176903.5
Q8ND94	ENSG00000177363.6
Q8NDA2	ENSG00000148357.18
Q8NDA8	ENSG00000179832.19
Q8NDB2	ENSG00000153064.12
Q8NDB6	ENSG00000179304.19
Q8NDB6	ENSG00000268350.9
Q8NDC0	ENSG00000168175.17
Q8NDC4	ENSG00000171160.19
Q8NDD1	ENSG00000143633.14
Q8NDF8	ENSG00000121274.14
Q8NDG6	ENSG00000156414.21
Q8NDH2	ENSG00000175820.4
Q8NDH3	ENSG00000215440.13
Q8NDH6	ENSG00000163596.18
Q8NDI1	ENSG00000115504.16
Q8NDL9	ENSG00000084693.17
Q8NDM7	ENSG00000197748.14
Q8NDN9	ENSG00000136144.13
Q8NDP4	ENSG00000171291.9
Q8NDQ6	ENSG00000171817.18
Q8NDT2	ENSG00000259956.2
Q8NDV1	ENSG00000184005.12
Q8NDV2	ENSG00000154478.4
Q8NDV3	ENSG00000077935.18
Q8NDV7	ENSG00000090905.20
Q8NDW4	ENSG00000198105.17
Q8NDW8	ENSG00000168026.20
Q8NDX1	ENSG00000125637.17
Q8NDX2	ENSG00000179520.12
Q8NDX5	ENSG00000173889.17
Q8NDX6	ENSG00000139651.12
Q8NDX9	ENSG00000240053.9
Q8NDX9	ENSG00000239285.7
Q8NDX9	ENSG00000241132.7
Q8NDX9	ENSG00000240433.4
Q8NDX9	ENSG00000241713.7
Q8NDX9	ENSG00000244672.4
Q8NDX9	ENSG00000239497.7
Q8NDY3	ENSG00000153531.15
Q8NDY6	ENSG00000125533.6
Q8NDY8	ENSG00000178821.14
Q8NDZ0	ENSG00000177324.14
Q8NDZ2	ENSG00000170085.19
Q8NDZ4	ENSG00000181744.9
Q8NDZ6	ENSG00000164180.16
Q8NE00	ENSG00000109066.15
Q8NE01	ENSG00000168763.17
Q8NE09	ENSG00000132554.22
Q8NE18	ENSG00000179299.18
Q8NE22	ENSG00000155542.13
Q8NE28	ENSG00000198870.8
Q8NE28	ENSG00000281245.2
Q8NE31	ENSG00000148541.14
Q8NE35	ENSG00000107864.16
Q8NE62	ENSG00000016391.12
Q8NE63	ENSG00000160396.9
Q8NE65	ENSG00000172687.15
Q8NE71	ENSG00000204574.15
Q8NE71	ENSG00000206490.11
Q8NE71	ENSG00000236342.8
Q8NE71	ENSG00000232169.9
Q8NE71	ENSG00000225989.9
Q8NE71	ENSG00000231129.8
Q8NE71	ENSG00000236149.9
Q8NE79	ENSG00000112276.15
Q8NE86	ENSG00000156026.16
Q8NEA4	ENSG00000153832.13
Q8NEA5	ENSG00000177025.3
Q8NEA6	ENSG00000107249.24
Q8NEA9	ENSG00000244234.3
Q8NEB5	ENSG00000147535.18
Q8NEB7	ENSG00000111644.8
Q8NEB9	ENSG00000078142.15
Q8NEC5	ENSG00000175294.6
Q8NEC7	ENSG00000138780.16
Q8NEE6	ENSG00000161040.20
Q8NEE8	ENSG00000167094.17
Q8NEF3	ENSG00000164221.14
Q8NEF9	ENSG00000151304.7
Q8NEG0	ENSG00000180219.2
Q8NEG2	ENSG00000164746.15
Q8NEG4	ENSG00000133477.17
Q8NEG5	ENSG00000163012.4
Q8NEG7	ENSG00000205593.13
Q8NEH6	ENSG00000138587.7
Q8NEJ0	ENSG00000167065.15
Q8NEJ9	ENSG00000129460.18
Q8NEK5	ENSG00000188785.13
Q8NEK8	ENSG00000174016.12
Q8NEL0	ENSG00000138483.3
Q8NEL9	ENSG00000100523.18
Q8NEM0	ENSG00000147316.16
Q8NEM1	ENSG00000173041.13
Q8NEM2	ENSG00000171241.10
Q8NEM7	ENSG00000102710.22
Q8NEM8	ENSG00000146856.14
Q8NEN0	ENSG00000118690.14
Q8NEN9	ENSG00000165650.13
Q8NEP3	ENSG00000154099.19
Q8NEP7	ENSG00000162755.15
Q8NEP9	ENSG00000186300.13
Q8NEQ5	ENSG00000143110.13
Q8NEQ6	ENSG00000183888.4
Q8NER1	ENSG00000196689.14
Q8NER5	ENSG00000123612.17
Q8NES3	ENSG00000106003.14
Q8NES8	ENSG00000180383.4
Q8NET1	ENSG00000184276.3
Q8NET4	ENSG00000243978.9
Q8NET5	ENSG00000235568.8
Q8NET6	ENSG00000180767.11
Q8NET8	ENSG00000167723.16
Q8NEU8	ENSG00000136044.13
Q8NEV1	ENSG00000254598.3
Q8NEV4	ENSG00000095777.18
Q8NEV8	ENSG00000110723.12
Q8NEV9	ENSG00000197272.2
Q8NEW0	ENSG00000162695.14
Q8NEW7	ENSG00000181585.7
Q8NEX5	ENSG00000180205.4
Q8NEX6	ENSG00000180083.11
Q8NEX9	ENSG00000170426.2
Q8NEY1	ENSG00000134369.18
Q8NEY3	ENSG00000150628.7
Q8NEY4	ENSG00000143882.13
Q8NEY8	ENSG00000134283.19
Q8NEZ2	ENSG00000155975.11
Q8NEZ3	ENSG00000157796.19
Q8NEZ4	ENSG00000055609.21
Q8NEZ5	ENSG00000167196.15
Q8NF37	ENSG00000153395.12
Q8NF50	ENSG00000107099.18
Q8NF64	ENSG00000122515.17
Q8NF86	ENSG00000103355.15
Q8NF91	ENSG00000131018.25
Q8NF99	ENSG00000186812.14
Q8NFA0	ENSG00000170832.14
Q8NFA2	ENSG00000196408.13
Q8NFA2	ENSG00000291939.1
Q8NFB2	ENSG00000269556.9
Q8NFC6	ENSG00000038219.14
Q8NFD2	ENSG00000170209.5
Q8NFD5	ENSG00000049618.26
Q8NFF2	ENSG00000140090.18
Q8NFF5	ENSG00000160688.20
Q8NFG4	ENSG00000154803.14
Q8NFH3	ENSG00000120253.15
Q8NFH4	ENSG00000075188.10
Q8NFH5	ENSG00000163002.14
Q8NFH8	ENSG00000169891.19
Q8NFI3	ENSG00000167280.18
Q8NFJ5	ENSG00000013588.11
Q8NFJ6	ENSG00000101292.8
Q8NFJ8	ENSG00000180828.3
Q8NFJ9	ENSG00000174483.21
Q8NFJ9	ENSG00000256349.1
Q8NFK1	ENSG00000176402.6
Q8NFL0	ENSG00000156966.8
Q8NFM4	ENSG00000129467.15
Q8NFM4	ENSG00000284814.1
Q8NFM7	ENSG00000144730.20
Q8NFN8	ENSG00000175697.12
Q8NFP0	ENSG00000179165.12
Q8NFP4	ENSG00000112139.18
Q8NFP7	ENSG00000122824.11
Q8NFP9	ENSG00000172915.20
Q8NFQ5	ENSG00000167104.12
Q8NFQ6	ENSG00000184459.10
Q8NFQ8	ENSG00000169905.14
Q8NFR3	ENSG00000196542.10
Q8NFR7	ENSG00000153237.20
Q8NFR9	ENSG00000163701.20
Q8NFT2	ENSG00000157214.15
Q8NFT6	ENSG00000161692.18
Q8NFT8	ENSG00000187957.9
Q8NFU0	ENSG00000142959.7
Q8NFU1	ENSG00000039987.8
Q8NFU3	ENSG00000215845.12
Q8NFU4	ENSG00000181617.6
Q8NFU5	ENSG00000151151.7
Q8NFU7	ENSG00000138336.10
Q8NFV4	ENSG00000106077.20
Q8NFV5	ENSG00000136206.5
Q8NFW1	ENSG00000169436.19
Q8NFW5	ENSG00000197587.13
Q8NFW8	ENSG00000111726.14
Q8NFW9	ENSG00000170011.15
Q8NFX7	ENSG00000168952.17
Q8NFY4	ENSG00000137872.18
Q8NFY9	ENSG00000163376.11
Q8NFZ0	ENSG00000134452.21
Q8NFZ3	ENSG00000165246.16
Q8NFZ4	ENSG00000169992.10
Q8NFZ4	ENSG00000283859.2
Q8NFZ5	ENSG00000168884.16
Q8NFZ6	ENSG00000196131.6
Q8NFZ8	ENSG00000105767.4
Q8NG06	ENSG00000162722.9
Q8NG08	ENSG00000127311.11
Q8NG11	ENSG00000108219.18
Q8NG27	ENSG00000181191.13
Q8NG31	ENSG00000137812.21
Q8NG35	ENSG00000186562.8
Q8NG35	ENSG00000186599.8
Q8NG35	ENSG00000274729.1
Q8NG35	ENSG00000285015.2
Q8NG35	ENSG00000285411.3
Q8NG41	ENSG00000183979.8
Q8NG48	ENSG00000140471.18
Q8NG50	ENSG00000276432.4
Q8NG50	ENSG00000278023.7
Q8NG66	ENSG00000114670.15
Q8NG68	ENSG00000114999.9
Q8NG75	ENSG00000262784.2
Q8NG75	ENSG00000181698.5
Q8NG75	ENSG00000291860.1
Q8NG76	ENSG00000177212.4
Q8NG77	ENSG00000177201.3
Q8NG80	ENSG00000197454.2
Q8NG81	ENSG00000177186.3
Q8NG83	ENSG00000228198.3
Q8NG85	ENSG00000198128.4
Q8NG92	ENSG00000171054.9
Q8NG95	ENSG00000170920.2
Q8NG97	ENSG00000181733.4
Q8NG98	ENSG00000174667.4
Q8NG99	ENSG00000170923.4
Q8NGA0	ENSG00000161807.3
Q8NGA1	ENSG00000170929.6
Q8NGA5	ENSG00000176231.2
Q8NGA6	ENSG00000172519.10
Q8NGA8	ENSG00000176695.8
Q8NGB2	ENSG00000176540.3
Q8NGB4	ENSG00000176555.1
Q8NGB6	ENSG00000274102.3
Q8NGB8	ENSG00000182854.8
Q8NGB9	ENSG00000184140.6
Q8NGC0	ENSG00000169327.5
Q8NGC3	ENSG00000255582.1
Q8NGC4	ENSG00000169208.3
Q8NGC5	ENSG00000255804.2
Q8NGC6	ENSG00000176230.7
Q8NGC6	ENSG00000291811.1
Q8NGC7	ENSG00000176219.3
Q8NGC7	ENSG00000291779.1
Q8NGC8	ENSG00000291780.2
Q8NGD0	ENSG00000176299.5
Q8NGD1	ENSG00000176294.6
Q8NGD2	ENSG00000165762.3
Q8NGD2	ENSG00000291804.1
Q8NGD3	ENSG00000176281.5
Q8NGD3	ENSG00000291822.1
Q8NGD4	ENSG00000155249.5
Q8NGD4	ENSG00000291807.1
Q8NGD5	ENSG00000169484.4
Q8NGD5	ENSG00000291805.1
Q8NGE0	ENSG00000172640.4
Q8NGE1	ENSG00000179626.4
Q8NGE2	ENSG00000179615.3
Q8NGE3	ENSG00000175398.3
Q8NGE5	ENSG00000179919.3
Q8NGE8	ENSG00000172742.6
Q8NGE9	ENSG00000186513.4
Q8NGF0	ENSG00000187747.2
Q8NGF1	ENSG00000279270.2
Q8NGF3	ENSG00000197428.3
Q8NGF4	ENSG00000172464.4
Q8NGF6	ENSG00000172772.3
Q8NGF7	ENSG00000197786.3
Q8NGF8	ENSG00000175619.3
Q8NGF9	ENSG00000172208.7
Q8NGG0	ENSG00000167822.3
Q8NGG2	ENSG00000262851.2
Q8NGG3	ENSG00000261897.1
Q8NGG4	ENSG00000181693.9
Q8NGG4	ENSG00000262611.4
Q8NGG4	ENSG00000291864.1
Q8NGG5	ENSG00000150261.5
Q8NGG5	ENSG00000263328.2
Q8NGG5	ENSG00000291861.1
Q8NGG6	ENSG00000170953.4
Q8NGG7	ENSG00000196119.8
Q8NGG8	ENSG00000284609.2
Q8NGH3	ENSG00000178358.5
Q8NGH7	ENSG00000183313.4
Q8NGH8	ENSG00000183389.5
Q8NGH9	ENSG00000180974.5
Q8NGI0	ENSG00000180988.4
Q8NGI1	ENSG00000181017.7
Q8NGI2	ENSG00000181074.5
Q8NGI3	ENSG00000181023.8
Q8NGI4	ENSG00000176200.1
Q8NGI6	ENSG00000254466.2
Q8NGI7	ENSG00000172289.3
Q8NGI8	ENSG00000176495.3
Q8NGI9	ENSG00000172324.6
Q8NGJ0	ENSG00000172320.4
Q8NGJ1	ENSG00000166884.3
Q8NGJ2	ENSG00000181616.10
Q8NGJ3	ENSG00000292245.1
Q8NGJ4	ENSG00000176787.2
Q8NGJ4	ENSG00000291909.1
Q8NGJ5	ENSG00000176798.3
Q8NGJ6	ENSG00000205497.5
Q8NGJ7	ENSG00000205496.1
Q8NGJ8	ENSG00000176922.5
Q8NGJ9	ENSG00000176900.2
Q8NGK0	ENSG00000176893.6
Q8NGK1	ENSG00000278870.2
Q8NGK2	ENSG00000221996.6
Q8NGK3	ENSG00000181963.5
Q8NGK4	ENSG00000196778.4
Q8NGK5	ENSG00000197790.1
Q8NGK6	ENSG00000232268.8
Q8NGK9	ENSG00000205029.1
Q8NGL0	ENSG00000205030.1
Q8NGL1	ENSG00000186119.9
Q8NGL2	ENSG00000279395.3
Q8NGL3	ENSG00000186113.1
Q8NGL4	ENSG00000279761.2
Q8NGL7	ENSG00000181927.4
Q8NGL9	ENSG00000279514.2
Q8NGM1	ENSG00000181939.3
Q8NGM8	ENSG00000196099.5
Q8NGM9	ENSG00000181518.4
Q8NGN0	ENSG00000171014.3
Q8NGN1	ENSG00000181499.3
Q8NGN3	ENSG00000254737.3
Q8NGN4	ENSG00000236981.1
Q8NGN5	ENSG00000234560.5
Q8NGN6	ENSG00000182634.9
Q8NGP0	ENSG00000258817.1
Q8NGP2	ENSG00000172487.4
Q8NGP2	ENSG00000262796.1
Q8NGP2	ENSG00000291858.1
Q8NGP3	ENSG00000150269.1
Q8NGP3	ENSG00000291852.1
Q8NGP4	ENSG00000174937.5
Q8NGP4	ENSG00000291859.1
Q8NGP6	ENSG00000181371.5
Q8NGP6	ENSG00000291862.1
Q8NGP8	ENSG00000255012.3
Q8NGP9	ENSG00000172459.5
Q8NGQ1	ENSG00000262647.3
Q8NGQ2	ENSG00000279051.5
Q8NGQ4	ENSG00000180475.4
Q8NGQ5	ENSG00000186509.4
Q8NGQ6	ENSG00000172377.3
Q8NGR1	ENSG00000256574.9
Q8NGR1	ENSG00000277495.4
Q8NGR2	ENSG00000171459.4
Q8NGR3	ENSG00000165204.3
Q8NGR4	ENSG00000148215.4
Q8NGR5	ENSG00000136939.1
Q8NGR6	ENSG00000280094.3
Q8NGR8	ENSG00000171496.5
Q8NGR9	ENSG00000171501.11
Q8NGS0	ENSG00000171505.6
Q8NGS1	ENSG00000239590.1
Q8NGS2	ENSG00000197233.7
Q8NGS3	ENSG00000136834.3
Q8NGS4	ENSG00000186881.3
Q8NGS5	ENSG00000148136.5
Q8NGS7	ENSG00000186943.1
Q8NGS8	ENSG00000277556.1
Q8NGS9	ENSG00000276119.1
Q8NGT0	ENSG00000136839.1
Q8NGT1	ENSG00000171133.4
Q8NGT2	ENSG00000168828.6
Q8NGT5	ENSG00000179468.6
Q8NGT5	ENSG00000273914.2
Q8NGT7	ENSG00000221858.3
Q8NGT7	ENSG00000284949.2
Q8NGT9	ENSG00000221970.4
Q8NGT9	ENSG00000212807.3
Q8NGU2	ENSG00000258083.2
Q8NGU4	ENSG00000237988.6
Q8NGU9	ENSG00000178015.5
Q8NGV0	ENSG00000174339.3
Q8NGV6	ENSG00000230301.6
Q8NGV7	ENSG00000197938.6
Q8NGW1	ENSG00000178586.8
Q8NGX0	ENSG00000197591.3
Q8NGX1	ENSG00000183310.3
Q8NGX2	ENSG00000177151.5
Q8NGX3	ENSG00000186306.1
Q8NGX5	ENSG00000173285.5
Q8NGX8	ENSG00000197532.3
Q8NGX9	ENSG00000186440.3
Q8NGY0	ENSG00000279111.2
Q8NGY1	ENSG00000198967.5
Q8NGY2	ENSG00000196171.3
Q8NGY3	ENSG00000203757.2
Q8NGY5	ENSG00000197403.5
Q8NGY6	ENSG00000188340.3
Q8NGY9	ENSG00000279263.1
Q8NGZ0	ENSG00000177275.4
Q8NGZ2	ENSG00000153230.4
Q8NGZ3	ENSG00000197437.5
Q8NGZ4	ENSG00000177476.3
Q8NGZ5	ENSG00000177489.1
Q8NGZ6	ENSG00000169214.5
Q8NGZ9	ENSG00000184022.4
Q8NGZ9	ENSG00000292303.1
Q8NH00	ENSG00000274870.1
Q8NH00	ENSG00000275617.1
Q8NH01	ENSG00000279301.5
Q8NH02	ENSG00000182783.6
Q8NH03	ENSG00000196539.3
Q8NH03	ENSG00000277113.2
Q8NH03	ENSG00000278377.1
Q8NH03	ENSG00000292005.1
Q8NH04	ENSG00000187701.5
Q8NH10	ENSG00000172199.1
Q8NH10	ENSG00000291846.1
Q8NH16	ENSG00000203663.4
Q8NH18	ENSG00000174957.1
Q8NH19	ENSG00000174970.5
Q8NH37	ENSG00000176547.11
Q8NH40	ENSG00000181803.3
Q8NH41	ENSG00000169488.7
Q8NH41	ENSG00000291812.1
Q8NH42	ENSG00000176253.4
Q8NH42	ENSG00000291806.1
Q8NH43	ENSG00000176246.1
Q8NH43	ENSG00000291772.1
Q8NH48	ENSG00000172769.4
Q8NH49	ENSG00000176567.1
Q8NH50	ENSG00000181752.3
Q8NH51	ENSG00000262755.1
Q8NH51	ENSG00000280314.4
Q8NH51	ENSG00000291865.1
Q8NH53	ENSG00000181001.3
Q8NH54	ENSG00000184478.8
Q8NH55	ENSG00000277932.2
Q8NH56	ENSG00000181009.5
Q8NH59	ENSG00000167360.6
Q8NH60	ENSG00000205495.1
Q8NH60	ENSG00000291908.1
Q8NH61	ENSG00000176925.8
Q8NH64	ENSG00000176895.9
Q8NH69	ENSG00000187612.1
Q8NH70	ENSG00000181961.5
Q8NH72	ENSG00000181903.7
Q8NH73	ENSG00000174982.4
Q8NH74	ENSG00000276451.2
Q8NH74	ENSG00000280899.3
Q8NH74	ENSG00000279000.4
Q8NH76	ENSG00000180919.3
Q8NH79	ENSG00000221931.3
Q8NH80	ENSG00000197309.5
Q8NH81	ENSG00000198674.3
Q8NH83	ENSG00000221840.4
Q8NH85	ENSG00000279961.2
Q8NH85	ENSG00000291849.1
Q8NH87	ENSG00000174914.3
Q8NH90	ENSG00000181273.3
Q8NH93	ENSG00000171481.5
Q8NH94	ENSG00000173679.2
Q8NHA4	ENSG00000244623.2
Q8NHB1	ENSG00000185372.4
Q8NHB7	ENSG00000232382.2
Q8NHB8	ENSG00000231861.3
Q8NHC4	ENSG00000184155.8
Q8NHC5	ENSG00000196772.5
Q8NHC6	ENSG00000198452.8
Q8NHC7	ENSG00000177174.1
Q8NHC8	ENSG00000278659.1
Q8NHC8	ENSG00000278689.1
Q8NHC8	ENSG00000198104.4
Q8NHC8	ENSG00000292016.1
Q8NHE4	ENSG00000171130.20
Q8NHG7	ENSG00000198168.9
Q8NHG8	ENSG00000180233.12
Q8NHH1	ENSG00000175764.18
Q8NHH9	ENSG00000119787.15
Q8NHJ6	ENSG00000186818.14
Q8NHJ6	ENSG00000275730.4
Q8NHK3	ENSG00000278481.1
Q8NHK3	ENSG00000275937.1
Q8NHK3	ENSG00000275436.5
Q8NHK3	ENSG00000284089.3
Q8NHL6	ENSG00000277134.5
Q8NHL6	ENSG00000277807.5
Q8NHL6	ENSG00000274669.5
Q8NHM5	ENSG00000089094.21
Q8NHP6	ENSG00000130150.13
Q8NHP7	ENSG00000178997.12
Q8NHP8	ENSG00000151176.9
Q8NHQ1	ENSG00000114107.10
Q8NHQ8	ENSG00000123094.17
Q8NHQ9	ENSG00000111364.17
Q8NHR7	ENSG00000167014.11
Q8NHR9	ENSG00000176732.8
Q8NHS0	ENSG00000179407.4
Q8NHS1	ENSG00000160318.6
Q8NHS2	ENSG00000169154.7
Q8NHS3	ENSG00000164073.12
Q8NHS4	ENSG00000162994.17
Q8NHS9	ENSG00000141255.13
Q8NHU0	ENSG00000269096.7
Q8NHU2	ENSG00000089101.20
Q8NHU3	ENSG00000164023.16
Q8NHU6	ENSG00000196116.9
Q8NHV1	ENSG00000179144.6
Q8NHV4	ENSG00000139350.14
Q8NHV5	ENSG00000185716.13
Q8NHV9	ENSG00000101883.7
Q8NHW3	ENSG00000182759.4
Q8NHW4	ENSG00000276070.5
Q8NHW4	ENSG00000293547.1
Q8NHW4	ENSG00000276125.4
Q8NHW4	ENSG00000282604.2
Q8NHW6	ENSG00000178602.9
Q8NHX4	ENSG00000173699.17
Q8NHX9	ENSG00000162341.19
Q8NHY0	ENSG00000167080.10
Q8NHY2	ENSG00000143207.22
Q8NHY3	ENSG00000270765.8
Q8NHY5	ENSG00000188996.5
Q8NHY6	ENSG00000196867.9
Q8NHZ7	ENSG00000230522.5
Q8NHZ8	ENSG00000176386.10
Q8NI08	ENSG00000111912.21
Q8NI17	ENSG00000164509.17
Q8NI22	ENSG00000180398.14
Q8NI27	ENSG00000125676.21
Q8NI29	ENSG00000161243.11
Q8NI32	ENSG00000150556.18
Q8NI35	ENSG00000132849.22
Q8NI36	ENSG00000134987.14
Q8NI37	ENSG00000196850.7
Q8NI38	ENSG00000167604.16
Q8NI51	ENSG00000124092.14
Q8NI60	ENSG00000163050.19
Q8NI77	ENSG00000121621.8
Q8NI99	ENSG00000130812.12
Q8TA86	ENSG00000164610.10
Q8TA94	ENSG00000188868.15
Q8TAA1	ENSG00000173464.17
Q8TAA3	ENSG00000154611.15
Q8TAA5	ENSG00000164284.16
Q8TAA9	ENSG00000173218.16
Q8TAB3	ENSG00000165194.16
Q8TAB5	ENSG00000142686.9
Q8TAC1	ENSG00000175449.16
Q8TAC2	ENSG00000161677.13
Q8TAC9	ENSG00000198794.13
Q8TAD2	ENSG00000172458.6
Q8TAD4	ENSG00000145740.21
Q8TAD7	ENSG00000235162.10
Q8TAD8	ENSG00000163877.11
Q8TAE6	ENSG00000198729.6
Q8TAE7	ENSG00000171126.8
Q8TAE8	ENSG00000179271.4
Q8TAF3	ENSG00000114742.15
Q8TAF7	ENSG00000197808.14
Q8TAF8	ENSG00000197753.11
Q8TAG5	ENSG00000170419.11
Q8TAG6	ENSG00000169085.14
Q8TAG9	ENSG00000138190.17
Q8TAI7	ENSG00000167550.12
Q8TAK5	ENSG00000143458.13
Q8TAK6	ENSG00000184221.13
Q8TAL5	ENSG00000157653.13
Q8TAL6	ENSG00000176971.4
Q8TAM1	ENSG00000179941.10
Q8TAM2	ENSG00000165533.20
Q8TAM6	ENSG00000136541.16
Q8TAP4	ENSG00000048540.17
Q8TAP6	ENSG00000101624.12
Q8TAP8	ENSG00000160813.8
Q8TAP9	ENSG00000168303.9
Q8TAQ2	ENSG00000139613.13
Q8TAQ5	ENSG00000197050.12
Q8TAQ9	ENSG00000164744.14
Q8TAS1	ENSG00000152332.17
Q8TAT2	ENSG00000174721.10
Q8TAT5	ENSG00000109674.5
Q8TAT6	ENSG00000182446.15
Q8TAU0	ENSG00000119919.12
Q8TAU3	ENSG00000173480.11
Q8TAV0	ENSG00000009780.17
Q8TAV3	ENSG00000073067.14
Q8TAV4	ENSG00000133115.13
Q8TAW3	ENSG00000083814.14
Q8TAX0	ENSG00000143867.8
Q8TAX7	ENSG00000171195.11
Q8TAX9	ENSG00000073605.20
Q8TAY7	ENSG00000197245.7
Q8TAZ6	ENSG00000140932.10
Q8TB03	ENSG00000185753.14
Q8TB05	ENSG00000153443.14
Q8TB22	ENSG00000006282.23
Q8TB24	ENSG00000100599.17
Q8TB36	ENSG00000104381.15
Q8TB37	ENSG00000151413.18
Q8TB40	ENSG00000100439.12
Q8TB45	ENSG00000155792.11
Q8TB52	ENSG00000118496.6
Q8TB61	ENSG00000157593.20
Q8TB68	ENSG00000131188.13
Q8TB69	ENSG00000175322.12
Q8TB72	ENSG00000055917.18
Q8TB73	ENSG00000173376.15
Q8TB92	ENSG00000146151.15
Q8TB96	ENSG00000129636.14
Q8TBA6	ENSG00000066455.14
Q8TBB0	ENSG00000174796.13
Q8TBB1	ENSG00000072201.15
Q8TBB5	ENSG00000104731.15
Q8TBB6	ENSG00000013293.6
Q8TBC3	ENSG00000160410.16
Q8TBC4	ENSG00000144744.19
Q8TBC5	ENSG00000121413.14
Q8TBE0	ENSG00000140320.13
Q8TBE1	ENSG00000143786.9
Q8TBE3	ENSG00000172568.5
Q8TBE3	ENSG00000285868.1
Q8TBE7	ENSG00000168917.10
Q8TBE9	ENSG00000170191.5
Q8TBF2	ENSG00000157870.18
Q8TBF4	ENSG00000139168.10
Q8TBF5	ENSG00000163964.18
Q8TBF8	ENSG00000157470.13
Q8TBG4	ENSG00000164089.10
Q8TBG9	ENSG00000163630.11
Q8TBH0	ENSG00000105643.12
Q8TBJ4	ENSG00000148123.16
Q8TBJ4	ENSG00000276539.4
Q8TBJ5	ENSG00000153266.14
Q8TBK2	ENSG00000103037.13
Q8TBK6	ENSG00000155329.13
Q8TBM7	ENSG00000133678.15
Q8TBM8	ENSG00000164031.18
Q8TBN0	ENSG00000167994.14
Q8TBP0	ENSG00000167291.17
Q8TBP5	ENSG00000174132.10
Q8TBP6	ENSG00000075303.14
Q8TBQ9	ENSG00000174695.10
Q8TBR7	ENSG00000167695.15
Q8TBX8	ENSG00000166908.19
Q8TBY0	ENSG00000151962.8
Q8TBY8	ENSG00000118557.16
Q8TBY9	ENSG00000158023.11
Q8TBZ0	ENSG00000168491.10
Q8TBZ2	ENSG00000136449.17
Q8TBZ3	ENSG00000140153.19
Q8TBZ5	ENSG00000196653.13
Q8TBZ5	ENSG00000281448.3
Q8TBZ6	ENSG00000145331.15
Q8TBZ8	ENSG00000249709.8
Q8TBZ9	ENSG00000164645.3
Q8TC05	ENSG00000111554.16
Q8TC07	ENSG00000121749.17
Q8TC12	ENSG00000072042.14
Q8TC17	ENSG00000189152.12
Q8TC20	ENSG00000164304.16
Q8TC21	ENSG00000172748.15
Q8TC26	ENSG00000152128.14
Q8TC27	ENSG00000197140.16
Q8TC27	ENSG00000275594.4
Q8TC29	ENSG00000151023.17
Q8TC36	ENSG00000167098.12
Q8TC41	ENSG00000146373.17
Q8TC44	ENSG00000139323.15
Q8TC56	ENSG00000170613.4
Q8TC57	ENSG00000159374.19
Q8TC59	ENSG00000197181.13
Q8TC71	ENSG00000163071.12
Q8TC76	ENSG00000169122.13
Q8TC84	ENSG00000203780.13
Q8TC90	ENSG00000197651.4
Q8TC92	ENSG00000120658.15
Q8TC94	ENSG00000181786.6
Q8TC99	ENSG00000073598.6
Q8TCA0	ENSG00000172731.16
Q8TCB0	ENSG00000137965.12
Q8TCB6	ENSG00000180785.10
Q8TCB7	ENSG00000206562.13
Q8TCC3	ENSG00000185414.21
Q8TCC3	ENSG00000273155.1
Q8TCC3	ENSG00000241962.9
Q8TCC7	ENSG00000149452.17
Q8TCD1	ENSG00000177576.13
Q8TCD5	ENSG00000125458.8
Q8TCD6	ENSG00000144362.13
Q8TCE6	ENSG00000119979.19
Q8TCE9	ENSG00000006659.13
Q8TCF1	ENSG00000104231.12
Q8TCG1	ENSG00000163507.16
Q8TCG2	ENSG00000038210.15
Q8TCG5	ENSG00000169169.16
Q8TCI5	ENSG00000173947.14
Q8TCJ0	ENSG00000147364.18
Q8TCJ2	ENSG00000163527.12
Q8TCN5	ENSG00000168813.18
Q8TCP9	ENSG00000221909.4
Q8TCQ1	ENSG00000145416.14
Q8TCS8	ENSG00000138035.16
Q8TCT0	ENSG00000100422.15
Q8TCT1	ENSG00000173868.12
Q8TCT6	ENSG00000157837.17
Q8TCT7	ENSG00000005206.18
Q8TCT8	ENSG00000138600.12
Q8TCT9	ENSG00000101294.21
Q8TCU3	ENSG00000164893.9
Q8TCU4	ENSG00000116127.20
Q8TCU5	ENSG00000198785.7
Q8TCU6	ENSG00000124126.15
Q8TCV5	ENSG00000175121.12
Q8TCW7	ENSG00000170044.9
Q8TCW9	ENSG00000169618.7
Q8TCX1	ENSG00000138036.19
Q8TCX5	ENSG00000158106.16
Q8TCY5	ENSG00000170262.14
Q8TCY9	ENSG00000106608.18
Q8TCZ2	ENSG00000102181.23
Q8TD06	ENSG00000173467.10
Q8TD07	ENSG00000164520.12
Q8TD08	ENSG00000181085.16
Q8TD08	ENSG00000274205.4
Q8TD10	ENSG00000151338.22
Q8TD16	ENSG00000185963.14
Q8TD17	ENSG00000197024.10
Q8TD19	ENSG00000119638.15
Q8TD20	ENSG00000146411.7
Q8TD22	ENSG00000144040.14
Q8TD23	ENSG00000197372.11
Q8TD26	ENSG00000124177.17
Q8TD30	ENSG00000166123.15
Q8TD31	ENSG00000204536.15
Q8TD31	ENSG00000206355.11
Q8TD31	ENSG00000206457.10
Q8TD31	ENSG00000234114.8
Q8TD33	ENSG00000188076.3
Q8TD35	ENSG00000171695.12
Q8TD43	ENSG00000130529.17
Q8TD46	ENSG00000163606.11
Q8TD47	ENSG00000280969.2
Q8TD55	ENSG00000241839.11
Q8TD57	ENSG00000158486.15
Q8TD84	ENSG00000177103.15
Q8TD86	ENSG00000169885.10
Q8TD90	ENSG00000186675.7
Q8TD91	ENSG00000165509.14
Q8TD94	ENSG00000266265.4
Q8TDB4	ENSG00000137463.6
Q8TDB6	ENSG00000163840.10
Q8TDB8	ENSG00000173262.13
Q8TDC0	ENSG00000164591.15
Q8TDC3	ENSG00000160469.17
Q8TDD1	ENSG00000123064.14
Q8TDD2	ENSG00000170374.6
Q8TDD2	ENSG00000291837.1
Q8TDD5	ENSG00000055732.14
Q8TDE3	ENSG00000173431.2
Q8TDF5	ENSG00000166342.20
Q8TDF6	ENSG00000171777.17
Q8TDG2	ENSG00000123165.9
Q8TDG4	ENSG00000163312.12
Q8TDH9	ENSG00000188428.21
Q8TDI0	ENSG00000116254.18
Q8TDI7	ENSG00000149488.14
Q8TDI8	ENSG00000165091.18
Q8TDJ6	ENSG00000104093.15
Q8TDL5	ENSG00000125999.12
Q8TDM0	ENSG00000124243.20
Q8TDM5	ENSG00000177202.3
Q8TDM6	ENSG00000151208.18
Q8TDM6	ENSG00000274429.2
Q8TDN1	ENSG00000168418.8
Q8TDN2	ENSG00000168263.9
Q8TDN4	ENSG00000134508.14
Q8TDN6	ENSG00000113460.14
Q8TDN7	ENSG00000167769.5
Q8TDP1	ENSG00000172922.12
Q8TDQ0	ENSG00000135077.11
Q8TDQ1	ENSG00000186074.20
Q8TDQ7	ENSG00000163281.13
Q8TDR0	ENSG00000204104.13
Q8TDR2	ENSG00000125834.14
Q8TDR4	ENSG00000242220.10
Q8TDS4	ENSG00000182782.8
Q8TDS5	ENSG00000162881.7
Q8TDS7	ENSG00000172938.3
Q8TDT2	ENSG00000175514.2
Q8TDU6	ENSG00000179921.16
Q8TDU9	ENSG00000173080.6
Q8TDV0	ENSG00000173250.3
Q8TDV2	ENSG00000173302.5
Q8TDV5	ENSG00000147262.5
Q8TDW0	ENSG00000171488.16
Q8TDW4	ENSG00000007341.20
Q8TDW5	ENSG00000147041.13
Q8TDW7	ENSG00000165323.17
Q8TDX5	ENSG00000153086.15
Q8TDX6	ENSG00000147408.17
Q8TDX7	ENSG00000151414.16
Q8TDX9	ENSG00000158683.10
Q8TDY2	ENSG00000023287.14
Q8TDY3	ENSG00000169717.7
Q8TDY4	ENSG00000088280.22
Q8TDY4	ENSG00000282854.3
Q8TDY8	ENSG00000103742.13
Q8TDZ2	ENSG00000135596.19
Q8TE02	ENSG00000170291.18
Q8TE02	ENSG00000288485.1
Q8TE04	ENSG00000152782.20
Q8TE12	ENSG00000162761.14
Q8TE23	ENSG00000179002.6
Q8TE49	ENSG00000169918.11
Q8TE54	ENSG00000147606.10
Q8TE56	ENSG00000140470.16
Q8TE57	ENSG00000145536.16
Q8TE58	ENSG00000166106.5
Q8TE59	ENSG00000145808.11
Q8TE60	ENSG00000140873.16
Q8TE67	ENSG00000198758.12
Q8TE68	ENSG00000131037.16
Q8TE69	ENSG00000197620.12
Q8TE73	ENSG00000039139.11
Q8TE76	ENSG00000133131.16
Q8TE77	ENSG00000172830.14
Q8TE82	ENSG00000125089.19
Q8TE85	ENSG00000158055.17
Q8TE96	ENSG00000144045.15
Q8TE99	ENSG00000155893.14
Q8TEA1	ENSG00000241058.4
Q8TEA7	ENSG00000145348.18
Q8TEA8	ENSG00000125821.14
Q8TEB1	ENSG00000100897.19
Q8TEB1	ENSG00000284796.3
Q8TEB7	ENSG00000133135.15
Q8TEB9	ENSG00000144468.18
Q8TEC5	ENSG00000156463.19
Q8TED0	ENSG00000164338.11
Q8TED1	ENSG00000164294.15
Q8TED4	ENSG00000134955.13
Q8TED9	ENSG00000157510.15
Q8TEE9	ENSG00000205307.12
Q8TEF2	ENSG00000214688.7
Q8TEH3	ENSG00000119522.19
Q8TEJ3	ENSG00000172985.11
Q8TEK3	ENSG00000104885.20
Q8TEL6	ENSG00000100991.13
Q8TEM1	ENSG00000132182.14
Q8TEP8	ENSG00000101639.20
Q8TEQ0	ENSG00000048471.15
Q8TEQ6	ENSG00000082516.9
Q8TEQ8	ENSG00000165282.17
Q8TER0	ENSG00000162804.16
Q8TER5	ENSG00000165801.11
Q8TES7	ENSG00000188878.21
Q8TET4	ENSG00000214013.10
Q8TEU7	ENSG00000158987.23
Q8TEU8	ENSG00000173714.9
Q8TEV9	ENSG00000176994.12
Q8TEV9	ENSG00000283741.2
Q8TEW0	ENSG00000148498.18
Q8TEW6	ENSG00000125170.12
Q8TEW8	ENSG00000116117.20
Q8TEX9	ENSG00000196497.18
Q8TEX9	ENSG00000285248.2
Q8TEY5	ENSG00000143578.17
Q8TEY7	ENSG00000077254.15
Q8TEZ7	ENSG00000170915.10
Q8TF01	ENSG00000132424.18
Q8TF05	ENSG00000154845.17
Q8TF08	ENSG00000170516.17
Q8TF09	ENSG00000168589.15
Q8TF17	ENSG00000169247.15
Q8TF20	ENSG00000182903.16
Q8TF21	ENSG00000089847.14
Q8TF30	ENSG00000156232.8
Q8TF32	ENSG00000196705.9
Q8TF39	ENSG00000173258.14
Q8TF40	ENSG00000217128.14
Q8TF42	ENSG00000154127.10
Q8TF44	ENSG00000183186.9
Q8TF45	ENSG00000196724.13
Q8TF46	ENSG00000166938.14
Q8TF47	ENSG00000184939.16
Q8TF50	ENSG00000167625.13
Q8TF61	ENSG00000163013.12
Q8TF62	ENSG00000104043.16
Q8TF63	ENSG00000251380.3
Q8TF64	ENSG00000179855.10
Q8TF65	ENSG00000137960.7
Q8TF66	ENSG00000172061.9
Q8TF68	ENSG00000126746.19
Q8TF71	ENSG00000112394.19
Q8TF72	ENSG00000138771.17
Q8TF74	ENSG00000171475.15
Q8TF76	ENSG00000177602.5
Q8WTP8	ENSG00000181026.16
Q8WTP9	ENSG00000171402.15
Q8WTQ1	ENSG00000176782.3
Q8WTQ1	ENSG00000177023.2
Q8WTQ1	ENSG00000277006.2
Q8WTQ1	ENSG00000285034.3
Q8WTQ1	ENSG00000285356.3
Q8WTQ4	ENSG00000166152.4
Q8WTQ7	ENSG00000114124.3
Q8WTR2	ENSG00000162999.13
Q8WTR4	ENSG00000158555.16
Q8WTR7	ENSG00000142528.17
Q8WTR8	ENSG00000142233.15
Q8WTS1	ENSG00000011198.11
Q8WTS6	ENSG00000145391.16
Q8WTT0	ENSG00000198178.12
Q8WTT2	ENSG00000173145.12
Q8WTU0	ENSG00000170967.5
Q8WTU2	ENSG00000146700.10
Q8WTV0	ENSG00000073060.18
Q8WTV1	ENSG00000041988.17
Q8WTW3	ENSG00000166685.14
Q8WTW4	ENSG00000114388.15
Q8WTX7	ENSG00000239282.9
Q8WTX9	ENSG00000159714.13
Q8WU03	ENSG00000156689.7
Q8WU08	ENSG00000169302.16
Q8WU10	ENSG00000121350.17
Q8WU17	ENSG00000170881.6
Q8WU17	ENSG00000291729.1
Q8WU20	ENSG00000166225.10
Q8WU39	ENSG00000170476.16
Q8WU43	ENSG00000273045.8
Q8WU49	ENSG00000170279.3
Q8WU58	ENSG00000173065.15
Q8WU66	ENSG00000175894.19
Q8WU67	ENSG00000158201.11
Q8WU68	ENSG00000161265.15
Q8WU76	ENSG00000184178.18
Q8WU79	ENSG00000084070.13
Q8WU90	ENSG00000065548.20
Q8WUA2	ENSG00000131013.5
Q8WUA4	ENSG00000115207.16
Q8WUA7	ENSG00000054611.15
Q8WUA8	ENSG00000182704.9
Q8WUB2	ENSG00000204856.13
Q8WUB8	ENSG00000130024.16
Q8WUD1	ENSG00000129472.15
Q8WUD4	ENSG00000160799.14
Q8WUD6	ENSG00000111666.12
Q8WUE5	ENSG00000169551.13
Q8WUF5	ENSG00000104881.17
Q8WUF8	ENSG00000113391.20
Q8WUG5	ENSG00000092096.19
Q8WUH1	ENSG00000258289.11
Q8WUH2	ENSG00000135966.15
Q8WUH6	ENSG00000151135.11
Q8WUI4	ENSG00000061273.19
Q8WUJ0	ENSG00000198252.13
Q8WUJ1	ENSG00000167740.10
Q8WUJ3	ENSG00000103888.18
Q8WUK0	ENSG00000110536.15
Q8WUM0	ENSG00000069248.13
Q8WUM4	ENSG00000170248.16
Q8WUM9	ENSG00000144136.12
Q8WUN7	ENSG00000168246.7
Q8WUP2	ENSG00000162458.14
Q8WUQ7	ENSG00000105298.15
Q8WUR7	ENSG00000169609.14
Q8WUS8	ENSG00000184860.11
Q8WUT4	ENSG00000125872.10
Q8WUT9	ENSG00000077713.20
Q8WUU4	ENSG00000170684.10
Q8WUU5	ENSG00000157259.8
Q8WUU8	ENSG00000164325.8
Q8WUW1	ENSG00000254999.5
Q8WUX1	ENSG00000017483.17
Q8WUX2	ENSG00000143942.6
Q8WUX9	ENSG00000147457.15
Q8WUY1	ENSG00000130193.9
Q8WUY3	ENSG00000106772.20
Q8WUY8	ENSG00000090971.6
Q8WUY9	ENSG00000035499.14
Q8WUZ0	ENSG00000099385.13
Q8WV07	ENSG00000149716.14
Q8WV15	ENSG00000184497.14
Q8WV16	ENSG00000119599.19
Q8WV19	ENSG00000198818.11
Q8WV22	ENSG00000169189.18
Q8WV24	ENSG00000139289.15
Q8WV28	ENSG00000095585.19
Q8WV37	ENSG00000198464.15
Q8WV41	ENSG00000173548.9
Q8WV44	ENSG00000146063.21
Q8WV48	ENSG00000159884.12
Q8WV60	ENSG00000049883.16
Q8WV74	ENSG00000167799.11
Q8WV83	ENSG00000115084.16
Q8WV92	ENSG00000158411.11
Q8WV93	ENSG00000135537.18
Q8WV99	ENSG00000158552.14
Q8WVB3	ENSG00000169660.18
Q8WVB6	ENSG00000127586.18
Q8WVC0	ENSG00000166477.14
Q8WVC6	ENSG00000172992.14
Q8WVD3	ENSG00000134758.15
Q8WVD5	ENSG00000110315.8
Q8WVE0	ENSG00000150456.12
Q8WVE6	ENSG00000157111.14
Q8WVE7	ENSG00000166822.14
Q8WVF1	ENSG00000116885.19
Q8WVF2	ENSG00000165623.11
Q8WVF5	ENSG00000180332.7
Q8WVH0	ENSG00000213578.6
Q8WVI0	ENSG00000168273.9
Q8WVI7	ENSG00000150722.12
Q8WVJ2	ENSG00000170584.13
Q8WVJ9	ENSG00000233608.6
Q8WVJ9	ENSG00000288335.2
Q8WVK2	ENSG00000124380.12
Q8WVK7	ENSG00000182628.14
Q8WVL7	ENSG00000168876.10
Q8WVM0	ENSG00000029639.12
Q8WVM7	ENSG00000118007.14
Q8WVM8	ENSG00000092108.23
Q8WVN6	ENSG00000141574.9
Q8WVN8	ENSG00000140367.13
Q8WVP5	ENSG00000185361.10
Q8WVP7	ENSG00000105983.24
Q8WVQ1	ENSG00000171302.18
Q8WVR3	ENSG00000146826.18
Q8WVS4	ENSG00000126870.17
Q8WVT3	ENSG00000171853.17
Q8WVV4	ENSG00000124429.19
Q8WVV5	ENSG00000124508.18
Q8WVV9	ENSG00000143889.16
Q8WVX3	ENSG00000164096.14
Q8WVX9	ENSG00000197601.16
Q8WVY7	ENSG00000164332.9
Q8WVZ1	ENSG00000163958.14
Q8WVZ7	ENSG00000188050.3
Q8WVZ9	ENSG00000120696.9
Q8WW01	ENSG00000198860.15
Q8WW12	ENSG00000081154.12
Q8WW14	ENSG00000165863.18
Q8WW14	ENSG00000291892.1
Q8WW18	ENSG00000270806.2
Q8WW22	ENSG00000140403.14
Q8WW24	ENSG00000163060.9
Q8WW27	ENSG00000173627.8
Q8WW32	ENSG00000176256.11
Q8WW33	ENSG00000170627.12
Q8WW34	ENSG00000198326.10
Q8WW35	ENSG00000213123.12
Q8WW36	ENSG00000187969.6
Q8WW38	ENSG00000169946.15
Q8WW43	ENSG00000138613.15
Q8WW52	ENSG00000162391.13
Q8WW59	ENSG00000176422.14
Q8WW62	ENSG00000157315.6
Q8WWA0	ENSG00000179914.6
Q8WWA1	ENSG00000088726.16
Q8WWB3	ENSG00000170788.15
Q8WWB5	ENSG00000150773.13
Q8WWB7	ENSG00000198715.14
Q8WWC4	ENSG00000162972.11
Q8WWF1	ENSG00000118292.10
Q8WWF3	ENSG00000165120.5
Q8WWF5	ENSG00000105428.6
Q8WWF8	ENSG00000152611.13
Q8WWG1	ENSG00000169752.18
Q8WWG9	ENSG00000152049.7
Q8WWH4	ENSG00000154438.8
Q8WWH5	ENSG00000165832.7
Q8WWI1	ENSG00000136153.22
Q8WWI5	ENSG00000070214.18
Q8WWK9	ENSG00000136108.16
Q8WWL2	ENSG00000204991.12
Q8WWL7	ENSG00000147082.18
Q8WWM1	ENSG00000171405.14
Q8WWM7	ENSG00000168488.20
Q8WWM9	ENSG00000161544.10
Q8WWN8	ENSG00000120318.17
Q8WWN9	ENSG00000074706.15
Q8WWP7	ENSG00000213203.4
Q8WWQ0	ENSG00000146247.16
Q8WWQ2	ENSG00000172987.14
Q8WWQ8	ENSG00000136011.15
Q8WWR8	ENSG00000204099.13
Q8WWR8	ENSG00000277926.4
Q8WWR9	ENSG00000168333.15
Q8WWT9	ENSG00000158296.14
Q8WWU5	ENSG00000124678.20
Q8WWU7	ENSG00000158764.8
Q8WWV3	ENSG00000130347.14
Q8WWV6	ENSG00000162897.16
Q8WWW0	ENSG00000266094.9
Q8WWW8	ENSG00000160219.13
Q8WWX0	ENSG00000164122.10
Q8WWX8	ENSG00000158865.14
Q8WWX8	ENSG00000288216.2
Q8WWX9	ENSG00000198832.11
Q8WWY3	ENSG00000105618.15
Q8WWY3	ENSG00000277154.4
Q8WWY3	ENSG00000276421.4
Q8WWY3	ENSG00000275885.4
Q8WWY3	ENSG00000274651.4
Q8WWY3	ENSG00000274144.4
Q8WWY3	ENSG00000274894.4
Q8WWY3	ENSG00000277953.4
Q8WWY3	ENSG00000275117.4
Q8WWY3	ENSG00000277707.4
Q8WWY6	ENSG00000170948.4
Q8WWY6	ENSG00000291743.1
Q8WWY7	ENSG00000168703.5
Q8WWY8	ENSG00000163898.11
Q8WWZ1	ENSG00000136697.13
Q8WWZ3	ENSG00000186197.15
Q8WWZ4	ENSG00000154263.18
Q8WWZ7	ENSG00000154265.17
Q8WWZ8	ENSG00000138315.14
Q8WX39	ENSG00000148386.10
Q8WX77	ENSG00000137142.6
Q8WX92	ENSG00000188986.9
Q8WX93	ENSG00000129116.21
Q8WX94	ENSG00000167634.12
Q8WX94	ENSG00000274571.4
Q8WX94	ENSG00000277776.4
Q8WX94	ENSG00000277071.4
Q8WX94	ENSG00000277786.4
Q8WX94	ENSG00000277179.4
Q8WX94	ENSG00000274174.4
Q8WX94	ENSG00000276804.4
Q8WX94	ENSG00000275483.4
Q8WXA2	ENSG00000171053.10
Q8WXA3	ENSG00000204130.15
Q8WXA8	ENSG00000178084.2
Q8WXA9	ENSG00000153914.17
Q8WXB1	ENSG00000144401.15
Q8WXB4	ENSG00000166704.14
Q8WXC3	ENSG00000169900.9
Q8WXC6	ENSG00000172428.12
Q8WXD0	ENSG00000133105.8
Q8WXD2	ENSG00000104112.10
Q8WXD5	ENSG00000152147.12
Q8WXD9	ENSG00000167971.16
Q8WXE0	ENSG00000177303.11
Q8WXE1	ENSG00000164053.23
Q8WXE9	ENSG00000140022.15
Q8WXF0	ENSG00000154548.10
Q8WXF1	ENSG00000121390.20
Q8WXF3	ENSG00000171136.7
Q8WXF3	ENSG00000288474.1
Q8WXF5	ENSG00000127377.10
Q8WXF7	ENSG00000198513.16
Q8WXF8	ENSG00000160570.15
Q8WXG1	ENSG00000134321.13
Q8WXG6	ENSG00000110514.21
Q8WXG8	ENSG00000171643.15
Q8WXG9	ENSG00000164199.18
Q8WXH0	ENSG00000054654.20
Q8WXH2	ENSG00000154118.13
Q8WXH4	ENSG00000165192.15
Q8WXH5	ENSG00000180008.10
Q8WXH6	ENSG00000172476.5
Q8WXI2	ENSG00000149970.16
Q8WXI3	ENSG00000146926.12
Q8WXI4	ENSG00000162390.19
Q8WXI7	ENSG00000181143.17
Q8WXI8	ENSG00000166527.9
Q8WXI9	ENSG00000143614.12
Q8WXI9	ENSG00000261992.2
Q8WXJ9	ENSG00000154007.7
Q8WXK1	ENSG00000146809.15
Q8WXK3	ENSG00000196372.14
Q8WXK4	ENSG00000198881.10
Q8WXQ8	ENSG00000158525.16
Q8WXR4	ENSG00000071909.19
Q8WXS3	ENSG00000164929.18
Q8WXS4	ENSG00000171227.8
Q8WXS5	ENSG00000142408.7
Q8WXS8	ENSG00000138316.12
Q8WXT5	ENSG00000184659.6
Q8WXU2	ENSG00000256061.8
Q8WXW3	ENSG00000083535.17
Q8WXX0	ENSG00000118997.14
Q8WXX5	ENSG00000213551.8
Q8WXX7	ENSG00000158321.19
Q8WY07	ENSG00000165349.13
Q8WY21	ENSG00000108018.17
Q8WY22	ENSG00000184992.13
Q8WY36	ENSG00000114439.20
Q8WY41	ENSG00000188613.7
Q8WY54	ENSG00000175175.6
Q8WY64	ENSG00000007944.16
Q8WY91	ENSG00000176946.14
Q8WY98	ENSG00000160055.20
Q8WYA0	ENSG00000122970.17
Q8WYA1	ENSG00000029153.16
Q8WYA6	ENSG00000132792.22
Q8WYB5	ENSG00000156650.15
Q8WYB5	ENSG00000281813.4
Q8WYH8	ENSG00000168395.17
Q8WYJ6	ENSG00000180096.13
Q8WYK0	ENSG00000172497.10
Q8WYK1	ENSG00000155052.15
Q8WYK2	ENSG00000140044.14
Q8WYL5	ENSG00000084112.16
Q8WYN0	ENSG00000101844.19
Q8WYN3	ENSG00000178662.17
Q8WYP3	ENSG00000132669.15
Q8WYP5	ENSG00000153207.17
Q8WYQ3	ENSG00000250479.10
Q8WYQ3	ENSG00000273607.3
Q8WYQ4	ENSG00000169314.16
Q8WYQ5	ENSG00000128191.18
Q8WYQ9	ENSG00000140948.13
Q8WYR1	ENSG00000141506.16
Q8WYR4	ENSG00000160188.11
Q8WZ04	ENSG00000284922.2
Q8WZ19	ENSG00000174943.12
Q8WZ33	ENSG00000277400.1
Q8WZ42	ENSG00000155657.29
Q8WZ55	ENSG00000162399.9
Q8WZ59	ENSG00000160472.6
Q8WZ60	ENSG00000172578.12
Q8WZ64	ENSG00000047365.14
Q8WZ71	ENSG00000249992.2
Q8WZ73	ENSG00000092871.18
Q8WZ74	ENSG00000077063.11
Q8WZ75	ENSG00000154133.16
Q8WZ79	ENSG00000137976.8
Q8WZ82	ENSG00000262664.3
Q8WZ84	ENSG00000196341.3
Q8WZ92	ENSG00000183303.3
Q8WZ92	ENSG00000276025.2
Q8WZ92	ENSG00000280931.1
Q8WZ94	ENSG00000278253.1
Q8WZ94	ENSG00000280808.2
Q8WZ94	ENSG00000182334.3
Q8WZA0	ENSG00000162441.13
Q8WZA1	ENSG00000085998.16
Q8WZA2	ENSG00000091428.19
Q8WZA9	ENSG00000167378.11
Q92185	ENSG00000111728.12
Q92186	ENSG00000140557.13
Q92187	ENSG00000113532.14
Q92466	ENSG00000134574.13
Q92478	ENSG00000110852.6
Q92481	ENSG00000008196.13
Q92482	ENSG00000165272.17
Q92484	ENSG00000172594.14
Q92485	ENSG00000130768.16
Q92496	ENSG00000134365.16
Q92499	ENSG00000079785.17
Q92502	ENSG00000130052.14
Q92503	ENSG00000129657.17
Q92504	ENSG00000112473.20
Q92504	ENSG00000206288.13
Q92504	ENSG00000229802.11
Q92504	ENSG00000226614.11
Q92504	ENSG00000224399.11
Q92504	ENSG00000227402.11
Q92506	ENSG00000112474.4
Q92506	ENSG00000204228.5
Q92506	ENSG00000228357.2
Q92506	ENSG00000232357.2
Q92506	ENSG00000228712.2
Q92506	ENSG00000225312.2
Q92508	ENSG00000103335.23
Q92519	ENSG00000071575.12
Q92520	ENSG00000196937.13
Q92521	ENSG00000069943.11
Q92522	ENSG00000184897.7
Q92523	ENSG00000205560.15
Q92526	ENSG00000132141.15
Q92527	ENSG00000106013.15
Q92529	ENSG00000148082.10
Q92530	ENSG00000125818.19
Q92535	ENSG00000135845.11
Q92536	ENSG00000103064.16
Q92537	ENSG00000100647.9
Q92538	ENSG00000107862.8
Q92539	ENSG00000101577.12
Q92540	ENSG00000116698.23
Q92541	ENSG00000137815.16
Q92542	ENSG00000162736.19
Q92543	ENSG00000120451.11
Q92544	ENSG00000101337.17
Q92545	ENSG00000075568.18
Q92545	ENSG00000291574.1
Q92546	ENSG00000107185.11
Q92547	ENSG00000163781.15
Q92551	ENSG00000176095.13
Q92552	ENSG00000113048.20
Q92556	ENSG00000155849.17
Q92558	ENSG00000112290.14
Q92560	ENSG00000163930.10
Q92561	ENSG00000168490.15
Q92562	ENSG00000112367.13
Q92563	ENSG00000107742.15
Q92564	ENSG00000109184.16
Q92565	ENSG00000136237.20
Q92567	ENSG00000054965.12
Q92569	ENSG00000117461.16
Q92570	ENSG00000119508.18
Q92572	ENSG00000177879.18
Q92574	ENSG00000165699.17
Q92575	ENSG00000144224.18
Q92576	ENSG00000118482.13
Q92581	ENSG00000198689.14
Q92583	ENSG00000102970.11
Q92585	ENSG00000161021.14
Q92585	ENSG00000283780.3
Q92597	ENSG00000104419.17
Q92598	ENSG00000120694.21
Q92599	ENSG00000164402.15
Q92600	ENSG00000144580.16
Q92604	ENSG00000123684.14
Q92608	ENSG00000134516.21
Q92609	ENSG00000131374.16
Q92610	ENSG00000166716.11
Q92611	ENSG00000134109.11
Q92613	ENSG00000102221.14
Q92614	ENSG00000196535.21
Q92615	ENSG00000107929.17
Q92616	ENSG00000089154.12
Q92617	ENSG00000169246.17
Q92617	ENSG00000284218.2
Q92618	ENSG00000101493.12
Q92619	ENSG00000180448.12
Q92620	ENSG00000140829.13
Q92621	ENSG00000155561.16
Q92622	ENSG00000145016.18
Q92623	ENSG00000133985.4
Q92624	ENSG00000062725.11
Q92625	ENSG00000064999.17
Q92626	ENSG00000130508.12
Q92628	ENSG00000170871.12
Q92629	ENSG00000170624.15
Q92630	ENSG00000127334.12
Q92633	ENSG00000198121.16
Q92636	ENSG00000035681.11
Q92643	ENSG00000142892.16
Q92664	ENSG00000122034.17
Q92665	ENSG00000102738.9
Q92667	ENSG00000121057.14
Q92673	ENSG00000137642.14
Q92674	ENSG00000102384.15
Q92681	ENSG00000215695.2
Q92685	ENSG00000214160.11
Q92686	ENSG00000154146.14
Q92688	ENSG00000136938.10
Q92692	ENSG00000130202.11
Q92696	ENSG00000100949.16
Q92696	ENSG00000285193.1
Q92698	ENSG00000085999.14
Q92729	ENSG00000060656.21
Q92730	ENSG00000172602.11
Q92731	ENSG00000140009.19
Q92733	ENSG00000143294.16
Q92734	ENSG00000114354.16
Q92736	ENSG00000198626.19
Q92737	ENSG00000100276.11
Q92738	ENSG00000148429.16
Q92743	ENSG00000166033.14
Q92747	ENSG00000241685.11
Q92748	ENSG00000151365.3
Q92750	ENSG00000141384.14
Q92752	ENSG00000116147.19
Q92753	ENSG00000198963.11
Q92754	ENSG00000087510.8
Q92759	ENSG00000213780.12
Q92759	ENSG00000221974.11
Q92759	ENSG00000236895.10
Q92759	ENSG00000234370.10
Q92759	ENSG00000233149.10
Q92759	ENSG00000226384.10
Q92764	ENSG00000197079.9
Q92765	ENSG00000162998.6
Q92766	ENSG00000124782.22
Q92769	ENSG00000196591.13
Q92772	ENSG00000138769.12
Q92777	ENSG00000157152.17
Q92781	ENSG00000135437.11
Q92782	ENSG00000011332.23
Q92783	ENSG00000136738.16
Q92784	ENSG00000205683.12
Q92785	ENSG00000133884.12
Q92786	ENSG00000117707.18
Q92791	ENSG00000141696.14
Q92793	ENSG00000005339.15
Q92794	ENSG00000083168.12
Q92796	ENSG00000082458.13
Q92797	ENSG00000125755.21
Q92800	ENSG00000108799.14
Q92802	ENSG00000244754.10
Q92804	ENSG00000270647.8
Q92804	ENSG00000276833.2
Q92805	ENSG00000136935.15
Q92806	ENSG00000162728.6
Q92813	ENSG00000211448.14
Q92817	ENSG00000167880.9
Q92819	ENSG00000170961.7
Q92820	ENSG00000137563.14
Q92823	ENSG00000091129.23
Q92824	ENSG00000099139.15
Q92826	ENSG00000159184.8
Q92828	ENSG00000106789.14
Q92830	ENSG00000108773.12
Q92831	ENSG00000114166.9
Q92832	ENSG00000165973.20
Q92833	ENSG00000008083.15
Q92834	ENSG00000156313.15
Q92835	ENSG00000168918.14
Q92835	ENSG00000281614.3
Q92837	ENSG00000165879.9
Q92838	ENSG00000158813.18
Q92839	ENSG00000105509.12
Q92841	ENSG00000100201.23
Q92843	ENSG00000129473.12
Q92843	ENSG00000258643.6
Q92844	ENSG00000136560.15
Q92845	ENSG00000075945.13
Q92847	ENSG00000121853.4
Q92851	ENSG00000003400.17
Q92854	ENSG00000187764.13
Q92858	ENSG00000172238.6
Q92859	ENSG00000067141.18
Q92870	ENSG00000163697.19
Q92871	ENSG00000100417.13
Q92874	ENSG00000167968.13
Q92876	ENSG00000167755.16
Q92878	ENSG00000113522.15
Q92879	ENSG00000149187.20
Q92882	ENSG00000134996.13
Q92886	ENSG00000181965.6
Q92887	ENSG00000023839.12
Q92888	ENSG00000076928.21
Q92889	ENSG00000175595.16
Q92890	ENSG00000070010.20
Q92896	ENSG00000090863.13
Q92900	ENSG00000005007.15
Q92901	ENSG00000140986.9
Q92901	ENSG00000291929.1
Q92902	ENSG00000107521.22
Q92903	ENSG00000163624.7
Q92904	ENSG00000092345.14
Q92905	ENSG00000121022.15
Q92908	ENSG00000141448.12
Q92911	ENSG00000105641.4
Q92913	ENSG00000129682.17
Q92914	ENSG00000161958.12
Q92914	ENSG00000283903.2
Q92915	ENSG00000102466.17
Q92917	ENSG00000068394.12
Q92917	ENSG00000292204.1
Q92918	ENSG00000104814.14
Q92922	ENSG00000173473.12
Q92925	ENSG00000108604.19
Q92930	ENSG00000166128.14
Q92932	ENSG00000155093.20
Q92934	ENSG00000002330.15
Q92935	ENSG00000158008.11
Q92945	ENSG00000088247.19
Q92947	ENSG00000105607.15
Q92949	ENSG00000129654.9
Q92952	ENSG00000105642.17
Q92953	ENSG00000182674.6
Q92954	ENSG00000116690.14
Q92956	ENSG00000157873.19
Q92956	ENSG00000273936.4
Q92959	ENSG00000174640.16
Q92963	ENSG00000143622.13
Q92966	ENSG00000164975.17
Q92968	ENSG00000162928.10
Q92973	ENSG00000083312.20
Q92974	ENSG00000116584.23
Q92979	ENSG00000126749.18
Q92982	ENSG00000131669.11
Q92985	ENSG00000185507.22
Q92985	ENSG00000276561.4
Q92988	ENSG00000108813.12
Q92989	ENSG00000172409.8
Q92990	ENSG00000174842.18
Q92993	ENSG00000172977.14
Q92994	ENSG00000185024.19
Q92995	ENSG00000058056.11
Q92997	ENSG00000161202.21
Q93008	ENSG00000124486.16
Q93009	ENSG00000187555.18
Q93015	ENSG00000243477.7
Q93033	ENSG00000134256.14
Q93034	ENSG00000166266.15
Q93038	ENSG00000215788.12
Q93045	ENSG00000104435.15
Q93050	ENSG00000033627.19
Q93052	ENSG00000145012.16
Q93062	ENSG00000157110.17
Q93063	ENSG00000151348.17
Q93070	ENSG00000111339.12
Q93073	ENSG00000138593.10
Q93074	ENSG00000184634.18
Q93075	ENSG00000157014.11
Q93077	ENSG00000180573.10
Q93079	ENSG00000275713.3
Q93084	ENSG00000074370.20
Q93086	ENSG00000083454.24
Q93086	ENSG00000257950.3
Q93088	ENSG00000145692.16
Q93091	ENSG00000169413.4
Q93096	ENSG00000112245.14
Q93097	ENSG00000134245.19
Q93098	ENSG00000075290.8
Q93099	ENSG00000113924.13
Q93100	ENSG00000102893.19
Q95460	ENSG00000153029.17
Q969D9	ENSG00000145777.15
Q969E1	ENSG00000164406.9
Q969E2	ENSG00000227500.12
Q969E3	ENSG00000178473.7
Q969E4	ENSG00000196507.12
Q969E8	ENSG00000158526.9
Q969F0	ENSG00000147378.12
Q969F1	ENSG00000155115.8
Q969F2	ENSG00000145506.15
Q969F2	ENSG00000276920.4
Q969F8	ENSG00000116014.11
Q969F9	ENSG00000163755.10
Q969G2	ENSG00000121454.7
Q969G3	ENSG00000073584.21
Q969G5	ENSG00000170955.11
Q969G6	ENSG00000135002.12
Q969G9	ENSG00000140807.7
Q969H0	ENSG00000109670.18
Q969H4	ENSG00000142675.19
Q969H6	ENSG00000167272.12
Q969H8	ENSG00000074842.9
Q969I3	ENSG00000166840.14
Q969I6	ENSG00000139209.17
Q969J2	ENSG00000187626.10
Q969J3	ENSG00000165714.12
Q969J3	ENSG00000280689.3
Q969J5	ENSG00000164485.15
Q969K3	ENSG00000170633.18
Q969K4	ENSG00000114626.19
Q969K7	ENSG00000121900.20
Q969L2	ENSG00000147676.15
Q969L4	ENSG00000181817.7
Q969M1	ENSG00000158882.16
Q969M2	ENSG00000135355.4
Q969M2	ENSG00000288435.1
Q969M3	ENSG00000145817.18
Q969M7	ENSG00000184182.20
Q969N2	ENSG00000124155.20
Q969N4	ENSG00000146385.2
Q969P0	ENSG00000162729.15
Q969P5	ENSG00000156804.8
Q969P6	ENSG00000184428.14
Q969Q0	ENSG00000165502.8
Q969Q1	ENSG00000158022.7
Q969Q4	ENSG00000152213.5
Q969Q5	ENSG00000169228.15
Q969Q6	ENSG00000092020.12
Q969R2	ENSG00000184792.17
Q969R5	ENSG00000100395.16
Q969R8	ENSG00000111203.14
Q969S0	ENSG00000205060.12
Q969S2	ENSG00000154328.17
Q969S2	ENSG00000292286.1
Q969S3	ENSG00000173545.6
Q969S6	ENSG00000187713.7
Q969S8	ENSG00000100429.19
Q969S9	ENSG00000164347.19
Q969T3	ENSG00000124104.19
Q969T4	ENSG00000170035.17
Q969T7	ENSG00000141698.18
Q969T9	ENSG00000132471.12
Q969U6	ENSG00000159069.15
Q969U7	ENSG00000128789.23
Q969V1	ENSG00000152034.12
Q969V3	ENSG00000125912.12
Q969V4	ENSG00000167858.13
Q969V5	ENSG00000090432.8
Q969V6	ENSG00000196588.21
Q969W0	ENSG00000165389.7
Q969W1	ENSG00000171307.20
Q969W3	ENSG00000133193.14
Q969W8	ENSG00000186017.17
Q969W9	ENSG00000124225.16
Q969X0	ENSG00000150977.13
Q969X1	ENSG00000135926.16
Q969X2	ENSG00000160408.17
Q969X2	ENSG00000257524.6
Q969X5	ENSG00000113719.18
Q969X6	ENSG00000141076.19
Q969X6	ENSG00000262788.3
Q969Y0	ENSG00000144815.19
Q969Y2	ENSG00000130299.18
Q969Z0	ENSG00000136270.15
Q969Z3	ENSG00000117791.17
Q969Z4	ENSG00000054967.14
Q96A00	ENSG00000167641.12
Q96A04	ENSG00000163467.13
Q96A05	ENSG00000250565.8
Q96A08	ENSG00000146047.7
Q96A09	ENSG00000158246.8
Q96A11	ENSG00000175229.8
Q96A19	ENSG00000135736.7
Q96A22	ENSG00000149300.10
Q96A23	ENSG00000196353.14
Q96A25	ENSG00000184988.9
Q96A26	ENSG00000114023.16
Q96A28	ENSG00000162723.10
Q96A29	ENSG00000181830.10
Q96A32	ENSG00000180209.13
Q96A33	ENSG00000108588.16
Q96A35	ENSG00000143314.13
Q96A37	ENSG00000158717.12
Q96A44	ENSG00000175093.6
Q96A46	ENSG00000155287.13
Q96A47	ENSG00000159556.10
Q96A49	ENSG00000169895.7
Q96A54	ENSG00000159346.14
Q96A56	ENSG00000164938.15
Q96A57	ENSG00000089063.17
Q96A58	ENSG00000134533.7
Q96A59	ENSG00000140832.11
Q96A61	ENSG00000183718.7
Q96A65	ENSG00000131558.17
Q96A70	ENSG00000142920.19
Q96A72	ENSG00000111196.12
Q96A73	ENSG00000122203.16
Q96A83	ENSG00000160963.15
Q96A84	ENSG00000186998.17
Q96A98	ENSG00000142538.3
Q96A99	ENSG00000251692.8
Q96AA3	ENSG00000163933.12
Q96AA8	ENSG00000176049.17
Q96AB3	ENSG00000063241.9
Q96AB6	ENSG00000157045.9
Q96AB6	ENSG00000275779.4
Q96AC1	ENSG00000073712.16
Q96AC6	ENSG00000167702.14
Q96AD5	ENSG00000177666.18
Q96AE4	ENSG00000162613.19
Q96AE7	ENSG00000052841.17
Q96AG3	ENSG00000164209.18
Q96AG4	ENSG00000108829.11
Q96AH0	ENSG00000173559.16
Q96AH8	ENSG00000276600.6
Q96AJ1	ENSG00000103351.14
Q96AJ9	ENSG00000151532.16
Q96AK3	ENSG00000243811.13
Q96AK3	ENSG00000284554.2
Q96AM1	ENSG00000172935.11
Q96AN5	ENSG00000161558.12
Q96AP0	ENSG00000102977.19
Q96AP4	ENSG00000153975.11
Q96AP7	ENSG00000149564.13
Q96AQ1	ENSG00000163040.16
Q96AQ2	ENSG00000179178.12
Q96AQ6	ENSG00000163346.18
Q96AQ7	ENSG00000187288.13
Q96AQ8	ENSG00000050393.13
Q96AQ9	ENSG00000185519.10
Q96AT1	ENSG00000163807.7
Q96AT1	ENSG00000281665.2
Q96AT9	ENSG00000197713.16
Q96AV8	ENSG00000165891.17
Q96AW1	ENSG00000154978.14
Q96AX1	ENSG00000139719.13
Q96AX2	ENSG00000172794.21
Q96AX9	ENSG00000197530.14
Q96AY2	ENSG00000154920.16
Q96AY3	ENSG00000141756.21
Q96AY4	ENSG00000100154.15
Q96AZ1	ENSG00000123427.17
Q96AZ6	ENSG00000172183.17
Q96B01	ENSG00000111247.16
Q96B02	ENSG00000104343.22
Q96B18	ENSG00000197380.11
Q96B21	ENSG00000151715.9
Q96B23	ENSG00000152242.12
Q96B26	ENSG00000120699.15
Q96B33	ENSG00000253958.2
Q96B33	ENSG00000285098.2
Q96B36	ENSG00000204673.12
Q96B42	ENSG00000151353.17
Q96B45	ENSG00000270316.1
Q96B45	ENSG00000166275.17
Q96B49	ENSG00000214736.9
Q96B54	ENSG00000131116.13
Q96B67	ENSG00000113369.9
Q96B70	ENSG00000274495.1
Q96B70	ENSG00000273574.1
Q96B77	ENSG00000184857.9
Q96B86	ENSG00000182175.15
Q96B96	ENSG00000011638.12
Q96B97	ENSG00000147010.20
Q96BA8	ENSG00000157613.12
Q96BD0	ENSG00000101187.17
Q96BD5	ENSG00000135365.18
Q96BD6	ENSG00000171621.15
Q96BD8	ENSG00000154839.11
Q96BD8	ENSG00000262634.5
Q96BF3	ENSG00000167664.10
Q96BF6	ENSG00000148411.9
Q96BH1	ENSG00000163481.9
Q96BH3	ENSG00000169393.10
Q96BI1	ENSG00000110628.17
Q96BI3	ENSG00000117362.14
Q96BJ3	ENSG00000186063.14
Q96BJ8	ENSG00000102890.17
Q96BK5	ENSG00000254093.10
Q96BK5	ENSG00000284764.2
Q96BM0	ENSG00000165948.12
Q96BM0	ENSG00000276880.3
Q96BM1	ENSG00000156381.10
Q96BM9	ENSG00000143862.9
Q96BN2	ENSG00000152382.7
Q96BN6	ENSG00000138286.16
Q96BN8	ENSG00000154124.8
Q96BP2	ENSG00000172586.8
Q96BP3	ENSG00000113593.13
Q96BQ1	ENSG00000198643.8
Q96BQ3	ENSG00000144015.5
Q96BQ3	ENSG00000292076.1
Q96BQ5	ENSG00000164366.5
Q96BR1	ENSG00000104205.17
Q96BR1	ENSG00000288602.1
Q96BR5	ENSG00000162377.7
Q96BR6	ENSG00000188295.15
Q96BR9	ENSG00000160062.16
Q96BS2	ENSG00000088992.19
Q96BT1	ENSG00000163632.15
Q96BT3	ENSG00000102901.14
Q96BT7	ENSG00000137760.16
Q96BU1	ENSG00000116497.19
Q96BV0	ENSG00000196456.14
Q96BW1	ENSG00000094841.15
Q96BW5	ENSG00000165983.16
Q96BW9	ENSG00000144559.12
Q96BX8	ENSG00000172081.15
Q96BY2	ENSG00000165943.6
Q96BY2	ENSG00000278268.2
Q96BY6	ENSG00000135905.21
Q96BY7	ENSG00000066739.13
Q96BY9	ENSG00000133872.15
Q96BZ4	ENSG00000166428.15
Q96BZ8	ENSG00000105617.4
Q96BZ8	ENSG00000276959.1
Q96BZ8	ENSG00000278516.1
Q96BZ8	ENSG00000276774.1
Q96BZ8	ENSG00000277808.1
Q96BZ8	ENSG00000277457.1
Q96BZ8	ENSG00000278426.1
Q96BZ8	ENSG00000276628.1
Q96BZ8	ENSG00000278257.1
Q96BZ8	ENSG00000275935.1
Q96BZ9	ENSG00000125875.16
Q96C00	ENSG00000213588.7
Q96C00	ENSG00000236515.3
Q96C01	ENSG00000035141.11
Q96C03	ENSG00000177427.14
Q96C03	ENSG00000284495.2
Q96C10	ENSG00000108771.14
Q96C11	ENSG00000172456.19
Q96C12	ENSG00000140691.19
Q96C19	ENSG00000142634.14
Q96C23	ENSG00000143891.18
Q96C24	ENSG00000102362.17
Q96C28	ENSG00000181135.17
Q96C28	ENSG00000274352.4
Q96C34	ENSG00000198863.9
Q96C36	ENSG00000143811.21
Q96C45	ENSG00000168038.12
Q96C55	ENSG00000171443.8
Q96C57	ENSG00000157895.12
Q96C74	ENSG00000145491.13
Q96C86	ENSG00000110063.11
Q96C90	ENSG00000173457.12
Q96C92	ENSG00000165689.18
Q96CA5	ENSG00000101197.13
Q96CB8	ENSG00000138785.17
Q96CB9	ENSG00000117481.13
Q96CC6	ENSG00000007384.16
Q96CD0	ENSG00000135722.10
Q96CD2	ENSG00000138621.13
Q96CE8	ENSG00000163762.8
Q96CF2	ENSG00000164695.5
Q96CG3	ENSG00000145365.13
Q96CG8	ENSG00000164932.14
Q96CH1	ENSG00000164849.11
Q96CJ1	ENSG00000145088.10
Q96CK0	ENSG00000161914.11
Q96CM3	ENSG00000165526.10
Q96CM4	ENSG00000171773.3
Q96CM8	ENSG00000167107.14
Q96CN4	ENSG00000142459.10
Q96CN5	ENSG00000169683.9
Q96CN7	ENSG00000066583.13
Q96CN9	ENSG00000179562.3
Q96CP2	ENSG00000162076.14
Q96CP6	ENSG00000089351.16
Q96CP7	ENSG00000160606.11
Q96CQ1	ENSG00000114120.15
Q96CS2	ENSG00000152240.14
Q96CS3	ENSG00000113194.14
Q96CS4	ENSG00000156853.14
Q96CS7	ENSG00000115762.18
Q96CT2	ENSG00000119771.16
Q96CT7	ENSG00000007080.12
Q96CU9	ENSG00000110074.13
Q96CV9	ENSG00000123240.18
Q96CW1	ENSG00000161203.15
Q96CW5	ENSG00000126216.16
Q96CW6	ENSG00000103061.14
Q96CW9	ENSG00000196358.13
Q96CX2	ENSG00000178695.6
Q96CX3	ENSG00000186446.13
Q96CX3	ENSG00000281661.3
Q96CX6	ENSG00000163428.5
Q96D03	ENSG00000145358.7
Q96D05	ENSG00000171224.10
Q96D09	ENSG00000158301.21
Q96D15	ENSG00000142552.9
Q96D21	ENSG00000100302.8
Q96D31	ENSG00000276045.5
Q96D31	ENSG00000293604.1
Q96D42	ENSG00000113249.15
Q96D46	ENSG00000169251.14
Q96D53	ENSG00000123815.14
Q96D59	ENSG00000165188.15
Q96D70	ENSG00000198858.11
Q96D71	ENSG00000135597.20
Q96D96	ENSG00000122986.15
Q96D98	ENSG00000176401.6
Q96DA0	ENSG00000162078.13
Q96DA0	ENSG00000283056.2
Q96DA2	ENSG00000155961.5
Q96DA6	ENSG00000205981.10
Q96DB2	ENSG00000163517.16
Q96DB5	ENSG00000176623.13
Q96DB9	ENSG00000089327.17
Q96DC7	ENSG00000113119.14
Q96DC8	ENSG00000134463.16
Q96DC9	ENSG00000089723.11
Q96DC9	ENSG00000277276.3
Q96DD0	ENSG00000122477.15
Q96DD7	ENSG00000198892.8
Q96DE0	ENSG00000198585.12
Q96DE5	ENSG00000166295.10
Q96DE9	ENSG00000197021.10
Q96DF8	ENSG00000100056.13
Q96DG6	ENSG00000164237.10
Q96DH6	ENSG00000153944.13
Q96DI7	ENSG00000060688.14
Q96DL1	ENSG00000204361.10
Q96DM1	ENSG00000182405.6
Q96DM3	ENSG00000141452.12
Q96DN0	ENSG00000139055.7
Q96DN2	ENSG00000167992.15
Q96DN5	ENSG00000156787.18
Q96DN6	ENSG00000166987.16
Q96DP5	ENSG00000103707.11
Q96DR4	ENSG00000164211.14
Q96DR5	ENSG00000131050.11
Q96DR7	ENSG00000114790.14
Q96DR7	ENSG00000277101.4
Q96DR8	ENSG00000172551.12
Q96DS6	ENSG00000166926.10
Q96DT0	ENSG00000133317.17
Q96DT5	ENSG00000105877.19
Q96DT6	ENSG00000125703.16
Q96DT7	ENSG00000205189.14
Q96DU3	ENSG00000162739.15
Q96DU7	ENSG00000086544.4
Q96DU9	ENSG00000174740.8
Q96DV4	ENSG00000204316.14
Q96DW6	ENSG00000144659.14
Q96DX4	ENSG00000159579.15
Q96DX5	ENSG00000102048.17
Q96DX7	ENSG00000166326.8
Q96DX8	ENSG00000136514.3
Q96DX8	ENSG00000291555.1
Q96DY2	ENSG00000166578.11
Q96DY7	ENSG00000172167.9
Q96DZ1	ENSG00000068912.16
Q96DZ5	ENSG00000105270.16
Q96DZ7	ENSG00000145107.16
Q96DZ7	ENSG00000273331.1
Q96DZ9	ENSG00000166091.22
Q96E09	ENSG00000187866.10
Q96E11	ENSG00000148187.19
Q96E14	ENSG00000175643.10
Q96E16	ENSG00000176209.13
Q96E17	ENSG00000152932.8
Q96E22	ENSG00000153989.9
Q96E29	ENSG00000156469.10
Q96E35	ENSG00000165724.7
Q96E39	ENSG00000213516.10
Q96E40	ENSG00000165698.17
Q96E52	ENSG00000162600.13
Q96E66	ENSG00000184154.17
Q96E66	ENSG00000284922.2
Q96E93	ENSG00000139187.10
Q96EA4	ENSG00000040275.18
Q96EB1	ENSG00000109911.20
Q96EB6	ENSG00000096717.13
Q96EC8	ENSG00000181704.13
Q96ED9	ENSG00000095066.13
Q96EE3	ENSG00000085415.17
Q96EE4	ENSG00000169193.13
Q96EF0	ENSG00000102043.16
Q96EF6	ENSG00000269190.7
Q96EF6	ENSG00000282954.2
Q96EF9	ENSG00000259305.6
Q96EG1	ENSG00000141337.13
Q96EG3	ENSG00000152475.8
Q96EH3	ENSG00000156928.6
Q96EH5	ENSG00000163923.11
Q96EH8	ENSG00000163121.11
Q96EI5	ENSG00000133142.20
Q96EK2	ENSG00000056487.18
Q96EK4	ENSG00000168286.3
Q96EK5	ENSG00000198954.10
Q96EK6	ENSG00000100522.11
Q96EK7	ENSG00000112584.15
Q96EK7	ENSG00000275333.4
Q96EK9	ENSG00000198841.4
Q96EL2	ENSG00000062582.15
Q96EL3	ENSG00000204822.8
Q96EM0	ENSG00000126790.13
Q96EN8	ENSG00000075643.7
Q96EN9	ENSG00000006015.19
Q96EP0	ENSG00000092098.19
Q96EP0	ENSG00000259529.2
Q96EP0	ENSG00000285152.2
Q96EP0	ENSG00000284845.2
Q96EP1	ENSG00000072609.19
Q96EP5	ENSG00000071626.18
Q96EP9	ENSG00000145248.7
Q96EQ0	ENSG00000197860.11
Q96EQ8	ENSG00000101695.11
Q96ER3	ENSG00000166788.11
Q96ER9	ENSG00000164051.15
Q96ES6	ENSG00000167700.10
Q96ES7	ENSG00000176476.10
Q96ET8	ENSG00000175106.17
Q96ET8	ENSG00000259024.7
Q96EU6	ENSG00000124541.8
Q96EU7	ENSG00000171155.9
Q96EU7	ENSG00000288368.1
Q96EV2	ENSG00000184863.11
Q96EV8	ENSG00000047579.21
Q96EW2	ENSG00000169087.12
Q96EX1	ENSG00000163866.10
Q96EX2	ENSG00000135119.15
Q96EX3	ENSG00000119333.13
Q96EY1	ENSG00000103423.15
Q96EY1	ENSG00000276726.4
Q96EY4	ENSG00000198498.11
Q96EY5	ENSG00000141971.15
Q96EY7	ENSG00000132300.20
Q96EY8	ENSG00000139428.13
Q96EY9	ENSG00000213638.7
Q96EZ4	ENSG00000172927.10
Q96EZ8	ENSG00000187778.15
Q96F05	ENSG00000171067.12
Q96F07	ENSG00000055163.22
Q96F10	ENSG00000141504.13
Q96F15	ENSG00000196329.13
Q96F24	ENSG00000148572.17
Q96F25	ENSG00000172339.11
Q96F44	ENSG00000154370.17
Q96F45	ENSG00000165655.17
Q96F46	ENSG00000177663.16
Q96F63	ENSG00000142039.5
Q96F81	ENSG00000154309.10
Q96F83	ENSG00000140104.14
Q96F85	ENSG00000119865.10
Q96F86	ENSG00000179151.14
Q96FA3	ENSG00000197329.13
Q96FB5	ENSG00000143303.13
Q96FC7	ENSG00000165443.12
Q96FC9	ENSG00000013573.18
Q96FE5	ENSG00000169783.13
Q96FE7	ENSG00000100100.15
Q96FF7	ENSG00000141854.11
Q96FF7	ENSG00000288191.1
Q96FF9	ENSG00000146670.10
Q96FG2	ENSG00000115459.19
Q96FH0	ENSG00000064489.23
Q96FH0	ENSG00000254901.9
Q96FI4	ENSG00000140398.15
Q96FJ0	ENSG00000138134.13
Q96FJ2	ENSG00000264364.4
Q96FK6	ENSG00000140006.13
Q96FL8	ENSG00000142494.14
Q96FL9	ENSG00000158089.16
Q96FM1	ENSG00000161395.14
Q96FN4	ENSG00000140848.18
Q96FN5	ENSG00000136883.17
Q96FN9	ENSG00000129480.14
Q96FQ6	ENSG00000188643.12
Q96FS4	ENSG00000213445.12
Q96FT7	ENSG00000072182.14
Q96FT9	ENSG00000119650.14
Q96FV0	ENSG00000141294.11
Q96FV2	ENSG00000141295.15
Q96FV3	ENSG00000048140.19
Q96FV9	ENSG00000079134.14
Q96FW1	ENSG00000167770.14
Q96FX2	ENSG00000154813.11
Q96FX7	ENSG00000166166.14
Q96FX8	ENSG00000112378.12
Q96FZ2	ENSG00000183624.15
Q96FZ5	ENSG00000153551.15
Q96FZ7	ENSG00000176108.9
Q96G01	ENSG00000151746.16
Q96G03	ENSG00000169299.15
Q96G04	ENSG00000118894.16
Q96G21	ENSG00000136718.11
Q96G23	ENSG00000143418.21
Q96G25	ENSG00000159479.18
Q96G27	ENSG00000239779.8
Q96G28	ENSG00000163001.13
Q96G30	ENSG00000135324.7
Q96G46	ENSG00000141994.17
Q96G61	ENSG00000196368.5
Q96G74	ENSG00000068308.16
Q96G74	ENSG00000292211.1
Q96G75	ENSG00000145916.20
Q96G79	ENSG00000176087.17
Q96G91	ENSG00000244165.2
Q96G97	ENSG00000168000.17
Q96GA3	ENSG00000135521.10
Q96GA7	ENSG00000139410.16
Q96GC5	ENSG00000175581.15
Q96GC6	ENSG00000171606.19
Q96GC9	ENSG00000062716.14
Q96GD0	ENSG00000241360.2
Q96GD3	ENSG00000010803.19
Q96GD4	ENSG00000178999.14
Q96GE4	ENSG00000258890.9
Q96GE5	ENSG00000196466.10
Q96GE6	ENSG00000129007.17
Q96GE9	ENSG00000137038.9
Q96GF1	ENSG00000138942.18
Q96GG9	ENSG00000043093.16
Q96GI7	ENSG00000182118.9
Q96GJ1	ENSG00000188917.16
Q96GK7	ENSG00000115042.11
Q96GK7	ENSG00000292086.1
Q96GL9	ENSG00000143340.8
Q96GM1	ENSG00000105520.12
Q96GM5	ENSG00000066117.16
Q96GM8	ENSG00000132773.13
Q96GN5	ENSG00000164649.21
Q96GP6	ENSG00000244486.10
Q96GQ5	ENSG00000140688.19
Q96GQ7	ENSG00000124228.16
Q96GR2	ENSG00000103740.11
Q96GR4	ENSG00000160446.20
Q96GS4	ENSG00000196544.8
Q96GS6	ENSG00000129968.18
Q96GT9	ENSG00000155622.8
Q96GU1	ENSG00000158639.13
Q96GV9	ENSG00000181751.11
Q96GW7	ENSG00000132692.20
Q96GW9	ENSG00000247626.5
Q96GX1	ENSG00000168778.14
Q96GX2	ENSG00000253719.4
Q96GX5	ENSG00000120539.16
Q96GX8	ENSG00000154102.11
Q96GX9	ENSG00000149089.14
Q96GY0	ENSG00000104427.14
Q96GY3	ENSG00000267796.9
Q96GZ6	ENSG00000114544.18
Q96H12	ENSG00000066697.16
Q96H15	ENSG00000145850.9
Q96H20	ENSG00000159210.11
Q96H22	ENSG00000166451.15
Q96H22	ENSG00000291964.1
Q96H35	ENSG00000119446.15
Q96H40	ENSG00000256229.8
Q96H55	ENSG00000278259.6
Q96H55	ENSG00000278372.4
Q96H72	ENSG00000165915.15
Q96H78	ENSG00000160785.15
Q96H79	ENSG00000146858.8
Q96H86	ENSG00000169951.11
Q96H96	ENSG00000173085.15
Q96HA1	ENSG00000196313.14
Q96HA4	ENSG00000131591.19
Q96HA7	ENSG00000160949.19
Q96HA8	ENSG00000156795.9
Q96HA9	ENSG00000104883.9
Q96HB5	ENSG00000147144.13
Q96HB5	ENSG00000292279.1
Q96HC4	ENSG00000163110.16
Q96HD1	ENSG00000163703.21
Q96HD9	ENSG00000132744.9
Q96HE7	ENSG00000197930.14
Q96HE8	ENSG00000177042.17
Q96HE9	ENSG00000068489.13
Q96HF1	ENSG00000145423.6
Q96HG1	ENSG00000184785.6
Q96HH4	ENSG00000163449.12
Q96HH6	ENSG00000139291.15
Q96HH9	ENSG00000155324.11
Q96HI0	ENSG00000119231.12
Q96HJ3	ENSG00000109881.18
Q96HJ5	ENSG00000149516.15
Q96HJ5	ENSG00000284903.3
Q96HJ9	ENSG00000164898.13
Q96HJ9	ENSG00000269955.2
Q96HL8	ENSG00000035115.23
Q96HM7	ENSG00000179715.14
Q96HN2	ENSG00000158467.18
Q96HP0	ENSG00000130158.14
Q96HP4	ENSG00000154814.15
Q96HP8	ENSG00000002933.10
Q96HQ0	ENSG00000105136.23
Q96HQ2	ENSG00000237190.4
Q96HR3	ENSG00000164758.8
Q96HR8	ENSG00000145414.10
Q96HR9	ENSG00000115255.13
Q96HS1	ENSG00000247077.9
Q96HT8	ENSG00000178988.12
Q96HU1	ENSG00000100359.22
Q96HU8	ENSG00000165023.7
Q96HV5	ENSG00000163900.12
Q96HW7	ENSG00000149262.20
Q96HY6	ENSG00000198171.14
Q96HY7	ENSG00000181192.13
Q96HZ4	ENSG00000144485.12
Q96I13	ENSG00000127220.7
Q96I15	ENSG00000132330.19
Q96I23	ENSG00000145337.5
Q96I24	ENSG00000107164.18
Q96I25	ENSG00000134453.17
Q96I27	ENSG00000257591.6
Q96I34	ENSG00000160972.11
Q96I36	ENSG00000178449.10
Q96I45	ENSG00000244187.9
Q96I51	ENSG00000274523.6
Q96I59	ENSG00000137513.12
Q96I76	ENSG00000198746.14
Q96I82	ENSG00000107821.16
Q96I99	ENSG00000172340.16
Q96IC2	ENSG00000005189.21
Q96ID5	ENSG00000117154.13
Q96IF1	ENSG00000129474.18
Q96IG2	ENSG00000108306.14
Q96II8	ENSG00000186001.15
Q96IJ6	ENSG00000144591.21
Q96IK0	ENSG00000091947.11
Q96IK1	ENSG00000145919.12
Q96IK5	ENSG00000087338.6
Q96IL0	ENSG00000256053.10
Q96IM9	ENSG00000133665.14
Q96IP4	ENSG00000112773.17
Q96IQ7	ENSG00000019102.13
Q96IQ9	ENSG00000133250.14
Q96IR2	ENSG00000213799.14
Q96IR7	ENSG00000186603.7
Q96IS3	ENSG00000173976.16
Q96IT1	ENSG00000162714.14
Q96IT1	ENSG00000291884.1
Q96IU2	ENSG00000132846.7
Q96IU4	ENSG00000114779.21
Q96IV0	ENSG00000151092.19
Q96IV6	ENSG00000170271.12
Q96IW2	ENSG00000105251.12
Q96IW7	ENSG00000121542.13
Q96IX5	ENSG00000173915.17
Q96IY1	ENSG00000117697.16
Q96IY4	ENSG00000080618.18
Q96IZ0	ENSG00000177425.12
Q96IZ2	ENSG00000111863.14
Q96IZ5	ENSG00000089682.19
Q96IZ6	ENSG00000087995.17
Q96IZ7	ENSG00000174891.15
Q96J01	ENSG00000051596.11
Q96J02	ENSG00000078747.18
Q96J02	ENSG00000289720.1
Q96J42	ENSG00000113621.16
Q96J65	ENSG00000140798.17
Q96J66	ENSG00000121270.16
Q96J77	ENSG00000170777.11
Q96J84	ENSG00000183853.19
Q96J86	ENSG00000166265.13
Q96J87	ENSG00000140488.17
Q96J87	ENSG00000273025.1
Q96J88	ENSG00000133106.16
Q96J92	ENSG00000126562.18
Q96J94	ENSG00000125207.7
Q96J94	ENSG00000275051.2
Q96JA1	ENSG00000144749.15
Q96JA3	ENSG00000106086.22
Q96JA4	ENSG00000166928.11
Q96JB1	ENSG00000124721.18
Q96JB2	ENSG00000136152.16
Q96JB3	ENSG00000169635.11
Q96JB5	ENSG00000108465.16
Q96JB6	ENSG00000138131.5
Q96JB8	ENSG00000082126.19
Q96JC1	ENSG00000166887.17
Q96JC4	ENSG00000185177.14
Q96JC9	ENSG00000144597.14
Q96JD6	ENSG00000165568.19
Q96JE7	ENSG00000120341.20
Q96JE9	ENSG00000171533.13
Q96JF0	ENSG00000144057.17
Q96JF6	ENSG00000180626.11
Q96JG6	ENSG00000004766.18
Q96JG8	ENSG00000187243.18
Q96JG8	ENSG00000154545.18
Q96JG9	ENSG00000225614.4
Q96JH7	ENSG00000175073.8
Q96JH8	ENSG00000157927.18
Q96JI7	ENSG00000104133.17
Q96JJ3	ENSG00000062598.19
Q96JJ6	ENSG00000092051.19
Q96JJ7	ENSG00000166479.11
Q96JK2	ENSG00000139990.19
Q96JK4	ENSG00000182218.11
Q96JK9	ENSG00000196782.14
Q96JL9	ENSG00000160961.13
Q96JM2	ENSG00000148143.14
Q96JM3	ENSG00000198824.9
Q96JM4	ENSG00000133640.20
Q96JM7	ENSG00000198945.9
Q96JN0	ENSG00000196233.15
Q96JN2	ENSG00000128596.18
Q96JN8	ENSG00000215041.11
Q96JN8	ENSG00000288301.1
Q96JP0	ENSG00000145780.9
Q96JP2	ENSG00000266714.11
Q96JP5	ENSG00000186660.16
Q96JP5	ENSG00000255073.8
Q96JP9	ENSG00000148600.16
Q96JQ0	ENSG00000166341.9
Q96JQ2	ENSG00000165959.13
Q96JQ5	ENSG00000110079.20
Q96JS3	ENSG00000137338.7
Q96JT2	ENSG00000158715.7
Q96JW4	ENSG00000136052.11
Q96JX3	ENSG00000122335.18
Q96JY0	ENSG00000143194.13
Q96JY6	ENSG00000120913.25
Q96JZ2	ENSG00000196684.13
Q96K12	ENSG00000064763.13
Q96K17	ENSG00000134717.19
Q96K19	ENSG00000120925.17
Q96K21	ENSG00000166140.17
Q96K30	ENSG00000139405.17
Q96K31	ENSG00000189376.13
Q96K37	ENSG00000127526.16
Q96K49	ENSG00000153214.12
Q96K58	ENSG00000167394.14
Q96K62	ENSG00000119574.14
Q96K75	ENSG00000144026.15
Q96K75	ENSG00000289685.2
Q96K76	ENSG00000170242.20
Q96K78	ENSG00000144820.9
Q96K80	ENSG00000135482.8
Q96K83	ENSG00000198795.12
Q96KA5	ENSG00000049656.15
Q96KA5	ENSG00000274811.3
Q96KB5	ENSG00000168078.11
Q96KC2	ENSG00000165997.6
Q96KC8	ENSG00000136770.12
Q96KC9	ENSG00000145309.6
Q96KD3	ENSG00000135248.16
Q96KE9	ENSG00000184887.15
Q96KF2	ENSG00000159182.6
Q96KF7	ENSG00000111850.12
Q96KG7	ENSG00000145794.17
Q96KG9	ENSG00000142186.19
Q96KJ9	ENSG00000131055.6
Q96KK3	ENSG00000124134.9
Q96KK4	ENSG00000229412.5
Q96KK4	ENSG00000204689.7
Q96KK4	ENSG00000224234.5
Q96KK4	ENSG00000206474.8
Q96KK4	ENSG00000230505.4
Q96KK4	ENSG00000232397.5
Q96KK5	ENSG00000274997.2
Q96KM6	ENSG00000196700.10
Q96KN1	ENSG00000168672.5
Q96KN2	ENSG00000150656.16
Q96KN3	ENSG00000165495.17
Q96KN4	ENSG00000162981.15
Q96KN7	ENSG00000092200.13
Q96KN8	ENSG00000168004.11
Q96KN9	ENSG00000177291.4
Q96KP1	ENSG00000112685.15
Q96KP4	ENSG00000133313.16
Q96KP6	ENSG00000050730.17
Q96KQ4	ENSG00000088808.19
Q96KQ7	ENSG00000204371.13
Q96KQ7	ENSG00000206376.9
Q96KQ7	ENSG00000238134.8
Q96KQ7	ENSG00000236759.7
Q96KQ7	ENSG00000232045.7
Q96KQ7	ENSG00000227333.8
Q96KR1	ENSG00000056097.17
Q96KR4	ENSG00000185621.12
Q96KR6	ENSG00000124098.10
Q96KR7	ENSG00000087495.18
Q96KS0	ENSG00000269858.7
Q96KS9	ENSG00000154319.17
Q96KT7	ENSG00000177710.6
Q96KT7	ENSG00000285084.3
Q96KV7	ENSG00000161996.20
Q96KW2	ENSG00000158553.5
Q96KW9	ENSG00000153498.12
Q96KW9	ENSG00000275865.2
Q96KX0	ENSG00000157093.9
Q96KX1	ENSG00000163633.13
Q96KX1	ENSG00000285458.1
Q96KX2	ENSG00000177938.5
Q96L03	ENSG00000162814.12
Q96L08	ENSG00000157303.12
Q96L11	ENSG00000165131.8
Q96L11	ENSG00000275821.2
Q96L12	ENSG00000269058.7
Q96L15	ENSG00000167311.15
Q96L21	ENSG00000165496.5
Q96L33	ENSG00000104140.8
Q96L34	ENSG00000007047.17
Q96L42	ENSG00000183960.10
Q96L46	ENSG00000256812.2
Q96L50	ENSG00000165501.18
Q96L58	ENSG00000176022.7
Q96L73	ENSG00000165671.23
Q96L91	ENSG00000183495.16
Q96L92	ENSG00000143376.15
Q96L93	ENSG00000089177.21
Q96L94	ENSG00000157734.15
Q96L96	ENSG00000136383.8
Q96LA5	ENSG00000132704.17
Q96LA6	ENSG00000163534.17
Q96LA8	ENSG00000198890.9
Q96LA9	ENSG00000179817.5
Q96LB0	ENSG00000179826.8
Q96LB1	ENSG00000183695.3
Q96LB2	ENSG00000170255.8
Q96LB3	ENSG00000096872.18
Q96LB4	ENSG00000151418.12
Q96LB4	ENSG00000263014.5
Q96LB8	ENSG00000163218.15
Q96LB9	ENSG00000159527.4
Q96LC7	ENSG00000142512.16
Q96LC9	ENSG00000104081.15
Q96LD1	ENSG00000185053.14
Q96LD4	ENSG00000132481.8
Q96LD8	ENSG00000166192.16
Q96LI5	ENSG00000138767.15
Q96LI6	ENSG00000169953.12
Q96LI6	ENSG00000172468.14
Q96LI9	ENSG00000165182.13
Q96LJ7	ENSG00000157379.15
Q96LJ7	ENSG00000284868.2
Q96LJ8	ENSG00000162543.7
Q96LK0	ENSG00000174007.10
Q96LK8	ENSG00000184361.13
Q96LL3	ENSG00000167194.8
Q96LL4	ENSG00000164743.5
Q96LL9	ENSG00000176410.8
Q96LM5	ENSG00000164123.7
Q96LM6	ENSG00000172073.4
Q96LM9	ENSG00000125975.14
Q96LP2	ENSG00000153347.10
Q96LP6	ENSG00000179088.16
Q96LQ0	ENSG00000165807.9
Q96LR2	ENSG00000171357.6
Q96LR4	ENSG00000163377.17
Q96LR5	ENSG00000182247.12
Q96LR7	ENSG00000150873.13
Q96LR9	ENSG00000178878.14
Q96LT4	ENSG00000156671.16
Q96LT6	ENSG00000162757.5
Q96LT7	ENSG00000147894.18
Q96LT9	ENSG00000185946.17
Q96LU5	ENSG00000148950.12
Q96LU7	ENSG00000166268.12
Q96LW1	ENSG00000178338.11
Q96LW2	ENSG00000167524.18
Q96LW4	ENSG00000164306.12
Q96LW7	ENSG00000165233.19
Q96LW9	ENSG00000235109.9
Q96LX7	ENSG00000159588.16
Q96LX8	ENSG00000167981.7
Q96LY2	ENSG00000152076.20
Q96LZ2	ENSG00000177689.10
Q96LZ3	ENSG00000188386.8
Q96LZ7	ENSG00000115841.22
Q96M02	ENSG00000154493.20
Q96M11	ENSG00000198331.12
Q96M20	ENSG00000149646.12
Q96M27	ENSG00000164244.22
Q96M29	ENSG00000153060.8
Q96M32	ENSG00000140057.10
Q96M34	ENSG00000163424.9
Q96M43	ENSG00000196427.14
Q96M53	ENSG00000166220.14
Q96M60	ENSG00000166262.17
Q96M61	ENSG00000176774.6
Q96M63	ENSG00000105479.17
Q96M69	ENSG00000155530.4
Q96M83	ENSG00000216937.14
Q96M86	ENSG00000179532.13
Q96M89	ENSG00000163006.13
Q96M91	ENSG00000172361.7
Q96M93	ENSG00000164113.11
Q96M94	ENSG00000174010.11
Q96M95	ENSG00000161973.12
Q96M96	ENSG00000139132.16
Q96M98	ENSG00000112530.13
Q96MA1	ENSG00000143006.7
Q96MA6	ENSG00000165695.11
Q96MB7	ENSG00000180423.5
Q96MC2	ENSG00000157856.13
Q96MC4	ENSG00000178404.11
Q96MC5	ENSG00000166780.12
Q96MC5	ENSG00000278823.4
Q96MC6	ENSG00000156875.15
Q96MD2	ENSG00000174206.14
Q96MD7	ENSG00000155621.16
Q96ME1	ENSG00000155034.22
Q96ME7	ENSG00000243943.11
Q96MF2	ENSG00000185482.9
Q96MF6	ENSG00000135469.15
Q96MF7	ENSG00000156831.10
Q96MG2	ENSG00000167476.11
Q96MG7	ENSG00000185115.6
Q96MG7	ENSG00000282130.1
Q96MG8	ENSG00000168300.15
Q96MH2	ENSG00000168517.12
Q96MH6	ENSG00000167904.17
Q96MH7	ENSG00000172244.10
Q96MI6	ENSG00000164088.19
Q96MI9	ENSG00000273540.5
Q96MK2	ENSG00000042062.14
Q96MK3	ENSG00000108950.13
Q96MM3	ENSG00000179059.11
Q96MM6	ENSG00000132622.12
Q96MM7	ENSG00000171004.19
Q96MN2	ENSG00000160505.16
Q96MN5	ENSG00000116205.15
Q96MN9	ENSG00000265763.5
Q96MP5	ENSG00000132801.8
Q96MP8	ENSG00000243335.10
Q96MR6	ENSG00000243710.9
Q96MR9	ENSG00000198028.4
Q96MS0	ENSG00000154134.15
Q96MS3	ENSG00000151948.13
Q96MT1	ENSG00000145860.13
Q96MT3	ENSG00000139174.13
Q96MT7	ENSG00000206530.11
Q96MT8	ENSG00000182923.21
Q96MU6	ENSG00000170100.15
Q96MU7	ENSG00000083896.14
Q96MU7	ENSG00000275272.4
Q96MU8	ENSG00000183762.14
Q96MV1	ENSG00000152078.11
Q96MV8	ENSG00000102383.15
Q96MW1	ENSG00000180329.15
Q96MW5	ENSG00000213380.16
Q96MW7	ENSG00000221944.9
Q96MX0	ENSG00000140931.21
Q96MX3	ENSG00000180035.14
Q96MX6	ENSG00000243667.8
Q96MY1	ENSG00000197183.15
Q96MY7	ENSG00000156050.10
Q96MZ0	ENSG00000124194.18
Q96N03	ENSG00000132821.13
Q96N06	ENSG00000167523.15
Q96N11	ENSG00000146576.14
Q96N16	ENSG00000152969.21
Q96N19	ENSG00000173264.17
Q96N20	ENSG00000162086.17
Q96N21	ENSG00000167302.12
Q96N22	ENSG00000196172.10
Q96N23	ENSG00000188596.11
Q96N28	ENSG00000141391.14
Q96N46	ENSG00000163728.12
Q96N58	ENSG00000258405.11
Q96N64	ENSG00000170234.14
Q96N66	ENSG00000125505.18
Q96N66	ENSG00000276935.4
Q96N66	ENSG00000277025.4
Q96N66	ENSG00000278322.4
Q96N66	ENSG00000278519.4
Q96N66	ENSG00000277733.4
Q96N66	ENSG00000274194.4
Q96N66	ENSG00000275118.4
Q96N66	ENSG00000277923.4
Q96N66	ENSG00000273592.4
Q96N67	ENSG00000116641.19
Q96N76	ENSG00000159650.10
Q96N77	ENSG00000167528.14
Q96N87	ENSG00000164363.10
Q96N95	ENSG00000186496.13
Q96N96	ENSG00000182957.17
Q96NA2	ENSG00000167705.13
Q96NA2	ENSG00000274145.2
Q96NA8	ENSG00000171045.17
Q96NB1	ENSG00000133393.14
Q96NB1	ENSG00000276914.2
Q96NB2	ENSG00000156398.14
Q96NB3	ENSG00000198783.6
Q96NC0	ENSG00000146007.12
Q96ND0	ENSG00000177150.14
Q96ND8	ENSG00000198440.10
Q96NE9	ENSG00000139926.17
Q96NG3	ENSG00000204815.11
Q96NG5	ENSG00000167785.10
Q96NG5	ENSG00000291737.1
Q96NG8	ENSG00000018869.19
Q96NH3	ENSG00000146350.15
Q96NI6	ENSG00000165379.15
Q96NI8	ENSG00000171827.12
Q96NJ3	ENSG00000267508.7
Q96NJ5	ENSG00000186231.18
Q96NJ6	ENSG00000180787.7
Q96NK8	ENSG00000164600.7
Q96NL0	ENSG00000105784.17
Q96NL1	ENSG00000164841.6
Q96NL3	ENSG00000153896.19
Q96NL6	ENSG00000151466.13
Q96NL8	ENSG00000156172.7
Q96NM4	ENSG00000124191.19
Q96NN9	ENSG00000183773.17
Q96NR3	ENSG00000165186.13
Q96NR8	ENSG00000139988.10
Q96NS1	ENSG00000166793.13
Q96NS5	ENSG00000161664.7
Q96NT0	ENSG00000136710.11
Q96NT1	ENSG00000177432.8
Q96NT3	ENSG00000138867.18
Q96NT5	ENSG00000076351.14
Q96NU0	ENSG00000154529.16
Q96NU1	ENSG00000187634.14
Q96NU7	ENSG00000139344.9
Q96NW4	ENSG00000105186.17
Q96NX5	ENSG00000008118.11
Q96NX9	ENSG00000126733.22
Q96NY7	ENSG00000159212.14
Q96NY8	ENSG00000143217.10
Q96NY9	ENSG00000172732.13
Q96NZ1	ENSG00000139445.18
Q96NZ8	ENSG00000127578.7
Q96NZ9	ENSG00000165828.16
Q96P11	ENSG00000130305.18
Q96P15	ENSG00000206072.13
Q96P16	ENSG00000141425.19
Q96P26	ENSG00000185013.17
Q96P26	ENSG00000250741.6
Q96P31	ENSG00000160856.22
Q96P44	ENSG00000124749.18
Q96P47	ENSG00000133612.21
Q96P48	ENSG00000186635.17
Q96P50	ENSG00000131584.20
Q96P53	ENSG00000139668.10
Q96P56	ENSG00000166762.19
Q96P63	ENSG00000166634.7
Q96P64	ENSG00000188234.16
Q96P65	ENSG00000186867.12
Q96P66	ENSG00000165370.3
Q96P67	ENSG00000171657.7
Q96P68	ENSG00000165621.10
Q96P69	ENSG00000155269.12
Q96P70	ENSG00000198700.11
Q96P71	ENSG00000125967.18
Q96PB1	ENSG00000127995.18
Q96PB7	ENSG00000118733.18
Q96PB8	ENSG00000179796.14
Q96PC2	ENSG00000161896.13
Q96PC3	ENSG00000152056.19
Q96PC5	ENSG00000150527.19
Q96PD2	ENSG00000057019.17
Q96PD4	ENSG00000112116.11
Q96PD5	ENSG00000161031.14
Q96PD6	ENSG00000124003.13
Q96PD7	ENSG00000062282.16
Q96PE1	ENSG00000020181.19
Q96PE2	ENSG00000110237.6
Q96PE3	ENSG00000040933.18
Q96PE5	ENSG00000197430.12
Q96PE6	ENSG00000141946.1
Q96PE7	ENSG00000124370.12
Q96PF1	ENSG00000159495.8
Q96PF2	ENSG00000206203.5
Q96PG1	ENSG00000214787.11
Q96PG2	ENSG00000172689.2
Q96PG8	ENSG00000105327.19
Q96PH1	ENSG00000290203.13
Q96PH1	ENSG00000255346.11
Q96PH6	ENSG00000131068.4
Q96PI1	ENSG00000184148.4
Q96PJ5	ENSG00000163518.11
Q96PK6	ENSG00000239306.6
Q96PK6	ENSG00000248643.5
Q96PL1	ENSG00000164265.10
Q96PL2	ENSG00000119913.6
Q96PL5	ENSG00000164010.16
Q96PM5	ENSG00000163743.15
Q96PM9	ENSG00000161642.19
Q96PN6	ENSG00000143199.18
Q96PN7	ENSG00000124496.14
Q96PN8	ENSG00000162526.7
Q96PP4	ENSG00000213265.9
Q96PP8	ENSG00000154451.16
Q96PP9	ENSG00000162654.10
Q96PQ0	ENSG00000184985.17
Q96PQ1	ENSG00000254521.8
Q96PQ6	ENSG00000130803.16
Q96PQ7	ENSG00000109790.19
Q96PR1	ENSG00000166006.15
Q96PS1	ENSG00000163705.13
Q96PS8	ENSG00000143595.14
Q96PU4	ENSG00000147854.19
Q96PU5	ENSG00000049759.21
Q96PU8	ENSG00000112531.18
Q96PU9	ENSG00000177947.15
Q96PV0	ENSG00000227460.8
Q96PV0	ENSG00000197283.18
Q96PV4	ENSG00000198883.12
Q96PV4	ENSG00000292194.1
Q96PV6	ENSG00000167615.19
Q96PV6	ENSG00000274305.4
Q96PV6	ENSG00000276681.4
Q96PV6	ENSG00000276458.4
Q96PV7	ENSG00000146067.18
Q96PX1	ENSG00000141576.17
Q96PX6	ENSG00000055813.7
Q96PX8	ENSG00000178235.8
Q96PX9	ENSG00000153404.16
Q96PY5	ENSG00000157827.22
Q96PY6	ENSG00000137601.19
Q96PZ0	ENSG00000091127.15
Q96PZ2	ENSG00000166801.18
Q96PZ7	ENSG00000183117.20
Q96Q04	ENSG00000142235.13
Q96Q05	ENSG00000167632.19
Q96Q06	ENSG00000167676.6
Q96Q07	ENSG00000183826.20
Q96Q11	ENSG00000072756.19
Q96Q15	ENSG00000157106.19
Q96Q27	ENSG00000100628.13
Q96Q27	ENSG00000278693.3
Q96Q35	ENSG00000155749.13
Q96Q40	ENSG00000138395.17
Q96Q42	ENSG00000003393.17
Q96Q45	ENSG00000155755.20
Q96Q77	ENSG00000141977.9
Q96Q80	ENSG00000099958.16
Q96Q80	ENSG00000274437.4
Q96Q83	ENSG00000166199.14
Q96Q89	ENSG00000138182.16
Q96Q91	ENSG00000113073.16
Q96QA5	ENSG00000167914.12
Q96QA6	ENSG00000175155.11
Q96QB1	ENSG00000164741.16
Q96QC0	ENSG00000204569.11
Q96QC0	ENSG00000206489.9
Q96QC0	ENSG00000230995.7
Q96QC0	ENSG00000231737.7
Q96QC0	ENSG00000235291.7
Q96QC0	ENSG00000238104.7
Q96QC0	ENSG00000227804.7
Q96QD5	ENSG00000121690.12
Q96QD8	ENSG00000134294.15
Q96QD9	ENSG00000122068.14
Q96QE2	ENSG00000151229.14
Q96QE3	ENSG00000176208.10
Q96QE4	ENSG00000185158.14
Q96QE5	ENSG00000172171.12
Q96QF0	ENSG00000127328.23
Q96QF7	ENSG00000147174.13
Q96QG7	ENSG00000104643.11
Q96QG7	ENSG00000285032.3
Q96QH2	ENSG00000133246.13
Q96QH8	ENSG00000171478.8
Q96QH8	ENSG00000171489.11
Q96QI5	ENSG00000276333.2
Q96QI5	ENSG00000162040.7
Q96QK1	ENSG00000069329.20
Q96QK8	ENSG00000163683.13
Q96QP1	ENSG00000073331.19
Q96QR1	ENSG00000161055.5
Q96QR8	ENSG00000146676.10
Q96QS1	ENSG00000064201.17
Q96QS3	ENSG00000004848.8
Q96QS6	ENSG00000147613.8
Q96QT4	ENSG00000092439.16
Q96QT6	ENSG00000109118.15
Q96QU1	ENSG00000150275.20
Q96QU4	ENSG00000225899.8
Q96QU6	ENSG00000110455.15
Q96QU8	ENSG00000169180.13
Q96QV1	ENSG00000164161.11
Q96QV6	ENSG00000164508.6
Q96QZ0	ENSG00000154143.3
Q96QZ7	ENSG00000151276.24
Q96R05	ENSG00000162444.13
Q96R06	ENSG00000076382.18
Q96R08	ENSG00000172362.4
Q96R09	ENSG00000172365.4
Q96R27	ENSG00000171180.3
Q96R28	ENSG00000198601.4
Q96R30	ENSG00000182613.3
Q96R45	ENSG00000243896.4
Q96R45	ENSG00000284749.2
Q96R45	ENSG00000284827.1
Q96R47	ENSG00000221938.5
Q96R48	ENSG00000221836.4
Q96R48	ENSG00000284896.2
Q96R54	ENSG00000241128.3
Q96R67	ENSG00000221954.2
Q96R67	ENSG00000284255.1
Q96RA2	ENSG00000188000.7
Q96RB7	ENSG00000255223.5
Q96RC9	ENSG00000280090.3
Q96RD0	ENSG00000284680.3
Q96RD1	ENSG00000205330.4
Q96RD2	ENSG00000255307.2
Q96RD3	ENSG00000205409.3
Q96RD6	ENSG00000073150.14
Q96RD7	ENSG00000110218.10
Q96RD9	ENSG00000143297.20
Q96RE7	ENSG00000160877.8
Q96RE9	ENSG00000145908.14
Q96RF0	ENSG00000178996.15
Q96RG2	ENSG00000115687.15
Q96RI0	ENSG00000127533.4
Q96RI1	ENSG00000012504.16
Q96RI8	ENSG00000146383.7
Q96RI9	ENSG00000237110.3
Q96RJ0	ENSG00000146399.3
Q96RJ3	ENSG00000159958.8
Q96RJ6	ENSG00000146618.3
Q96RK0	ENSG00000079432.10
Q96RK1	ENSG00000179862.7
Q96RK4	ENSG00000140463.16
Q96RL1	ENSG00000087206.18
Q96RL6	ENSG00000161640.16
Q96RL7	ENSG00000197969.14
Q96RM1	ENSG00000244094.2
Q96RN1	ENSG00000112053.15
Q96RN5	ENSG00000099917.18
Q96RP3	ENSG00000145040.4
Q96RP7	ENSG00000197093.12
Q96RP8	ENSG00000104848.2
Q96RP9	ENSG00000168827.16
Q96RQ1	ENSG00000087502.20
Q96RQ3	ENSG00000078070.15
Q96RQ9	ENSG00000104951.17
Q96RR1	ENSG00000107815.10
Q96RR4	ENSG00000110931.20
Q96RS0	ENSG00000137574.12
Q96RS6	ENSG00000120526.13
Q96RT1	ENSG00000112851.17
Q96RT6	ENSG00000212710.5
Q96RT6	ENSG00000282841.2
Q96RT7	ENSG00000128159.13
Q96RT8	ENSG00000275835.6
Q96RU2	ENSG00000048028.13
Q96RU3	ENSG00000187239.20
Q96RU7	ENSG00000101255.14
Q96RU8	ENSG00000173334.4
Q96RV3	ENSG00000100731.16
Q96RW7	ENSG00000143341.12
Q96RY5	ENSG00000007545.17
Q96RY7	ENSG00000187535.15
Q96S06	ENSG00000103227.20
Q96S15	ENSG00000127580.18
Q96S16	ENSG00000161999.14
Q96S19	ENSG00000130731.17
Q96S21	ENSG00000197562.11
Q96S37	ENSG00000197891.12
Q96S38	ENSG00000136643.13
Q96S42	ENSG00000156574.10
Q96S44	ENSG00000172315.6
Q96S52	ENSG00000087111.23
Q96S53	ENSG00000070759.18
Q96S55	ENSG00000124535.17
Q96S59	ENSG00000010017.14
Q96S65	ENSG00000144655.16
Q96S66	ENSG00000121940.18
Q96S79	ENSG00000270885.3
Q96S82	ENSG00000138629.17
Q96S82	ENSG00000288408.1
Q96S86	ENSG00000140511.13
Q96S90	ENSG00000163155.12
Q96S94	ENSG00000221978.14
Q96S95	ENSG00000163888.4
Q96S96	ENSG00000134020.9
Q96S97	ENSG00000179820.18
Q96S99	ENSG00000166289.7
Q96SA4	ENSG00000168528.13
Q96SB3	ENSG00000108819.12
Q96SB4	ENSG00000096063.17
Q96SB8	ENSG00000163029.17
Q96SC8	ENSG00000142700.13
Q96SD1	ENSG00000152457.20
Q96SE0	ENSG00000143994.15
Q96SE7	ENSG00000197937.14
Q96SF2	ENSG00000198445.4
Q96SF7	ENSG00000092607.15
Q96SI1	ENSG00000153885.16
Q96SI9	ENSG00000165209.20
Q96SJ8	ENSG00000157570.13
Q96SK2	ENSG00000146842.18
Q96SK3	ENSG00000198182.14
Q96SL1	ENSG00000138463.10
Q96SL4	ENSG00000116157.6
Q96SL8	ENSG00000179943.9
Q96SM3	ENSG00000088882.9
Q96SN7	ENSG00000160991.18
Q96SN8	ENSG00000136861.20
Q96SQ5	ENSG00000198466.13
Q96SQ7	ENSG00000168874.15
Q96SQ9	ENSG00000167600.15
Q96SR6	ENSG00000161298.20
Q96ST2	ENSG00000163166.16
Q96ST3	ENSG00000169375.18
Q96ST8	ENSG00000121289.19
Q96SU4	ENSG00000117859.20
Q96SW2	ENSG00000113851.17
Q96SY0	ENSG00000138614.17
Q96SZ4	ENSG00000130182.8
Q96SZ5	ENSG00000181915.6
Q96SZ6	ENSG00000101391.22
Q96T17	ENSG00000184368.17
Q96T21	ENSG00000187742.16
Q96T23	ENSG00000048649.14
Q96T25	ENSG00000139800.9
Q96T37	ENSG00000162775.17
Q96T49	ENSG00000101445.11
Q96T51	ENSG00000176783.16
Q96T51	ENSG00000284260.2
Q96T52	ENSG00000184903.10
Q96T53	ENSG00000177669.4
Q96T54	ENSG00000124780.15
Q96T55	ENSG00000095981.11
Q96T58	ENSG00000065526.13
Q96T59	ENSG00000223510.7
Q96T60	ENSG00000039650.13
Q96T66	ENSG00000163864.19
Q96T68	ENSG00000136169.18
Q96T76	ENSG00000155229.22
Q96T83	ENSG00000065923.11
Q96T88	ENSG00000276043.6
Q96T91	ENSG00000149735.7
Q96T92	ENSG00000168348.4
Q96TA1	ENSG00000136830.13
Q96TA2	ENSG00000136758.22
Q96TC7	ENSG00000137824.17
Q99062	ENSG00000119535.21
Q99075	ENSG00000113070.9
Q99081	ENSG00000140262.19
Q99102	ENSG00000145113.22
Q99217	ENSG00000125363.14
Q99218	ENSG00000099721.16
Q99250	ENSG00000136531.19
Q99259	ENSG00000128683.15
Q99417	ENSG00000214114.10
Q99418	ENSG00000105443.17
Q99424	ENSG00000168306.14
Q99426	ENSG00000105254.13
Q99435	ENSG00000184613.12
Q99436	ENSG00000136930.14
Q99437	ENSG00000117410.15
Q99439	ENSG00000064666.16
Q99442	ENSG00000008952.18
Q99445	ENSG00000104499.7
Q99447	ENSG00000185813.12
Q99453	ENSG00000109132.7
Q99456	ENSG00000187242.6
Q99456	ENSG00000263243.2
Q99457	ENSG00000186310.10
Q99459	ENSG00000096401.9
Q99460	ENSG00000173692.15
Q99466	ENSG00000204301.7
Q99466	ENSG00000238196.5
Q99466	ENSG00000223355.5
Q99466	ENSG00000234876.5
Q99467	ENSG00000134061.5
Q99469	ENSG00000144681.12
Q99470	ENSG00000132581.11
Q99471	ENSG00000123349.16
Q99471	ENSG00000291834.1
Q99487	ENSG00000158006.15
Q99489	ENSG00000203797.13
Q99490	ENSG00000135439.13
Q99496	ENSG00000121481.13
Q99497	ENSG00000116288.14
Q99500	ENSG00000213694.8
Q99501	ENSG00000185340.17
Q99502	ENSG00000104313.21
Q99504	ENSG00000158161.17
Q99518	ENSG00000094963.15
Q99519	ENSG00000184494.8
Q99519	ENSG00000204386.14
Q99519	ENSG00000234846.7
Q99519	ENSG00000227129.6
Q99519	ENSG00000228691.6
Q99519	ENSG00000234343.6
Q99519	ENSG00000223957.6
Q99519	ENSG00000227315.7
Q99523	ENSG00000134243.13
Q99525	ENSG00000275663.2
Q99527	ENSG00000164850.17
Q99536	ENSG00000108828.17
Q99538	ENSG00000100600.16
Q99541	ENSG00000147872.11
Q99542	ENSG00000123342.17
Q99543	ENSG00000105821.16
Q99547	ENSG00000135698.11
Q99549	ENSG00000196199.15
Q99550	ENSG00000051825.16
Q99551	ENSG00000127989.15
Q99558	ENSG00000006062.19
Q99567	ENSG00000108559.14
Q99569	ENSG00000144283.24
Q99570	ENSG00000196455.9
Q99571	ENSG00000135124.17
Q99572	ENSG00000089041.18
Q99574	ENSG00000163536.14
Q99575	ENSG00000104356.12
Q99576	ENSG00000157514.19
Q99578	ENSG00000152214.15
Q99581	ENSG00000163497.3
Q99583	ENSG00000070444.16
Q99584	ENSG00000189171.17
Q99590	ENSG00000139218.19
Q99592	ENSG00000179456.13
Q99593	ENSG00000089225.21
Q99594	ENSG00000007866.22
Q99595	ENSG00000134375.12
Q99598	ENSG00000116918.16
Q99603	ENSG00000211695.2
Q99607	ENSG00000102034.19
Q99608	ENSG00000182636.8
Q99611	ENSG00000179918.19
Q99612	ENSG00000067082.16
Q99613	ENSG00000184110.16
Q99614	ENSG00000113312.13
Q99615	ENSG00000168259.18
Q99616	ENSG00000181374.8
Q99618	ENSG00000111665.13
Q99619	ENSG00000111671.11
Q99622	ENSG00000111678.12
Q99623	ENSG00000215021.11
Q99624	ENSG00000188338.16
Q99626	ENSG00000165556.11
Q99627	ENSG00000198612.12
Q99633	ENSG00000165630.16
Q99638	ENSG00000172613.9
Q99640	ENSG00000127564.18
Q99643	ENSG00000143252.18
Q99645	ENSG00000083782.8
Q99650	ENSG00000145623.14
Q99653	ENSG00000187446.13
Q99661	ENSG00000142945.14
Q99665	ENSG00000081985.15
Q99666	ENSG00000015568.14
Q99666	ENSG00000183054.14
Q99674	ENSG00000138028.17
Q99675	ENSG00000100532.14
Q99676	ENSG00000096654.17
Q99677	ENSG00000147145.15
Q99678	ENSG00000204882.5
Q99678	ENSG00000275181.2
Q99678	ENSG00000291465.1
Q99679	ENSG00000188394.8
Q99680	ENSG00000172209.7
Q99680	ENSG00000283812.2
Q99683	ENSG00000197442.12
Q99684	ENSG00000162676.14
Q99685	ENSG00000074416.17
Q99687	ENSG00000105419.19
Q99689	ENSG00000149557.15
Q99697	ENSG00000164093.18
Q99698	ENSG00000143669.16
Q99700	ENSG00000204842.19
Q99704	ENSG00000115325.15
Q99705	ENSG00000128285.5
Q99706	ENSG00000189013.17
Q99706	ENSG00000274232.4
Q99706	ENSG00000275456.1
Q99706	ENSG00000275317.4
Q99706	ENSG00000277362.1
Q99706	ENSG00000277750.1
Q99706	ENSG00000273575.4
Q99706	ENSG00000278271.1
Q99706	ENSG00000278430.4
Q99706	ENSG00000276044.4
Q99706	ENSG00000278074.1
Q99706	ENSG00000274609.1
Q99706	ENSG00000276779.1
Q99706	ENSG00000274955.4
Q99706	ENSG00000277964.1
Q99706	ENSG00000275699.4
Q99706	ENSG00000284460.1
Q99706	ENSG00000284365.1
Q99706	ENSG00000284013.2
Q99706	ENSG00000283961.1
Q99706	ENSG00000283869.1
Q99706	ENSG00000284509.1
Q99707	ENSG00000116984.16
Q99708	ENSG00000101773.20
Q99712	ENSG00000157551.20
Q99714	ENSG00000072506.15
Q99715	ENSG00000111799.23
Q99717	ENSG00000113658.19
Q99719	ENSG00000184702.21
Q99720	ENSG00000147955.19
Q99726	ENSG00000115194.12
Q99727	ENSG00000157150.6
Q99728	ENSG00000138376.12
Q99729	ENSG00000197451.13
Q99731	ENSG00000172724.12
Q99732	ENSG00000189067.16
Q99733	ENSG00000205531.15
Q99733	ENSG00000273562.4
Q99735	ENSG00000085871.10
Q99741	ENSG00000094804.13
Q99742	ENSG00000130751.11
Q99743	ENSG00000170485.18
Q99747	ENSG00000134265.14
Q99748	ENSG00000171119.4
Q99750	ENSG00000112559.16
Q99755	ENSG00000143398.21
Q99757	ENSG00000100348.11
Q99758	ENSG00000167972.15
Q99759	ENSG00000198909.9
Q99766	ENSG00000125375.19
Q99767	ENSG00000034053.16
Q99767	ENSG00000276495.4
Q99784	ENSG00000130558.21
Q99788	ENSG00000174600.15
Q99795	ENSG00000143167.13
Q99797	ENSG00000027001.11
Q99798	ENSG00000100412.18
Q99801	ENSG00000167034.10
Q99805	ENSG00000125304.11
Q99807	ENSG00000167186.12
Q99808	ENSG00000112759.20
Q99811	ENSG00000167157.12
Q99814	ENSG00000116016.15
Q99816	ENSG00000074319.14
Q99819	ENSG00000242173.11
Q99828	ENSG00000185043.14
Q99829	ENSG00000214078.14
Q99832	ENSG00000135624.18
Q99835	ENSG00000128602.12
Q99836	ENSG00000172936.19
Q99848	ENSG00000117395.14
Q99853	ENSG00000171956.7
Q99856	ENSG00000116017.12
Q99865	ENSG00000147059.10
Q99871	ENSG00000213397.13
Q99873	ENSG00000126457.23
Q99877	ENSG00000233822.7
Q99878	ENSG00000276368.2
Q99879	ENSG00000273703.2
Q99880	ENSG00000185130.6
Q99884	ENSG00000011083.9
Q99895	ENSG00000162438.12
Q99909	ENSG00000165584.16
Q99928	ENSG00000182256.13
Q99929	ENSG00000183734.5
Q99932	ENSG00000137098.15
Q99933	ENSG00000107262.26
Q99935	ENSG00000171199.11
Q99941	ENSG00000168468.12
Q99941	ENSG00000213676.14
Q99941	ENSG00000228628.8
Q99941	ENSG00000234539.9
Q99942	ENSG00000204308.9
Q99942	ENSG00000225452.5
Q99942	ENSG00000183574.12
Q99942	ENSG00000227277.9
Q99942	ENSG00000223767.5
Q99942	ENSG00000228907.5
Q99942	ENSG00000228405.5
Q99943	ENSG00000204310.14
Q99943	ENSG00000206324.11
Q99943	ENSG00000227642.9
Q99943	ENSG00000228892.9
Q99943	ENSG00000236873.9
Q99943	ENSG00000226467.9
Q99943	ENSG00000235758.9
Q99944	ENSG00000241404.8
Q99944	ENSG00000242038.5
Q99944	ENSG00000239974.6
Q99944	ENSG00000240389.5
Q99944	ENSG00000244444.6
Q99944	ENSG00000243897.8
Q99944	ENSG00000240592.5
Q99946	ENSG00000204314.13
Q99946	ENSG00000206331.11
Q99946	ENSG00000235956.9
Q99946	ENSG00000225141.9
Q99946	ENSG00000229071.9
Q99946	ENSG00000229488.9
Q99946	ENSG00000227122.9
Q99946	ENSG00000238056.9
Q99952	ENSG00000072135.14
Q99954	ENSG00000109208.5
Q99956	ENSG00000130829.19
Q99958	ENSG00000176692.8
Q99959	ENSG00000057294.19
Q99961	ENSG00000141985.10
Q99962	ENSG00000107295.11
Q99963	ENSG00000140600.18
Q99963	ENSG00000291608.1
Q99965	ENSG00000104755.16
Q99965	ENSG00000276286.4
Q99966	ENSG00000125931.12
Q99967	ENSG00000164442.12
Q99969	ENSG00000106538.11
Q99972	ENSG00000034971.18
Q99973	ENSG00000129566.14
Q99973	ENSG00000291791.1
Q99983	ENSG00000127083.9
Q99983	ENSG00000291355.1
Q99985	ENSG00000075223.15
Q99986	ENSG00000100749.10
Q99988	ENSG00000130513.7
Q99990	ENSG00000102243.14
Q99996	ENSG00000127914.20
Q99999	ENSG00000128242.14
Q9BPU6	ENSG00000157851.18
Q9BPU9	ENSG00000123810.10
Q9BPV8	ENSG00000181631.7
Q9BPW4	ENSG00000100336.19
Q9BPW5	ENSG00000128045.7
Q9BPW8	ENSG00000184117.13
Q9BPW9	ENSG00000073737.18
Q9BPX1	ENSG00000087076.10
Q9BPX3	ENSG00000109805.11
Q9BPX5	ENSG00000136950.14
Q9BPX6	ENSG00000107745.21
Q9BPX7	ENSG00000136197.15
Q9BPY3	ENSG00000197798.10
Q9BPY8	ENSG00000171476.24
Q9BPZ2	ENSG00000186787.11
Q9BPZ3	ENSG00000120727.14
Q9BPZ7	ENSG00000119487.18
Q9BQ04	ENSG00000173914.13
Q9BQ08	ENSG00000163515.7
Q9BQ13	ENSG00000151364.17
Q9BQ15	ENSG00000139579.14
Q9BQ16	ENSG00000196104.12
Q9BQ24	ENSG00000100711.15
Q9BQ31	ENSG00000170745.13
Q9BQ39	ENSG00000107625.15
Q9BQ48	ENSG00000130312.7
Q9BQ49	ENSG00000214046.10
Q9BQ50	ENSG00000183479.14
Q9BQ51	ENSG00000197646.9
Q9BQ52	ENSG00000006744.20
Q9BQ61	ENSG00000123144.11
Q9BQ65	ENSG00000103005.14
Q9BQ66	ENSG00000213416.4
Q9BQ66	ENSG00000263236.2
Q9BQ66	ENSG00000292039.1
Q9BQ67	ENSG00000105447.14
Q9BQ69	ENSG00000133315.13
Q9BQ70	ENSG00000141002.21
Q9BQ75	ENSG00000184220.12
Q9BQ83	ENSG00000132207.20
Q9BQ83	ENSG00000181625.19
Q9BQ87	ENSG00000092377.15
Q9BQ89	ENSG00000125898.14
Q9BQ90	ENSG00000124702.20
Q9BQ95	ENSG00000130159.16
Q9BQA1	ENSG00000116455.14
Q9BQA5	ENSG00000172273.14
Q9BQA9	ENSG00000178927.20
Q9BQB4	ENSG00000167941.3
Q9BQB6	ENSG00000167397.16
Q9BQC3	ENSG00000132768.15
Q9BQC6	ENSG00000173141.6
Q9BQD3	ENSG00000105700.12
Q9BQD7	ENSG00000103254.11
Q9BQE3	ENSG00000167553.18
Q9BQE4	ENSG00000131871.16
Q9BQE5	ENSG00000128335.15
Q9BQE6	ENSG00000162194.13
Q9BQE9	ENSG00000106635.9
Q9BQF6	ENSG00000138468.17
Q9BQG0	ENSG00000132382.16
Q9BQG1	ENSG00000213023.12
Q9BQG2	ENSG00000112874.11
Q9BQI0	ENSG00000126878.14
Q9BQI3	ENSG00000086232.14
Q9BQI4	ENSG00000151468.12
Q9BQI5	ENSG00000118473.24
Q9BQI6	ENSG00000133302.14
Q9BQI7	ENSG00000146005.5
Q9BQI9	ENSG00000053702.15
Q9BQJ4	ENSG00000147027.5
Q9BQK8	ENSG00000132793.13
Q9BQL6	ENSG00000101311.18
Q9BQM9	ENSG00000149609.6
Q9BQN1	ENSG00000125998.8
Q9BQP7	ENSG00000125871.15
Q9BQP9	ENSG00000131059.12
Q9BQQ3	ENSG00000114745.16
Q9BQQ7	ENSG00000163825.5
Q9BQR3	ENSG00000172382.11
Q9BQS2	ENSG00000204176.15
Q9BQS2	ENSG00000277758.7
Q9BQS2	ENSG00000288175.3
Q9BQS6	ENSG00000260325.2
Q9BQS7	ENSG00000089472.19
Q9BQS8	ENSG00000163820.17
Q9BQT8	ENSG00000183032.12
Q9BQT9	ENSG00000139182.16
Q9BQT9	ENSG00000288427.1
Q9BQW3	ENSG00000088881.22
Q9BQY4	ENSG00000131721.6
Q9BQY9	ENSG00000244274.10
Q9BR01	ENSG00000130540.15
Q9BR09	ENSG00000124257.7
Q9BR10	ENSG00000149634.5
Q9BR11	ENSG00000168612.6
Q9BR26	ENSG00000149635.3
Q9BR39	ENSG00000149596.8
Q9BR61	ENSG00000230124.9
Q9BR76	ENSG00000172725.15
Q9BR77	ENSG00000120647.11
Q9BR84	ENSG00000188321.15
Q9BRA0	ENSG00000183011.15
Q9BRA2	ENSG00000129235.12
Q9BRB3	ENSG00000007541.18
Q9BRC7	ENSG00000115556.15
Q9BRD0	ENSG00000137656.13
Q9BRF8	ENSG00000103381.13
Q9BRG1	ENSG00000131475.8
Q9BRG2	ENSG00000125731.14
Q9BRH9	ENSG00000198169.10
Q9BRH9	ENSG00000278062.2
Q9BRI3	ENSG00000158014.16
Q9BRJ2	ENSG00000277936.4
Q9BRJ6	ENSG00000146540.16
Q9BRJ7	ENSG00000168101.16
Q9BRJ9	ENSG00000166823.6
Q9BRK0	ENSG00000132563.18
Q9BRK3	ENSG00000162576.18
Q9BRK4	ENSG00000107816.18
Q9BRL6	ENSG00000263465.5
Q9BRL7	ENSG00000093183.15
Q9BRN9	ENSG00000184277.14
Q9BRP0	ENSG00000125850.11
Q9BRP1	ENSG00000126249.8
Q9BRP4	ENSG00000175575.14
Q9BRP7	ENSG00000255561.8
Q9BRP8	ENSG00000170473.18
Q9BRQ0	ENSG00000163348.4
Q9BRQ3	ENSG00000149761.10
Q9BRQ4	ENSG00000137691.14
Q9BRQ5	ENSG00000175938.7
Q9BRQ6	ENSG00000159685.12
Q9BRQ8	ENSG00000042286.16
Q9BRR0	ENSG00000189298.15
Q9BRR3	ENSG00000165152.10
Q9BRR6	ENSG00000159322.19
Q9BRR8	ENSG00000076650.8
Q9BRR9	ENSG00000123329.21
Q9BRS2	ENSG00000124784.10
Q9BRS8	ENSG00000166173.11
Q9BRT2	ENSG00000137288.11
Q9BRT3	ENSG00000141741.13
Q9BRT6	ENSG00000139233.8
Q9BRT8	ENSG00000172785.20
Q9BRT9	ENSG00000147536.12
Q9BRU2	ENSG00000182916.9
Q9BRU9	ENSG00000147679.13
Q9BRV3	ENSG00000169241.20
Q9BRV8	ENSG00000052723.13
Q9BRX2	ENSG00000152684.12
Q9BRX5	ENSG00000181938.15
Q9BRX8	ENSG00000122378.15
Q9BRX9	ENSG00000123154.13
Q9BRY0	ENSG00000141873.12
Q9BRZ2	ENSG00000169871.14
Q9BS16	ENSG00000123219.14
Q9BS18	ENSG00000129055.14
Q9BS26	ENSG00000023318.10
Q9BS31	ENSG00000198093.12
Q9BS34	ENSG00000277462.3
Q9BS40	ENSG00000079257.8
Q9BS86	ENSG00000042813.9
Q9BS91	ENSG00000138459.10
Q9BS92	ENSG00000165028.13
Q9BSA4	ENSG00000141540.12
Q9BSA9	ENSG00000127419.18
Q9BSB4	ENSG00000123395.16
Q9BSC4	ENSG00000115761.18
Q9BSD3	ENSG00000171792.12
Q9BSD7	ENSG00000135778.13
Q9BSE2	ENSG00000163472.20
Q9BSE4	ENSG00000122557.12
Q9BSE5	ENSG00000116771.7
Q9BSF0	ENSG00000187699.11
Q9BSF4	ENSG00000142444.7
Q9BSF8	ENSG00000148925.12
Q9BSG0	ENSG00000135617.5
Q9BSG1	ENSG00000275111.6
Q9BSG5	ENSG00000132026.16
Q9BSH3	ENSG00000145029.16
Q9BSH3	ENSG00000283189.2
Q9BSH4	ENSG00000136463.10
Q9BSH5	ENSG00000119431.11
Q9BSI4	ENSG00000092330.20
Q9BSI4	ENSG00000284915.3
Q9BSJ1	ENSG00000124900.12
Q9BSJ2	ENSG00000130640.16
Q9BSJ5	ENSG00000141219.17
Q9BSJ6	ENSG00000129195.17
Q9BSJ8	ENSG00000139641.14
Q9BSK0	ENSG00000155254.13
Q9BSK1	ENSG00000161551.16
Q9BSK2	ENSG00000171612.8
Q9BSK4	ENSG00000141965.5
Q9BSL1	ENSG00000130560.10
Q9BSM1	ENSG00000115289.15
Q9BSN7	ENSG00000131634.15
Q9BSQ5	ENSG00000136280.18
Q9BSR8	ENSG00000119820.12
Q9BST9	ENSG00000114993.17
Q9BSU1	ENSG00000125149.12
Q9BSU3	ENSG00000156269.5
Q9BSV6	ENSG00000170892.14
Q9BSV6	ENSG00000274796.4
Q9BSV6	ENSG00000278605.4
Q9BSV6	ENSG00000274129.4
Q9BSV6	ENSG00000278622.4
Q9BSV6	ENSG00000274078.4
Q9BSV6	ENSG00000273896.4
Q9BSV6	ENSG00000278712.4
Q9BSV6	ENSG00000274672.4
Q9BSV6	ENSG00000275165.4
Q9BSW2	ENSG00000130038.11
Q9BSW7	ENSG00000103528.18
Q9BSY4	ENSG00000125611.16
Q9BSY9	ENSG00000121644.20
Q9BT04	ENSG00000010361.15
Q9BT09	ENSG00000137161.19
Q9BT17	ENSG00000148824.20
Q9BT22	ENSG00000033011.15
Q9BT23	ENSG00000136490.10
Q9BT25	ENSG00000131351.16
Q9BT30	ENSG00000125652.9
Q9BT40	ENSG00000132376.21
Q9BT43	ENSG00000121851.14
Q9BT49	ENSG00000184436.13
Q9BT56	ENSG00000134548.11
Q9BT67	ENSG00000131507.12
Q9BT73	ENSG00000157778.10
Q9BT76	ENSG00000243566.8
Q9BT76	ENSG00000276184.4
Q9BT78	ENSG00000138663.10
Q9BT81	ENSG00000171056.8
Q9BT81	ENSG00000258724.1
Q9BT81	ENSG00000285438.2
Q9BT81	ENSG00000292296.1
Q9BT88	ENSG00000132718.10
Q9BT92	ENSG00000139437.19
Q9BTA0	ENSG00000183615.7
Q9BTA9	ENSG00000095787.27
Q9BTC0	ENSG00000101191.18
Q9BTC8	ENSG00000057935.15
Q9BTD3	ENSG00000184986.13
Q9BTD8	ENSG00000126254.13
Q9BTE0	ENSG00000109065.13
Q9BTE1	ENSG00000166847.11
Q9BTE3	ENSG00000197771.14
Q9BTE6	ENSG00000108825.18
Q9BTE6	ENSG00000266967.8
Q9BTE7	ENSG00000137692.13
Q9BTF0	ENSG00000138050.16
Q9BTK6	ENSG00000280789.2
Q9BTL3	ENSG00000169612.5
Q9BTL4	ENSG00000160888.9
Q9BTM1	ENSG00000246705.5
Q9BTM9	ENSG00000167118.12
Q9BTN0	ENSG00000126243.9
Q9BTP6	ENSG00000177494.7
Q9BTP7	ENSG00000131944.11
Q9BTT0	ENSG00000143401.16
Q9BTT4	ENSG00000133398.5
Q9BTT4	ENSG00000291745.1
Q9BTT6	ENSG00000137269.16
Q9BTU6	ENSG00000155252.15
Q9BTV4	ENSG00000170876.10
Q9BTV5	ENSG00000105255.12
Q9BTV6	ENSG00000148399.14
Q9BTV7	ENSG00000149679.13
Q9BTW9	ENSG00000141556.23
Q9BTX1	ENSG00000058804.13
Q9BTX3	ENSG00000168701.19
Q9BTX7	ENSG00000124120.12
Q9BTY2	ENSG00000001036.15
Q9BTY7	ENSG00000235173.7
Q9BTZ2	ENSG00000157326.20
Q9BTZ2	ENSG00000284807.3
Q9BU02	ENSG00000259431.6
Q9BU19	ENSG00000171163.17
Q9BU20	ENSG00000132881.13
Q9BU20	ENSG00000291382.1
Q9BU23	ENSG00000100258.19
Q9BU40	ENSG00000101938.16
Q9BU61	ENSG00000178057.16
Q9BU64	ENSG00000138092.12
Q9BU68	ENSG00000167183.4
Q9BU70	ENSG00000136932.17
Q9BU76	ENSG00000143793.14
Q9BU79	ENSG00000135185.13
Q9BU89	ENSG00000129932.11
Q9BUA3	ENSG00000168005.10
Q9BUA6	ENSG00000106436.8
Q9BUB4	ENSG00000065457.12
Q9BUB5	ENSG00000079277.23
Q9BUB7	ENSG00000175606.11
Q9BUD6	ENSG00000159674.13
Q9BUE0	ENSG00000130772.14
Q9BUE0	ENSG00000284944.2
Q9BUE6	ENSG00000135070.15
Q9BUF5	ENSG00000176014.14
Q9BUF7	ENSG00000130545.16
Q9BUG6	ENSG00000131848.11
Q9BUH6	ENSG00000310560.2
Q9BUH8	ENSG00000183092.19
Q9BUI4	ENSG00000186141.11
Q9BUJ0	ENSG00000248487.11
Q9BUJ2	ENSG00000105323.19
Q9BUK0	ENSG00000170791.19
Q9BUK6	ENSG00000125459.19
Q9BUL5	ENSG00000040633.13
Q9BUL8	ENSG00000114209.16
Q9BUL9	ENSG00000178718.7
Q9BUM1	ENSG00000141349.11
Q9BUN1	ENSG00000143443.10
Q9BUN5	ENSG00000160050.17
Q9BUN8	ENSG00000136986.11
Q9BUP0	ENSG00000115468.14
Q9BUP3	ENSG00000109854.15
Q9BUQ8	ENSG00000174243.12
Q9BUR4	ENSG00000141499.19
Q9BUR5	ENSG00000184831.15
Q9BUT1	ENSG00000164039.16
Q9BUT9	ENSG00000172366.21
Q9BUU2	ENSG00000067365.16
Q9BUV0	ENSG00000117616.19
Q9BUV8	ENSG00000101084.20
Q9BUW7	ENSG00000171159.5
Q9BUX1	ENSG00000128965.13
Q9BUY5	ENSG00000130818.13
Q9BUY7	ENSG00000140025.17
Q9BUZ4	ENSG00000076604.16
Q9BV10	ENSG00000182858.15
Q9BV19	ENSG00000164008.18
Q9BV20	ENSG00000037757.15
Q9BV23	ENSG00000163686.16
Q9BV29	ENSG00000128891.18
Q9BV35	ENSG00000125648.16
Q9BV36	ENSG00000115648.15
Q9BV38	ENSG00000065268.12
Q9BV40	ENSG00000118640.12
Q9BV44	ENSG00000134077.17
Q9BV47	ENSG00000133878.10
Q9BV57	ENSG00000182551.15
Q9BV68	ENSG00000070423.19
Q9BV73	ENSG00000126001.18
Q9BV79	ENSG00000116353.17
Q9BV81	ENSG00000127774.8
Q9BV86	ENSG00000148335.16
Q9BV87	ENSG00000115649.17
Q9BV94	ENSG00000088298.14
Q9BV97	ENSG00000169955.9
Q9BV97	ENSG00000261459.1
Q9BV99	ENSG00000127399.15
Q9BVA0	ENSG00000140854.14
Q9BVA1	ENSG00000137285.11
Q9BVA6	ENSG00000198855.8
Q9BVC3	ENSG00000136982.7
Q9BVC4	ENSG00000167965.19
Q9BVC5	ENSG00000135974.12
Q9BVC6	ENSG00000110108.12
Q9BVG3	ENSG00000116525.14
Q9BVG4	ENSG00000102390.13
Q9BVG8	ENSG00000140859.17
Q9BVG9	ENSG00000174915.13
Q9BVH7	ENSG00000117069.16
Q9BVI0	ENSG00000025293.18
Q9BVI4	ENSG00000184967.8
Q9BVI4	ENSG00000288146.1
Q9BVJ6	ENSG00000156697.14
Q9BVJ7	ENSG00000158716.10
Q9BVK2	ENSG00000159063.15
Q9BVK6	ENSG00000184840.13
Q9BVK8	ENSG00000105677.13
Q9BVL2	ENSG00000139496.19
Q9BVL4	ENSG00000073169.15
Q9BVM2	ENSG00000166171.14
Q9BVM4	ENSG00000134864.12
Q9BVN2	ENSG00000160753.18
Q9BVP2	ENSG00000163938.18
Q9BVQ7	ENSG00000171763.21
Q9BVS4	ENSG00000058729.12
Q9BVS5	ENSG00000171103.12
Q9BVT8	ENSG00000164897.15
Q9BVV2	ENSG00000125531.8
Q9BVV6	ENSG00000100578.18
Q9BVV7	ENSG00000075336.13
Q9BVV8	ENSG00000310576.1
Q9BVW5	ENSG00000075131.11
Q9BVX2	ENSG00000134291.13
Q9BW04	ENSG00000182795.14
Q9BW11	ENSG00000213347.12
Q9BW19	ENSG00000204197.9
Q9BW19	ENSG00000237649.9
Q9BW19	ENSG00000233450.7
Q9BW27	ENSG00000125450.12
Q9BW30	ENSG00000159713.12
Q9BW60	ENSG00000066322.16
Q9BW61	ENSG00000130311.12
Q9BW62	ENSG00000102781.15
Q9BW66	ENSG00000100865.15
Q9BW71	ENSG00000149929.17
Q9BW72	ENSG00000146066.3
Q9BW83	ENSG00000100360.16
Q9BW85	ENSG00000105248.17
Q9BW91	ENSG00000170502.14
Q9BW92	ENSG00000143374.19
Q9BWC9	ENSG00000173581.9
Q9BWD1	ENSG00000120437.10
Q9BWD3	ENSG00000203950.7
Q9BWE0	ENSG00000214022.13
Q9BWF2	ENSG00000183763.10
Q9BWF3	ENSG00000173933.22
Q9BWG4	ENSG00000130511.17
Q9BWG6	ENSG00000163156.13
Q9BWH2	ENSG00000165775.19
Q9BWH6	ENSG00000103932.13
Q9BWJ5	ENSG00000169976.7
Q9BWK5	ENSG00000122783.18
Q9BWL3	ENSG00000143612.22
Q9BWM5	ENSG00000083817.10
Q9BWM7	ENSG00000107819.16
Q9BWN1	ENSG00000156858.13
Q9BWP8	ENSG00000118004.19
Q9BWQ6	ENSG00000130733.12
Q9BWQ8	ENSG00000135472.10
Q9BWS9	ENSG00000177830.19
Q9BWT1	ENSG00000144354.16
Q9BWT3	ENSG00000115421.14
Q9BWT6	ENSG00000121211.9
Q9BWT7	ENSG00000100065.16
Q9BWU0	ENSG00000163798.15
Q9BWU1	ENSG00000155111.16
Q9BWV1	ENSG00000144857.16
Q9BWV2	ENSG00000145757.16
Q9BWV3	ENSG00000102543.15
Q9BWV7	ENSG00000120440.15
Q9BWW4	ENSG00000157216.18
Q9BWW7	ENSG00000261678.3
Q9BWW7	ENSG00000284923.2
Q9BWW8	ENSG00000221963.7
Q9BWW9	ENSG00000128313.2
Q9BWX1	ENSG00000010318.23
Q9BWX5	ENSG00000130700.8
Q9BX10	ENSG00000172432.20
Q9BX26	ENSG00000196074.13
Q9BX40	ENSG00000149657.21
Q9BX46	ENSG00000112183.15
Q9BX51	ENSG00000149435.13
Q9BX59	ENSG00000139192.13
Q9BX63	ENSG00000136492.11
Q9BX66	ENSG00000095637.24
Q9BX67	ENSG00000166086.14
Q9BX68	ENSG00000137133.12
Q9BX69	ENSG00000132357.15
Q9BX70	ENSG00000133243.11
Q9BX73	ENSG00000169490.18
Q9BX74	ENSG00000162604.14
Q9BX79	ENSG00000137868.20
Q9BX79	ENSG00000288257.1
Q9BX82	ENSG00000196263.9
Q9BX84	ENSG00000119121.23
Q9BX93	ENSG00000138308.7
Q9BX95	ENSG00000126821.9
Q9BX95	ENSG00000285281.2
Q9BX97	ENSG00000130300.10
Q9BXA5	ENSG00000198829.7
Q9BXA6	ENSG00000178093.14
Q9BXA7	ENSG00000212122.4
Q9BXA9	ENSG00000256463.11
Q9BXA9	ENSG00000277015.4
Q9BXB1	ENSG00000205213.15
Q9BXB4	ENSG00000144909.9
Q9BXB5	ENSG00000144645.17
Q9BXB7	ENSG00000144962.7
Q9BXC0	ENSG00000196917.6
Q9BXC1	ENSG00000147138.4
Q9BXC9	ENSG00000125124.15
Q9BXD5	ENSG00000135838.15
Q9BXF3	ENSG00000099954.20
Q9BXF6	ENSG00000135631.18
Q9BXF9	ENSG00000125409.13
Q9BXG8	ENSG00000164299.7
Q9BXI2	ENSG00000120329.7
Q9BXI3	ENSG00000116981.5
Q9BXI6	ENSG00000099992.17
Q9BXI9	ENSG00000133466.15
Q9BXJ0	ENSG00000223953.6
Q9BXJ1	ENSG00000173918.16
Q9BXJ2	ENSG00000163145.14
Q9BXJ3	ENSG00000172247.5
Q9BXJ3	ENSG00000284838.2
Q9BXJ4	ENSG00000082196.22
Q9BXJ5	ENSG00000145861.10
Q9BXJ7	ENSG00000166126.12
Q9BXJ8	ENSG00000189077.12
Q9BXJ9	ENSG00000164134.15
Q9BXK1	ENSG00000129911.9
Q9BXK5	ENSG00000099968.20
Q9BXL5	ENSG00000136929.13
Q9BXL6	ENSG00000141527.19
Q9BXL7	ENSG00000198286.12
Q9BXL8	ENSG00000170779.12
Q9BXM0	ENSG00000105227.17
Q9BXM7	ENSG00000158828.9
Q9BXM9	ENSG00000106701.14
Q9BXN1	ENSG00000106819.14
Q9BXN2	ENSG00000172243.19
Q9BXN6	ENSG00000196406.4
Q9BXP2	ENSG00000146828.19
Q9BXP5	ENSG00000087087.21
Q9BXP8	ENSG00000116183.11
Q9BXQ6	ENSG00000183307.4
Q9BXR0	ENSG00000213339.10
Q9BXR5	ENSG00000174123.12
Q9BXR6	ENSG00000134389.12
Q9BXR6	ENSG00000292002.1
Q9BXS0	ENSG00000188517.17
Q9BXS1	ENSG00000148377.7
Q9BXS4	ENSG00000116209.13
Q9BXS5	ENSG00000072958.10
Q9BXS6	ENSG00000137804.15
Q9BXS6	ENSG00000285920.2
Q9BXS9	ENSG00000225697.14
Q9BXT2	ENSG00000130433.9
Q9BXT4	ENSG00000095627.11
Q9BXT5	ENSG00000133863.9
Q9BXT6	ENSG00000073146.17
Q9BXT8	ENSG00000132972.19
Q9BXU0	ENSG00000150783.11
Q9BXU1	ENSG00000196335.13
Q9BXU2	ENSG00000170925.3
Q9BXU3	ENSG00000268629.8
Q9BXU7	ENSG00000134588.13
Q9BXU8	ENSG00000132446.7
Q9BXU9	ENSG00000183166.12
Q9BXV9	ENSG00000170270.6
Q9BXV9	ENSG00000275619.2
Q9BXW4	ENSG00000197769.7
Q9BXW6	ENSG00000141447.20
Q9BXW7	ENSG00000069998.13
Q9BXW9	ENSG00000144554.14
Q9BXX0	ENSG00000132205.12
Q9BXX2	ENSG00000180777.16
Q9BXX3	ENSG00000148513.20
Q9BXY0	ENSG00000198042.12
Q9BXY4	ENSG00000146374.15
Q9BXY5	ENSG00000180881.22
Q9BXY8	ENSG00000133134.13
Q9BY07	ENSG00000188687.19
Q9BY08	ENSG00000123179.15
Q9BY10	ENSG00000119457.9
Q9BY11	ENSG00000124507.12
Q9BY12	ENSG00000140386.14
Q9BY14	ENSG00000131126.20
Q9BY15	ENSG00000131355.17
Q9BY19	ENSG00000166959.9
Q9BY21	ENSG00000138271.6
Q9BY27	ENSG00000128185.11
Q9BY31	ENSG00000227124.13
Q9BY32	ENSG00000125877.14
Q9BY41	ENSG00000147099.22
Q9BY42	ENSG00000022277.14
Q9BY43	ENSG00000254505.12
Q9BY43	ENSG00000285302.5
Q9BY44	ENSG00000144895.13
Q9BY49	ENSG00000115425.15
Q9BY50	ENSG00000166562.11
Q9BY64	ENSG00000135226.18
Q9BY66	ENSG00000012817.17
Q9BY67	ENSG00000182985.20
Q9BY71	ENSG00000160233.9
Q9BY76	ENSG00000167772.13
Q9BY77	ENSG00000100227.20
Q9BY78	ENSG00000173456.5
Q9BY79	ENSG00000235718.9
Q9BY84	ENSG00000111266.10
Q9BY84	ENSG00000280962.3
Q9BY89	ENSG00000197077.15
Q9BYB0	ENSG00000292254.1
Q9BYB4	ENSG00000185838.15
Q9BYC2	ENSG00000198754.5
Q9BYC5	ENSG00000033170.18
Q9BYC8	ENSG00000106591.5
Q9BYC9	ENSG00000242485.7
Q9BYD1	ENSG00000172172.9
Q9BYD2	ENSG00000143436.11
Q9BYD3	ENSG00000105364.15
Q9BYD5	ENSG00000105427.10
Q9BYD6	ENSG00000169288.19
Q9BYD9	ENSG00000184378.4
Q9BYE0	ENSG00000179111.9
Q9BYE2	ENSG00000137747.17
Q9BYE3	ENSG00000163202.5
Q9BYE4	ENSG00000159516.9
Q9BYE7	ENSG00000156374.17
Q9BYE9	ENSG00000074276.12
Q9BYF1	ENSG00000130234.14
Q9BYG0	ENSG00000176597.13
Q9BYG3	ENSG00000155438.13
Q9BYG4	ENSG00000178184.16
Q9BYG5	ENSG00000124171.10
Q9BYG7	ENSG00000134042.15
Q9BYG8	ENSG00000147697.10
Q9BYH1	ENSG00000100095.20
Q9BYH8	ENSG00000144802.11
Q9BYI3	ENSG00000122591.14
Q9BYJ0	ENSG00000137441.9
Q9BYJ1	ENSG00000179148.11
Q9BYJ4	ENSG00000258659.8
Q9BYJ9	ENSG00000149658.19
Q9BYK8	ENSG00000130589.16
Q9BYL1	ENSG00000130590.14
Q9BYM8	ENSG00000125826.23
Q9BYN0	ENSG00000271303.3
Q9BYN7	ENSG00000131061.16
Q9BYN8	ENSG00000125901.7
Q9BYP7	ENSG00000196632.13
Q9BYP8	ENSG00000186860.5
Q9BYP8	ENSG00000263341.1
Q9BYP8	ENSG00000292024.1
Q9BYP9	ENSG00000198083.9
Q9BYP9	ENSG00000262594.4
Q9BYP9	ENSG00000267728.4
Q9BYQ0	ENSG00000187272.7
Q9BYQ2	ENSG00000241595.2
Q9BYQ2	ENSG00000262896.2
Q9BYQ2	ENSG00000262512.2
Q9BYQ3	ENSG00000204873.5
Q9BYQ3	ENSG00000262749.2
Q9BYQ3	ENSG00000292047.1
Q9BYQ4	ENSG00000239886.5
Q9BYQ4	ENSG00000263090.5
Q9BYQ5	ENSG00000198090.4
Q9BYQ5	ENSG00000292051.1
Q9BYQ6	ENSG00000212721.4
Q9BYQ6	ENSG00000263229.4
Q9BYQ6	ENSG00000292038.1
Q9BYQ7	ENSG00000198443.8
Q9BYQ8	ENSG00000212722.9
Q9BYQ8	ENSG00000292052.1
Q9BYQ9	ENSG00000204880.9
Q9BYQ9	ENSG00000292042.1
Q9BYR0	ENSG00000240871.7
Q9BYR0	ENSG00000292053.1
Q9BYR2	ENSG00000198271.5
Q9BYR2	ENSG00000292040.1
Q9BYR3	ENSG00000171396.12
Q9BYR3	ENSG00000292041.1
Q9BYR4	ENSG00000196156.5
Q9BYR5	ENSG00000244537.3
Q9BYR6	ENSG00000212899.3
Q9BYR6	ENSG00000263101.2
Q9BYR7	ENSG00000212900.3
Q9BYR7	ENSG00000263296.2
Q9BYR8	ENSG00000212901.4
Q9BYR8	ENSG00000262068.3
Q9BYR9	ENSG00000212724.3
Q9BYR9	ENSG00000213417.3
Q9BYR9	ENSG00000262862.2
Q9BYR9	ENSG00000263091.2
Q9BYR9	ENSG00000292034.1
Q9BYR9	ENSG00000292035.1
Q9BYS1	ENSG00000221852.5
Q9BYS1	ENSG00000261862.2
Q9BYS8	ENSG00000163827.15
Q9BYT1	ENSG00000101194.19
Q9BYT3	ENSG00000130413.17
Q9BYT5	ENSG00000214518.4
Q9BYT5	ENSG00000262731.3
Q9BYT5	ENSG00000292054.1
Q9BYT8	ENSG00000123213.24
Q9BYT9	ENSG00000134343.14
Q9BYU1	ENSG00000105717.15
Q9BYU5	ENSG00000212725.4
Q9BYU5	ENSG00000261852.3
Q9BYU5	ENSG00000262731.3
Q9BYV1	ENSG00000113492.15
Q9BYV2	ENSG00000138100.15
Q9BYV6	ENSG00000147573.18
Q9BYV7	ENSG00000197580.14
Q9BYV8	ENSG00000106477.21
Q9BYV9	ENSG00000112182.17
Q9BYW1	ENSG00000133460.21
Q9BYW1	ENSG00000275744.4
Q9BYW2	ENSG00000181555.23
Q9BYW3	ENSG00000125788.6
Q9BYX2	ENSG00000095383.20
Q9BYX4	ENSG00000115267.10
Q9BYZ2	ENSG00000171989.6
Q9BYZ6	ENSG00000008853.19
Q9BYZ8	ENSG00000134193.16
Q9BZ11	ENSG00000149451.20
Q9BZ19	ENSG00000124227.6
Q9BZ23	ENSG00000125779.24
Q9BZ29	ENSG00000088387.23
Q9BZ67	ENSG00000126391.15
Q9BZ71	ENSG00000091622.16
Q9BZ72	ENSG00000090975.15
Q9BZ76	ENSG00000106714.19
Q9BZ81	ENSG00000188408.5
Q9BZ95	ENSG00000147548.18
Q9BZA7	ENSG00000102290.23
Q9BZA8	ENSG00000099715.15
Q9BZB8	ENSG00000214575.11
Q9BZB8	ENSG00000277445.4
Q9BZC1	ENSG00000101489.21
Q9BZC7	ENSG00000107331.19
Q9BZD2	ENSG00000198246.10
Q9BZD4	ENSG00000143228.14
Q9BZD6	ENSG00000135378.5
Q9BZD7	ENSG00000130032.18
Q9BZE0	ENSG00000126603.10
Q9BZE0	ENSG00000274636.2
Q9BZE1	ENSG00000116221.16
Q9BZE2	ENSG00000110060.10
Q9BZE3	ENSG00000125492.11
Q9BZE4	ENSG00000107937.20
Q9BZE7	ENSG00000128346.12
Q9BZE9	ENSG00000169696.17
Q9BZF1	ENSG00000091039.18
Q9BZF2	ENSG00000006025.14
Q9BZF3	ENSG00000079156.18
Q9BZF9	ENSG00000137831.16
Q9BZG1	ENSG00000109113.21
Q9BZG2	ENSG00000142513.6
Q9BZG8	ENSG00000108963.19
Q9BZH6	ENSG00000120008.16
Q9BZI1	ENSG00000170561.14
Q9BZI7	ENSG00000125351.15
Q9BZJ0	ENSG00000101343.16
Q9BZJ3	ENSG00000095917.15
Q9BZJ4	ENSG00000013306.17
Q9BZJ6	ENSG00000112218.10
Q9BZJ7	ENSG00000180929.6
Q9BZJ8	ENSG00000156097.13
Q9BZK7	ENSG00000177565.20
Q9BZL1	ENSG00000198258.12
Q9BZL3	ENSG00000256235.4
Q9BZL4	ENSG00000125503.14
Q9BZL6	ENSG00000105287.14
Q9BZM1	ENSG00000123739.12
Q9BZM2	ENSG00000158786.5
Q9BZM3	ENSG00000180613.11
Q9BZM4	ENSG00000131019.12
Q9BZM5	ENSG00000131015.6
Q9BZM6	ENSG00000111981.6
Q9BZP6	ENSG00000134216.19
Q9BZQ2	ENSG00000157060.16
Q9BZQ4	ENSG00000157064.12
Q9BZQ6	ENSG00000116406.21
Q9BZQ8	ENSG00000135842.18
Q9BZR6	ENSG00000040608.14
Q9BZR8	ENSG00000121380.13
Q9BZR8	ENSG00000281449.2
Q9BZR9	ENSG00000171206.18
Q9BZS1	ENSG00000049768.19
Q9BZV1	ENSG00000167671.13
Q9BZV2	ENSG00000135917.17
Q9BZV3	ENSG00000081148.12
Q9BZW2	ENSG00000081800.10
Q9BZW4	ENSG00000213996.14
Q9BZW5	ENSG00000136404.17
Q9BZW7	ENSG00000135951.17
Q9BZW8	ENSG00000122223.14
Q9BZX2	ENSG00000143179.17
Q9BZX4	ENSG00000114547.10
Q9BZY9	ENSG00000137397.18
Q9BZY9	ENSG00000204616.12
Q9BZY9	ENSG00000233573.9
Q9BZY9	ENSG00000224168.9
Q9BZY9	ENSG00000223531.9
Q9BZY9	ENSG00000225130.9
Q9BZZ2	ENSG00000088827.15
Q9BZZ5	ENSG00000166181.14
Q9C000	ENSG00000091592.17
Q9C002	ENSG00000166920.14
Q9C004	ENSG00000187678.11
Q9C005	ENSG00000162961.15
Q9C009	ENSG00000164379.7
Q9C010	ENSG00000135549.17
Q9C019	ENSG00000137384.12
Q9C019	ENSG00000204610.15
Q9C019	ENSG00000235259.8
Q9C019	ENSG00000227147.9
Q9C019	ENSG00000235960.9
Q9C019	ENSG00000233599.8
Q9C019	ENSG00000235905.8
Q9C019	ENSG00000224145.8
Q9C026	ENSG00000100505.15
Q9C029	ENSG00000146054.19
Q9C030	ENSG00000121236.22
Q9C035	ENSG00000132256.21
Q9C037	ENSG00000146833.17
Q9C040	ENSG00000109654.17
Q9C056	ENSG00000148826.9
Q9C073	ENSG00000121104.8
Q9C075	ENSG00000108244.17
Q9C075	ENSG00000263309.6
Q9C086	ENSG00000115274.15
Q9C091	ENSG00000141449.17
Q9C093	ENSG00000152582.15
Q9C098	ENSG00000163673.9
Q9C099	ENSG00000133739.17
Q9C0A0	ENSG00000152910.20
Q9C0A1	ENSG00000136367.15
Q9C0A6	ENSG00000168137.21
Q9C0B0	ENSG00000132478.11
Q9C0B1	ENSG00000140718.23
Q9C0B2	ENSG00000142609.20
Q9C0B5	ENSG00000156599.13
Q9C0B6	ENSG00000198797.8
Q9C0B7	ENSG00000103047.9
Q9C0B9	ENSG00000141664.11
Q9C0C2	ENSG00000149115.15
Q9C0C4	ENSG00000168758.12
Q9C0C6	ENSG00000198894.9
Q9C0C7	ENSG00000110497.16
Q9C0C9	ENSG00000175931.14
Q9C0D0	ENSG00000112137.19
Q9C0D2	ENSG00000166004.15
Q9C0D3	ENSG00000162378.14
Q9C0D4	ENSG00000178163.9
Q9C0D5	ENSG00000115183.16
Q9C0D6	ENSG00000137460.11
Q9C0D7	ENSG00000149289.11
Q9C0D9	ENSG00000138018.19
Q9C0E2	ENSG00000132953.19
Q9C0E4	ENSG00000144596.14
Q9C0E8	ENSG00000144320.15
Q9C0F0	ENSG00000141431.14
Q9C0F1	ENSG00000164118.14
Q9C0F3	ENSG00000125945.16
Q9C0F3	ENSG00000283009.3
Q9C0G0	ENSG00000215421.11
Q9C0G6	ENSG00000115423.19
Q9C0H2	ENSG00000136295.17
Q9C0H5	ENSG00000147799.13
Q9C0H6	ENSG00000102271.15
Q9C0H9	ENSG00000273608.4
Q9C0H9	ENSG00000277363.5
Q9C0I1	ENSG00000150712.12
Q9C0I3	ENSG00000184305.16
Q9C0I4	ENSG00000144229.13
Q9C0I9	ENSG00000148814.19
Q9C0J1	ENSG00000176383.9
Q9C0J8	ENSG00000136709.13
Q9C0J9	ENSG00000123095.7
Q9C0K0	ENSG00000127152.18
Q9C0K1	ENSG00000138821.15
Q9C0K3	ENSG00000106526.13
Q9C0K7	ENSG00000082146.14
Q9GZK3	ENSG00000168131.4
Q9GZK4	ENSG00000204688.10
Q9GZK4	ENSG00000206471.10
Q9GZK4	ENSG00000206516.10
Q9GZK4	ENSG00000232984.8
Q9GZK4	ENSG00000224395.8
Q9GZK4	ENSG00000229125.8
Q9GZK4	ENSG00000229408.8
Q9GZK4	ENSG00000235132.8
Q9GZK6	ENSG00000204702.6
Q9GZK6	ENSG00000226931.2
Q9GZK7	ENSG00000204694.13
Q9GZK7	ENSG00000206472.11
Q9GZK7	ENSG00000206517.12
Q9GZK7	ENSG00000223898.8
Q9GZK7	ENSG00000234347.8
Q9GZK7	ENSG00000237258.8
Q9GZK7	ENSG00000230780.8
Q9GZK7	ENSG00000232289.8
Q9GZL7	ENSG00000138442.12
Q9GZM3	ENSG00000228049.8
Q9GZM3	ENSG00000267645.5
Q9GZM5	ENSG00000137207.13
Q9GZM6	ENSG00000279116.3
Q9GZM7	ENSG00000142910.17
Q9GZM8	ENSG00000166579.17
Q9GZN0	ENSG00000181656.7
Q9GZN1	ENSG00000075089.11
Q9GZN2	ENSG00000118707.12
Q9GZN2	ENSG00000259399.1
Q9GZN4	ENSG00000005001.11
Q9GZN4	ENSG00000282937.6
Q9GZN6	ENSG00000063127.16
Q9GZN7	ENSG00000067836.14
Q9GZN8	ENSG00000101220.19
Q9GZP0	ENSG00000170962.14
Q9GZP1	ENSG00000125841.15
Q9GZP4	ENSG00000057757.11
Q9GZP7	ENSG00000178201.5
Q9GZP8	ENSG00000167644.13
Q9GZP9	ENSG00000072849.12
Q9GZQ3	ENSG00000170619.11
Q9GZQ4	ENSG00000132911.6
Q9GZQ6	ENSG00000148734.8
Q9GZQ8	ENSG00000140941.15
Q9GZR1	ENSG00000112701.19
Q9GZR2	ENSG00000148300.13
Q9GZR2	ENSG00000280706.3
Q9GZR5	ENSG00000118402.6
Q9GZR7	ENSG00000273761.5
Q9GZR7	ENSG00000089737.20
Q9GZS0	ENSG00000171595.15
Q9GZS1	ENSG00000137054.17
Q9GZS3	ENSG00000140395.10
Q9GZS9	ENSG00000135702.15
Q9GZT3	ENSG00000119705.11
Q9GZT4	ENSG00000167720.14
Q9GZT5	ENSG00000135925.10
Q9GZT6	ENSG00000137500.11
Q9GZT8	ENSG00000196290.18
Q9GZT9	ENSG00000135766.10
Q9GZU0	ENSG00000112308.15
Q9GZU1	ENSG00000090674.17
Q9GZU2	ENSG00000198300.14
Q9GZU3	ENSG00000121775.19
Q9GZU5	ENSG00000188937.8
Q9GZU7	ENSG00000144579.10
Q9GZU8	ENSG00000172775.19
Q9GZV1	ENSG00000165887.13
Q9GZV3	ENSG00000115665.10
Q9GZV4	ENSG00000163577.9
Q9GZV5	ENSG00000018408.16
Q9GZV7	ENSG00000132702.14
Q9GZV7	ENSG00000291756.1
Q9GZV8	ENSG00000147596.5
Q9GZV9	ENSG00000118972.3
Q9GZW8	ENSG00000166927.14
Q9GZX3	ENSG00000183196.11
Q9GZX5	ENSG00000256683.8
Q9GZX6	ENSG00000127318.11
Q9GZX7	ENSG00000111732.12
Q9GZX9	ENSG00000128791.13
Q9GZY0	ENSG00000269437.8
Q9GZY0	ENSG00000269405.7
Q9GZY1	ENSG00000254440.3
Q9GZY4	ENSG00000106603.21
Q9GZY6	ENSG00000086730.18
Q9GZY8	ENSG00000168958.22
Q9GZZ0	ENSG00000128645.16
Q9GZZ1	ENSG00000121579.15
Q9GZZ6	ENSG00000129749.3
Q9GZZ7	ENSG00000125861.17
Q9GZZ8	ENSG00000135413.9
Q9GZZ9	ENSG00000081307.16
Q9H000	ENSG00000075975.18
Q9H008	ENSG00000107902.15
Q9H009	ENSG00000253506.3
Q9H013	ENSG00000135074.17
Q9H015	ENSG00000197208.7
Q9H019	ENSG00000117640.19
Q9H040	ENSG00000010072.17
Q9H061	ENSG00000171202.8
Q9H063	ENSG00000179632.12
Q9H069	ENSG00000171962.20
Q9H074	ENSG00000172239.15
Q9H078	ENSG00000162129.16
Q9H079	ENSG00000134152.12
Q9H081	ENSG00000167842.17
Q9H082	ENSG00000172007.8
Q9H089	ENSG00000041802.12
Q9H091	ENSG00000141497.15
Q9H093	ENSG00000163545.11
Q9H094	ENSG00000142794.20
Q9H095	ENSG00000114473.15
Q9H098	ENSG00000065809.14
Q9H0A0	ENSG00000135372.11
Q9H0A6	ENSG00000105982.18
Q9H0A8	ENSG00000140365.17
Q9H0A9	ENSG00000160284.16
Q9H0A9	ENSG00000274679.4
Q9H0B3	ENSG00000130518.19
Q9H0B6	ENSG00000174996.13
Q9H0B8	ENSG00000103196.13
Q9H0C1	ENSG00000066185.14
Q9H0C2	ENSG00000151475.6
Q9H0C3	ENSG00000139173.11
Q9H0C5	ENSG00000064726.11
Q9H0C8	ENSG00000132323.10
Q9H0D2	ENSG00000118156.13
Q9H0D6	ENSG00000088930.9
Q9H0E2	ENSG00000078902.17
Q9H0E2	ENSG00000291426.1
Q9H0E3	ENSG00000136715.20
Q9H0E7	ENSG00000136014.13
Q9H0E9	ENSG00000112983.18
Q9H0F5	ENSG00000137075.18
Q9H0F6	ENSG00000179526.18
Q9H0F7	ENSG00000113966.12
Q9H0G5	ENSG00000126653.19
Q9H0H0	ENSG00000108506.15
Q9H0H3	ENSG00000183655.14
Q9H0H5	ENSG00000161800.14
Q9H0I2	ENSG00000124074.13
Q9H0I3	ENSG00000103021.11
Q9H0I9	ENSG00000151005.5
Q9H0J4	ENSG00000129646.16
Q9H0J9	ENSG00000059378.14
Q9H0K1	ENSG00000170145.6
Q9H0K4	ENSG00000104941.8
Q9H0K6	ENSG00000129317.16
Q9H0L4	ENSG00000177613.9
Q9H0M0	ENSG00000123124.15
Q9H0M4	ENSG00000078487.19
Q9H0M5	ENSG00000196757.8
Q9H0N0	ENSG00000222014.6
Q9H0N0	ENSG00000292140.1
Q9H0N5	ENSG00000132570.16
Q9H0P0	ENSG00000122643.25
Q9H0Q0	ENSG00000197872.12
Q9H0Q3	ENSG00000137726.18
Q9H0Q3	ENSG00000255245.4
Q9H0R1	ENSG00000053770.13
Q9H0R3	ENSG00000186501.16
Q9H0R4	ENSG00000167220.13
Q9H0R5	ENSG00000117226.14
Q9H0R6	ENSG00000130348.12
Q9H0R8	ENSG00000139112.12
Q9H0S4	ENSG00000213782.8
Q9H0T7	ENSG00000124839.14
Q9H0U3	ENSG00000102158.23
Q9H0U4	ENSG00000174903.17
Q9H0U6	ENSG00000112110.11
Q9H0U9	ENSG00000189241.8
Q9H0V1	ENSG00000146802.14
Q9H0V9	ENSG00000114988.13
Q9H0W5	ENSG00000169515.9
Q9H0W7	ENSG00000173451.7
Q9H0W8	ENSG00000105771.15
Q9H0W9	ENSG00000182919.16
Q9H0X4	ENSG00000167930.18
Q9H0X6	ENSG00000212864.5
Q9H0X9	ENSG00000021762.21
Q9H0Y0	ENSG00000152348.17
Q9H0Z9	ENSG00000132819.17
Q9H106	ENSG00000125900.13
Q9H112	ENSG00000125831.11
Q9H114	ENSG00000125823.13
Q9H115	ENSG00000125814.18
Q9H116	ENSG00000125812.17
Q9H147	ENSG00000101457.14
Q9H156	ENSG00000185985.12
Q9H158	ENSG00000248383.5
Q9H158	ENSG00000291670.1
Q9H159	ENSG00000071991.10
Q9H160	ENSG00000168556.7
Q9H161	ENSG00000052850.8
Q9H165	ENSG00000119866.22
Q9H169	ENSG00000015592.18
Q9H171	ENSG00000124256.16
Q9H172	ENSG00000172350.11
Q9H173	ENSG00000120725.14
Q9H175	ENSG00000110925.8
Q9H190	ENSG00000125775.16
Q9H1A3	ENSG00000197006.16
Q9H1A4	ENSG00000153107.14
Q9H1A7	ENSG00000168255.20
Q9H1A7	ENSG00000285437.3
Q9H1B5	ENSG00000015532.11
Q9H1B7	ENSG00000119669.5
Q9H1C0	ENSG00000184574.11
Q9H1C3	ENSG00000120820.14
Q9H1C4	ENSG00000110057.10
Q9H1C7	ENSG00000120306.12
Q9H1D0	ENSG00000165125.22
Q9H1D9	ENSG00000132664.14
Q9H1E1	ENSG00000165799.5
Q9H1E3	ENSG00000069275.14
Q9H1E5	ENSG00000125827.10
Q9H1F0	ENSG00000180305.5
Q9H1H1	ENSG00000124196.6
Q9H1H9	ENSG00000137177.20
Q9H1I8	ENSG00000100325.16
Q9H1J1	ENSG00000169062.16
Q9H1J5	ENSG00000061492.12
Q9H1J7	ENSG00000111186.14
Q9H1K0	ENSG00000131381.14
Q9H1K1	ENSG00000136003.17
Q9H1K4	ENSG00000182902.15
Q9H1K6	ENSG00000140406.4
Q9H1M0	ENSG00000198088.11
Q9H1M3	ENSG00000125903.4
Q9H1M4	ENSG00000088782.5
Q9H1N7	ENSG00000124786.14
Q9H1P3	ENSG00000130703.18
Q9H1P6	ENSG00000124237.6
Q9H1Q7	ENSG00000132635.18
Q9H1R2	ENSG00000149599.17
Q9H1R3	ENSG00000101306.12
Q9H1U4	ENSG00000106780.10
Q9H1U9	ENSG00000122696.15
Q9H1V8	ENSG00000197106.8
Q9H1X1	ENSG00000172426.17
Q9H1X3	ENSG00000059769.21
Q9H1X3	ENSG00000244115.1
Q9H1Y0	ENSG00000057663.17
Q9H1Y3	ENSG00000054277.14
Q9H1Z4	ENSG00000101940.19
Q9H1Z8	ENSG00000119147.10
Q9H1Z9	ENSG00000182612.12
Q9H201	ENSG00000049283.20
Q9H204	ENSG00000118579.13
Q9H205	ENSG00000279486.6
Q9H207	ENSG00000166363.6
Q9H208	ENSG00000170790.6
Q9H209	ENSG00000170782.3
Q9H210	ENSG00000166368.3
Q9H211	ENSG00000167513.10
Q9H213	ENSG00000187601.5
Q9H221	ENSG00000143921.10
Q9H222	ENSG00000138075.15
Q9H223	ENSG00000103966.12
Q9H227	ENSG00000291927.2
Q9H228	ENSG00000180739.15
Q9H237	ENSG00000102312.25
Q9H239	ENSG00000271447.7
Q9H239	ENSG00000278843.4
Q9H244	ENSG00000169313.11
Q9H246	ENSG00000116667.16
Q9H251	ENSG00000107736.23
Q9H252	ENSG00000173826.16
Q9H254	ENSG00000160460.17
Q9H255	ENSG00000167332.9
Q9H257	ENSG00000187796.17
Q9H257	ENSG00000289701.1
Q9H267	ENSG00000184056.16
Q9H269	ENSG00000215305.11
Q9H270	ENSG00000160695.17
Q9H270	ENSG00000280616.4
Q9H293	ENSG00000166090.8
Q9H295	ENSG00000164935.6
Q9H299	ENSG00000142669.16
Q9H2A2	ENSG00000118514.15
Q9H2A3	ENSG00000178403.4
Q9H2A7	ENSG00000161921.18
Q9H2A9	ENSG00000124302.14
Q9H2B2	ENSG00000132872.13
Q9H2B4	ENSG00000145217.15
Q9H2C0	ENSG00000261609.10
Q9H2C1	ENSG00000089116.4
Q9H2C2	ENSG00000173409.15
Q9H2C5	ENSG00000171944.2
Q9H2D1	ENSG00000164933.13
Q9H2D6	ENSG00000100106.22
Q9H2E6	ENSG00000092421.18
Q9H2F3	ENSG00000099377.15
Q9H2F5	ENSG00000120616.16
Q9H2F9	ENSG00000166510.15
Q9H2G2	ENSG00000065613.16
Q9H2G4	ENSG00000184205.15
Q9H2G9	ENSG00000117475.15
Q9H2H8	ENSG00000240344.11
Q9H2H9	ENSG00000111371.17
Q9H2I8	ENSG00000148655.16
Q9H2J4	ENSG00000115539.16
Q9H2J7	ENSG00000072041.19
Q9H2K0	ENSG00000122033.16
Q9H2K2	ENSG00000107854.7
Q9H2K8	ENSG00000135090.15
Q9H2L4	ENSG00000135211.7
Q9H2L5	ENSG00000107551.22
Q9H2M3	ENSG00000132840.11
Q9H2M9	ENSG00000118873.18
Q9H2P0	ENSG00000101126.19
Q9H2P9	ENSG00000117543.23
Q9H2R5	ENSG00000174562.15
Q9H2S1	ENSG00000080709.17
Q9H2S5	ENSG00000204618.10
Q9H2S5	ENSG00000206500.9
Q9H2S5	ENSG00000237733.8
Q9H2S5	ENSG00000227171.8
Q9H2S5	ENSG00000230332.8
Q9H2S5	ENSG00000236967.8
Q9H2S5	ENSG00000235022.8
Q9H2S5	ENSG00000230467.8
Q9H2S6	ENSG00000000005.6
Q9H2S9	ENSG00000123411.16
Q9H2T7	ENSG00000204764.15
Q9H2U1	ENSG00000174953.15
Q9H2U2	ENSG00000138777.21
Q9H2U9	ENSG00000069206.15
Q9H2V7	ENSG00000169682.18
Q9H2W1	ENSG00000110077.17
Q9H2W2	ENSG00000185155.12
Q9H2W6	ENSG00000259494.3
Q9H2X0	ENSG00000090539.17
Q9H2X3	ENSG00000104938.19
Q9H2X6	ENSG00000064393.17
Q9H2X8	ENSG00000119632.5
Q9H2X8	ENSG00000276879.2
Q9H2X9	ENSG00000124140.15
Q9H2Y7	ENSG00000103994.18
Q9H2Y9	ENSG00000137571.12
Q9H2Z4	ENSG00000125816.5
Q9H300	ENSG00000175193.15
Q9H305	ENSG00000089486.18
Q9H305	ENSG00000274336.2
Q9H306	ENSG00000137675.5
Q9H307	ENSG00000100941.10
Q9H310	ENSG00000132677.14
Q9H313	ENSG00000167614.15
Q9H313	ENSG00000276887.4
Q9H313	ENSG00000275650.4
Q9H313	ENSG00000276537.4
Q9H320	ENSG00000182583.13
Q9H321	ENSG00000205642.11
Q9H322	ENSG00000177504.10
Q9H324	ENSG00000142303.15
Q9H329	ENSG00000095203.16
Q9H330	ENSG00000106771.14
Q9H334	ENSG00000114861.25
Q9H334	ENSG00000285708.1
Q9H336	ENSG00000121005.10
Q9H339	ENSG00000167355.8
Q9H340	ENSG00000176239.7
Q9H341	ENSG00000184698.5
Q9H343	ENSG00000167359.8
Q9H344	ENSG00000187918.6
Q9H346	ENSG00000181609.5
Q9H347	ENSG00000175520.9
Q9H361	ENSG00000151846.9
Q9H3C7	ENSG00000278311.6
Q9H3C7	ENSG00000275099.2
Q9H3D4	ENSG00000073282.14
Q9H3E2	ENSG00000109762.18
Q9H3F6	ENSG00000110906.14
Q9H3G5	ENSG00000106066.16
Q9H3H1	ENSG00000043514.17
Q9H3H3	ENSG00000175573.7
Q9H3H5	ENSG00000172269.21
Q9H3H9	ENSG00000184905.10
Q9H3H9	ENSG00000291823.1
Q9H3J6	ENSG00000130921.10
Q9H3K2	ENSG00000165678.23
Q9H3K6	ENSG00000183336.10
Q9H3K6	ENSG00000261740.7
Q9H3K6	ENSG00000169627.10
Q9H3L0	ENSG00000168288.14
Q9H3M0	ENSG00000162975.6
Q9H3M7	ENSG00000265972.7
Q9H3M9	ENSG00000123594.7
Q9H3N1	ENSG00000139921.14
Q9H3N8	ENSG00000134489.7
Q9H3P2	ENSG00000185049.17
Q9H3P7	ENSG00000182827.10
Q9H3Q1	ENSG00000179604.11
Q9H3Q3	ENSG00000154252.12
Q9H3R0	ENSG00000107077.22
Q9H3R1	ENSG00000138653.10
Q9H3R2	ENSG00000173702.8
Q9H3R5	ENSG00000153044.11
Q9H3S1	ENSG00000196189.15
Q9H3S3	ENSG00000166682.14
Q9H3S4	ENSG00000196511.16
Q9H3S5	ENSG00000143315.8
Q9H3S7	ENSG00000076201.17
Q9H3T2	ENSG00000143434.18
Q9H3T3	ENSG00000167680.19
Q9H3U1	ENSG00000140553.19
Q9H3U5	ENSG00000118855.22
Q9H3U7	ENSG00000112562.21
Q9H3V2	ENSG00000166930.7
Q9H3W5	ENSG00000173114.14
Q9H3Y0	ENSG00000101074.5
Q9H3Y6	ENSG00000125508.4
Q9H3Y8	ENSG00000125534.12
Q9H3Z4	ENSG00000101152.13
Q9H3Z7	ENSG00000183260.7
Q9H400	ENSG00000203896.11
Q9H410	ENSG00000149636.17
Q9H422	ENSG00000110422.13
Q9H425	ENSG00000119280.18
Q9H426	ENSG00000101098.13
Q9H427	ENSG00000124249.7
Q9H444	ENSG00000101421.5
Q9H446	ENSG00000111832.13
Q9H461	ENSG00000177283.8
Q9H467	ENSG00000107874.12
Q9H469	ENSG00000107872.15
Q9H477	ENSG00000171174.16
Q9H479	ENSG00000167363.15
Q9H488	ENSG00000101346.16
Q9H489	ENSG00000293164.1
Q9H490	ENSG00000101464.12
Q9H492	ENSG00000101460.14
Q9H497	ENSG00000186283.15
Q9H4A3	ENSG00000060237.20
Q9H4A4	ENSG00000176393.12
Q9H4A5	ENSG00000143457.12
Q9H4A6	ENSG00000113384.15
Q9H4A9	ENSG00000167261.15
Q9H4B0	ENSG00000128694.13
Q9H4B4	ENSG00000173846.15
Q9H4B6	ENSG00000151748.16
Q9H4B7	ENSG00000101162.4
Q9H4B8	ENSG00000141096.7
Q9H4D0	ENSG00000158258.16
Q9H4D5	ENSG00000147206.17
Q9H4E5	ENSG00000126785.14
Q9H4E7	ENSG00000023892.13
Q9H4F1	ENSG00000136840.20
Q9H4F8	ENSG00000198732.12
Q9H4G0	ENSG00000088367.24
Q9H4G1	ENSG00000101435.5
Q9H4G4	ENSG00000122694.17
Q9H4H8	ENSG00000101447.15
Q9H4I0	ENSG00000244588.7
Q9H4I2	ENSG00000174306.23
Q9H4I3	ENSG00000170638.11
Q9H4I8	ENSG00000183569.19
Q9H4I9	ENSG00000183172.10
Q9H4I9	ENSG00000272901.5
Q9H4I9	ENSG00000272835.3
Q9H4I9	ENSG00000274112.2
Q9H4K1	ENSG00000128408.9
Q9H4K7	ENSG00000101181.19
Q9H4L4	ENSG00000161956.15
Q9H4L5	ENSG00000070882.14
Q9H4L7	ENSG00000163104.19
Q9H4M3	ENSG00000132879.15
Q9H4M7	ENSG00000105559.14
Q9H4M9	ENSG00000110047.19
Q9H4P4	ENSG00000181852.19
Q9H4Q3	ENSG00000112238.12
Q9H4Q4	ENSG00000130711.5
Q9H4S2	ENSG00000169840.5
Q9H4T2	ENSG00000196812.7
Q9H4W6	ENSG00000108001.17
Q9H4X1	ENSG00000102760.14
Q9H4Y5	ENSG00000065621.16
Q9H4Z2	ENSG00000198026.9
Q9H4Z3	ENSG00000100982.13
Q9H501	ENSG00000089048.16
Q9H503	ENSG00000125888.15
Q9H511	ENSG00000124743.6
Q9H553	ENSG00000119523.11
Q9H568	ENSG00000117148.9
Q9H582	ENSG00000122482.23
Q9H583	ENSG00000119285.12
Q9H596	ENSG00000189037.8
Q9H598	ENSG00000101438.4
Q9H5F2	ENSG00000137720.8
Q9H5H4	ENSG00000169957.10
Q9H5I1	ENSG00000152455.17
Q9H5I5	ENSG00000154864.14
Q9H5J0	ENSG00000185670.10
Q9H5J4	ENSG00000170522.11
Q9H5J8	ENSG00000166012.18
Q9H5K3	ENSG00000185900.12
Q9H5L6	ENSG00000168152.13
Q9H5N1	ENSG00000177548.14
Q9H5P4	ENSG00000186862.21
Q9H5Q4	ENSG00000162851.9
Q9H5U6	ENSG00000168228.17
Q9H5V7	ENSG00000095574.13
Q9H5V8	ENSG00000163814.9
Q9H5V9	ENSG00000018610.16
Q9H5X1	ENSG00000166797.13
Q9H5Y7	ENSG00000184564.11
Q9H5Z1	ENSG00000101452.16
Q9H5Z6	ENSG00000124019.11
Q9H607	ENSG00000099330.10
Q9H609	ENSG00000124444.17
Q9H611	ENSG00000140451.14
Q9H628	ENSG00000111404.7
Q9H633	ENSG00000239927.6
Q9H633	ENSG00000241863.6
Q9H633	ENSG00000243009.6
Q9H633	ENSG00000241779.6
Q9H633	ENSG00000241370.7
Q9H633	ENSG00000242726.6
Q9H633	ENSG00000239865.6
Q9H649	ENSG00000178694.10
Q9H665	ENSG00000126246.11
Q9H668	ENSG00000107960.13
Q9H672	ENSG00000183475.14
Q9H693	ENSG00000260456.8
Q9H694	ENSG00000122870.12
Q9H6A0	ENSG00000162777.18
Q9H6A9	ENSG00000197136.6
Q9H6B1	ENSG00000151789.14
Q9H6B4	ENSG00000166250.14
Q9H6B9	ENSG00000105131.9
Q9H6D3	ENSG00000158156.9
Q9H6D7	ENSG00000092036.20
Q9H6D8	ENSG00000115226.11
Q9H6E4	ENSG00000100147.16
Q9H6E5	ENSG00000149016.17
Q9H6F2	ENSG00000072954.8
Q9H6F5	ENSG00000110104.13
Q9H6H4	ENSG00000168476.13
Q9H6I2	ENSG00000164736.6
Q9H6J7	ENSG00000149179.15
Q9H6K1	ENSG00000196821.11
Q9H6K4	ENSG00000125741.6
Q9H6K5	ENSG00000183248.12
Q9H6L2	ENSG00000205084.13
Q9H6L4	ENSG00000125449.8
Q9H6L5	ENSG00000154153.15
Q9H6P5	ENSG00000089123.17
Q9H6Q3	ENSG00000101082.15
Q9H6Q4	ENSG00000103245.15
Q9H6R0	ENSG00000005100.13
Q9H6R3	ENSG00000111058.9
Q9H6R4	ENSG00000165271.18
Q9H6R6	ENSG00000023041.13
Q9H6R7	ENSG00000163026.12
Q9H6S0	ENSG00000047188.17
Q9H6S1	ENSG00000163512.15
Q9H6S3	ENSG00000177106.18
Q9H6T0	ENSG00000103067.15
Q9H6T3	ENSG00000005175.11
Q9H6U6	ENSG00000141376.24
Q9H6U8	ENSG00000086848.16
Q9H6V9	ENSG00000118961.16
Q9H6W3	ENSG00000170468.8
Q9H6X2	ENSG00000169604.22
Q9H6X4	ENSG00000172663.10
Q9H6X5	ENSG00000105072.10
Q9H6Y2	ENSG00000120314.19
Q9H6Y5	ENSG00000269313.7
Q9H6Y5	ENSG00000292218.1
Q9H6Y7	ENSG00000108523.17
Q9H6Z4	ENSG00000031823.15
Q9H6Z9	ENSG00000129521.16
Q9H706	ENSG00000141441.17
Q9H707	ENSG00000178935.5
Q9H714	ENSG00000102445.21
Q9H720	ENSG00000109182.13
Q9H741	ENSG00000111412.6
Q9H756	ENSG00000184434.9
Q9H765	ENSG00000177981.12
Q9H772	ENSG00000180875.6
Q9H773	ENSG00000179958.10
Q9H777	ENSG00000141642.10
Q9H788	ENSG00000104611.13
Q9H790	ENSG00000164002.13
Q9H792	ENSG00000173517.12
Q9H799	ENSG00000197603.17
Q9H7B2	ENSG00000197498.14
Q9H7B4	ENSG00000185420.19
Q9H7C4	ENSG00000162520.16
Q9H7C9	ENSG00000087884.17
Q9H7D0	ENSG00000147459.18
Q9H7D7	ENSG00000162923.18
Q9H7E2	ENSG00000083544.17
Q9H7E9	ENSG00000182307.15
Q9H7E9	ENSG00000291362.1
Q9H7F0	ENSG00000133657.18
Q9H7F4	ENSG00000226479.4
Q9H7H0	ENSG00000165792.19
Q9H7J1	ENSG00000235194.10
Q9H7L2	ENSG00000276848.4
Q9H7L2	ENSG00000275918.4
Q9H7L2	ENSG00000276033.4
Q9H7L9	ENSG00000111707.13
Q9H7M6	ENSG00000132003.11
Q9H7M6	ENSG00000288360.1
Q9H7M9	ENSG00000107738.21
Q9H7N4	ENSG00000126461.16
Q9H7P6	ENSG00000196814.16
Q9H7P9	ENSG00000090924.16
Q9H7R0	ENSG00000198342.10
Q9H7R5	ENSG00000197497.12
Q9H7S9	ENSG00000183779.7
Q9H7T0	ENSG00000133962.8
Q9H7T0	ENSG00000274338.2
Q9H7T9	ENSG00000127423.11
Q9H7U1	ENSG00000107771.18
Q9H7V2	ENSG00000101463.7
Q9H7X0	ENSG00000122390.20
Q9H7X2	ENSG00000162817.7
Q9H7X3	ENSG00000185730.9
Q9H7X7	ENSG00000128581.17
Q9H7Y0	ENSG00000147113.18
Q9H7Z3	ENSG00000119720.19
Q9H7Z6	ENSG00000103510.20
Q9H7Z7	ENSG00000148334.17
Q9H808	ENSG00000104953.21
Q9H813	ENSG00000065600.14
Q9H814	ENSG00000164902.15
Q9H816	ENSG00000118655.9
Q9H819	ENSG00000170464.11
Q9H825	ENSG00000123600.22
Q9H832	ENSG00000159202.19
Q9H840	ENSG00000142252.12
Q9H841	ENSG00000104361.11
Q9H845	ENSG00000177646.21
Q9H853	ENSG00000243910.9
Q9H857	ENSG00000168268.12
Q9H867	ENSG00000100483.15
Q9H869	ENSG00000163374.22
Q9H871	ENSG00000153561.14
Q9H875	ENSG00000128563.14
Q9H892	ENSG00000149292.18
Q9H898	ENSG00000165061.16
Q9H8E8	ENSG00000149474.15
Q9H8G1	ENSG00000118620.14
Q9H8G2	ENSG00000120159.14
Q9H8H0	ENSG00000130935.11
Q9H8H2	ENSG00000125485.19
Q9H8H3	ENSG00000185432.13
Q9H8J5	ENSG00000111261.15
Q9H8J5	ENSG00000281818.3
Q9H8K7	ENSG00000119965.13
Q9H8L6	ENSG00000173269.15
Q9H8M1	ENSG00000115520.10
Q9H8M2	ENSG00000028310.19
Q9H8M5	ENSG00000148842.19
Q9H8M7	ENSG00000148481.15
Q9H8M9	ENSG00000115363.15
Q9H8N7	ENSG00000186918.15
Q9H8P0	ENSG00000128039.14
Q9H8S5	ENSG00000105219.11
Q9H8S9	ENSG00000114978.19
Q9H8T0	ENSG00000166971.18
Q9H8U3	ENSG00000156639.13
Q9H8V3	ENSG00000114346.15
Q9H8W3	ENSG00000165669.15
Q9H8W4	ENSG00000175895.6
Q9H8W5	ENSG00000134253.10
Q9H8X2	ENSG00000127080.11
Q9H8X9	ENSG00000188818.13
Q9H8Y1	ENSG00000133980.6
Q9H8Y5	ENSG00000163516.15
Q9H8Y8	ENSG00000115806.14
Q9H900	ENSG00000174442.13
Q9H902	ENSG00000068615.21
Q9H903	ENSG00000163738.20
Q9H910	ENSG00000206053.14
Q9H920	ENSG00000137522.19
Q9H930	ENSG00000185404.18
Q9H936	ENSG00000177542.12
Q9H939	ENSG00000152229.19
Q9H944	ENSG00000124641.17
Q9H944	ENSG00000288721.1
Q9H967	ENSG00000092470.13
Q9H972	ENSG00000100802.16
Q9H974	ENSG00000151576.11
Q9H977	ENSG00000005448.18
Q9H981	ENSG00000113812.15
Q9H987	ENSG00000166317.12
Q9H992	ENSG00000136536.16
Q9H993	ENSG00000146476.12
Q9H999	ENSG00000120137.8
Q9H9A5	ENSG00000182973.21
Q9H9A5	ENSG00000291502.1
Q9H9A6	ENSG00000066557.7
Q9H9A7	ENSG00000178966.18
Q9H9B1	ENSG00000181090.22
Q9H9B4	ENSG00000164466.14
Q9H9C1	ENSG00000151445.17
Q9H9D4	ENSG00000175213.4
Q9H9E1	ENSG00000164331.11
Q9H9E3	ENSG00000103051.22
Q9H9F9	ENSG00000101442.11
Q9H9G7	ENSG00000126070.21
Q9H9H4	ENSG00000139722.8
Q9H9H5	ENSG00000180834.9
Q9H9J2	ENSG00000135900.5
Q9H9J4	ENSG00000106346.13
Q9H9K5	ENSG00000226887.9
Q9H9L3	ENSG00000143319.19
Q9H9L4	ENSG00000139620.14
Q9H9L7	ENSG00000174574.17
Q9H9P2	ENSG00000154645.14
Q9H9P5	ENSG00000059145.20
Q9H9P8	ENSG00000087299.13
Q9H9Q2	ENSG00000144524.19
Q9H9Q4	ENSG00000187736.15
Q9H9R9	ENSG00000003249.16
Q9H9S0	ENSG00000111704.12
Q9H9S3	ENSG00000065665.22
Q9H9S4	ENSG00000102547.20
Q9H9S5	ENSG00000181027.12
Q9H9T3	ENSG00000134014.19
Q9H9V4	ENSG00000133874.3
Q9H9V9	ENSG00000081692.14
Q9H9Y2	ENSG00000117133.12
Q9H9Y4	ENSG00000142751.16
Q9H9Y6	ENSG00000125630.16
Q9H9Z2	ENSG00000131914.11
Q9HA38	ENSG00000172667.12
Q9HA47	ENSG00000130717.14
Q9HA64	ENSG00000141560.16
Q9HA65	ENSG00000104946.15
Q9HA72	ENSG00000138172.12
Q9HA77	ENSG00000134905.18
Q9HA82	ENSG00000090661.14
Q9HA90	ENSG00000114654.9
Q9HA92	ENSG00000136444.11
Q9HAB3	ENSG00000185803.13
Q9HAB3	ENSG00000285112.5
Q9HAB8	ENSG00000127125.10
Q9HAC7	ENSG00000175600.17
Q9HAC8	ENSG00000165886.6
Q9HAD4	ENSG00000164253.15
Q9HAE3	ENSG00000034239.12
Q9HAF1	ENSG00000163875.17
Q9HAH1	ENSG00000172000.7
Q9HAH7	ENSG00000156860.16
Q9HAI6	ENSG00000120280.7
Q9HAJ7	ENSG00000164576.13
Q9HAK2	ENSG00000221818.10
Q9HAN9	ENSG00000173614.15
Q9HAP2	ENSG00000175727.16
Q9HAP2	ENSG00000281178.4
Q9HAP6	ENSG00000104863.13
Q9HAQ2	ENSG00000088727.15
Q9HAR2	ENSG00000150471.18
Q9HAS0	ENSG00000108666.12
Q9HAS3	ENSG00000197506.8
Q9HAT0	ENSG00000065371.18
Q9HAT1	ENSG00000140506.18
Q9HAT2	ENSG00000110013.14
Q9HAT8	ENSG00000139946.11
Q9HAU0	ENSG00000052126.18
Q9HAU4	ENSG00000108854.17
Q9HAU5	ENSG00000151461.21
Q9HAU8	ENSG00000142327.14
Q9HAV0	ENSG00000114450.12
Q9HAV4	ENSG00000124571.19
Q9HAV5	ENSG00000131080.16
Q9HAV7	ENSG00000109519.15
Q9HAW0	ENSG00000104221.14
Q9HAW4	ENSG00000092853.15
Q9HAW7	ENSG00000244122.3
Q9HAW8	ENSG00000242515.6
Q9HAW9	ENSG00000242366.4
Q9HAY2	ENSG00000177383.5
Q9HAY6	ENSG00000135697.11
Q9HAZ1	ENSG00000113240.15
Q9HAZ2	ENSG00000142611.17
Q9HB03	ENSG00000119915.5
Q9HB07	ENSG00000139637.15
Q9HB07	ENSG00000291835.1
Q9HB09	ENSG00000126453.12
Q9HB14	ENSG00000152315.6
Q9HB15	ENSG00000184261.5
Q9HB19	ENSG00000169499.16
Q9HB20	ENSG00000116095.12
Q9HB21	ENSG00000107679.16
Q9HB29	ENSG00000115598.11
Q9HB31	ENSG00000274529.6
Q9HB40	ENSG00000121064.14
Q9HB55	ENSG00000021461.19
Q9HB58	ENSG00000135899.21
Q9HB63	ENSG00000074527.14
Q9HB65	ENSG00000128886.12
Q9HB71	ENSG00000116161.19
Q9HB75	ENSG00000177595.19
Q9HB89	ENSG00000171596.7
Q9HB90	ENSG00000116954.9
Q9HB96	ENSG00000112039.7
Q9HBA0	ENSG00000111199.13
Q9HBB8	ENSG00000099834.20
Q9HBD1	ENSG00000056586.17
Q9HBE1	ENSG00000100105.19
Q9HBE4	ENSG00000138684.9
Q9HBE5	ENSG00000103522.18
Q9HBF4	ENSG00000165861.15
Q9HBG4	ENSG00000105929.17
Q9HBG6	ENSG00000163913.15
Q9HBG7	ENSG00000122224.20
Q9HBH0	ENSG00000139725.8
Q9HBH1	ENSG00000258429.2
Q9HBH5	ENSG00000240857.3
Q9HBH7	ENSG00000133169.7
Q9HBH9	ENSG00000099875.17
Q9HBI0	ENSG00000138964.19
Q9HBI1	ENSG00000188677.15
Q9HBI5	ENSG00000114405.12
Q9HBI6	ENSG00000171903.18
Q9HBJ0	ENSG00000170965.11
Q9HBJ7	ENSG00000131864.11
Q9HBJ8	ENSG00000147003.8
Q9HBK9	ENSG00000214435.10
Q9HBL0	ENSG00000079308.21
Q9HBL6	ENSG00000144771.8
Q9HBL7	ENSG00000107020.11
Q9HBL8	ENSG00000153406.15
Q9HBL8	ENSG00000274684.4
Q9HBM0	ENSG00000028203.20
Q9HBM1	ENSG00000152253.10
Q9HBM1	ENSG00000277909.4
Q9HBM6	ENSG00000187325.6
Q9HBR0	ENSG00000157637.14
Q9HBT6	ENSG00000101542.10
Q9HBT7	ENSG00000141040.16
Q9HBT8	ENSG00000255104.9
Q9HBT8	ENSG00000187607.17
Q9HBU1	ENSG00000131668.14
Q9HBU6	ENSG00000139163.17
Q9HBU9	ENSG00000121577.15
Q9HBV1	ENSG00000132429.11
Q9HBV2	ENSG00000118434.9
Q9HBW0	ENSG00000064547.15
Q9HBW1	ENSG00000128594.9
Q9HBW9	ENSG00000162618.16
Q9HBX8	ENSG00000133067.19
Q9HBX9	ENSG00000171509.17
Q9HBY0	ENSG00000074771.4
Q9HBY8	ENSG00000101049.19
Q9HBZ2	ENSG00000172379.23
Q9HC07	ENSG00000134851.14
Q9HC10	ENSG00000115155.19
Q9HC16	ENSG00000239713.10
Q9HC21	ENSG00000125454.13
Q9HC23	ENSG00000163421.9
Q9HC24	ENSG00000155957.19
Q9HC29	ENSG00000167207.16
Q9HC35	ENSG00000143924.20
Q9HC36	ENSG00000171861.12
Q9HC38	ENSG00000167699.15
Q9HC44	ENSG00000159592.12
Q9HC52	ENSG00000141570.11
Q9HC56	ENSG00000184226.15
Q9HC57	ENSG00000103175.12
Q9HC58	ENSG00000185052.14
Q9HC62	ENSG00000163904.14
Q9HC73	ENSG00000205755.13
Q9HC73	ENSG00000292363.1
Q9HC77	ENSG00000151849.17
Q9HC78	ENSG00000181722.19
Q9HC84	ENSG00000117983.17
Q9HC96	ENSG00000142330.21
Q9HC97	ENSG00000178623.14
Q9HC98	ENSG00000119408.18
Q9HCB6	ENSG00000262655.5
Q9HCC0	ENSG00000131844.18
Q9HCC6	ENSG00000188290.12
Q9HCC8	ENSG00000130055.15
Q9HCC9	ENSG00000159733.14
Q9HCD5	ENSG00000124160.13
Q9HCD6	ENSG00000170921.16
Q9HCE0	ENSG00000152223.17
Q9HCE1	ENSG00000155363.20
Q9HCE3	ENSG00000074657.15
Q9HCE5	ENSG00000145388.16
Q9HCE6	ENSG00000074964.18
Q9HCE7	ENSG00000198742.11
Q9HCE9	ENSG00000074855.11
Q9HCF6	ENSG00000083067.27
Q9HCG1	ENSG00000170949.19
Q9HCG7	ENSG00000070610.15
Q9HCG8	ENSG00000163510.15
Q9HCH0	ENSG00000167566.18
Q9HCH3	ENSG00000124772.12
Q9HCH5	ENSG00000137501.19
Q9HCI5	ENSG00000198934.5
Q9HCI6	ENSG00000168116.16
Q9HCI7	ENSG00000174579.5
Q9HCJ0	ENSG00000078687.19
Q9HCJ1	ENSG00000154122.15
Q9HCJ2	ENSG00000148948.9
Q9HCJ3	ENSG00000162437.16
Q9HCJ5	ENSG00000130449.6
Q9HCJ6	ENSG00000171724.3
Q9HCK0	ENSG00000171448.10
Q9HCK1	ENSG00000204186.12
Q9HCK1	ENSG00000283649.5
Q9HCK4	ENSG00000185008.19
Q9HCK5	ENSG00000134698.12
Q9HCK8	ENSG00000100888.16
Q9HCL0	ENSG00000189184.12
Q9HCL2	ENSG00000119927.15
Q9HCL3	ENSG00000142065.15
Q9HCM1	ENSG00000174718.13
Q9HCM2	ENSG00000221866.11
Q9HCM3	ENSG00000122778.11
Q9HCM4	ENSG00000115109.15
Q9HCM7	ENSG00000112787.15
Q9HCM9	ENSG00000204599.17
Q9HCM9	ENSG00000206495.12
Q9HCM9	ENSG00000224994.10
Q9HCM9	ENSG00000229929.10
Q9HCM9	ENSG00000230308.10
Q9HCM9	ENSG00000232839.10
Q9HCM9	ENSG00000226437.10
Q9HCN2	ENSG00000120471.16
Q9HCN3	ENSG00000129925.12
Q9HCN4	ENSG00000198522.15
Q9HCN6	ENSG00000088053.12
Q9HCN6	ENSG00000275633.4
Q9HCN6	ENSG00000276211.4
Q9HCN6	ENSG00000275931.4
Q9HCN6	ENSG00000276065.4
Q9HCN6	ENSG00000277439.4
Q9HCN6	ENSG00000274050.4
Q9HCN6	ENSG00000274566.4
Q9HCN6	ENSG00000278670.4
Q9HCN6	ENSG00000278316.4
Q9HCN8	ENSG00000128228.6
Q9HCP0	ENSG00000169118.19
Q9HCP6	ENSG00000010282.16
Q9HCQ5	ENSG00000182870.14
Q9HCQ5	ENSG00000288490.1
Q9HCQ7	ENSG00000105954.2
Q9HCR9	ENSG00000128655.19
Q9HCS2	ENSG00000186204.16
Q9HCS4	ENSG00000152284.6
Q9HCS4	ENSG00000292149.1
Q9HCS5	ENSG00000129595.14
Q9HCS7	ENSG00000076924.13
Q9HCT0	ENSG00000070388.12
Q9HCU0	ENSG00000174807.4
Q9HCU4	ENSG00000143126.8
Q9HCU5	ENSG00000138073.15
Q9HCU8	ENSG00000175482.10
Q9HCU9	ENSG00000174744.15
Q9HCX3	ENSG00000131845.15
Q9HCX4	ENSG00000069018.19
Q9HCY8	ENSG00000189334.10
Q9HCZ1	ENSG00000198185.13
Q9HD15	ENSG00000213523.13
Q9HD20	ENSG00000105726.18
Q9HD23	ENSG00000124532.16
Q9HD26	ENSG00000047932.15
Q9HD33	ENSG00000136522.15
Q9HD34	ENSG00000214113.12
Q9HD36	ENSG00000137875.4
Q9HD40	ENSG00000109618.14
Q9HD42	ENSG00000131165.17
Q9HD43	ENSG00000080031.11
Q9HD45	ENSG00000077147.17
Q9HD47	ENSG00000108961.15
Q9HD64	ENSG00000204379.11
Q9HD64	ENSG00000204382.13
Q9HD67	ENSG00000145555.15
Q9HD89	ENSG00000104918.8
Q9HD90	ENSG00000123307.4
Q9HDB9	ENSG00000293268.2
Q9HDC5	ENSG00000104369.6
Q9HDC9	ENSG00000101474.13
Q9HDD0	ENSG00000127252.8
Q9NNW5	ENSG00000178252.20
Q9NNW7	ENSG00000184470.21
Q9NNX1	ENSG00000143367.18
Q9NNX6	ENSG00000090659.18
Q9NNX9	ENSG00000169059.14
Q9NNZ3	ENSG00000110011.15
Q9NNZ6	ENSG00000178257.4
Q9NP08	ENSG00000215612.8
Q9NP08	ENSG00000288204.1
Q9NP31	ENSG00000027869.14
Q9NP50	ENSG00000139146.15
Q9NP50	ENSG00000276371.2
Q9NP55	ENSG00000198183.14
Q9NP56	ENSG00000171408.14
Q9NP58	ENSG00000115657.15
Q9NP59	ENSG00000138449.12
Q9NP60	ENSG00000189108.14
Q9NP61	ENSG00000242247.12
Q9NP62	ENSG00000137270.11
Q9NP64	ENSG00000121766.17
Q9NP66	ENSG00000140382.16
Q9NP70	ENSG00000178522.15
Q9NP71	ENSG00000009950.17
Q9NP72	ENSG00000099246.20
Q9NP73	ENSG00000101901.14
Q9NP74	ENSG00000099260.13
Q9NP77	ENSG00000160075.13
Q9NP78	ENSG00000150967.20
Q9NP79	ENSG00000009844.17
Q9NP80	ENSG00000135241.18
Q9NP81	ENSG00000104835.16
Q9NP81	ENSG00000283104.3
Q9NP84	ENSG00000006327.15
Q9NP85	ENSG00000116218.14
Q9NP86	ENSG00000105507.3
Q9NP87	ENSG00000122678.18
Q9NP90	ENSG00000123570.5
Q9NP91	ENSG00000163817.18
Q9NP92	ENSG00000112996.12
Q9NP94	ENSG00000165794.10
Q9NP95	ENSG00000078579.9
Q9NP97	ENSG00000125971.19
Q9NP98	ENSG00000177791.13
Q9NP99	ENSG00000124731.14
Q9NPA0	ENSG00000134153.11
Q9NPA1	ENSG00000171121.17
Q9NPA2	ENSG00000008516.20
Q9NPA3	ENSG00000165175.18
Q9NPA8	ENSG00000120533.13
Q9NPB0	ENSG00000112167.11
Q9NPB1	ENSG00000205309.15
Q9NPB3	ENSG00000167791.14
Q9NPB6	ENSG00000102981.11
Q9NPB8	ENSG00000125772.16
Q9NPB9	ENSG00000129048.8
Q9NPC1	ENSG00000213906.10
Q9NPC1	ENSG00000285203.2
Q9NPC2	ENSG00000169427.8
Q9NPC3	ENSG00000100814.20
Q9NPC3	ENSG00000291784.1
Q9NPC4	ENSG00000128274.18
Q9NPC6	ENSG00000172399.7
Q9NPC7	ENSG00000085274.17
Q9NPC8	ENSG00000170577.9
Q9NPD3	ENSG00000178896.10
Q9NPD5	ENSG00000111700.14
Q9NPD5	ENSG00000257046.5
Q9NPD7	ENSG00000124785.10
Q9NPD8	ENSG00000077152.13
Q9NPE2	ENSG00000182768.10
Q9NPE3	ENSG00000182117.7
Q9NPE3	ENSG00000291996.1
Q9NPE6	ENSG00000061656.12
Q9NPF0	ENSG00000167775.12
Q9NPF2	ENSG00000171310.11
Q9NPF4	ENSG00000092094.12
Q9NPF4	ENSG00000291794.1
Q9NPF5	ENSG00000178028.15
Q9NPF7	ENSG00000110944.9
Q9NPF8	ENSG00000184060.13
Q9NPG1	ENSG00000104290.12
Q9NPG2	ENSG00000165553.5
Q9NPG3	ENSG00000118900.16
Q9NPG4	ENSG00000113555.6
Q9NPG8	ENSG00000136247.16
Q9NPH0	ENSG00000162836.13
Q9NPH2	ENSG00000105655.20
Q9NPH3	ENSG00000196083.12
Q9NPH5	ENSG00000086991.14
Q9NPH6	ENSG00000171102.17
Q9NPH6	ENSG00000280584.3
Q9NPH9	ENSG00000111536.5
Q9NPI0	ENSG00000149483.14
Q9NPI1	ENSG00000166164.17
Q9NPI5	ENSG00000077009.15
Q9NPI6	ENSG00000272886.7
Q9NPI7	ENSG00000172086.10
Q9NPI8	ENSG00000183161.6
Q9NPI9	ENSG00000153822.16
Q9NPJ1	ENSG00000125863.20
Q9NPJ3	ENSG00000112304.12
Q9NPJ4	ENSG00000189266.14
Q9NPJ6	ENSG00000136146.16
Q9NPJ8	ENSG00000101888.13
Q9NPL8	ENSG00000113845.11
Q9NPP4	ENSG00000091106.20
Q9NPQ8	ENSG00000177963.16
Q9NPR2	ENSG00000185033.16
Q9NPR9	ENSG00000125734.17
Q9NPU4	ENSG00000227051.7
Q9NPY3	ENSG00000125810.11
Q9NPZ5	ENSG00000112309.11
Q9NQ03	ENSG00000215397.4
Q9NQ11	ENSG00000159363.19
Q9NQ25	ENSG00000026751.18
Q9NQ29	ENSG00000007392.18
Q9NQ30	ENSG00000164283.13
Q9NQ31	ENSG00000166452.13
Q9NQ32	ENSG00000176029.14
Q9NQ33	ENSG00000176009.4
Q9NQ34	ENSG00000175348.12
Q9NQ35	ENSG00000175352.12
Q9NQ36	ENSG00000175356.15
Q9NQ38	ENSG00000133710.17
Q9NQ40	ENSG00000101276.19
Q9NQ48	ENSG00000163818.21
Q9NQ50	ENSG00000185608.10
Q9NQ55	ENSG00000130810.21
Q9NQ55	ENSG00000243207.6
Q9NQ60	ENSG00000120160.11
Q9NQ66	ENSG00000182621.19
Q9NQ69	ENSG00000143355.16
Q9NQ75	ENSG00000087589.18
Q9NQ76	ENSG00000152595.17
Q9NQ79	ENSG00000095713.15
Q9NQ84	ENSG00000170412.19
Q9NQ84	ENSG00000291917.1
Q9NQ86	ENSG00000152503.11
Q9NQ87	ENSG00000163909.9
Q9NQ88	ENSG00000078237.8
Q9NQ89	ENSG00000047621.13
Q9NQ90	ENSG00000047617.18
Q9NQ92	ENSG00000172301.11
Q9NQ94	ENSG00000148584.17
Q9NQA5	ENSG00000127412.7
Q9NQA5	ENSG00000274348.2
Q9NQB0	ENSG00000148737.19
Q9NQC1	ENSG00000043143.23
Q9NQC3	ENSG00000115310.20
Q9NQC7	ENSG00000083799.19
Q9NQC8	ENSG00000118096.10
Q9NQE7	ENSG00000112812.17
Q9NQE9	ENSG00000111911.8
Q9NQG1	ENSG00000101363.14
Q9NQG1	ENSG00000291969.1
Q9NQG5	ENSG00000101413.13
Q9NQG6	ENSG00000100335.16
Q9NQG7	ENSG00000100099.23
Q9NQH7	ENSG00000196236.14
Q9NQI0	ENSG00000152670.19
Q9NQL2	ENSG00000025039.16
Q9NQL9	ENSG00000064218.6
Q9NQM4	ENSG00000080572.15
Q9NQN1	ENSG00000278889.4
Q9NQP4	ENSG00000101132.12
Q9NQQ7	ENSG00000080189.16
Q9NQR1	ENSG00000183955.14
Q9NQR4	ENSG00000114021.13
Q9NQR7	ENSG00000267909.3
Q9NQR9	ENSG00000152254.11
Q9NQR9	ENSG00000278373.4
Q9NQS1	ENSG00000169857.10
Q9NQS3	ENSG00000177707.12
Q9NQS5	ENSG00000139572.5
Q9NQS7	ENSG00000149503.15
Q9NQT4	ENSG00000077348.11
Q9NQT5	ENSG00000107371.15
Q9NQT6	ENSG00000106328.10
Q9NQT8	ENSG00000197892.13
Q9NQU5	ENSG00000137843.13
Q9NQV5	ENSG00000019485.15
Q9NQV6	ENSG00000170325.17
Q9NQV7	ENSG00000164256.11
Q9NQV8	ENSG00000152784.17
Q9NQW1	ENSG00000075826.18
Q9NQW5	ENSG00000126856.16
Q9NQW6	ENSG00000011426.12
Q9NQW7	ENSG00000108039.19
Q9NQW8	ENSG00000170289.13
Q9NQX0	ENSG00000061455.12
Q9NQX1	ENSG00000138738.12
Q9NQX3	ENSG00000171723.17
Q9NQX4	ENSG00000128833.14
Q9NQX5	ENSG00000107281.11
Q9NQX6	ENSG00000130844.20
Q9NQX7	ENSG00000135916.16
Q9NQY0	ENSG00000147439.15
Q9NQZ2	ENSG00000132467.4
Q9NQZ3	ENSG00000188120.16
Q9NQZ5	ENSG00000084090.15
Q9NQZ6	ENSG00000126970.17
Q9NQZ7	ENSG00000198018.8
Q9NQZ8	ENSG00000197951.12
Q9NR00	ENSG00000176907.5
Q9NR09	ENSG00000115760.16
Q9NR11	ENSG00000089335.23
Q9NR12	ENSG00000196923.15
Q9NR16	ENSG00000177675.10
Q9NR19	ENSG00000131069.21
Q9NR20	ENSG00000010219.14
Q9NR21	ENSG00000111224.15
Q9NR22	ENSG00000111218.13
Q9NR23	ENSG00000184344.4
Q9NR28	ENSG00000184047.22
Q9NR30	ENSG00000165732.15
Q9NR31	ENSG00000079332.17
Q9NR33	ENSG00000115350.13
Q9NR34	ENSG00000117643.17
Q9NR45	ENSG00000095380.12
Q9NR46	ENSG00000148341.19
Q9NR48	ENSG00000116539.14
Q9NR50	ENSG00000070785.18
Q9NR55	ENSG00000123685.9
Q9NR56	ENSG00000152601.19
Q9NR61	ENSG00000128917.9
Q9NR63	ENSG00000003137.9
Q9NR64	ENSG00000150361.12
Q9NR71	ENSG00000188611.17
Q9NR77	ENSG00000176894.11
Q9NR80	ENSG00000136002.22
Q9NR81	ENSG00000163947.13
Q9NR82	ENSG00000185760.18
Q9NR83	ENSG00000125520.15
Q9NR90	ENSG00000187191.16
Q9NR96	ENSG00000239732.4
Q9NR97	ENSG00000101916.12
Q9NR99	ENSG00000101825.8
Q9NRA0	ENSG00000063176.17
Q9NRA1	ENSG00000145431.12
Q9NRA2	ENSG00000119899.14
Q9NRA8	ENSG00000184708.19
Q9NRB3	ENSG00000136213.11
Q9NRC1	ENSG00000004866.23
Q9NRC6	ENSG00000137877.10
Q9NRC8	ENSG00000187531.15
Q9NRC9	ENSG00000125879.5
Q9NRD0	ENSG00000164117.15
Q9NRD1	ENSG00000116663.12
Q9NRD5	ENSG00000100151.17
Q9NRD8	ENSG00000140279.13
Q9NRD9	ENSG00000137857.19
Q9NRE1	ENSG00000167346.9
Q9NRE2	ENSG00000182463.17
Q9NRF2	ENSG00000178188.17
Q9NRF8	ENSG00000047230.16
Q9NRF9	ENSG00000148229.14
Q9NRG0	ENSG00000104472.11
Q9NRG1	ENSG00000099256.20
Q9NRG4	ENSG00000143499.15
Q9NRG7	ENSG00000100445.19
Q9NRG9	ENSG00000094914.15
Q9NRG9	ENSG00000291836.1
Q9NRH1	ENSG00000241127.10
Q9NRH2	ENSG00000163788.15
Q9NRH3	ENSG00000037042.10
Q9NRI5	ENSG00000162946.24
Q9NRJ3	ENSG00000151882.11
Q9NRJ4	ENSG00000130338.13
Q9NRJ5	ENSG00000218823.2
Q9NRJ7	ENSG00000272674.4
Q9NRJ7	ENSG00000291684.1
Q9NRK6	ENSG00000135776.6
Q9NRL2	ENSG00000198604.12
Q9NRL3	ENSG00000090372.15
Q9NRM0	ENSG00000109667.13
Q9NRM1	ENSG00000132464.13
Q9NRM2	ENSG00000198839.11
Q9NRM6	ENSG00000056736.11
Q9NRM7	ENSG00000150457.10
Q9NRN5	ENSG00000116774.13
Q9NRN7	ENSG00000149313.12
Q9NRN9	ENSG00000138382.16
Q9NRP0	ENSG00000198856.14
Q9NRP2	ENSG00000103121.10
Q9NRP2	ENSG00000291948.1
Q9NRP4	ENSG00000196636.8
Q9NRP7	ENSG00000163482.13
Q9NRQ2	ENSG00000114698.16
Q9NRQ5	ENSG00000166002.8
Q9NRR1	ENSG00000170891.12
Q9NRR2	ENSG00000116176.8
Q9NRR3	ENSG00000158985.15
Q9NRR4	ENSG00000113360.18
Q9NRR5	ENSG00000160803.9
Q9NRR6	ENSG00000148384.15
Q9NRR8	ENSG00000197622.14
Q9NRS4	ENSG00000137648.21
Q9NRS6	ENSG00000110025.14
Q9NRU3	ENSG00000119946.13
Q9NRV9	ENSG00000013583.11
Q9NRW1	ENSG00000154917.12
Q9NRW3	ENSG00000244509.5
Q9NRW4	ENSG00000112679.15
Q9NRW7	ENSG00000136631.17
Q9NRX1	ENSG00000115946.9
Q9NRX2	ENSG00000158042.10
Q9NRX3	ENSG00000185633.12
Q9NRX4	ENSG00000054148.19
Q9NRX5	ENSG00000111897.8
Q9NRX6	ENSG00000215717.8
Q9NRY2	ENSG00000148153.15
Q9NRY4	ENSG00000160007.21
Q9NRY5	ENSG00000055147.20
Q9NRY6	ENSG00000187838.18
Q9NRY6	ENSG00000284009.2
Q9NRY7	ENSG00000163746.14
Q9NRZ5	ENSG00000026652.16
Q9NRZ7	ENSG00000160216.21
Q9NRZ9	ENSG00000119969.17
Q9NS00	ENSG00000106392.12
Q9NS15	ENSG00000168056.19
Q9NS18	ENSG00000023572.10
Q9NS23	ENSG00000068028.19
Q9NS25	ENSG00000227234.2
Q9NS26	ENSG00000203926.5
Q9NS26	ENSG00000198021.8
Q9NS28	ENSG00000150681.10
Q9NS37	ENSG00000137504.16
Q9NS39	ENSG00000185736.16
Q9NS40	ENSG00000184611.14
Q9NS56	ENSG00000197579.9
Q9NS61	ENSG00000120049.21
Q9NS62	ENSG00000136114.18
Q9NS64	ENSG00000177519.4
Q9NS66	ENSG00000184194.7
Q9NS67	ENSG00000170837.3
Q9NS68	ENSG00000127863.17
Q9NS69	ENSG00000100216.7
Q9NS71	ENSG00000169605.7
Q9NS73	ENSG00000151332.21
Q9NS75	ENSG00000152207.9
Q9NS82	ENSG00000130876.12
Q9NS84	ENSG00000147119.5
Q9NS85	ENSG00000154975.15
Q9NS86	ENSG00000132434.11
Q9NS87	ENSG00000163808.18
Q9NS87	ENSG00000280610.3
Q9NS91	ENSG00000070950.11
Q9NS93	ENSG00000064115.12
Q9NS98	ENSG00000010319.8
Q9NSA0	ENSG00000168065.16
Q9NSA1	ENSG00000105550.10
Q9NSA2	ENSG00000102057.12
Q9NSA2	ENSG00000292214.1
Q9NSA3	ENSG00000178585.16
Q9NSB2	ENSG00000161849.3
Q9NSB4	ENSG00000161850.3
Q9NSB8	ENSG00000103942.14
Q9NSC2	ENSG00000103449.14
Q9NSC5	ENSG00000051128.20
Q9NSC7	ENSG00000070526.16
Q9NSD4	ENSG00000063587.15
Q9NSD5	ENSG00000010379.17
Q9NSD7	ENSG00000182631.7
Q9NSD7	ENSG00000277069.2
Q9NSD9	ENSG00000116120.12
Q9NSE2	ENSG00000114737.17
Q9NSE4	ENSG00000067704.11
Q9NSG2	ENSG00000000460.18
Q9NSI2	ENSG00000160256.15
Q9NSI5	ENSG00000183067.6
Q9NSI6	ENSG00000185658.15
Q9NSI8	ENSG00000155307.20
Q9NSK0	ENSG00000137171.16
Q9NSK7	ENSG00000131943.21
Q9NSN8	ENSG00000147481.18
Q9NSP4	ENSG00000100162.17
Q9NST1	ENSG00000100344.12
Q9NSU2	ENSG00000213689.14
Q9NSV4	ENSG00000139734.19
Q9NSY0	ENSG00000185189.19
Q9NSY1	ENSG00000138756.20
Q9NSY2	ENSG00000172345.15
Q9NT22	ENSG00000183798.5
Q9NT62	ENSG00000144848.12
Q9NT68	ENSG00000145934.17
Q9NT99	ENSG00000131409.14
Q9NTG1	ENSG00000130943.7
Q9NTG7	ENSG00000142082.16
Q9NTI2	ENSG00000132932.19
Q9NTI5	ENSG00000083642.20
Q9NTI7	ENSG00000197852.12
Q9NTJ3	ENSG00000113810.17
Q9NTJ4	ENSG00000140400.19
Q9NTJ5	ENSG00000211456.15
Q9NTK1	ENSG00000165507.10
Q9NTK5	ENSG00000138430.17
Q9NTM9	ENSG00000119929.14
Q9NTN3	ENSG00000116704.9
Q9NTN9	ENSG00000095539.17
Q9NTQ9	ENSG00000189433.8
Q9NTU4	ENSG00000219435.6
Q9NTU7	ENSG00000054803.4
Q9NTW7	ENSG00000020256.21
Q9NTX5	ENSG00000093144.20
Q9NTX7	ENSG00000118518.18
Q9NTX9	ENSG00000196227.12
Q9NTZ6	ENSG00000244462.9
Q9NU02	ENSG00000132623.17
Q9NU19	ENSG00000065491.9
Q9NU22	ENSG00000112159.13
Q9NU23	ENSG00000083099.12
Q9NU39	ENSG00000184492.7
Q9NU53	ENSG00000055211.15
Q9NU63	ENSG00000204644.11
Q9NU63	ENSG00000206510.9
Q9NU63	ENSG00000223858.7
Q9NU63	ENSG00000226858.7
Q9NU63	ENSG00000223852.7
Q9NU63	ENSG00000234669.7
Q9NU63	ENSG00000232099.7
Q9NUA8	ENSG00000184677.19
Q9NUB1	ENSG00000154930.16
Q9NUB4	ENSG00000258713.3
Q9NUC0	ENSG00000082497.13
Q9NUC0	ENSG00000281230.3
Q9NUD5	ENSG00000247315.4
Q9NUD7	ENSG00000196476.13
Q9NUD9	ENSG00000060642.13
Q9NUE0	ENSG00000204160.13
Q9NUG4	ENSG00000101331.18
Q9NUG6	ENSG00000088356.7
Q9NUH8	ENSG00000137210.15
Q9NUI1	ENSG00000242612.8
Q9NUI1	ENSG00000274296.3
Q9NUJ1	ENSG00000144827.10
Q9NUJ3	ENSG00000176148.17
Q9NUJ7	ENSG00000182378.16
Q9NUJ7	ENSG00000292344.2
Q9NUK0	ENSG00000076770.17
Q9NUL3	ENSG00000040341.19
Q9NUL5	ENSG00000130813.19
Q9NUL7	ENSG00000182810.7
Q9NUM3	ENSG00000029364.13
Q9NUM4	ENSG00000106460.21
Q9NUN5	ENSG00000168216.14
Q9NUN7	ENSG00000078124.14
Q9NUP1	ENSG00000186222.5
Q9NUP7	ENSG00000122435.12
Q9NUP9	ENSG00000148943.12
Q9NUQ2	ENSG00000155189.13
Q9NUQ2	ENSG00000284980.2
Q9NUQ3	ENSG00000086712.14
Q9NUQ6	ENSG00000196141.15
Q9NUQ7	ENSG00000109775.12
Q9NUQ8	ENSG00000161204.13
Q9NUQ9	ENSG00000153310.23
Q9NUR3	ENSG00000125895.7
Q9NUS5	ENSG00000125843.13
Q9NUT2	ENSG00000197150.14
Q9NUU6	ENSG00000145569.7
Q9NUU7	ENSG00000168872.18
Q9NUV7	ENSG00000172296.14
Q9NUV9	ENSG00000133574.11
Q9NUW8	ENSG00000042088.15
Q9NUX5	ENSG00000128513.17
Q9NUY8	ENSG00000036054.14
Q9NUZ1	ENSG00000153093.22
Q9NV06	ENSG00000164934.16
Q9NV12	ENSG00000146859.7
Q9NV23	ENSG00000152463.16
Q9NV29	ENSG00000166292.13
Q9NV31	ENSG00000177971.9
Q9NV35	ENSG00000136159.5
Q9NV56	ENSG00000101189.8
Q9NV58	ENSG00000034677.14
Q9NV64	ENSG00000176142.14
Q9NV66	ENSG00000198874.15
Q9NV70	ENSG00000090989.19
Q9NV72	ENSG00000167562.15
Q9NV79	ENSG00000203880.14
Q9NV79	ENSG00000280663.4
Q9NV88	ENSG00000104299.16
Q9NV92	ENSG00000102471.16
Q9NV96	ENSG00000112697.18
Q9NVA1	ENSG00000101019.23
Q9NVA2	ENSG00000138758.13
Q9NVA4	ENSG00000164168.9
Q9NVC3	ENSG00000103042.10
Q9NVC6	ENSG00000042429.13
Q9NVD3	ENSG00000185917.15
Q9NVD7	ENSG00000197702.15
Q9NVE4	ENSG00000182791.5
Q9NVE5	ENSG00000085982.17
Q9NVE7	ENSG00000157881.17
Q9NVE7	ENSG00000273494.3
Q9NVF7	ENSG00000143756.12
Q9NVF9	ENSG00000143845.15
Q9NVG8	ENSG00000107021.18
Q9NVH0	ENSG00000081177.20
Q9NVH1	ENSG00000007923.18
Q9NVH2	ENSG00000143493.14
Q9NVH6	ENSG00000185973.13
Q9NVI1	ENSG00000140525.21
Q9NVI7	ENSG00000197785.15
Q9NVJ2	ENSG00000134108.15
Q9NVK5	ENSG00000111790.15
Q9NVL8	ENSG00000100557.11
Q9NVM1	ENSG00000142694.8
Q9NVM4	ENSG00000132600.19
Q9NVM6	ENSG00000104129.11
Q9NVM9	ENSG00000064102.16
Q9NVN3	ENSG00000111785.21
Q9NVN8	ENSG00000130119.18
Q9NVP1	ENSG00000088205.14
Q9NVP2	ENSG00000105011.10
Q9NVP2	ENSG00000288210.1
Q9NVP4	ENSG00000089091.18
Q9NVQ4	ENSG00000158234.14
Q9NVR0	ENSG00000178502.6
Q9NVR2	ENSG00000104613.13
Q9NVR5	ENSG00000165506.15
Q9NVR7	ENSG00000113838.14
Q9NVS2	ENSG00000096080.13
Q9NVS9	ENSG00000108439.12
Q9NVT9	ENSG00000104442.11
Q9NVU0	ENSG00000058600.17
Q9NVU0	ENSG00000284282.3
Q9NVU7	ENSG00000198301.13
Q9NVV0	ENSG00000095209.13
Q9NVV2	ENSG00000221916.4
Q9NVV4	ENSG00000107951.16
Q9NVV5	ENSG00000146416.19
Q9NVV9	ENSG00000131931.9
Q9NVW2	ENSG00000131263.14
Q9NVX0	ENSG00000137814.13
Q9NVX2	ENSG00000073536.19
Q9NVX7	ENSG00000123444.15
Q9NVX7	ENSG00000284900.2
Q9NVZ3	ENSG00000157191.21
Q9NVZ3	ENSG00000291380.1
Q9NW07	ENSG00000198816.8
Q9NW08	ENSG00000013503.11
Q9NW13	ENSG00000106344.9
Q9NW15	ENSG00000160746.14
Q9NW38	ENSG00000115392.14
Q9NW61	ENSG00000104886.13
Q9NW64	ENSG00000086589.13
Q9NW68	ENSG00000160058.20
Q9NW75	ENSG00000092978.12
Q9NW81	ENSG00000105341.19
Q9NW82	ENSG00000082068.10
Q9NW97	ENSG00000171729.15
Q9NWA0	ENSG00000141026.6
Q9NWB1	ENSG00000078328.23
Q9NWB6	ENSG00000134884.16
Q9NWB7	ENSG00000114446.6
Q9NWC5	ENSG00000181458.11
Q9NWD8	ENSG00000106609.17
Q9NWD9	ENSG00000102409.11
Q9NWF4	ENSG00000132517.16
Q9NWF9	ENSG00000011275.19
Q9NWH2	ENSG00000215712.12
Q9NWH7	ENSG00000132122.13
Q9NWH9	ENSG00000137776.18
Q9NWK9	ENSG00000117174.12
Q9NWL6	ENSG00000138381.10
Q9NWM0	ENSG00000088826.19
Q9NWM3	ENSG00000180891.14
Q9NWM8	ENSG00000106080.11
Q9NWN3	ENSG00000178974.12
Q9NWQ4	ENSG00000089916.19
Q9NWQ8	ENSG00000076641.5
Q9NWQ9	ENSG00000179933.7
Q9NWR8	ENSG00000005059.17
Q9NWS0	ENSG00000104872.13
Q9NWS1	ENSG00000185480.13
Q9NWS6	ENSG00000100376.13
Q9NWS8	ENSG00000155906.21
Q9NWS9	ENSG00000083838.18
Q9NWT1	ENSG00000111845.6
Q9NWT1	ENSG00000285226.2
Q9NWT6	ENSG00000166135.15
Q9NWT8	ENSG00000175756.15
Q9NWU1	ENSG00000151093.9
Q9NWU2	ENSG00000101193.9
Q9NWU5	ENSG00000082515.19
Q9NWV4	ENSG00000162384.15
Q9NWV8	ENSG00000105393.17
Q9NWW0	ENSG00000103145.12
Q9NWW5	ENSG00000128973.14
Q9NWW6	ENSG00000106733.22
Q9NWW7	ENSG00000115998.9
Q9NWW9	ENSG00000133328.5
Q9NWX5	ENSG00000148331.13
Q9NWX6	ENSG00000113272.15
Q9NWY4	ENSG00000056050.8
Q9NWZ3	ENSG00000198001.17
Q9NWZ5	ENSG00000198276.17
Q9NWZ8	ENSG00000046647.16
Q9NX00	ENSG00000130748.7
Q9NX01	ENSG00000140830.11
Q9NX02	ENSG00000022556.17
Q9NX02	ENSG00000275843.4
Q9NX02	ENSG00000275082.4
Q9NX02	ENSG00000275399.4
Q9NX02	ENSG00000278682.4
Q9NX02	ENSG00000273992.4
Q9NX02	ENSG00000274638.4
Q9NX02	ENSG00000278789.4
Q9NX02	ENSG00000275796.4
Q9NX04	ENSG00000116922.16
Q9NX05	ENSG00000184083.12
Q9NX07	ENSG00000180098.10
Q9NX08	ENSG00000169019.12
Q9NX09	ENSG00000168209.7
Q9NX14	ENSG00000147123.13
Q9NX18	ENSG00000167985.9
Q9NX20	ENSG00000166902.6
Q9NX24	ENSG00000145912.11
Q9NX31	ENSG00000132823.12
Q9NX36	ENSG00000177692.14
Q9NX36	ENSG00000262911.5
Q9NX38	ENSG00000119328.13
Q9NX40	ENSG00000109180.16
Q9NX45	ENSG00000120669.16
Q9NX45	ENSG00000250709.1
Q9NX46	ENSG00000116863.12
Q9NX47	ENSG00000198060.11
Q9NX52	ENSG00000158315.12
Q9NX55	ENSG00000242028.9
Q9NX57	ENSG00000139832.6
Q9NX58	ENSG00000145220.15
Q9NX61	ENSG00000064545.16
Q9NX62	ENSG00000104331.10
Q9NX63	ENSG00000106554.14
Q9NX65	ENSG00000140987.23
Q9NX70	ENSG00000063322.16
Q9NX74	ENSG00000167264.19
Q9NX76	ENSG00000091317.9
Q9NX78	ENSG00000070269.15
Q9NX94	ENSG00000166272.19
Q9NX95	ENSG00000147642.18
Q9NXA8	ENSG00000124523.18
Q9NXB0	ENSG00000011143.20
Q9NXB9	ENSG00000197977.5
Q9NXC2	ENSG00000145990.11
Q9NXC5	ENSG00000164654.17
Q9NXD2	ENSG00000166912.18
Q9NXD2	ENSG00000277086.3
Q9NXE4	ENSG00000136699.21
Q9NXE4	ENSG00000292130.1
Q9NXE8	ENSG00000273559.6
Q9NXE8	ENSG00000276761.2
Q9NXF1	ENSG00000136891.15
Q9NXF7	ENSG00000163257.13
Q9NXF8	ENSG00000153786.14
Q9NXG0	ENSG00000044459.16
Q9NXG2	ENSG00000066654.15
Q9NXG6	ENSG00000178467.19
Q9NXH3	ENSG00000166143.11
Q9NXH8	ENSG00000198113.4
Q9NXH9	ENSG00000104907.14
Q9NXI6	ENSG00000178828.7
Q9NXJ0	ENSG00000071203.10
Q9NXJ5	ENSG00000130517.15
Q9NXK6	ENSG00000137819.15
Q9NXK8	ENSG00000127452.9
Q9NXL2	ENSG00000236699.9
Q9NXL6	ENSG00000072858.13
Q9NXL9	ENSG00000111877.19
Q9NXN4	ENSG00000196505.12
Q9NXP7	ENSG00000145723.18
Q9NXR1	ENSG00000072864.17
Q9NXR1	ENSG00000275911.3
Q9NXR5	ENSG00000088448.15
Q9NXR7	ENSG00000158019.22
Q9NXR8	ENSG00000071243.17
Q9NXS2	ENSG00000011478.13
Q9NXS3	ENSG00000179454.15
Q9NXT0	ENSG00000083828.16
Q9NXU5	ENSG00000185305.12
Q9NXV2	ENSG00000167977.10
Q9NXV6	ENSG00000168564.7
Q9NXW2	ENSG00000148719.17
Q9NXW9	ENSG00000160993.5
Q9NXX6	ENSG00000107672.16
Q9NXZ1	ENSG00000181433.12
Q9NXZ2	ENSG00000080007.9
Q9NY12	ENSG00000109534.18
Q9NY15	ENSG00000010327.11
Q9NY25	ENSG00000258227.8
Q9NY26	ENSG00000143570.20
Q9NY27	ENSG00000163605.16
Q9NY28	ENSG00000130035.10
Q9NY30	ENSG00000137707.14
Q9NY33	ENSG00000254986.9
Q9NY35	ENSG00000080822.18
Q9NY37	ENSG00000256394.3
Q9NY43	ENSG00000143032.8
Q9NY46	ENSG00000153253.20
Q9NY47	ENSG00000007402.13
Q9NY56	ENSG00000122136.15
Q9NY57	ENSG00000152953.14
Q9NY59	ENSG00000103056.13
Q9NY61	ENSG00000275700.7
Q9NY61	ENSG00000276072.2
Q9NY64	ENSG00000136856.19
Q9NY65	ENSG00000183785.17
Q9NY72	ENSG00000166257.11
Q9NY74	ENSG00000143971.10
Q9NY87	ENSG00000198573.7
Q9NY91	ENSG00000100191.6
Q9NY93	ENSG00000136271.12
Q9NY97	ENSG00000170340.12
Q9NY99	ENSG00000172554.13
Q9NYA1	ENSG00000176170.15
Q9NYA3	ENSG00000159289.6
Q9NYA4	ENSG00000108389.11
Q9NYB0	ENSG00000166848.8
Q9NYB5	ENSG00000139155.10
Q9NYB9	ENSG00000138443.18
Q9NYC9	ENSG00000007174.18
Q9NYD6	ENSG00000180818.5
Q9NYF0	ENSG00000165617.16
Q9NYF3	ENSG00000120709.12
Q9NYF5	ENSG00000031003.12
Q9NYF8	ENSG00000029363.18
Q9NYG2	ENSG00000163812.17
Q9NYG5	ENSG00000141552.19
Q9NYG8	ENSG00000182450.15
Q9NYH9	ENSG00000108651.11
Q9NYI0	ENSG00000156011.19
Q9NYJ1	ENSG00000181924.9
Q9NYJ7	ENSG00000090932.12
Q9NYJ8	ENSG00000055208.21
Q9NYK1	ENSG00000196664.5
Q9NYK5	ENSG00000154719.15
Q9NYK6	ENSG00000154642.12
Q9NYL2	ENSG00000091436.18
Q9NYL4	ENSG00000134285.12
Q9NYL5	ENSG00000146233.9
Q9NYL9	ENSG00000138594.15
Q9NYM4	ENSG00000123901.9
Q9NYM9	ENSG00000177951.19
Q9NYN1	ENSG00000103710.11
Q9NYP3	ENSG00000159147.19
Q9NYP7	ENSG00000012660.15
Q9NYP8	ENSG00000205929.12
Q9NYP8	ENSG00000262938.6
Q9NYP9	ENSG00000159055.5
Q9NYQ3	ENSG00000116882.16
Q9NYQ6	ENSG00000075275.18
Q9NYQ7	ENSG00000008300.17
Q9NYQ8	ENSG00000086570.13
Q9NYR8	ENSG00000080511.5
Q9NYR9	ENSG00000168256.19
Q9NYS0	ENSG00000197885.12
Q9NYS7	ENSG00000176871.10
Q9NYT0	ENSG00000100558.10
Q9NYT6	ENSG00000167380.18
Q9NYU1	ENSG00000102595.23
Q9NYU2	ENSG00000136731.14
Q9NYV4	ENSG00000167258.17
Q9NYV6	ENSG00000085721.14
Q9NYV6	ENSG00000278494.2
Q9NYV7	ENSG00000128519.3
Q9NYV8	ENSG00000212127.6
Q9NYV8	ENSG00000261984.1
Q9NYV8	ENSG00000276541.2
Q9NYV9	ENSG00000212128.2
Q9NYV9	ENSG00000273457.1
Q9NYV9	ENSG00000277254.1
Q9NYW0	ENSG00000121318.3
Q9NYW0	ENSG00000272805.1
Q9NYW0	ENSG00000277238.2
Q9NYW1	ENSG00000121381.4
Q9NYW1	ENSG00000273086.1
Q9NYW1	ENSG00000273713.2
Q9NYW2	ENSG00000121314.3
Q9NYW2	ENSG00000272712.1
Q9NYW2	ENSG00000277316.2
Q9NYW3	ENSG00000121377.2
Q9NYW3	ENSG00000273326.1
Q9NYW3	ENSG00000274327.1
Q9NYW4	ENSG00000127366.5
Q9NYW5	ENSG00000127364.4
Q9NYW6	ENSG00000127362.2
Q9NYW7	ENSG00000169777.7
Q9NYW8	ENSG00000146587.19
Q9NYW8	ENSG00000272968.5
Q9NYX4	ENSG00000130643.10
Q9NYY1	ENSG00000162891.11
Q9NYY3	ENSG00000145632.16
Q9NYY8	ENSG00000118246.15
Q9NYZ1	ENSG00000171928.15
Q9NYZ2	ENSG00000147454.14
Q9NYZ3	ENSG00000075218.20
Q9NYZ4	ENSG00000105366.16
Q9NZ01	ENSG00000099797.16
Q9NZ08	ENSG00000164307.14
Q9NZ09	ENSG00000165006.15
Q9NZ20	ENSG00000100078.5
Q9NZ32	ENSG00000131966.15
Q9NZ42	ENSG00000205155.9
Q9NZ43	ENSG00000053501.15
Q9NZ45	ENSG00000122873.13
Q9NZ52	ENSG00000125447.19
Q9NZ53	ENSG00000114631.12
Q9NZ56	ENSG00000155816.21
Q9NZ63	ENSG00000136819.16
Q9NZ71	ENSG00000258366.13
Q9NZ72	ENSG00000197457.11
Q9NZ81	ENSG00000205352.12
Q9NZ94	ENSG00000196338.16
Q9NZA1	ENSG00000112782.19
Q9NZB2	ENSG00000048828.19
Q9NZB8	ENSG00000124615.22
Q9NZC2	ENSG00000095970.18
Q9NZC3	ENSG00000006007.13
Q9NZC4	ENSG00000135373.14
Q9NZC7	ENSG00000186153.19
Q9NZC9	ENSG00000138375.15
Q9NZD1	ENSG00000111291.9
Q9NZD2	ENSG00000139433.12
Q9NZD4	ENSG00000169877.11
Q9NZD8	ENSG00000090487.12
Q9NZE8	ENSG00000132313.15
Q9NZF1	ENSG00000145287.13
Q9NZG7	ENSG00000171840.14
Q9NZH0	ENSG00000167191.13
Q9NZH5	ENSG00000250254.2
Q9NZH6	ENSG00000125571.11
Q9NZH7	ENSG00000136696.11
Q9NZH8	ENSG00000136688.11
Q9NZI2	ENSG00000182132.15
Q9NZI5	ENSG00000134317.18
Q9NZI6	ENSG00000115112.9
Q9NZI7	ENSG00000153560.13
Q9NZI8	ENSG00000159217.11
Q9NZJ0	ENSG00000143476.19
Q9NZJ4	ENSG00000151835.17
Q9NZJ5	ENSG00000172071.15
Q9NZJ6	ENSG00000132423.13
Q9NZJ7	ENSG00000137409.22
Q9NZJ9	ENSG00000177144.8
Q9NZJ9	ENSG00000173598.15
Q9NZK5	ENSG00000093072.20
Q9NZK7	ENSG00000188784.4
Q9NZL3	ENSG00000267680.7
Q9NZL4	ENSG00000133265.12
Q9NZL6	ENSG00000143344.17
Q9NZL9	ENSG00000038274.19
Q9NZM1	ENSG00000138119.18
Q9NZM3	ENSG00000198399.17
Q9NZM4	ENSG00000063169.13
Q9NZM5	ENSG00000105373.20
Q9NZM6	ENSG00000078795.17
Q9NZN1	ENSG00000169306.11
Q9NZN3	ENSG00000013016.17
Q9NZN4	ENSG00000024422.13
Q9NZN5	ENSG00000196914.10
Q9NZN8	ENSG00000111596.15
Q9NZN9	ENSG00000129221.16
Q9NZP0	ENSG00000205329.3
Q9NZP2	ENSG00000179695.3
Q9NZP5	ENSG00000196578.4
Q9NZP6	ENSG00000185823.5
Q9NZP8	ENSG00000139178.13
Q9NZP8	ENSG00000288124.1
Q9NZQ0	ENSG00000115137.12
Q9NZQ3	ENSG00000213672.9
Q9NZQ7	ENSG00000120217.14
Q9NZQ8	ENSG00000070985.14
Q9NZQ9	ENSG00000163157.16
Q9NZR1	ENSG00000128872.11
Q9NZR2	ENSG00000168702.18
Q9NZR4	ENSG00000100987.15
Q9NZS2	ENSG00000150045.12
Q9NZS9	ENSG00000103429.12
Q9NZS9	ENSG00000275618.2
Q9NZT1	ENSG00000178372.8
Q9NZT2	ENSG00000060491.18
Q9NZU0	ENSG00000125848.11
Q9NZU1	ENSG00000126500.6
Q9NZU5	ENSG00000071282.13
Q9NZU7	ENSG00000157782.11
Q9NZV1	ENSG00000150938.11
Q9NZV5	ENSG00000162430.18
Q9NZV6	ENSG00000198736.13
Q9NZV6	ENSG00000291928.1
Q9NZV7	ENSG00000269699.8
Q9NZV8	ENSG00000184408.10
Q9NZW4	ENSG00000152591.15
Q9NZW5	ENSG00000105926.17
Q9NZZ3	ENSG00000086065.15
Q9P000	ENSG00000110442.13
Q9P003	ENSG00000143771.13
Q9P013	ENSG00000150316.13
Q9P015	ENSG00000137547.10
Q9P016	ENSG00000151500.16
Q9P021	ENSG00000119878.8
Q9P031	ENSG00000133773.13
Q9P032	ENSG00000123545.7
Q9P035	ENSG00000074696.14
Q9P055	ENSG00000050130.19
Q9P086	ENSG00000161920.12
Q9P0B6	ENSG00000198937.10
Q9P0G3	ENSG00000129437.12
Q9P0I2	ENSG00000125037.14
Q9P0J0	ENSG00000186010.20
Q9P0J1	ENSG00000164951.17
Q9P0J6	ENSG00000171421.14
Q9P0J7	ENSG00000176407.19
Q9P0K1	ENSG00000008277.16
Q9P0K7	ENSG00000039560.15
Q9P0K8	ENSG00000065970.10
Q9P0K9	ENSG00000260230.5
Q9P0L0	ENSG00000101558.15
Q9P0L1	ENSG00000196345.14
Q9P0L1	ENSG00000281894.3
Q9P0L2	ENSG00000116141.18
Q9P0L9	ENSG00000107593.17
Q9P0M2	ENSG00000118507.20
Q9P0M4	ENSG00000124391.5
Q9P0M6	ENSG00000099284.15
Q9P0M9	ENSG00000108826.17
Q9P0N5	ENSG00000187049.12
Q9P0N8	ENSG00000099785.12
Q9P0N9	ENSG00000145979.19
Q9P0P0	ENSG00000168894.11
Q9P0P8	ENSG00000130349.11
Q9P0R6	ENSG00000100744.16
Q9P0S2	ENSG00000133983.17
Q9P0S3	ENSG00000128699.16
Q9P0S9	ENSG00000111843.15
Q9P0S9	ENSG00000284936.2
Q9P0T4	ENSG00000171425.11
Q9P0T7	ENSG00000116857.18
Q9P0U1	ENSG00000196683.12
Q9P0U3	ENSG00000079387.16
Q9P0U4	ENSG00000154832.17
Q9P0V3	ENSG00000130147.17
Q9P0V8	ENSG00000158714.12
Q9P0V9	ENSG00000186522.16
Q9P0W0	ENSG00000147896.4
Q9P0W2	ENSG00000064961.20
Q9P0W8	ENSG00000042317.18
Q9P0X4	ENSG00000100346.18
Q9P0Z9	ENSG00000179761.13
Q9P104	ENSG00000101134.13
Q9P107	ENSG00000089639.12
Q9P109	ENSG00000176928.8
Q9P121	ENSG00000182667.15
Q9P126	ENSG00000165682.16
Q9P127	ENSG00000102021.11
Q9P1A6	ENSG00000198010.13
Q9P1F3	ENSG00000146386.9
Q9P1P5	ENSG00000146378.6
Q9P1Q0	ENSG00000143952.21
Q9P1Q5	ENSG00000172146.4
Q9P1T7	ENSG00000135272.14
Q9P1U0	ENSG00000066379.16
Q9P1U0	ENSG00000206502.8
Q9P1U0	ENSG00000233795.6
Q9P1U0	ENSG00000235176.6
Q9P1U0	ENSG00000236808.6
Q9P1U0	ENSG00000224859.6
Q9P1U0	ENSG00000236949.6
Q9P1U0	ENSG00000235443.6
Q9P1U1	ENSG00000133627.19
Q9P1V8	ENSG00000100583.5
Q9P1W3	ENSG00000165548.12
Q9P1W8	ENSG00000089012.15
Q9P1W9	ENSG00000102096.10
Q9P1W9	ENSG00000292210.1
Q9P1Y5	ENSG00000076826.11
Q9P1Y6	ENSG00000070047.14
Q9P1Y6	ENSG00000274780.2
Q9P1Z0	ENSG00000174282.13
Q9P1Z0	ENSG00000283868.2
Q9P1Z2	ENSG00000012822.17
Q9P1Z3	ENSG00000143630.11
Q9P1Z3	ENSG00000263324.5
Q9P202	ENSG00000095397.19
Q9P203	ENSG00000011114.16
Q9P203	ENSG00000277222.4
Q9P206	ENSG00000162522.12
Q9P209	ENSG00000112877.9
Q9P212	ENSG00000138193.18
Q9P215	ENSG00000143157.13
Q9P217	ENSG00000162415.8
Q9P218	ENSG00000101203.18
Q9P219	ENSG00000015133.20
Q9P225	ENSG00000183914.15
Q9P227	ENSG00000273780.2
Q9P227	ENSG00000275832.5
Q9P232	ENSG00000113805.10
Q9P241	ENSG00000145246.15
Q9P242	ENSG00000144460.13
Q9P243	ENSG00000066827.17
Q9P244	ENSG00000128011.6
Q9P244	ENSG00000291874.1
Q9P246	ENSG00000109689.20
Q9P253	ENSG00000104142.12
Q9P255	ENSG00000229676.3
Q9P258	ENSG00000179051.15
Q9P258	ENSG00000281540.3
Q9P260	ENSG00000134444.16
Q9P265	ENSG00000066084.14
Q9P266	ENSG00000165757.9
Q9P267	ENSG00000204406.14
Q9P270	ENSG00000109171.16
Q9P272	ENSG00000250305.10
Q9P272	ENSG00000284872.2
Q9P273	ENSG00000218336.10
Q9P275	ENSG00000055483.21
Q9P278	ENSG00000052795.14
Q9P281	ENSG00000266074.11
Q9P283	ENSG00000082684.17
Q9P286	ENSG00000101349.18
Q9P287	ENSG00000107949.18
Q9P289	ENSG00000134602.17
Q9P291	ENSG00000126947.14
Q9P296	ENSG00000134830.7
Q9P298	ENSG00000131097.8
Q9P299	ENSG00000005243.11
Q9P2A4	ENSG00000108798.10
Q9P2B2	ENSG00000134247.11
Q9P2B4	ENSG00000143079.16
Q9P2B7	ENSG00000164323.16
Q9P2C4	ENSG00000146433.12
Q9P2D0	ENSG00000005700.16
Q9P2D0	ENSG00000283068.2
Q9P2D1	ENSG00000171316.15
Q9P2D3	ENSG00000008869.13
Q9P2D6	ENSG00000082269.18
Q9P2D7	ENSG00000114841.18
Q9P2D8	ENSG00000133958.14
Q9P2D8	ENSG00000276416.3
Q9P2E2	ENSG00000117245.14
Q9P2E3	ENSG00000124201.15
Q9P2E5	ENSG00000033100.17
Q9P2E7	ENSG00000138650.9
Q9P2E8	ENSG00000144583.5
Q9P2E9	ENSG00000125844.18
Q9P2F5	ENSG00000173320.13
Q9P2F6	ENSG00000137727.13
Q9P2F8	ENSG00000116991.13
Q9P2F9	ENSG00000166188.4
Q9P2G1	ENSG00000001629.11
Q9P2G3	ENSG00000197705.11
Q9P2G4	ENSG00000212916.6
Q9P2G9	ENSG00000145332.15
Q9P2H0	ENSG00000110318.16
Q9P2H3	ENSG00000068885.16
Q9P2H5	ENSG00000118369.14
Q9P2I0	ENSG00000165934.14
Q9P2J2	ENSG00000085552.19
Q9P2J3	ENSG00000198642.8
Q9P2J5	ENSG00000133706.21
Q9P2J8	ENSG00000197566.11
Q9P2J9	ENSG00000172840.8
Q9P2K1	ENSG00000048342.19
Q9P2K2	ENSG00000087301.11
Q9P2K3	ENSG00000117625.15
Q9P2K5	ENSG00000104177.20
Q9P2K6	ENSG00000087448.12
Q9P2K8	ENSG00000128829.13
Q9P2K9	ENSG00000204624.9
Q9P2L0	ENSG00000118965.17
Q9P2M1	ENSG00000109771.17
Q9P2M4	ENSG00000132405.20
Q9P2M7	ENSG00000143375.16
Q9P2N2	ENSG00000088756.14
Q9P2N4	ENSG00000163638.13
Q9P2N5	ENSG00000091009.9
Q9P2N6	ENSG00000114982.20
Q9P2N7	ENSG00000003096.16
Q9P2P1	ENSG00000205978.7
Q9P2P5	ENSG00000138411.14
Q9P2P6	ENSG00000159433.12
Q9P2Q2	ENSG00000151474.23
Q9P2R3	ENSG00000185722.19
Q9P2R6	ENSG00000142599.21
Q9P2R7	ENSG00000136143.17
Q9P2S2	ENSG00000110076.21
Q9P2S5	ENSG00000116213.17
Q9P2S6	ENSG00000144504.17
Q9P2T0	ENSG00000105549.11
Q9P2T1	ENSG00000100938.20
Q9P2T1	ENSG00000284752.3
Q9P2U7	ENSG00000104888.11
Q9P2U8	ENSG00000091664.9
Q9P2V4	ENSG00000148602.6
Q9P2W1	ENSG00000131470.15
Q9P2W3	ENSG00000127588.6
Q9P2W6	ENSG00000110665.13
Q9P2W7	ENSG00000109956.14
Q9P2W9	ENSG00000168818.11
Q9P2X0	ENSG00000179085.9
Q9P2X3	ENSG00000154059.12
Q9P2Y4	ENSG00000165804.17
Q9P2Y5	ENSG00000198382.10
Q9P2Z0	ENSG00000129028.9
Q9UBB4	ENSG00000130638.18
Q9UBB5	ENSG00000134046.13
Q9UBB6	ENSG00000020129.17
Q9UBB9	ENSG00000100109.18
Q9UBC0	ENSG00000169856.9
Q9UBC1	ENSG00000204498.11
Q9UBC1	ENSG00000206440.10
Q9UBC1	ENSG00000234530.8
Q9UBC1	ENSG00000236346.8
Q9UBC1	ENSG00000235125.8
Q9UBC1	ENSG00000236196.8
Q9UBC1	ENSG00000227565.8
Q9UBC2	ENSG00000127527.16
Q9UBC3	ENSG00000088305.20
Q9UBC5	ENSG00000166866.14
Q9UBC7	ENSG00000197487.10
Q9UBC9	ENSG00000163209.15
Q9UBD0	ENSG00000171116.7
Q9UBD0	ENSG00000268738.3
Q9UBD3	ENSG00000143185.4
Q9UBD5	ENSG00000135336.18
Q9UBD6	ENSG00000140519.15
Q9UBD9	ENSG00000175505.11
Q9UBE0	ENSG00000142230.14
Q9UBE8	ENSG00000087095.14
Q9UBF1	ENSG00000046774.10
Q9UBF2	ENSG00000158623.14
Q9UBF6	ENSG00000114125.14
Q9UBF8	ENSG00000143393.18
Q9UBF9	ENSG00000120729.11
Q9UBG0	ENSG00000011028.14
Q9UBG3	ENSG00000143536.7
Q9UBG7	ENSG00000124232.11
Q9UBH0	ENSG00000136695.15
Q9UBH6	ENSG00000143324.15
Q9UBI1	ENSG00000148444.17
Q9UBI4	ENSG00000067221.15
Q9UBI6	ENSG00000172380.7
Q9UBI9	ENSG00000112406.6
Q9UBJ2	ENSG00000173208.5
Q9UBK2	ENSG00000109819.11
Q9UBK5	ENSG00000126264.11
Q9UBK7	ENSG00000144134.20
Q9UBK8	ENSG00000124275.16
Q9UBK9	ENSG00000126756.13
Q9UBL0	ENSG00000172995.18
Q9UBL3	ENSG00000129691.17
Q9UBL6	ENSG00000178773.16
Q9UBL9	ENSG00000187848.15
Q9UBM1	ENSG00000133027.19
Q9UBM4	ENSG00000188770.11
Q9UBM7	ENSG00000172893.19
Q9UBM8	ENSG00000182050.15
Q9UBN1	ENSG00000075461.7
Q9UBN4	ENSG00000133107.16
Q9UBN6	ENSG00000173530.7
Q9UBN7	ENSG00000094631.23
Q9UBP0	ENSG00000021574.16
Q9UBP4	ENSG00000050165.20
Q9UBP5	ENSG00000135547.9
Q9UBP6	ENSG00000037897.18
Q9UBP9	ENSG00000144366.18
Q9UBQ0	ENSG00000111237.19
Q9UBQ5	ENSG00000178982.11
Q9UBQ5	ENSG00000282986.2
Q9UBQ6	ENSG00000162694.15
Q9UBQ7	ENSG00000137106.19
Q9UBR1	ENSG00000100024.16
Q9UBR2	ENSG00000101160.16
Q9UBR4	ENSG00000107187.17
Q9UBR5	ENSG00000217555.13
Q9UBS0	ENSG00000175634.16
Q9UBS3	ENSG00000128590.6
Q9UBS4	ENSG00000090520.13
Q9UBS5	ENSG00000204681.12
Q9UBS5	ENSG00000206466.10
Q9UBS5	ENSG00000206511.10
Q9UBS5	ENSG00000232632.8
Q9UBS5	ENSG00000237112.8
Q9UBS5	ENSG00000232569.8
Q9UBS5	ENSG00000237051.8
Q9UBS8	ENSG00000013561.19
Q9UBS9	ENSG00000094975.15
Q9UBT2	ENSG00000126261.13
Q9UBT3	ENSG00000104371.5
Q9UBT6	ENSG00000122008.17
Q9UBT7	ENSG00000119326.16
Q9UBU2	ENSG00000155011.10
Q9UBU3	ENSG00000157017.17
Q9UBU6	ENSG00000137414.8
Q9UBU7	ENSG00000006634.9
Q9UBU8	ENSG00000185787.17
Q9UBU9	ENSG00000162231.15
Q9UBV2	ENSG00000071537.15
Q9UBV4	ENSG00000002745.13
Q9UBV7	ENSG00000027847.15
Q9UBV8	ENSG00000162517.14
Q9UBW5	ENSG00000110934.14
Q9UBW7	ENSG00000121741.18
Q9UBW8	ENSG00000111652.11
Q9UBX0	ENSG00000163666.11
Q9UBX1	ENSG00000174080.13
Q9UBX2	ENSG00000260596.5
Q9UBX2	ENSG00000283363.1
Q9UBX2	ENSG00000283949.3
Q9UBX2	ENSG00000283820.2
Q9UBX2	ENSG00000284210.2
Q9UBX2	ENSG00000284181.2
Q9UBX2	ENSG00000284496.2
Q9UBX2	ENSG00000284383.2
Q9UBX2	ENSG00000284262.2
Q9UBX2	ENSG00000283878.2
Q9UBX2	ENSG00000283767.2
Q9UBX2	ENSG00000283884.2
Q9UBX2	ENSG00000283955.2
Q9UBX2	ENSG00000284025.2
Q9UBX3	ENSG00000183048.13
Q9UBX5	ENSG00000140092.17
Q9UBX7	ENSG00000167757.15
Q9UBX8	ENSG00000118276.13
Q9UBY0	ENSG00000115616.4
Q9UBY5	ENSG00000171517.7
Q9UBY8	ENSG00000182372.11
Q9UBY8	ENSG00000278220.2
Q9UBY9	ENSG00000173641.19
Q9UBZ4	ENSG00000169188.6
Q9UBZ9	ENSG00000135945.11
Q9UC06	ENSG00000187792.6
Q9UC07	ENSG00000198429.11
Q9UD57	ENSG00000229544.9
Q9UD71	ENSG00000131771.15
Q9UDR5	ENSG00000008311.17
Q9UDT6	ENSG00000106665.17
Q9UDV6	ENSG00000170260.10
Q9UDV7	ENSG00000170265.13
Q9UDW1	ENSG00000184076.14
Q9UDW3	ENSG00000100319.14
Q9UDX3	ENSG00000133488.16
Q9UDX4	ENSG00000100012.13
Q9UDX5	ENSG00000242114.7
Q9UDY2	ENSG00000119139.22
Q9UDY4	ENSG00000162616.10
Q9UDY6	ENSG00000137394.14
Q9UDY6	ENSG00000204613.11
Q9UDY6	ENSG00000227472.8
Q9UDY6	ENSG00000229381.8
Q9UDY6	ENSG00000237192.8
Q9UDY6	ENSG00000229346.8
Q9UDY6	ENSG00000235025.8
Q9UDY6	ENSG00000237703.8
Q9UDY8	ENSG00000172175.17
Q9UEE5	ENSG00000164543.8
Q9UEE9	ENSG00000153774.10
Q9UEF7	ENSG00000133116.8
Q9UEG4	ENSG00000102870.7
Q9UER7	ENSG00000204209.14
Q9UER7	ENSG00000206206.11
Q9UER7	ENSG00000206279.10
Q9UER7	ENSG00000231617.8
Q9UER7	ENSG00000227046.8
Q9UET6	ENSG00000068438.16
Q9UEU0	ENSG00000100568.12
Q9UEW3	ENSG00000019169.12
Q9UEW8	ENSG00000198648.13
Q9UEY8	ENSG00000148700.16
Q9UF02	ENSG00000075429.9
Q9UF11	ENSG00000021300.14
Q9UF12	ENSG00000250799.12
Q9UF33	ENSG00000080224.18
Q9UF47	ENSG00000147570.11
Q9UF56	ENSG00000145743.18
Q9UFB7	ENSG00000114853.16
Q9UFC0	ENSG00000161036.14
Q9UFD9	ENSG00000275793.1
Q9UFE4	ENSG00000284862.4
Q9UFF9	ENSG00000155508.15
Q9UFG5	ENSG00000119559.18
Q9UFH2	ENSG00000187775.17
Q9UFN0	ENSG00000136783.11
Q9UFP1	ENSG00000144649.11
Q9UFW8	ENSG00000163320.13
Q9UG01	ENSG00000138002.17
Q9UG22	ENSG00000106560.11
Q9UG56	ENSG00000241878.13
Q9UG63	ENSG00000285292.1
Q9UG63	ENSG00000033050.10
Q9UGB7	ENSG00000100253.14
Q9UGC6	ENSG00000091844.9
Q9UGC7	ENSG00000112031.17
Q9UGF5	ENSG00000112459.5
Q9UGF5	ENSG00000204695.4
Q9UGF5	ENSG00000236927.4
Q9UGF5	ENSG00000234195.4
Q9UGF5	ENSG00000225291.4
Q9UGF5	ENSG00000234100.4
Q9UGF5	ENSG00000237777.4
Q9UGF6	ENSG00000112461.9
Q9UGF6	ENSG00000243729.5
Q9UGF6	ENSG00000227137.8
Q9UGF6	ENSG00000233046.8
Q9UGF6	ENSG00000243441.6
Q9UGF7	ENSG00000204692.9
Q9UGF7	ENSG00000112462.8
Q9UGF7	ENSG00000224487.8
Q9UGF7	ENSG00000242022.8
Q9UGH3	ENSG00000089057.16
Q9UGI0	ENSG00000019995.6
Q9UGI6	ENSG00000143603.20
Q9UGI8	ENSG00000135269.19
Q9UGI9	ENSG00000115592.14
Q9UGJ0	ENSG00000106617.17
Q9UGJ1	ENSG00000137822.14
Q9UGK3	ENSG00000178078.13
Q9UGK8	ENSG00000129158.12
Q9UGL1	ENSG00000117139.19
Q9UGL9	ENSG00000169509.6
Q9UGM1	ENSG00000174343.6
Q9UGM3	ENSG00000187908.21
Q9UGM5	ENSG00000090512.13
Q9UGM6	ENSG00000116874.13
Q9UGN4	ENSG00000167851.17
Q9UGN4	ENSG00000291918.1
Q9UGN5	ENSG00000129484.15
Q9UGN5	ENSG00000291803.1
Q9UGP4	ENSG00000144791.11
Q9UGP5	ENSG00000166169.18
Q9UGP8	ENSG00000025796.15
Q9UGQ2	ENSG00000160325.16
Q9UGQ2	ENSG00000280479.2
Q9UGQ3	ENSG00000160326.15
Q9UGQ3	ENSG00000281165.3
Q9UGR2	ENSG00000100403.13
Q9UGT4	ENSG00000099994.12
Q9UGU0	ENSG00000100207.21
Q9UGU0	ENSG00000262024.6
Q9UGU0	ENSG00000276461.4
Q9UGU5	ENSG00000100281.15
Q9UGV2	ENSG00000101079.22
Q9UGY1	ENSG00000273899.6
Q9UH03	ENSG00000100167.21
Q9UH17	ENSG00000179750.16
Q9UH36	ENSG00000100104.14
Q9UH62	ENSG00000102401.21
Q9UH65	ENSG00000133789.16
Q9UH73	ENSG00000164330.19
Q9UH77	ENSG00000146021.16
Q9UH90	ENSG00000163833.9
Q9UH92	ENSG00000108788.13
Q9UH99	ENSG00000100242.17
Q9UHA2	ENSG00000008324.13
Q9UHA3	ENSG00000137876.12
Q9UHA4	ENSG00000109270.14
Q9UHA7	ENSG00000136694.9
Q9UHB4	ENSG00000188566.16
Q9UHB6	ENSG00000050405.15
Q9UHB7	ENSG00000072364.14
Q9UHB9	ENSG00000167881.16
Q9UHC1	ENSG00000119684.17
Q9UHC3	ENSG00000213199.9
Q9UHC6	ENSG00000174469.23
Q9UHC6	ENSG00000278728.2
Q9UHC7	ENSG00000133606.12
Q9UHC9	ENSG00000015520.16
Q9UHD0	ENSG00000142224.18
Q9UHD1	ENSG00000110172.13
Q9UHD1	ENSG00000285023.2
Q9UHD2	ENSG00000183735.12
Q9UHD4	ENSG00000136305.13
Q9UHD4	ENSG00000285199.1
Q9UHD8	ENSG00000184640.21
Q9UHD9	ENSG00000188021.9
Q9UHE5	ENSG00000144035.5
Q9UHE5	ENSG00000291479.1
Q9UHE8	ENSG00000164647.10
Q9UHF0	ENSG00000166863.14
Q9UHF1	ENSG00000172889.17
Q9UHF4	ENSG00000016402.15
Q9UHF5	ENSG00000127743.6
Q9UHF7	ENSG00000104447.14
Q9UHG0	ENSG00000146038.13
Q9UHG2	ENSG00000102109.10
Q9UHG3	ENSG00000116005.13
Q9UHH9	ENSG00000068745.16
Q9UHI5	ENSG00000092068.21
Q9UHI6	ENSG00000064703.14
Q9UHI7	ENSG00000170482.18
Q9UHI8	ENSG00000154734.17
Q9UHJ3	ENSG00000163935.15
Q9UHJ6	ENSG00000197417.9
Q9UHJ6	ENSG00000262304.2
Q9UHJ9	ENSG00000148985.21
Q9UHK0	ENSG00000083635.8
Q9UHK6	ENSG00000242110.10
Q9UHL0	ENSG00000109832.15
Q9UHL3	ENSG00000170074.22
Q9UHL4	ENSG00000176978.17
Q9UHL9	ENSG00000006704.12
Q9UHM6	ENSG00000122375.13
Q9UHN1	ENSG00000256525.9
Q9UHN6	ENSG00000135048.15
Q9UHP3	ENSG00000155313.17
Q9UHP6	ENSG00000100218.12
Q9UHP7	ENSG00000069493.15
Q9UHP9	ENSG00000091482.9
Q9UHQ1	ENSG00000141562.20
Q9UHQ4	ENSG00000075790.13
Q9UHQ4	ENSG00000283852.4
Q9UHQ7	ENSG00000185222.11
Q9UHQ9	ENSG00000159348.14
Q9UHR4	ENSG00000006453.15
Q9UHR5	ENSG00000161526.16
Q9UHR6	ENSG00000174276.7
Q9UHV2	ENSG00000197019.6
Q9UHV5	ENSG00000108352.13
Q9UHV7	ENSG00000108510.11
Q9UHV8	ENSG00000105198.12
Q9UHV9	ENSG00000143256.6
Q9UHW5	ENSG00000111231.10
Q9UHW9	ENSG00000140199.13
Q9UHX1	ENSG00000179950.16
Q9UHX3	ENSG00000127507.19
Q9UHY1	ENSG00000115216.15
Q9UHY7	ENSG00000145293.18
Q9UHY8	ENSG00000171055.16
Q9UI08	ENSG00000196405.14
Q9UI09	ENSG00000184752.15
Q9UI10	ENSG00000115211.18
Q9UI12	ENSG00000047249.19
Q9UI14	ENSG00000105404.12
Q9UI15	ENSG00000144834.15
Q9UI17	ENSG00000132837.16
Q9UI26	ENSG00000086200.18
Q9UI30	ENSG00000173113.9
Q9UI32	ENSG00000135423.14
Q9UI33	ENSG00000168356.13
Q9UI36	ENSG00000276644.5
Q9UI38	ENSG00000283706.2
Q9UI38	ENSG00000206549.13
Q9UI40	ENSG00000155886.13
Q9UI42	ENSG00000128510.12
Q9UI43	ENSG00000122687.20
Q9UI46	ENSG00000122735.17
Q9UI47	ENSG00000183230.18
Q9UI95	ENSG00000116670.18
Q9UIA0	ENSG00000100055.22
Q9UIA9	ENSG00000130227.18
Q9UIB8	ENSG00000066294.16
Q9UIC8	ENSG00000205629.13
Q9UID3	ENSG00000149823.11
Q9UID6	ENSG00000121864.11
Q9UIE0	ENSG00000159882.14
Q9UIF3	ENSG00000092850.13
Q9UIF7	ENSG00000132781.23
Q9UIF8	ENSG00000123636.21
Q9UIF9	ENSG00000076108.13
Q9UIG0	ENSG00000009954.11
Q9UIG4	ENSG00000204538.4
Q9UIG4	ENSG00000206459.2
Q9UIG4	ENSG00000227246.2
Q9UIG4	ENSG00000232127.2
Q9UIG4	ENSG00000234605.2
Q9UIG4	ENSG00000224544.2
Q9UIG5	ENSG00000204540.11
Q9UIG5	ENSG00000233439.8
Q9UIG5	ENSG00000233734.8
Q9UIG5	ENSG00000231094.8
Q9UIG5	ENSG00000235487.8
Q9UIG8	ENSG00000176463.14
Q9UIH9	ENSG00000163884.5
Q9UII2	ENSG00000130770.19
Q9UII2	ENSG00000285390.2
Q9UII4	ENSG00000138646.10
Q9UII5	ENSG00000196247.14
Q9UII6	ENSG00000079393.22
Q9UII6	ENSG00000293542.1
Q9UIJ5	ENSG00000104219.14
Q9UIJ7	ENSG00000147853.18
Q9UIK4	ENSG00000035664.12
Q9UIK5	ENSG00000144339.13
Q9UIL1	ENSG00000153130.19
Q9UIL4	ENSG00000125337.22
Q9UIL8	ENSG00000136147.19
Q9UIM3	ENSG00000204315.5
Q9UIM3	ENSG00000230907.2
Q9UIM3	ENSG00000223666.2
Q9UIM3	ENSG00000224200.2
Q9UIQ6	ENSG00000113441.17
Q9UIR0	ENSG00000224770.7
Q9UIR0	ENSG00000229597.7
Q9UIR0	ENSG00000226127.7
Q9UIR0	ENSG00000229741.7
Q9UIR0	ENSG00000204290.11
Q9UIR0	ENSG00000224242.7
Q9UIR0	ENSG00000225412.7
Q9UIR0	ENSG00000225845.7
Q9UIS9	ENSG00000141644.20
Q9UIU6	ENSG00000100625.9
Q9UIV1	ENSG00000198791.13
Q9UIV8	ENSG00000197641.12
Q9UIW0	ENSG00000116035.4
Q9UIW2	ENSG00000114554.12
Q9UIX4	ENSG00000026559.15
Q9UIY3	ENSG00000013392.9
Q9UJ04	ENSG00000187189.11
Q9UJ14	ENSG00000131067.18
Q9UJ37	ENSG00000070731.12
Q9UJ41	ENSG00000154710.19
Q9UJ42	ENSG00000173890.18
Q9UJ55	ENSG00000254585.5
Q9UJ55	ENSG00000288188.1
Q9UJ68	ENSG00000175806.16
Q9UJ68	ENSG00000285250.2
Q9UJ70	ENSG00000124357.14
Q9UJ71	ENSG00000116031.9
Q9UJ72	ENSG00000109511.12
Q9UJ78	ENSG00000132950.20
Q9UJ83	ENSG00000131373.16
Q9UJ90	ENSG00000176076.7
Q9UJ96	ENSG00000178342.6
Q9UJ98	ENSG00000066923.20
Q9UJ99	ENSG00000149654.12
Q9UJA2	ENSG00000088766.13
Q9UJA3	ENSG00000125885.14
Q9UJA5	ENSG00000089195.16
Q9UJA9	ENSG00000112796.11
Q9UJC3	ENSG00000134709.14
Q9UJC5	ENSG00000198478.10
Q9UJD0	ENSG00000117016.11
Q9UJF2	ENSG00000075391.19
Q9UJG1	ENSG00000101928.14
Q9UJH8	ENSG00000103260.10
Q9UJJ7	ENSG00000007376.9
Q9UJJ9	ENSG00000090581.12
Q9UJK0	ENSG00000007520.5
Q9UJL9	ENSG00000187801.16
Q9UJM3	ENSG00000116285.14
Q9UJM8	ENSG00000101323.6
Q9UJN7	ENSG00000124613.10
Q9UJP4	ENSG00000162413.17
Q9UJQ1	ENSG00000125869.11
Q9UJQ4	ENSG00000101115.13
Q9UJQ7	ENSG00000132631.6
Q9UJS0	ENSG00000004864.15
Q9UJT0	ENSG00000074935.15
Q9UJT1	ENSG00000108423.17
Q9UJT2	ENSG00000126467.11
Q9UJT9	ENSG00000183580.10
Q9UJU2	ENSG00000138795.11
Q9UJU3	ENSG00000062370.18
Q9UJU5	ENSG00000187140.6
Q9UJU6	ENSG00000136279.22
Q9UJV3	ENSG00000080561.15
Q9UJV8	ENSG00000172733.12
Q9UJV9	ENSG00000183258.13
Q9UJW0	ENSG00000132912.15
Q9UJW2	ENSG00000137251.16
Q9UJW3	ENSG00000142182.9
Q9UJW7	ENSG00000278318.6
Q9UJW8	ENSG00000167384.12
Q9UJW9	ENSG00000167565.15
Q9UJX0	ENSG00000140961.15
Q9UJX2	ENSG00000094880.12
Q9UJX3	ENSG00000196510.15
Q9UJX4	ENSG00000089053.14
Q9UJX5	ENSG00000053900.12
Q9UJX6	ENSG00000176248.10
Q9UJY1	ENSG00000152137.8
Q9UJY4	ENSG00000103365.17
Q9UJY5	ENSG00000100083.21
Q9UJZ1	ENSG00000165283.17
Q9UK00	ENSG00000088543.16
Q9UK05	ENSG00000263761.3
Q9UK08	ENSG00000167414.6
Q9UK10	ENSG00000256294.9
Q9UK11	ENSG00000178386.14
Q9UK12	ENSG00000159885.15
Q9UK13	ENSG00000159905.16
Q9UK17	ENSG00000171385.12
Q9UK22	ENSG00000116661.12
Q9UK23	ENSG00000103174.14
Q9UK28	ENSG00000105696.10
Q9UK32	ENSG00000072133.13
Q9UK33	ENSG00000213015.10
Q9UK39	ENSG00000151014.7
Q9UK41	ENSG00000160948.15
Q9UK41	ENSG00000285339.2
Q9UK45	ENSG00000130332.16
Q9UK53	ENSG00000153487.14
Q9UK55	ENSG00000140093.11
Q9UK55	ENSG00000278767.4
Q9UK58	ENSG00000163660.13
Q9UK59	ENSG00000138231.14
Q9UK61	ENSG00000163946.15
Q9UK73	ENSG00000169018.6
Q9UK76	ENSG00000189159.17
Q9UK80	ENSG00000143258.17
Q9UK85	ENSG00000104901.7
Q9UK96	ENSG00000147912.14
Q9UK97	ENSG00000112146.17
Q9UK99	ENSG00000110429.15
Q9UKA1	ENSG00000118564.16
Q9UKA2	ENSG00000112234.10
Q9UKA4	ENSG00000023516.10
Q9UKA8	ENSG00000117602.14
Q9UKA9	ENSG00000117569.21
Q9UKB1	ENSG00000072803.19
Q9UKB3	ENSG00000108176.16
Q9UKB5	ENSG00000196581.12
Q9UKC9	ENSG00000153558.18
Q9UKD1	ENSG00000101216.12
Q9UKD2	ENSG00000053372.6
Q9UKE5	ENSG00000154310.18
Q9UKF2	ENSG00000134249.7
Q9UKF5	ENSG00000168594.15
Q9UKF6	ENSG00000119203.15
Q9UKF7	ENSG00000154217.16
Q9UKG1	ENSG00000157500.13
Q9UKG4	ENSG00000164707.17
Q9UKG9	ENSG00000005469.13
Q9UKI2	ENSG00000163171.9
Q9UKI3	ENSG00000128218.8
Q9UKI8	ENSG00000198586.15
Q9UKI9	ENSG00000137709.10
Q9UKJ0	ENSG00000121716.21
Q9UKJ1	ENSG00000085514.16
Q9UKJ3	ENSG00000186566.14
Q9UKJ5	ENSG00000109220.12
Q9UKJ8	ENSG00000139985.9
Q9UKK3	ENSG00000102699.7
Q9UKK6	ENSG00000132661.5
Q9UKK9	ENSG00000165609.15
Q9UKL0	ENSG00000089902.11
Q9UKL2	ENSG00000182070.7
Q9UKL3	ENSG00000288475.5
Q9UKL4	ENSG00000159248.5
Q9UKL6	ENSG00000141179.14
Q9UKM7	ENSG00000177239.17
Q9UKM9	ENSG00000125970.13
Q9UKN1	ENSG00000205277.11
Q9UKN5	ENSG00000110851.13
Q9UKN7	ENSG00000091536.20
Q9UKN8	ENSG00000125484.13
Q9UKP3	ENSG00000147166.12
Q9UKP4	ENSG00000136378.16
Q9UKP5	ENSG00000049192.15
Q9UKP6	ENSG00000181408.6
Q9UKQ2	ENSG00000042980.15
Q9UKQ9	ENSG00000269741.5
Q9UKQ9	ENSG00000213022.6
Q9UKR0	ENSG00000186474.17
Q9UKR3	ENSG00000167759.13
Q9UKR5	ENSG00000133935.8
Q9UKR8	ENSG00000130167.14
Q9UKS6	ENSG00000165912.17
Q9UKS7	ENSG00000030419.18
Q9UKT4	ENSG00000112029.10
Q9UKT5	ENSG00000151876.14
Q9UKT7	ENSG00000005812.12
Q9UKT8	ENSG00000119402.19
Q9UKT9	ENSG00000161405.18
Q9UKU0	ENSG00000164398.16
Q9UKU0	ENSG00000281938.2
Q9UKU6	ENSG00000072657.10
Q9UKU7	ENSG00000151498.13
Q9UKU9	ENSG00000136859.11
Q9UKV0	ENSG00000048052.26
Q9UKV3	ENSG00000100813.16
Q9UKV5	ENSG00000159461.16
Q9UKV8	ENSG00000123908.12
Q9UKW4	ENSG00000134215.17
Q9UKW6	ENSG00000135374.12
Q9UKX2	ENSG00000125414.20
Q9UKX3	ENSG00000006788.14
Q9UKX5	ENSG00000137809.18
Q9UKX7	ENSG00000093000.20
Q9UKY0	ENSG00000171864.5
Q9UKY1	ENSG00000165156.16
Q9UKY4	ENSG00000009830.14
Q9UKY7	ENSG00000091527.18
Q9UKZ1	ENSG00000158435.9
Q9UKZ4	ENSG00000009694.14
Q9UKZ9	ENSG00000163710.10
Q9UL01	ENSG00000111817.20
Q9UL03	ENSG00000102786.16
Q9UL12	ENSG00000123453.20
Q9UL15	ENSG00000166170.13
Q9UL16	ENSG00000213085.10
Q9UL17	ENSG00000073861.4
Q9UL18	ENSG00000092847.15
Q9UL19	ENSG00000133321.13
Q9UL25	ENSG00000080371.7
Q9UL26	ENSG00000124209.5
Q9UL33	ENSG00000167515.12
Q9UL36	ENSG00000130856.18
Q9UL40	ENSG00000113761.13
Q9UL41	ENSG00000183837.10
Q9UL42	ENSG00000240694.10
Q9UL45	ENSG00000104164.12
Q9UL46	ENSG00000100911.17
Q9UL46	ENSG00000284889.2
Q9UL49	ENSG00000101190.14
Q9UL51	ENSG00000099822.3
Q9UL52	ENSG00000087128.10
Q9UL54	ENSG00000149930.19
Q9UL58	ENSG00000149054.17
Q9UL59	ENSG00000149050.11
Q9UL62	ENSG00000072315.4
Q9UL63	ENSG00000128585.19
Q9UL68	ENSG00000186487.22
Q9ULA0	ENSG00000123992.22
Q9ULB1	ENSG00000179915.25
Q9ULB4	ENSG00000113100.10
Q9ULB5	ENSG00000081138.14
Q9ULC0	ENSG00000164035.11
Q9ULC3	ENSG00000112210.13
Q9ULC4	ENSG00000232119.9
Q9ULC5	ENSG00000197142.12
Q9ULC6	ENSG00000142623.11
Q9ULC6	ENSG00000281459.3
Q9ULC8	ENSG00000099904.17
Q9ULD0	ENSG00000197444.11
Q9ULD2	ENSG00000129422.16
Q9ULD4	ENSG00000096070.20
Q9ULD5	ENSG00000196453.9
Q9ULD6	ENSG00000164066.14
Q9ULD8	ENSG00000135519.9
Q9ULD9	ENSG00000168916.17
Q9ULE0	ENSG00000047644.20
Q9ULE3	ENSG00000146966.14
Q9ULE4	ENSG00000047662.6
Q9ULE6	ENSG00000107719.11
Q9ULF5	ENSG00000196950.15
Q9ULG1	ENSG00000128908.20
Q9ULG3	ENSG00000114656.13
Q9ULG6	ENSG00000260916.9
Q9ULH0	ENSG00000134313.18
Q9ULH1	ENSG00000153317.16
Q9ULH4	ENSG00000156564.10
Q9ULH7	ENSG00000186260.18
Q9ULI0	ENSG00000119778.16
Q9ULI1	ENSG00000174145.8
Q9ULI2	ENSG00000166532.17
Q9ULI3	ENSG00000173706.15
Q9ULI4	ENSG00000066735.17
Q9ULJ1	ENSG00000122417.17
Q9ULJ3	ENSG00000173276.15
Q9ULJ6	ENSG00000108175.20
Q9ULJ7	ENSG00000151458.13
Q9ULJ8	ENSG00000158528.13
Q9ULK0	ENSG00000182771.19
Q9ULK2	ENSG00000146776.15
Q9ULK4	ENSG00000112282.19
Q9ULK5	ENSG00000162738.8
Q9ULK6	ENSG00000170153.11
Q9ULL0	ENSG00000250423.3
Q9ULL1	ENSG00000120278.18
Q9ULL4	ENSG00000198753.13
Q9ULL5	ENSG00000126464.15
Q9ULL8	ENSG00000158352.19
Q9ULM0	ENSG00000054690.15
Q9ULM2	ENSG00000188033.11
Q9ULM3	ENSG00000163872.17
Q9ULM6	ENSG00000113300.14
Q9ULN7	ENSG00000204851.7
Q9ULP0	ENSG00000103034.16
Q9ULP9	ENSG00000162065.16
Q9ULQ0	ENSG00000128578.11
Q9ULQ1	ENSG00000186815.14
Q9ULR0	ENSG00000240682.11
Q9ULR0	ENSG00000261796.1
Q9ULR3	ENSG00000111110.13
Q9ULR5	ENSG00000124374.10
Q9ULS5	ENSG00000057704.14
Q9ULS6	ENSG00000156486.8
Q9ULT0	ENSG00000068724.19
Q9ULT6	ENSG00000183579.17
Q9ULT8	ENSG00000092148.15
Q9ULU4	ENSG00000101040.21
Q9ULU8	ENSG00000163618.19
Q9ULV0	ENSG00000167306.22
Q9ULV1	ENSG00000174804.4
Q9ULV3	ENSG00000148337.23
Q9ULV4	ENSG00000110880.12
Q9ULV5	ENSG00000102878.19
Q9ULV8	ENSG00000142273.14
Q9ULW0	ENSG00000088325.17
Q9ULW2	ENSG00000111432.5
Q9ULW3	ENSG00000146109.6
Q9ULW3	ENSG00000292169.1
Q9ULW5	ENSG00000167964.14
Q9ULW6	ENSG00000186462.10
Q9ULW8	ENSG00000142619.4
Q9ULW8	ENSG00000280549.1
Q9ULX3	ENSG00000141101.14
Q9ULX5	ENSG00000128482.17
Q9ULX6	ENSG00000011243.20
Q9ULX7	ENSG00000118298.13
Q9ULX9	ENSG00000185022.14
Q9ULY5	ENSG00000166523.8
Q9ULZ0	ENSG00000261509.7
Q9ULZ0	ENSG00000205457.12
Q9ULZ0	ENSG00000205456.12
Q9ULZ0	ENSG00000183632.15
Q9ULZ0	ENSG00000275034.3
Q9ULZ0	ENSG00000274175.1
Q9ULZ0	ENSG00000278848.3
Q9ULZ0	ENSG00000275869.1
Q9ULZ1	ENSG00000171388.13
Q9ULZ2	ENSG00000035720.9
Q9ULZ3	ENSG00000103490.14
Q9ULZ9	ENSG00000198598.8
Q9UM00	ENSG00000143183.19
Q9UM01	ENSG00000155465.22
Q9UM07	ENSG00000159339.13
Q9UM07	ENSG00000280908.2
Q9UM11	ENSG00000105325.16
Q9UM13	ENSG00000164162.15
Q9UM19	ENSG00000116983.14
Q9UM21	ENSG00000071073.14
Q9UM22	ENSG00000086289.13
Q9UM44	ENSG00000114455.16
Q9UM47	ENSG00000074181.10
Q9UM54	ENSG00000196586.18
Q9UM63	ENSG00000118495.22
Q9UM73	ENSG00000171094.18
Q9UM82	ENSG00000158480.12
Q9UMD9	ENSG00000065618.22
Q9UMF0	ENSG00000105376.6
Q9UMN6	ENSG00000272333.8
Q9UMQ3	ENSG00000043039.7
Q9UMQ6	ENSG00000137225.13
Q9UMR2	ENSG00000157349.18
Q9UMR3	ENSG00000164532.11
Q9UMR5	ENSG00000221988.14
Q9UMR5	ENSG00000206329.15
Q9UMR5	ENSG00000236649.10
Q9UMR5	ENSG00000168452.21
Q9UMR5	ENSG00000228116.9
Q9UMR5	ENSG00000258388.7
Q9UMR5	ENSG00000231618.10
Q9UMR5	ENSG00000206256.14
Q9UMR5	ENSG00000227600.11
Q9UMR7	ENSG00000111729.15
Q9UMS0	ENSG00000169599.14
Q9UMS4	ENSG00000110107.10
Q9UMS5	ENSG00000116793.17
Q9UMS6	ENSG00000172403.11
Q9UMW8	ENSG00000184979.13
Q9UMX0	ENSG00000135018.15
Q9UMX1	ENSG00000107882.13
Q9UMX2	ENSG00000143450.19
Q9UMX3	ENSG00000176720.7
Q9UMX5	ENSG00000117691.11
Q9UMX6	ENSG00000112599.9
Q9UMX9	ENSG00000164175.15
Q9UMY1	ENSG00000225921.8
Q9UMY4	ENSG00000147164.13
Q9UMZ2	ENSG00000274047.4
Q9UMZ2	ENSG00000275066.6
Q9UN19	ENSG00000070190.14
Q9UN30	ENSG00000047634.16
Q9UN36	ENSG00000165795.26
Q9UN37	ENSG00000132612.18
Q9UN42	ENSG00000101892.13
Q9UN66	ENSG00000120322.5
Q9UN66	ENSG00000291682.1
Q9UN67	ENSG00000120324.9
Q9UN67	ENSG00000291689.1
Q9UN70	ENSG00000240184.7
Q9UN71	ENSG00000253953.3
Q9UN72	ENSG00000204963.6
Q9UN72	ENSG00000291655.1
Q9UN73	ENSG00000081842.18
Q9UN73	ENSG00000291654.1
Q9UN74	ENSG00000204967.13
Q9UN74	ENSG00000291652.1
Q9UN75	ENSG00000251664.5
Q9UN75	ENSG00000291663.1
Q9UN76	ENSG00000268104.4
Q9UN79	ENSG00000143842.16
Q9UN86	ENSG00000138757.16
Q9UN88	ENSG00000268089.3
Q9UNA0	ENSG00000154736.7
Q9UNA1	ENSG00000145819.18
Q9UNA3	ENSG00000118017.5
Q9UNA4	ENSG00000101751.12
Q9UND3	ENSG00000183426.18
Q9UNE0	ENSG00000135960.11
Q9UNE2	ENSG00000181031.17
Q9UNE2	ENSG00000262334.6
Q9UNE7	ENSG00000103266.12
Q9UNF0	ENSG00000100266.20
Q9UNF1	ENSG00000102316.18
Q9UNG2	ENSG00000120337.10
Q9UNH5	ENSG00000079335.22
Q9UNH6	ENSG00000162627.18
Q9UNH7	ENSG00000129515.21
Q9UNI1	ENSG00000139610.2
Q9UNI6	ENSG00000081721.13
Q9UNK0	ENSG00000170310.16
Q9UNK4	ENSG00000117215.15
Q9UNK9	ENSG00000013523.13
Q9UNL2	ENSG00000114850.8
Q9UNL4	ENSG00000111653.21
Q9UNM6	ENSG00000185627.20
Q9UNN4	ENSG00000242441.8
Q9UNN5	ENSG00000185104.22
Q9UNN8	ENSG00000101000.7
Q9UNP4	ENSG00000115525.19
Q9UNP9	ENSG00000084072.18
Q9UNQ0	ENSG00000118777.13
Q9UNQ2	ENSG00000086189.12
Q9UNS1	ENSG00000111602.13
Q9UNS2	ENSG00000141030.14
Q9UNT1	ENSG00000079974.20
Q9UNU6	ENSG00000180432.6
Q9UNW1	ENSG00000107789.16
Q9UNW8	ENSG00000183484.13
Q9UNW9	ENSG00000104967.8
Q9UNX3	ENSG00000037241.8
Q9UNX4	ENSG00000065183.17
Q9UNX9	ENSG00000182324.7
Q9UNY4	ENSG00000116830.13
Q9UNY5	ENSG00000167840.15
Q9UNZ2	ENSG00000088833.19
Q9UNZ5	ENSG00000104979.10
Q9UP38	ENSG00000157240.4
Q9UP52	ENSG00000106327.14
Q9UP65	ENSG00000105499.15
Q9UP79	ENSG00000134917.11
Q9UP83	ENSG00000164597.16
Q9UP95	ENSG00000124067.18
Q9UPA5	ENSG00000164061.5
Q9UPC5	ENSG00000171659.17
Q9UPE1	ENSG00000184343.12
Q9UPG8	ENSG00000126003.7
Q9UPI3	ENSG00000119686.11
Q9UPM6	ENSG00000106852.16
Q9UPM8	ENSG00000081014.12
Q9UPM9	ENSG00000108641.20
Q9UPN3	ENSG00000127603.32
Q9UPN4	ENSG00000141577.15
Q9UPN6	ENSG00000213079.11
Q9UPN7	ENSG00000105063.20
Q9UPN9	ENSG00000197323.13
Q9UPP1	ENSG00000172943.22
Q9UPP2	ENSG00000120645.12
Q9UPP2	ENSG00000262607.5
Q9UPQ0	ENSG00000064042.19
Q9UPQ3	ENSG00000157985.20
Q9UPQ4	ENSG00000104228.14
Q9UPQ7	ENSG00000121440.15
Q9UPQ8	ENSG00000175283.8
Q9UPQ9	ENSG00000100354.23
Q9UPR0	ENSG00000154822.19
Q9UPR0	ENSG00000284017.2
Q9UPR3	ENSG00000198952.9
Q9UPR5	ENSG00000118160.15
Q9UPR6	ENSG00000105278.13
Q9UPS6	ENSG00000139718.12
Q9UPS8	ENSG00000107890.18
Q9UPT5	ENSG00000182473.23
Q9UPT6	ENSG00000138834.15
Q9UPT8	ENSG00000130749.10
Q9UPT9	ENSG00000124422.13
Q9UPU3	ENSG00000156395.14
Q9UPU5	ENSG00000162402.16
Q9UPU7	ENSG00000167202.13
Q9UPU9	ENSG00000020577.15
Q9UPV0	ENSG00000110274.17
Q9UPV7	ENSG00000122733.13
Q9UPV9	ENSG00000182606.18
Q9UPW0	ENSG00000198815.10
Q9UPW5	ENSG00000135049.17
Q9UPW6	ENSG00000119042.19
Q9UPW8	ENSG00000130477.16
Q9UPX0	ENSG00000080854.16
Q9UPX6	ENSG00000169330.10
Q9UPX8	ENSG00000162105.22
Q9UPY3	ENSG00000100697.18
Q9UPY5	ENSG00000151012.13
Q9UPY6	ENSG00000132970.15
Q9UPY8	ENSG00000084764.13
Q9UPZ3	ENSG00000110756.19
Q9UPZ3	ENSG00000288445.2
Q9UPZ6	ENSG00000005108.17
Q9UPZ9	ENSG00000112144.16
Q9UQ03	ENSG00000103647.14
Q9UQ05	ENSG00000089558.9
Q9UQ07	ENSG00000080823.24
Q9UQ10	ENSG00000104808.8
Q9UQ13	ENSG00000108061.14
Q9UQ16	ENSG00000197959.15
Q9UQ26	ENSG00000176406.25
Q9UQ35	ENSG00000167978.19
Q9UQ49	ENSG00000162139.11
Q9UQ52	ENSG00000134115.14
Q9UQ53	ENSG00000161013.18
Q9UQ53	ENSG00000284501.2
Q9UQ72	ENSG00000243130.8
Q9UQ74	ENSG00000124467.20
Q9UQ80	ENSG00000170515.15
Q9UQ84	ENSG00000174371.18
Q9UQ88	ENSG00000008128.24
Q9UQ90	ENSG00000197912.17
Q9UQB3	ENSG00000169862.22
Q9UQB8	ENSG00000175866.17
Q9UQB9	ENSG00000105146.15
Q9UQC2	ENSG00000033327.13
Q9UQC9	ENSG00000137975.8
Q9UQD0	ENSG00000196876.19
Q9UQE7	ENSG00000108055.12
Q9UQF0	ENSG00000242950.7
Q9UQF2	ENSG00000121653.12
Q9UQK1	ENSG00000119938.9
Q9UQL6	ENSG00000108840.18
Q9UQM7	ENSG00000070808.18
Q9UQN3	ENSG00000083937.10
Q9UQP3	ENSG00000120332.18
Q9UQQ1	ENSG00000168060.16
Q9UQQ2	ENSG00000111252.12
Q9UQR0	ENSG00000102098.20
Q9UQR1	ENSG00000163848.22
Q9UQV4	ENSG00000078081.9
Q9Y210	ENSG00000137672.14
Q9Y215	ENSG00000206561.15
Q9Y216	ENSG00000003987.15
Q9Y217	ENSG00000139505.14
Q9Y219	ENSG00000184916.10
Q9Y221	ENSG00000132603.16
Q9Y222	ENSG00000135164.20
Q9Y223	ENSG00000159921.21
Q9Y224	ENSG00000087302.10
Q9Y225	ENSG00000101236.18
Q9Y226	ENSG00000172940.13
Q9Y227	ENSG00000197217.14
Q9Y228	ENSG00000009790.16
Q9Y230	ENSG00000183207.16
Q9Y231	ENSG00000172461.12
Q9Y232	ENSG00000153046.19
Q9Y233	ENSG00000112541.19
Q9Y234	ENSG00000144182.18
Q9Y235	ENSG00000124701.7
Q9Y236	ENSG00000164823.12
Q9Y237	ENSG00000102309.16
Q9Y238	ENSG00000008226.21
Q9Y239	ENSG00000106100.12
Q9Y240	ENSG00000105472.15
Q9Y241	ENSG00000181061.15
Q9Y242	ENSG00000137310.14
Q9Y243	ENSG00000117020.19
Q9Y243	ENSG00000275199.4
Q9Y244	ENSG00000132963.10
Q9Y247	ENSG00000145945.8
Q9Y248	ENSG00000131153.10
Q9Y250	ENSG00000061337.16
Q9Y251	ENSG00000173083.17
Q9Y252	ENSG00000127870.18
Q9Y253	ENSG00000170734.13
Q9Y255	ENSG00000169230.11
Q9Y256	ENSG00000173653.8
Q9Y257	ENSG00000099337.6
Q9Y258	ENSG00000006606.9
Q9Y259	ENSG00000100288.21
Q9Y261	ENSG00000125798.16
Q9Y262	ENSG00000100129.18
Q9Y263	ENSG00000137055.16
Q9Y264	ENSG00000101280.9
Q9Y265	ENSG00000175792.13
Q9Y266	ENSG00000090273.15
Q9Y267	ENSG00000144671.11
Q9Y271	ENSG00000173198.7
Q9Y272	ENSG00000108551.6
Q9Y274	ENSG00000064225.14
Q9Y275	ENSG00000102524.12
Q9Y276	ENSG00000074582.16
Q9Y277	ENSG00000078668.15
Q9Y278	ENSG00000122254.7
Q9Y279	ENSG00000155659.16
Q9Y281	ENSG00000165410.15
Q9Y282	ENSG00000125991.22
Q9Y283	ENSG00000119509.14
Q9Y284	ENSG00000105583.12
Q9Y285	ENSG00000179115.12
Q9Y286	ENSG00000168995.14
Q9Y287	ENSG00000136156.16
Q9Y289	ENSG00000138074.16
Q9Y291	ENSG00000090263.17
Q9Y294	ENSG00000111875.9
Q9Y295	ENSG00000185721.15
Q9Y296	ENSG00000196655.13
Q9Y296	ENSG00000280495.5
Q9Y297	ENSG00000166167.19
Q9Y2A4	ENSG00000180855.16
Q9Y2A7	ENSG00000061676.17
Q9Y2A9	ENSG00000179913.12
Q9Y2B0	ENSG00000257727.7
Q9Y2B1	ENSG00000118600.14
Q9Y2B2	ENSG00000108474.17
Q9Y2B4	ENSG00000124251.11
Q9Y2B5	ENSG00000075399.15
Q9Y2B9	ENSG00000168734.15
Q9Y2C2	ENSG00000111962.9
Q9Y2C3	ENSG00000183778.20
Q9Y2C4	ENSG00000157036.14
Q9Y2C5	ENSG00000146039.12
Q9Y2C9	ENSG00000174130.14
Q9Y2D0	ENSG00000169239.15
Q9Y2D1	ENSG00000169136.14
Q9Y2D2	ENSG00000117620.16
Q9Y2D4	ENSG00000144036.17
Q9Y2D5	ENSG00000157654.20
Q9Y2D8	ENSG00000117155.18
Q9Y2D9	ENSG00000198740.10
Q9Y2E4	ENSG00000151240.19
Q9Y2E5	ENSG00000013288.10
Q9Y2E6	ENSG00000110042.8
Q9Y2E8	ENSG00000197818.13
Q9Y2F5	ENSG00000164151.12
Q9Y2F9	ENSG00000132640.15
Q9Y2G0	ENSG00000084710.15
Q9Y2G1	ENSG00000124920.15
Q9Y2G2	ENSG00000105483.19
Q9Y2G3	ENSG00000058063.18
Q9Y2G4	ENSG00000135299.19
Q9Y2G5	ENSG00000186866.18
Q9Y2G7	ENSG00000120784.18
Q9Y2G8	ENSG00000116138.14
Q9Y2G9	ENSG00000064932.17
Q9Y2G9	ENSG00000278788.4
Q9Y2H0	ENSG00000080845.20
Q9Y2H1	ENSG00000211455.9
Q9Y2H2	ENSG00000198825.16
Q9Y2H5	ENSG00000143850.18
Q9Y2H6	ENSG00000102531.17
Q9Y2H8	ENSG00000081386.14
Q9Y2H9	ENSG00000105613.10
Q9Y2I1	ENSG00000010322.17
Q9Y2I2	ENSG00000162631.21
Q9Y2I6	ENSG00000101004.17
Q9Y2I7	ENSG00000115020.18
Q9Y2I8	ENSG00000047056.19
Q9Y2I9	ENSG00000111490.15
Q9Y2I9	ENSG00000288591.1
Q9Y2J0	ENSG00000089169.16
Q9Y2J2	ENSG00000082397.19
Q9Y2J4	ENSG00000114019.16
Q9Y2J8	ENSG00000117115.14
Q9Y2J8	ENSG00000291387.1
Q9Y2K1	ENSG00000126804.15
Q9Y2K2	ENSG00000160584.18
Q9Y2K3	ENSG00000144821.11
Q9Y2K5	ENSG00000179912.22
Q9Y2K6	ENSG00000136878.15
Q9Y2K7	ENSG00000173120.16
Q9Y2K9	ENSG00000145087.15
Q9Y2L1	ENSG00000083520.16
Q9Y2L5	ENSG00000153339.16
Q9Y2L6	ENSG00000114541.16
Q9Y2L8	ENSG00000196652.13
Q9Y2L9	ENSG00000136141.15
Q9Y2M0	ENSG00000198690.11
Q9Y2M0	ENSG00000276787.1
Q9Y2M2	ENSG00000125046.16
Q9Y2M5	ENSG00000076321.12
Q9Y2N7	ENSG00000124440.16
Q9Y2P0	ENSG00000127903.15
Q9Y2P4	ENSG00000113396.14
Q9Y2P5	ENSG00000083807.11
Q9Y2P7	ENSG00000152454.4
Q9Y2P8	ENSG00000120158.12
Q9Y2Q0	ENSG00000124406.18
Q9Y2Q1	ENSG00000197134.13
Q9Y2Q3	ENSG00000197448.15
Q9Y2Q5	ENSG00000116586.13
Q9Y2Q9	ENSG00000147586.11
Q9Y2R0	ENSG00000183978.8
Q9Y2R2	ENSG00000134242.17
Q9Y2R4	ENSG00000277594.2
Q9Y2R4	ENSG00000278053.6
Q9Y2R5	ENSG00000239789.7
Q9Y2R9	ENSG00000125445.12
Q9Y2S2	ENSG00000165475.16
Q9Y2S6	ENSG00000232112.4
Q9Y2S7	ENSG00000004142.13
Q9Y2T1	ENSG00000168646.15
Q9Y2T2	ENSG00000185009.14
Q9Y2T3	ENSG00000119125.18
Q9Y2T4	ENSG00000074211.14
Q9Y2T5	ENSG00000203737.5
Q9Y2T6	ENSG00000135898.11
Q9Y2T7	ENSG00000006047.14
Q9Y2T7	ENSG00000288504.1
Q9Y2U2	ENSG00000173338.13
Q9Y2U5	ENSG00000169967.18
Q9Y2U8	ENSG00000174106.4
Q9Y2U9	ENSG00000165516.12
Q9Y2V0	ENSG00000186073.15
Q9Y2V2	ENSG00000153048.12
Q9Y2V3	ENSG00000134438.10
Q9Y2V7	ENSG00000133103.19
Q9Y2W1	ENSG00000054118.16
Q9Y2W2	ENSG00000084463.9
Q9Y2W3	ENSG00000162426.17
Q9Y2W6	ENSG00000182134.18
Q9Y2W7	ENSG00000115041.15
Q9Y2X0	ENSG00000175221.17
Q9Y2X3	ENSG00000055044.12
Q9Y2X7	ENSG00000108262.17
Q9Y2X8	ENSG00000078967.14
Q9Y2X9	ENSG00000162702.9
Q9Y2Y0	ENSG00000102931.8
Q9Y2Y1	ENSG00000161980.7
Q9Y2Y4	ENSG00000011590.15
Q9Y2Y6	ENSG00000006042.13
Q9Y2Y8	ENSG00000156575.2
Q9Y2Y9	ENSG00000169926.12
Q9Y2Y9	ENSG00000275746.1
Q9Y2Z0	ENSG00000165416.16
Q9Y2Z2	ENSG00000135297.18
Q9Y2Z4	ENSG00000139131.14
Q9Y2Z9	ENSG00000119723.18
Q9Y303	ENSG00000162066.17
Q9Y305	ENSG00000123130.18
Q9Y312	ENSG00000131043.14
Q9Y314	ENSG00000142546.15
Q9Y315	ENSG00000023697.14
Q9Y316	ENSG00000162959.15
Q9Y320	ENSG00000213593.12
Q9Y324	ENSG00000119616.11
Q9Y328	ENSG00000170091.12
Q9Y330	ENSG00000206366.6
Q9Y330	ENSG00000204366.4
Q9Y330	ENSG00000234196.2
Q9Y330	ENSG00000237900.2
Q9Y330	ENSG00000234852.2
Q9Y333	ENSG00000204392.12
Q9Y333	ENSG00000172850.11
Q9Y333	ENSG00000231502.6
Q9Y333	ENSG00000224979.6
Q9Y333	ENSG00000225998.6
Q9Y333	ENSG00000236826.7
Q9Y334	ENSG00000204396.11
Q9Y334	ENSG00000234433.8
Q9Y334	ENSG00000230048.8
Q9Y334	ENSG00000223757.8
Q9Y334	ENSG00000238203.8
Q9Y336	ENSG00000129450.11
Q9Y337	ENSG00000167754.14
Q9Y342	ENSG00000102934.11
Q9Y343	ENSG00000064652.12
Q9Y345	ENSG00000165970.12
Q9Y365	ENSG00000214530.11
Q9Y366	ENSG00000101052.14
Q9Y371	ENSG00000097033.16
Q9Y375	ENSG00000137806.11
Q9Y376	ENSG00000135932.13
Q9Y383	ENSG00000146963.19
Q9Y385	ENSG00000198833.8
Q9Y388	ENSG00000134597.18
Q9Y394	ENSG00000100612.15
Q9Y397	ENSG00000188706.14
Q9Y399	ENSG00000122140.14
Q9Y3A0	ENSG00000167113.12
Q9Y3A2	ENSG00000183520.13
Q9Y3A3	ENSG00000115540.16
Q9Y3A4	ENSG00000189306.13
Q9Y3A5	ENSG00000126524.13
Q9Y3A6	ENSG00000117500.14
Q9Y3B1	ENSG00000101166.17
Q9Y3B2	ENSG00000171311.14
Q9Y3B3	ENSG00000251201.8
Q9Y3B3	ENSG00000134970.15
Q9Y3B4	ENSG00000115128.8
Q9Y3B6	ENSG00000100908.15
Q9Y3B6	ENSG00000285377.2
Q9Y3B7	ENSG00000174547.14
Q9Y3B8	ENSG00000076043.12
Q9Y3B9	ENSG00000067533.7
Q9Y3C0	ENSG00000120860.12
Q9Y3C1	ENSG00000048162.23
Q9Y3C4	ENSG00000144034.17
Q9Y3C4	ENSG00000291480.1
Q9Y3C5	ENSG00000123091.6
Q9Y3C6	ENSG00000137168.9
Q9Y3C7	ENSG00000108590.11
Q9Y3C8	ENSG00000143222.13
Q9Y3D0	ENSG00000166595.12
Q9Y3D2	ENSG00000148450.14
Q9Y3D3	ENSG00000182180.15
Q9Y3D5	ENSG00000163319.12
Q9Y3D6	ENSG00000214253.10
Q9Y3D7	ENSG00000217930.9
Q9Y3D7	ENSG00000282228.1
Q9Y3D8	ENSG00000085231.14
Q9Y3D8	ENSG00000279247.3
Q9Y3D9	ENSG00000181610.14
Q9Y3E0	ENSG00000111711.10
Q9Y3E1	ENSG00000166503.11
Q9Y3E2	ENSG00000178096.10
Q9Y3E5	ENSG00000141378.16
Q9Y3E7	ENSG00000115561.17
Q9Y3E7	ENSG00000249884.8
Q9Y3F4	ENSG00000023734.12
Q9Y3I0	ENSG00000100220.13
Q9Y3I1	ENSG00000100225.19
Q9Y3L3	ENSG00000100092.25
Q9Y3L5	ENSG00000123728.11
Q9Y3M2	ENSG00000100211.13
Q9Y3M8	ENSG00000133121.22
Q9Y3M9	ENSG00000130684.15
Q9Y3N9	ENSG00000204704.3
Q9Y3N9	ENSG00000206525.2
Q9Y3N9	ENSG00000227639.1
Q9Y3N9	ENSG00000228977.1
Q9Y3N9	ENSG00000226463.1
Q9Y3N9	ENSG00000234101.1
Q9Y3N9	ENSG00000228652.1
Q9Y3N9	ENSG00000229328.1
Q9Y3P4	ENSG00000100263.15
Q9Y3P8	ENSG00000137078.11
Q9Y3P9	ENSG00000011454.19
Q9Y3Q0	ENSG00000077616.11
Q9Y3Q0	ENSG00000285516.2
Q9Y3Q3	ENSG00000166557.15
Q9Y3Q4	ENSG00000138622.4
Q9Y3Q7	ENSG00000168619.16
Q9Y3Q7	ENSG00000278548.4
Q9Y3Q8	ENSG00000166925.10
Q9Y3R0	ENSG00000155974.15
Q9Y3R4	ENSG00000115488.4
Q9Y3R5	ENSG00000142197.14
Q9Y3S1	ENSG00000165238.18
Q9Y3S2	ENSG00000109445.12
Q9Y3T6	ENSG00000104679.12
Q9Y3T9	ENSG00000188976.12
Q9Y3V2	ENSG00000122481.18
Q9Y3X0	ENSG00000105321.15
Q9Y3Y2	ENSG00000160679.14
Q9Y3Y4	ENSG00000171016.13
Q9Y3Z3	ENSG00000101347.12
Q9Y421	ENSG00000105058.13
Q9Y426	ENSG00000157617.18
Q9Y446	ENSG00000184363.11
Q9Y448	ENSG00000128944.14
Q9Y450	ENSG00000112339.16
Q9Y458	ENSG00000122145.16
Q9Y458	ENSG00000277800.3
Q9Y462	ENSG00000147180.18
Q9Y463	ENSG00000105204.14
Q9Y463	ENSG00000281320.3
Q9Y466	ENSG00000112333.13
Q9Y467	ENSG00000165821.12
Q9Y468	ENSG00000185513.18
Q9Y473	ENSG00000105497.9
Q9Y478	ENSG00000111725.11
Q9Y483	ENSG00000143033.19
Q9Y484	ENSG00000196998.20
Q9Y484	ENSG00000292221.1
Q9Y485	ENSG00000172869.16
Q9Y487	ENSG00000185344.16
Q9Y490	ENSG00000137076.23
Q9Y493	ENSG00000146839.19
Q9Y496	ENSG00000131437.17
Q9Y4A0	ENSG00000183340.8
Q9Y4A5	ENSG00000196367.15
Q9Y4A8	ENSG00000050344.10
Q9Y4A9	ENSG00000186723.4
Q9Y4B4	ENSG00000164080.15
Q9Y4B5	ENSG00000168502.19
Q9Y4B6	ENSG00000145041.18
Q9Y4C0	ENSG00000021645.20
Q9Y4C1	ENSG00000115548.18
Q9Y4C2	ENSG00000198420.11
Q9Y4C4	ENSG00000147324.11
Q9Y4C5	ENSG00000175040.6
Q9Y4C8	ENSG00000122965.12
Q9Y4D1	ENSG00000100592.16
Q9Y4D2	ENSG00000134780.11
Q9Y4D7	ENSG00000004399.14
Q9Y4E1	ENSG00000172661.21
Q9Y4E5	ENSG00000112200.18
Q9Y4E6	ENSG00000091157.15
Q9Y4E8	ENSG00000135655.17
Q9Y4F1	ENSG00000152767.18
Q9Y4F3	ENSG00000166783.23
Q9Y4F3	ENSG00000277140.2
Q9Y4F4	ENSG00000198718.14
Q9Y4F5	ENSG00000099814.18
Q9Y4F9	ENSG00000111913.21
Q9Y4G2	ENSG00000225190.13
Q9Y4G2	ENSG00000277111.3
Q9Y4G2	ENSG00000276358.2
Q9Y4G6	ENSG00000171914.18
Q9Y4G8	ENSG00000109756.11
Q9Y4H2	ENSG00000185950.9
Q9Y4H4	ENSG00000213654.11
Q9Y4H4	ENSG00000206314.9
Q9Y4H4	ENSG00000236697.7
Q9Y4H4	ENSG00000233490.7
Q9Y4H4	ENSG00000237052.7
Q9Y4H4	ENSG00000234243.7
Q9Y4H4	ENSG00000234508.7
Q9Y4I1	ENSG00000197535.16
Q9Y4I5	ENSG00000132749.12
Q9Y4J8	ENSG00000134769.24
Q9Y4K0	ENSG00000134013.17
Q9Y4K1	ENSG00000112297.18
Q9Y4K3	ENSG00000175104.16
Q9Y4K4	ENSG00000012983.13
Q9Y4L1	ENSG00000149428.22
Q9Y4L1	ENSG00000280682.3
Q9Y4L5	ENSG00000265491.6
Q9Y4P1	ENSG00000168397.18
Q9Y4P3	ENSG00000106638.19
Q9Y4P8	ENSG00000157954.16
Q9Y4P9	ENSG00000101222.13
Q9Y4R7	ENSG00000214021.19
Q9Y4R8	ENSG00000100726.16
Q9Y4U1	ENSG00000132763.16
Q9Y4W2	ENSG00000001497.19
Q9Y4W6	ENSG00000141385.13
Q9Y4X0	ENSG00000101935.13
Q9Y4X3	ENSG00000213927.4
Q9Y4X4	ENSG00000118922.20
Q9Y4X5	ENSG00000166233.16
Q9Y4Y9	ENSG00000106355.11
Q9Y4Z0	ENSG00000130520.12
Q9Y4Z2	ENSG00000122859.6
Q9Y508	ENSG00000124226.12
Q9Y512	ENSG00000100347.16
Q9Y519	ENSG00000198792.14
Q9Y520	ENSG00000117523.18
Q9Y530	ENSG00000124596.18
Q9Y534	ENSG00000172346.16
Q9Y535	ENSG00000100413.18
Q9Y536	ENSG00000263353.4
Q9Y536	ENSG00000291978.1
Q9Y543	ENSG00000069812.12
Q9Y546	ENSG00000116212.17
Q9Y547	ENSG00000081870.13
Q9Y548	ENSG00000058799.16
Q9Y561	ENSG00000147650.12
Q9Y566	ENSG00000161681.18
Q9Y570	ENSG00000214517.11
Q9Y572	ENSG00000129465.17
Q9Y572	ENSG00000285379.2
Q9Y573	ENSG00000197429.12
Q9Y574	ENSG00000005981.14
Q9Y575	ENSG00000115239.25
Q9Y576	ENSG00000065802.13
Q9Y577	ENSG00000162931.13
Q9Y580	ENSG00000076053.13
Q9Y581	ENSG00000120210.8
Q9Y584	ENSG00000177370.6
Q9Y584	ENSG00000278501.2
Q9Y584	ENSG00000277649.2
Q9Y585	ENSG00000172150.4
Q9Y586	ENSG00000181541.6
Q9Y587	ENSG00000100478.18
Q9Y592	ENSG00000173588.17
Q9Y597	ENSG00000136636.14
Q9Y5A6	ENSG00000166529.17
Q9Y5A7	ENSG00000013374.18
Q9Y5A9	ENSG00000198492.17
Q9Y5B0	ENSG00000060069.19
Q9Y5B6	ENSG00000159086.16
Q9Y5B6	ENSG00000263141.5
Q9Y5B8	ENSG00000143156.15
Q9Y5B9	ENSG00000092201.11
Q9Y5C1	ENSG00000132855.6
Q9Y5E1	ENSG00000177839.7
Q9Y5E1	ENSG00000291687.1
Q9Y5E2	ENSG00000113212.7
Q9Y5E2	ENSG00000291681.1
Q9Y5E3	ENSG00000113211.6
Q9Y5E3	ENSG00000291679.1
Q9Y5E4	ENSG00000113209.9
Q9Y5E4	ENSG00000291677.1
Q9Y5E5	ENSG00000081818.4
Q9Y5E5	ENSG00000291676.1
Q9Y5E6	ENSG00000113205.5
Q9Y5E7	ENSG00000112852.7
Q9Y5E7	ENSG00000291672.1
Q9Y5E8	ENSG00000113248.6
Q9Y5E8	ENSG00000291695.1
Q9Y5E9	ENSG00000120327.7
Q9Y5E9	ENSG00000291693.1
Q9Y5F0	ENSG00000187372.11
Q9Y5F0	ENSG00000291692.1
Q9Y5F1	ENSG00000120328.6
Q9Y5F1	ENSG00000291691.1
Q9Y5F2	ENSG00000197479.7
Q9Y5F2	ENSG00000291690.1
Q9Y5F3	ENSG00000171815.6
Q9Y5F3	ENSG00000291669.1
Q9Y5F6	ENSG00000240764.4
Q9Y5F7	ENSG00000242419.6
Q9Y5F8	ENSG00000254122.3
Q9Y5F9	ENSG00000253305.3
Q9Y5G0	ENSG00000276547.2
Q9Y5G1	ENSG00000262209.3
Q9Y5G2	ENSG00000253910.3
Q9Y5G3	ENSG00000254221.3
Q9Y5G4	ENSG00000261934.3
Q9Y5G5	ENSG00000253767.3
Q9Y5G6	ENSG00000253537.3
Q9Y5G7	ENSG00000253731.3
Q9Y5G8	ENSG00000253485.3
Q9Y5G9	ENSG00000262576.3
Q9Y5H0	ENSG00000254245.3
Q9Y5H1	ENSG00000081853.15
Q9Y5H2	ENSG00000253873.6
Q9Y5H3	ENSG00000253846.3
Q9Y5H4	ENSG00000204956.6
Q9Y5H5	ENSG00000204961.7
Q9Y5H5	ENSG00000291657.1
Q9Y5H6	ENSG00000204962.6
Q9Y5H6	ENSG00000291656.1
Q9Y5H7	ENSG00000204965.9
Q9Y5H7	ENSG00000291653.1
Q9Y5H8	ENSG00000255408.4
Q9Y5H8	ENSG00000291651.1
Q9Y5H9	ENSG00000204969.7
Q9Y5H9	ENSG00000291650.1
Q9Y5I0	ENSG00000239389.8
Q9Y5I0	ENSG00000291666.1
Q9Y5I1	ENSG00000249158.7
Q9Y5I1	ENSG00000291662.1
Q9Y5I2	ENSG00000250120.8
Q9Y5I2	ENSG00000291659.1
Q9Y5I3	ENSG00000204970.10
Q9Y5I3	ENSG00000291649.1
Q9Y5I4	ENSG00000243232.6
Q9Y5I4	ENSG00000291668.1
Q9Y5I7	ENSG00000113946.5
Q9Y5J1	ENSG00000011260.15
Q9Y5J3	ENSG00000164683.19
Q9Y5J5	ENSG00000174307.7
Q9Y5J6	ENSG00000132286.13
Q9Y5J6	ENSG00000283977.1
Q9Y5J7	ENSG00000100575.15
Q9Y5J9	ENSG00000150779.12
Q9Y5K1	ENSG00000054796.13
Q9Y5K2	ENSG00000167749.12
Q9Y5K3	ENSG00000102230.14
Q9Y5K5	ENSG00000116750.15
Q9Y5K6	ENSG00000198087.8
Q9Y5K8	ENSG00000100554.12
Q9Y5L0	ENSG00000064419.15
Q9Y5L2	ENSG00000135245.11
Q9Y5L3	ENSG00000054179.13
Q9Y5L4	ENSG00000099800.9
Q9Y5L5	ENSG00000163352.6
Q9Y5M8	ENSG00000144867.14
Q9Y5N1	ENSG00000101180.18
Q9Y5N5	ENSG00000156239.13
Q9Y5N6	ENSG00000091651.10
Q9Y5P0	ENSG00000183251.4
Q9Y5P1	ENSG00000279012.2
Q9Y5P2	ENSG00000268916.7
Q9Y5P3	ENSG00000131831.19
Q9Y5P4	ENSG00000113163.20
Q9Y5P6	ENSG00000173540.15
Q9Y5P8	ENSG00000167393.19
Q9Y5P8	ENSG00000292327.2
Q9Y5Q0	ENSG00000221968.10
Q9Y5Q3	ENSG00000204103.4
Q9Y5Q5	ENSG00000145244.13
Q9Y5Q6	ENSG00000172410.5
Q9Y5Q8	ENSG00000148308.19
Q9Y5Q9	ENSG00000119041.12
Q9Y5R2	ENSG00000125966.11
Q9Y5R4	ENSG00000114735.11
Q9Y5R5	ENSG00000173253.17
Q9Y5R6	ENSG00000137090.12
Q9Y5R8	ENSG00000170043.13
Q9Y5S1	ENSG00000187688.15
Q9Y5S2	ENSG00000198752.12
Q9Y5S8	ENSG00000007952.19
Q9Y5S9	ENSG00000265241.9
Q9Y5T4	ENSG00000120675.7
Q9Y5T5	ENSG00000156256.16
Q9Y5T5	ENSG00000291527.1
Q9Y5U2	ENSG00000184281.16
Q9Y5U4	ENSG00000125629.17
Q9Y5U5	ENSG00000186891.14
Q9Y5U8	ENSG00000060762.21
Q9Y5U9	ENSG00000134049.7
Q9Y5U9	ENSG00000267228.7
Q9Y5V0	ENSG00000120963.13
Q9Y5V3	ENSG00000179222.19
Q9Y5W3	ENSG00000127528.6
Q9Y5W5	ENSG00000156076.11
Q9Y5W7	ENSG00000135317.15
Q9Y5W8	ENSG00000071189.22
Q9Y5W9	ENSG00000002919.16
Q9Y5X0	ENSG00000086300.18
Q9Y5X1	ENSG00000130340.18
Q9Y5X2	ENSG00000106266.12
Q9Y5X3	ENSG00000089006.18
Q9Y5X4	ENSG00000278570.5
Q9Y5X5	ENSG00000056291.20
Q9Y5X9	ENSG00000101670.13
Q9Y5Y0	ENSG00000162769.14
Q9Y5Y2	ENSG00000095906.18
Q9Y5Y3	ENSG00000135973.3
Q9Y5Y4	ENSG00000183134.5
Q9Y5Y5	ENSG00000121680.17
Q9Y5Y6	ENSG00000149418.12
Q9Y5Y7	ENSG00000133800.10
Q9Y5Y9	ENSG00000185313.9
Q9Y5Z0	ENSG00000182240.17
Q9Y5Z4	ENSG00000051620.12
Q9Y5Z6	ENSG00000172318.7
Q9Y5Z7	ENSG00000111727.13
Q9Y5Z9	ENSG00000120942.14
Q9Y600	ENSG00000139631.21
Q9Y603	ENSG00000010030.14
Q9Y605	ENSG00000179010.17
Q9Y606	ENSG00000177192.15
Q9Y608	ENSG00000093167.19
Q9Y613	ENSG00000135723.15
Q9Y614	ENSG00000148156.8
Q9Y615	ENSG00000187003.7
Q9Y616	ENSG00000090376.12
Q9Y617	ENSG00000135069.15
Q9Y618	ENSG00000196498.16
Q9Y619	ENSG00000102743.17
Q9Y620	ENSG00000197275.15
Q9Y623	ENSG00000264424.1
Q9Y624	ENSG00000158769.20
Q9Y625	ENSG00000183098.12
Q9Y639	ENSG00000156642.18
Q9Y644	ENSG00000169733.13
Q9Y646	ENSG00000104324.17
Q9Y651	ENSG00000125285.6
Q9Y653	ENSG00000205336.15
Q9Y657	ENSG00000106723.18
Q9Y661	ENSG00000182601.7
Q9Y662	ENSG00000125430.9
Q9Y663	ENSG00000153976.3
Q9Y664	ENSG00000118162.15
Q9Y666	ENSG00000113504.22
Q9Y672	ENSG00000088035.19
Q9Y673	ENSG00000120697.11
Q9Y675	ENSG00000273173.6
Q9Y675	ENSG00000214265.11
Q9Y676	ENSG00000204568.13
Q9Y676	ENSG00000203624.10
Q9Y676	ENSG00000223775.8
Q9Y676	ENSG00000229861.8
Q9Y676	ENSG00000233813.8
Q9Y676	ENSG00000226111.8
Q9Y676	ENSG00000227420.8
Q9Y678	ENSG00000181789.15
Q9Y679	ENSG00000115307.18
Q9Y680	ENSG00000079150.19
Q9Y689	ENSG00000162980.18
Q9Y691	ENSG00000197584.14
Q9Y691	ENSG00000275163.1
Q9Y692	ENSG00000162419.14
Q9Y693	ENSG00000183722.10
Q9Y694	ENSG00000137204.16
Q9Y696	ENSG00000169504.16
Q9Y697	ENSG00000244005.14
Q9Y698	ENSG00000166862.7
Q9Y6A1	ENSG00000130714.20
Q9Y6A2	ENSG00000036530.10
Q9Y6A4	ENSG00000070761.9
Q9Y6A5	ENSG00000013810.22
Q9Y6A9	ENSG00000114902.15
Q9Y6B2	ENSG00000255302.5
Q9Y6B6	ENSG00000152700.15
Q9Y6B7	ENSG00000134262.16
Q9Y6C2	ENSG00000138080.15
Q9Y6C5	ENSG00000117425.16
Q9Y6C9	ENSG00000109919.11
Q9Y6C9	ENSG00000285121.2
Q9Y6D0	ENSG00000113811.12
Q9Y6D5	ENSG00000124198.11
Q9Y6D6	ENSG00000066777.10
Q9Y6D9	ENSG00000002822.17
Q9Y6E0	ENSG00000102572.16
Q9Y6E2	ENSG00000136261.17
Q9Y6E7	ENSG00000089163.6
Q9Y6F1	ENSG00000041880.16
Q9Y6F6	ENSG00000072952.22
Q9Y6F7	ENSG00000182415.11
Q9Y6F7	ENSG00000129873.8
Q9Y6F8	ENSG00000172288.8
Q9Y6F8	ENSG00000172352.5
Q9Y6F9	ENSG00000115596.4
Q9Y6G1	ENSG00000096092.7
Q9Y6G3	ENSG00000198015.15
Q9Y6G5	ENSG00000145781.10
Q9Y6G9	ENSG00000144635.10
Q9Y6H1	ENSG00000106153.15
Q9Y6H3	ENSG00000166896.10
Q9Y6H3	ENSG00000262145.5
Q9Y6H5	ENSG00000064692.21
Q9Y6H6	ENSG00000175538.12
Q9Y6H8	ENSG00000121743.5
Q9Y6I3	ENSG00000063245.16
Q9Y6I4	ENSG00000140455.18
Q9Y6I7	ENSG00000109046.16
Q9Y6I8	ENSG00000101417.13
Q9Y6I9	ENSG00000164081.14
Q9Y6J0	ENSG00000099991.19
Q9Y6J6	ENSG00000159197.5
Q9Y6J8	ENSG00000127952.18
Q9Y6J9	ENSG00000162227.9
Q9Y6K0	ENSG00000134255.17
Q9Y6K1	ENSG00000119772.20
Q9Y6K5	ENSG00000111331.15
Q9Y6K8	ENSG00000154027.19
Q9Y6K9	ENSG00000269335.8
Q9Y6L6	ENSG00000134538.4
Q9Y6L7	ENSG00000095587.10
Q9Y6M0	ENSG00000007038.12
Q9Y6M1	ENSG00000073792.17
Q9Y6M4	ENSG00000151292.20
Q9Y6M5	ENSG00000170385.10
Q9Y6M7	ENSG00000033867.19
Q9Y6M9	ENSG00000147684.11
Q9Y6N1	ENSG00000166260.14
Q9Y6N5	ENSG00000137767.15
Q9Y6N6	ENSG00000050555.20
Q9Y6N7	ENSG00000169855.21
Q9Y6N8	ENSG00000040731.11
Q9Y6N9	ENSG00000006611.18
Q9Y6P5	ENSG00000080546.15
Q9Y6Q1	ENSG00000077274.10
Q9Y6Q2	ENSG00000068781.21
Q9Y6Q2	ENSG00000243244.8
Q9Y6Q3	ENSG00000136866.15
Q9Y6Q5	ENSG00000129354.13
Q9Y6Q6	ENSG00000141655.19
Q9Y6Q9	ENSG00000124151.20
Q9Y6R0	ENSG00000105245.10
Q9Y6R1	ENSG00000080493.20
Q9Y6R4	ENSG00000085511.21
Q9Y6R6	ENSG00000128000.18
Q9Y6R6	ENSG00000281601.5
Q9Y6R7	ENSG00000281123.5
Q9Y6R9	ENSG00000104983.9
Q9Y6S9	ENSG00000198208.13
Q9Y6T7	ENSG00000136267.15
Q9Y6U3	ENSG00000006747.16
Q9Y6U7	ENSG00000099999.16
Q9Y6V0	ENSG00000186472.21
Q9Y6V7	ENSG00000105671.13
Q9Y6W3	ENSG00000131375.11
Q9Y6W5	ENSG00000158195.12
Q9Y6W6	ENSG00000143507.19
Q9Y6W8	ENSG00000163600.14
Q9Y6X0	ENSG00000152217.21
Q9Y6X1	ENSG00000120742.12
Q9Y6X2	ENSG00000131788.17
Q9Y6X3	ENSG00000129933.22
Q9Y6X4	ENSG00000198780.14
Q9Y6X5	ENSG00000001561.8
Q9Y6X6	ENSG00000041515.16
Q9Y6X8	ENSG00000178764.9
Q9Y6X9	ENSG00000133422.15
Q9Y6Y0	ENSG00000116679.18
Q9Y6Y1	ENSG00000171735.21
Q9Y6Y8	ENSG00000107651.16
Q9Y6Y9	ENSG00000154589.8
Q9Y6Z7	ENSG00000184374.4
S4R3C0	ENSG00000259680.5
U3KPV4	ENSG00000184389.9
V9GZ13	ENSG00000285508.2
W5XKT8	ENSG00000182310.16
W6CW81	ENSG00000289721.1
X6R8D5	ENSG00000287363.5
X6R8D5	ENSG00000290147.1
X6R8R1	ENSG00000204176.15
X6R8R1	ENSG00000277758.7
X6R8R1	ENSG00000288175.3
