test	comparison	mean_HK_bp	mean_nonHK_bp	mean_difference_bp	statistic	df	p_value	conf_int_low	conf_int_high
Welch t-test	HK/essential-proxy vs non-HK raw gene_length_bp	826.669950738916	957.437706725469	-130.767755986552	-5.12782070201835	876.340332157845	3.60868256239974e-07	-180.81914800742	-80.7163639656848
