original_hk_gene_id	resolved_gene_id	mapping_method	mapping_status	candidate_ids	candidate_count	local_gene_biotype	api_release	api_latest	api_is_current	api_request_status	notes
ENSPTRG00000000001	ENSPTRG00000000001	direct	exact_protein_coding	ENSPTRG00000000001	1	protein_coding				not_required	
ENSPTRG00000000011		ensembl_archive	candidate_not_in_local_release115_gtf	ENSPTRG00000000011	1		64	ENSPTRG00000000011.3		success	Archive candidate was not found in the local Ensembl 115 GTF
ENSPTRG00000000012		ensembl_archive	candidate_not_in_local_release115_gtf	ENSPTRG00000000012	1		90	ENSPTRG00000000012.4		success	Archive candidate was not found in the local Ensembl 115 GTF
ENSPTRG00000000023		ensembl_archive	candidate_not_in_local_release115_gtf	ENSPTRG00000000023	1		90	ENSPTRG00000000023.3		success	Archive candidate was not found in the local Ensembl 115 GTF
ENSPTRG00000000027	ENSPTRG00000000027	direct	exact_protein_coding	ENSPTRG00000000027	1	protein_coding				not_required	
ENSPTRG00000000029	ENSPTRG00000000029	direct	exact_protein_coding	ENSPTRG00000000029	1	protein_coding				not_required	
ENSPTRG00000000033	ENSPTRG00000000033	direct	exact_protein_coding	ENSPTRG00000000033	1	protein_coding				not_required	
ENSPTRG00000000034	ENSPTRG00000000034	direct	exact_protein_coding	ENSPTRG00000000034	1	protein_coding				not_required	
ENSPTRG00000000036		ensembl_archive	candidate_not_in_local_release115_gtf	ENSPTRG00000000036	1		64	ENSPTRG00000000036.5		success	Archive candidate was not found in the local Ensembl 115 GTF
ENSPTRG00000000049	ENSPTRG00000000049	direct	exact_protein_coding	ENSPTRG00000000049	1	protein_coding				not_required	
ENSPTRG00000000050	ENSPTRG00000000050	direct	exact_protein_coding	ENSPTRG00000000050	1	protein_coding				not_required	
ENSPTRG00000000063	ENSPTRG00000000063	direct	exact_protein_coding	ENSPTRG00000000063	1	protein_coding				not_required	
ENSPTRG00000000068	ENSPTRG00000000068	direct	exact_protein_coding	ENSPTRG00000000068	1	protein_coding				not_required	
ENSPTRG00000000076	ENSPTRG00000000076	direct	exact_protein_coding	ENSPTRG00000000076	1	protein_coding				not_required	
ENSPTRG00000000089	ENSPTRG00000000089	direct	exact_protein_coding	ENSPTRG00000000089	1	protein_coding				not_required	
ENSPTRG00000000091	ENSPTRG00000000091	direct	exact_protein_coding	ENSPTRG00000000091	1	protein_coding				not_required	
ENSPTRG00000000093	ENSPTRG00000000093	direct	exact_protein_coding	ENSPTRG00000000093	1	protein_coding				not_required	
ENSPTRG00000000094	ENSPTRG00000000094	direct	exact_protein_coding	ENSPTRG00000000094	1	protein_coding				not_required	
ENSPTRG00000000098	ENSPTRG00000000098	direct	exact_protein_coding	ENSPTRG00000000098	1	protein_coding				not_required	
ENSPTRG00000000102	ENSPTRG00000000102	direct	exact_protein_coding	ENSPTRG00000000102	1	protein_coding				not_required	
ENSPTRG00000000109	ENSPTRG00000000109	direct	exact_protein_coding	ENSPTRG00000000109	1	protein_coding				not_required	
ENSPTRG00000000117		ensembl_archive	candidate_not_in_local_release115_gtf	ENSPTRG00000000117	1		64	ENSPTRG00000000117.3		success	Archive candidate was not found in the local Ensembl 115 GTF
ENSPTRG00000000120	ENSPTRG00000000120	direct	exact_protein_coding	ENSPTRG00000000120	1	protein_coding				not_required	
ENSPTRG00000000124	ENSPTRG00000000124	direct	exact_protein_coding	ENSPTRG00000000124	1	protein_coding				not_required	
ENSPTRG00000000126	ENSPTRG00000000126	direct	exact_protein_coding	ENSPTRG00000000126	1	protein_coding				not_required	
ENSPTRG00000000131	ENSPTRG00000000131	direct	exact_protein_coding	ENSPTRG00000000131	1	protein_coding				not_required	
ENSPTRG00000000132	ENSPTRG00000000132	direct	exact_protein_coding	ENSPTRG00000000132	1	protein_coding				not_required	
ENSPTRG00000000138	ENSPTRG00000000138	direct	exact_protein_coding	ENSPTRG00000000138	1	protein_coding				not_required	
ENSPTRG00000000148	ENSPTRG00000000148	direct	exact_protein_coding	ENSPTRG00000000148	1	protein_coding				not_required	
ENSPTRG00000000153	ENSPTRG00000000153	direct	exact_protein_coding	ENSPTRG00000000153	1	protein_coding				not_required	
ENSPTRG00000000157	ENSPTRG00000000157	direct	exact_protein_coding	ENSPTRG00000000157	1	protein_coding				not_required	
ENSPTRG00000000158	ENSPTRG00000000158	direct	exact_protein_coding	ENSPTRG00000000158	1	protein_coding				not_required	
ENSPTRG00000000159	ENSPTRG00000000159	direct	exact_protein_coding	ENSPTRG00000000159	1	protein_coding				not_required	
ENSPTRG00000000165	ENSPTRG00000000165	direct	exact_protein_coding	ENSPTRG00000000165	1	protein_coding				not_required	
ENSPTRG00000000226	ENSPTRG00000000226	direct	exact_protein_coding	ENSPTRG00000000226	1	protein_coding				not_required	
ENSPTRG00000000242	ENSPTRG00000000242	direct	exact_protein_coding	ENSPTRG00000000242	1	protein_coding				not_required	
ENSPTRG00000000247	ENSPTRG00000000247	direct	exact_protein_coding	ENSPTRG00000000247	1	protein_coding				not_required	
ENSPTRG00000000262	ENSPTRG00000000262	direct	exact_protein_coding	ENSPTRG00000000262	1	protein_coding				not_required	
ENSPTRG00000000268	ENSPTRG00000000268	direct	exact_protein_coding	ENSPTRG00000000268	1	protein_coding				not_required	
ENSPTRG00000000269	ENSPTRG00000000269	direct	exact_protein_coding	ENSPTRG00000000269	1	protein_coding				not_required	
ENSPTRG00000000288	ENSPTRG00000000288	direct	exact_protein_coding	ENSPTRG00000000288	1	protein_coding				not_required	
ENSPTRG00000000291	ENSPTRG00000000291	direct	exact_protein_coding	ENSPTRG00000000291	1	protein_coding				not_required	
ENSPTRG00000000298	ENSPTRG00000000298	direct	exact_protein_coding	ENSPTRG00000000298	1	protein_coding				not_required	
ENSPTRG00000000324	ENSPTRG00000000324	direct	exact_protein_coding	ENSPTRG00000000324	1	protein_coding				not_required	
ENSPTRG00000000326		ensembl_archive	candidate_not_in_local_release115_gtf	ENSPTRG00000000326	1		90	ENSPTRG00000000326.5		success	Archive candidate was not found in the local Ensembl 115 GTF
ENSPTRG00000000328		ensembl_archive	candidate_not_in_local_release115_gtf	ENSPTRG00000000328	1		64	ENSPTRG00000000328.4		success	Archive candidate was not found in the local Ensembl 115 GTF
ENSPTRG00000000334	ENSPTRG00000000334	direct	exact_protein_coding	ENSPTRG00000000334	1	protein_coding				not_required	
ENSPTRG00000000338	ENSPTRG00000000338	direct	exact_protein_coding	ENSPTRG00000000338	1	protein_coding				not_required	
ENSPTRG00000000352	ENSPTRG00000000352	direct	exact_protein_coding	ENSPTRG00000000352	1	protein_coding				not_required	
ENSPTRG00000000359		ensembl_archive	candidate_not_in_local_release115_gtf	ENSPTRG00000000359	1		90	ENSPTRG00000000359.4		success	Archive candidate was not found in the local Ensembl 115 GTF
ENSPTRG00000000365	ENSPTRG00000000365	direct	exact_protein_coding	ENSPTRG00000000365	1	protein_coding				not_required	
ENSPTRG00000000375	ENSPTRG00000000375	direct	exact_protein_coding	ENSPTRG00000000375	1	protein_coding				not_required	
ENSPTRG00000000379		ensembl_archive	candidate_not_in_local_release115_gtf	ENSPTRG00000000379	1		90	ENSPTRG00000000379.5		success	Archive candidate was not found in the local Ensembl 115 GTF
ENSPTRG00000000386	ENSPTRG00000000386	direct	exact_protein_coding	ENSPTRG00000000386	1	protein_coding				not_required	
ENSPTRG00000000392	ENSPTRG00000000392	direct	exact_protein_coding	ENSPTRG00000000392	1	protein_coding				not_required	
ENSPTRG00000000395	ENSPTRG00000000395	direct	exact_protein_coding	ENSPTRG00000000395	1	protein_coding				not_required	
ENSPTRG00000000398		ensembl_archive	candidate_not_in_local_release115_gtf	ENSPTRG00000000398	1		64	ENSPTRG00000000398.3		success	Archive candidate was not found in the local Ensembl 115 GTF
ENSPTRG00000000401	ENSPTRG00000000401	direct	exact_protein_coding	ENSPTRG00000000401	1	protein_coding				not_required	
ENSPTRG00000000402	ENSPTRG00000000402	direct	exact_protein_coding	ENSPTRG00000000402	1	protein_coding				not_required	
ENSPTRG00000000426	ENSPTRG00000000426	direct	exact_protein_coding	ENSPTRG00000000426	1	protein_coding				not_required	
ENSPTRG00000000434	ENSPTRG00000000434	direct	exact_protein_coding	ENSPTRG00000000434	1	protein_coding				not_required	
ENSPTRG00000000439	ENSPTRG00000000439	direct	exact_protein_coding	ENSPTRG00000000439	1	protein_coding				not_required	
ENSPTRG00000000445	ENSPTRG00000000445	direct	exact_protein_coding	ENSPTRG00000000445	1	protein_coding				not_required	
ENSPTRG00000000446	ENSPTRG00000000446	direct	exact_protein_coding	ENSPTRG00000000446	1	protein_coding				not_required	
ENSPTRG00000000447	ENSPTRG00000000447	direct	exact_protein_coding	ENSPTRG00000000447	1	protein_coding				not_required	
ENSPTRG00000000456	ENSPTRG00000000456	direct	exact_protein_coding	ENSPTRG00000000456	1	protein_coding				not_required	
ENSPTRG00000000462	ENSPTRG00000000462	direct	exact_protein_coding	ENSPTRG00000000462	1	protein_coding				not_required	
ENSPTRG00000000463	ENSPTRG00000000463	direct	exact_protein_coding	ENSPTRG00000000463	1	protein_coding				not_required	
ENSPTRG00000000467		ensembl_archive	candidate_not_in_local_release115_gtf	ENSPTRG00000000467	1		90	ENSPTRG00000000467.5		success	Archive candidate was not found in the local Ensembl 115 GTF
ENSPTRG00000000470	ENSPTRG00000000470	direct	exact_protein_coding	ENSPTRG00000000470	1	protein_coding				not_required	
ENSPTRG00000000475	ENSPTRG00000000475	direct	exact_protein_coding	ENSPTRG00000000475	1	protein_coding				not_required	
ENSPTRG00000000476	ENSPTRG00000000476	direct	exact_protein_coding	ENSPTRG00000000476	1	protein_coding				not_required	
ENSPTRG00000000477		ensembl_archive	candidate_not_in_local_release115_gtf	ENSPTRG00000000477	1		64	ENSPTRG00000000477.4		success	Archive candidate was not found in the local Ensembl 115 GTF
ENSPTRG00000000484	ENSPTRG00000000484	direct	exact_protein_coding	ENSPTRG00000000484	1	protein_coding				not_required	
ENSPTRG00000000487		ensembl_archive	candidate_not_in_local_release115_gtf	ENSPTRG00000000487	1		64	ENSPTRG00000000487.5		success	Archive candidate was not found in the local Ensembl 115 GTF
ENSPTRG00000000503	ENSPTRG00000000503	direct	exact_protein_coding	ENSPTRG00000000503	1	protein_coding				not_required	
ENSPTRG00000000513	ENSPTRG00000000513	direct	exact_protein_coding	ENSPTRG00000000513	1	protein_coding				not_required	
ENSPTRG00000000515	ENSPTRG00000000515	direct	exact_protein_coding	ENSPTRG00000000515	1	protein_coding				not_required	
ENSPTRG00000000521	ENSPTRG00000000521	direct	exact_protein_coding	ENSPTRG00000000521	1	protein_coding				not_required	
ENSPTRG00000000524	ENSPTRG00000000524	direct	exact_protein_coding	ENSPTRG00000000524	1	protein_coding				not_required	
ENSPTRG00000000531	ENSPTRG00000000531	direct	exact_protein_coding	ENSPTRG00000000531	1	protein_coding				not_required	
ENSPTRG00000000533	ENSPTRG00000000533	direct	exact_protein_coding	ENSPTRG00000000533	1	protein_coding				not_required	
ENSPTRG00000000535	ENSPTRG00000000535	direct	exact_protein_coding	ENSPTRG00000000535	1	protein_coding				not_required	
ENSPTRG00000000539	ENSPTRG00000000539	direct	exact_protein_coding	ENSPTRG00000000539	1	protein_coding				not_required	
ENSPTRG00000000551	ENSPTRG00000000551	direct	exact_protein_coding	ENSPTRG00000000551	1	protein_coding				not_required	
ENSPTRG00000000557	ENSPTRG00000000557	direct	exact_protein_coding	ENSPTRG00000000557	1	protein_coding				not_required	
ENSPTRG00000000560	ENSPTRG00000000560	direct	exact_protein_coding	ENSPTRG00000000560	1	protein_coding				not_required	
ENSPTRG00000000564	ENSPTRG00000000564	direct	exact_protein_coding	ENSPTRG00000000564	1	protein_coding				not_required	
ENSPTRG00000000568	ENSPTRG00000000568	direct	exact_protein_coding	ENSPTRG00000000568	1	protein_coding				not_required	
ENSPTRG00000000569		ensembl_archive	candidate_not_in_local_release115_gtf	ENSPTRG00000000569	1		64	ENSPTRG00000000569.5		success	Archive candidate was not found in the local Ensembl 115 GTF
ENSPTRG00000000573	ENSPTRG00000000573	direct	exact_protein_coding	ENSPTRG00000000573	1	protein_coding				not_required	
ENSPTRG00000000574		ensembl_archive	candidate_not_in_local_release115_gtf	ENSPTRG00000000574	1		90	ENSPTRG00000000574.3		success	Archive candidate was not found in the local Ensembl 115 GTF
ENSPTRG00000000579	ENSPTRG00000000579	direct	exact_protein_coding	ENSPTRG00000000579	1	protein_coding				not_required	
ENSPTRG00000000583	ENSPTRG00000000583	direct	exact_protein_coding	ENSPTRG00000000583	1	protein_coding				not_required	
ENSPTRG00000000584	ENSPTRG00000000584	direct	exact_protein_coding	ENSPTRG00000000584	1	protein_coding				not_required	
ENSPTRG00000000587	ENSPTRG00000000587	direct	exact_protein_coding	ENSPTRG00000000587	1	protein_coding				not_required	
ENSPTRG00000000593	ENSPTRG00000000593	direct	exact_protein_coding	ENSPTRG00000000593	1	protein_coding				not_required	
ENSPTRG00000000595		ensembl_archive	candidate_not_in_local_release115_gtf	ENSPTRG00000000595	1		64	ENSPTRG00000000595.1		success	Archive candidate was not found in the local Ensembl 115 GTF
ENSPTRG00000000596	ENSPTRG00000000596	direct	exact_protein_coding	ENSPTRG00000000596	1	protein_coding				not_required	
ENSPTRG00000000612		ensembl_archive	replacement_not_protein_coding	ENSPTRG00000000612	1	processed_pseudogene	116	ENSPTRG00000000612.5	1	success	Candidate exists in local Ensembl 115 GTF but is not protein_coding
ENSPTRG00000000614	ENSPTRG00000000614	direct	exact_protein_coding	ENSPTRG00000000614	1	protein_coding				not_required	
ENSPTRG00000000617	ENSPTRG00000000617	direct	exact_protein_coding	ENSPTRG00000000617	1	protein_coding				not_required	
ENSPTRG00000000618	ENSPTRG00000000618	direct	exact_protein_coding	ENSPTRG00000000618	1	protein_coding				not_required	
ENSPTRG00000000622	ENSPTRG00000000622	direct	exact_protein_coding	ENSPTRG00000000622	1	protein_coding				not_required	
ENSPTRG00000000631	ENSPTRG00000000631	direct	exact_protein_coding	ENSPTRG00000000631	1	protein_coding				not_required	
ENSPTRG00000000635	ENSPTRG00000000635	direct	exact_protein_coding	ENSPTRG00000000635	1	protein_coding				not_required	
ENSPTRG00000000636	ENSPTRG00000000636	direct	exact_protein_coding	ENSPTRG00000000636	1	protein_coding				not_required	
ENSPTRG00000000640	ENSPTRG00000000640	direct	exact_protein_coding	ENSPTRG00000000640	1	protein_coding				not_required	
ENSPTRG00000000641	ENSPTRG00000000641	direct	exact_protein_coding	ENSPTRG00000000641	1	protein_coding				not_required	
ENSPTRG00000000644	ENSPTRG00000000644	direct	exact_protein_coding	ENSPTRG00000000644	1	protein_coding				not_required	
ENSPTRG00000000648	ENSPTRG00000000648	direct	exact_protein_coding	ENSPTRG00000000648	1	protein_coding				not_required	
ENSPTRG00000000649	ENSPTRG00000000649	direct	exact_protein_coding	ENSPTRG00000000649	1	protein_coding				not_required	
ENSPTRG00000000655	ENSPTRG00000000655	direct	exact_protein_coding	ENSPTRG00000000655	1	protein_coding				not_required	
ENSPTRG00000000657	ENSPTRG00000000657	direct	exact_protein_coding	ENSPTRG00000000657	1	protein_coding				not_required	
ENSPTRG00000000659	ENSPTRG00000000659	direct	exact_protein_coding	ENSPTRG00000000659	1	protein_coding				not_required	
ENSPTRG00000000662	ENSPTRG00000000662	direct	exact_protein_coding	ENSPTRG00000000662	1	protein_coding				not_required	
ENSPTRG00000000665	ENSPTRG00000000665	direct	exact_protein_coding	ENSPTRG00000000665	1	protein_coding				not_required	
ENSPTRG00000000668	ENSPTRG00000000668	direct	exact_protein_coding	ENSPTRG00000000668	1	protein_coding				not_required	
ENSPTRG00000000675	ENSPTRG00000000675	direct	exact_protein_coding	ENSPTRG00000000675	1	protein_coding				not_required	
ENSPTRG00000000680	ENSPTRG00000000680	direct	exact_protein_coding	ENSPTRG00000000680	1	protein_coding				not_required	
ENSPTRG00000000681	ENSPTRG00000000681	direct	exact_protein_coding	ENSPTRG00000000681	1	protein_coding				not_required	
ENSPTRG00000000687	ENSPTRG00000000687	direct	exact_protein_coding	ENSPTRG00000000687	1	protein_coding				not_required	
ENSPTRG00000000690	ENSPTRG00000000690	direct	exact_protein_coding	ENSPTRG00000000690	1	protein_coding				not_required	
ENSPTRG00000000691	ENSPTRG00000000691	direct	exact_protein_coding	ENSPTRG00000000691	1	protein_coding				not_required	
ENSPTRG00000000696		ensembl_archive	candidate_not_in_local_release115_gtf	ENSPTRG00000000696	1		64	ENSPTRG00000000696.5		success	Archive candidate was not found in the local Ensembl 115 GTF
ENSPTRG00000000697	ENSPTRG00000000697	direct	exact_protein_coding	ENSPTRG00000000697	1	protein_coding				not_required	
ENSPTRG00000000699		ensembl_archive	candidate_not_in_local_release115_gtf	ENSPTRG00000000699	1		64	ENSPTRG00000000699.4		success	Archive candidate was not found in the local Ensembl 115 GTF
ENSPTRG00000000712	ENSPTRG00000000712	direct	exact_protein_coding	ENSPTRG00000000712	1	protein_coding				not_required	
ENSPTRG00000000726	ENSPTRG00000000726	direct	exact_protein_coding	ENSPTRG00000000726	1	protein_coding				not_required	
ENSPTRG00000000733	ENSPTRG00000000733	direct	exact_protein_coding	ENSPTRG00000000733	1	protein_coding				not_required	
ENSPTRG00000000735	ENSPTRG00000000735	direct	exact_protein_coding	ENSPTRG00000000735	1	protein_coding				not_required	
ENSPTRG00000000737	ENSPTRG00000000737	direct	exact_protein_coding	ENSPTRG00000000737	1	protein_coding				not_required	
ENSPTRG00000000741	ENSPTRG00000000741	direct	exact_protein_coding	ENSPTRG00000000741	1	protein_coding				not_required	
ENSPTRG00000000745	ENSPTRG00000000745	direct	exact_protein_coding	ENSPTRG00000000745	1	protein_coding				not_required	
ENSPTRG00000000757	ENSPTRG00000000757	direct	exact_protein_coding	ENSPTRG00000000757	1	protein_coding				not_required	
ENSPTRG00000000759	ENSPTRG00000000759	direct	exact_protein_coding	ENSPTRG00000000759	1	protein_coding				not_required	
ENSPTRG00000000763	ENSPTRG00000000763	direct	exact_protein_coding	ENSPTRG00000000763	1	protein_coding				not_required	
ENSPTRG00000000764	ENSPTRG00000000764	direct	exact_protein_coding	ENSPTRG00000000764	1	protein_coding				not_required	
ENSPTRG00000000766	ENSPTRG00000000766	direct	exact_protein_coding	ENSPTRG00000000766	1	protein_coding				not_required	
ENSPTRG00000000769	ENSPTRG00000000769	direct	exact_protein_coding	ENSPTRG00000000769	1	protein_coding				not_required	
ENSPTRG00000000803	ENSPTRG00000000803	direct	exact_protein_coding	ENSPTRG00000000803	1	protein_coding				not_required	
ENSPTRG00000000815	ENSPTRG00000000815	direct	exact_protein_coding	ENSPTRG00000000815	1	protein_coding				not_required	
ENSPTRG00000000825	ENSPTRG00000000825	direct	exact_protein_coding	ENSPTRG00000000825	1	protein_coding				not_required	
ENSPTRG00000000837	ENSPTRG00000000837	direct	exact_protein_coding	ENSPTRG00000000837	1	protein_coding				not_required	
ENSPTRG00000000850	ENSPTRG00000000850	direct	exact_protein_coding	ENSPTRG00000000850	1	protein_coding				not_required	
ENSPTRG00000000867	ENSPTRG00000000867	direct	exact_protein_coding	ENSPTRG00000000867	1	protein_coding				not_required	
ENSPTRG00000000878	ENSPTRG00000000878	direct	exact_protein_coding	ENSPTRG00000000878	1	protein_coding				not_required	
ENSPTRG00000000881	ENSPTRG00000000881	direct	exact_protein_coding	ENSPTRG00000000881	1	protein_coding				not_required	
ENSPTRG00000000896	ENSPTRG00000000896	direct	exact_protein_coding	ENSPTRG00000000896	1	protein_coding				not_required	
ENSPTRG00000000913	ENSPTRG00000000913	direct	exact_protein_coding	ENSPTRG00000000913	1	protein_coding				not_required	
ENSPTRG00000000917	ENSPTRG00000000917	direct	exact_protein_coding	ENSPTRG00000000917	1	protein_coding				not_required	
ENSPTRG00000000926		ensembl_archive	candidate_not_in_local_release115_gtf	ENSPTRG00000000926	1		90	ENSPTRG00000000926.5		success	Archive candidate was not found in the local Ensembl 115 GTF
ENSPTRG00000000931	ENSPTRG00000000931	direct	exact_protein_coding	ENSPTRG00000000931	1	protein_coding				not_required	
ENSPTRG00000000932	ENSPTRG00000000932	direct	exact_protein_coding	ENSPTRG00000000932	1	protein_coding				not_required	
ENSPTRG00000000933		ensembl_archive	candidate_not_in_local_release115_gtf	ENSPTRG00000000933	1		90	ENSPTRG00000000933.5		success	Archive candidate was not found in the local Ensembl 115 GTF
ENSPTRG00000000945	ENSPTRG00000000945	direct	exact_protein_coding	ENSPTRG00000000945	1	protein_coding				not_required	
ENSPTRG00000000963	ENSPTRG00000000963	direct	exact_protein_coding	ENSPTRG00000000963	1	protein_coding				not_required	
ENSPTRG00000000973	ENSPTRG00000000973	direct	exact_protein_coding	ENSPTRG00000000973	1	protein_coding				not_required	
ENSPTRG00000000984	ENSPTRG00000000984	direct	exact_protein_coding	ENSPTRG00000000984	1	protein_coding				not_required	
ENSPTRG00000001004	ENSPTRG00000001004	direct	exact_protein_coding	ENSPTRG00000001004	1	protein_coding				not_required	
ENSPTRG00000001010	ENSPTRG00000001010	direct	exact_protein_coding	ENSPTRG00000001010	1	protein_coding				not_required	
ENSPTRG00000001012	ENSPTRG00000001012	direct	exact_protein_coding	ENSPTRG00000001012	1	protein_coding				not_required	
ENSPTRG00000001014	ENSPTRG00000001014	direct	exact_protein_coding	ENSPTRG00000001014	1	protein_coding				not_required	
ENSPTRG00000001022	ENSPTRG00000001022	direct	exact_protein_coding	ENSPTRG00000001022	1	protein_coding				not_required	
ENSPTRG00000001034	ENSPTRG00000001034	direct	exact_protein_coding	ENSPTRG00000001034	1	protein_coding				not_required	
ENSPTRG00000001038	ENSPTRG00000001038	direct	exact_protein_coding	ENSPTRG00000001038	1	protein_coding				not_required	
ENSPTRG00000001040	ENSPTRG00000001040	direct	exact_protein_coding	ENSPTRG00000001040	1	protein_coding				not_required	
ENSPTRG00000001043	ENSPTRG00000001043	direct	exact_protein_coding	ENSPTRG00000001043	1	protein_coding				not_required	
ENSPTRG00000001048	ENSPTRG00000001048	direct	exact_protein_coding	ENSPTRG00000001048	1	protein_coding				not_required	
ENSPTRG00000001060	ENSPTRG00000001060	direct	exact_protein_coding	ENSPTRG00000001060	1	protein_coding				not_required	
ENSPTRG00000001087	ENSPTRG00000001087	direct	exact_protein_coding	ENSPTRG00000001087	1	protein_coding				not_required	
ENSPTRG00000001089	ENSPTRG00000001089	direct	exact_protein_coding	ENSPTRG00000001089	1	protein_coding				not_required	
ENSPTRG00000001098	ENSPTRG00000001098	direct	exact_protein_coding	ENSPTRG00000001098	1	protein_coding				not_required	
ENSPTRG00000001099	ENSPTRG00000001099	direct	exact_protein_coding	ENSPTRG00000001099	1	protein_coding				not_required	
ENSPTRG00000001100	ENSPTRG00000001100	direct	exact_protein_coding	ENSPTRG00000001100	1	protein_coding				not_required	
ENSPTRG00000001102	ENSPTRG00000001102	direct	exact_protein_coding	ENSPTRG00000001102	1	protein_coding				not_required	
ENSPTRG00000001136	ENSPTRG00000001136	direct	exact_protein_coding	ENSPTRG00000001136	1	protein_coding				not_required	
ENSPTRG00000001140	ENSPTRG00000001140	direct	exact_protein_coding	ENSPTRG00000001140	1	protein_coding				not_required	
ENSPTRG00000001142	ENSPTRG00000001142	direct	exact_protein_coding	ENSPTRG00000001142	1	protein_coding				not_required	
ENSPTRG00000001146		ensembl_archive	candidate_not_in_local_release115_gtf	ENSPTRG00000001146	1		90	ENSPTRG00000001146.2		success	Archive candidate was not found in the local Ensembl 115 GTF
ENSPTRG00000001158	ENSPTRG00000001158	direct	exact_protein_coding	ENSPTRG00000001158	1	protein_coding				not_required	
ENSPTRG00000001177	ENSPTRG00000001177	direct	exact_protein_coding	ENSPTRG00000001177	1	protein_coding				not_required	
ENSPTRG00000001182		ensembl_archive	candidate_not_in_local_release115_gtf	ENSPTRG00000001182	1		64	ENSPTRG00000001182.4		success	Archive candidate was not found in the local Ensembl 115 GTF
ENSPTRG00000001198	ENSPTRG00000001198	direct	exact_protein_coding	ENSPTRG00000001198	1	protein_coding				not_required	
ENSPTRG00000001201	ENSPTRG00000001201	direct	exact_protein_coding	ENSPTRG00000001201	1	protein_coding				not_required	
ENSPTRG00000001203	ENSPTRG00000001203	direct	exact_protein_coding	ENSPTRG00000001203	1	protein_coding				not_required	
ENSPTRG00000001213	ENSPTRG00000001213	direct	exact_protein_coding	ENSPTRG00000001213	1	protein_coding				not_required	
ENSPTRG00000001241	ENSPTRG00000001241	direct	exact_protein_coding	ENSPTRG00000001241	1	protein_coding				not_required	
ENSPTRG00000001250	ENSPTRG00000001250	direct	exact_protein_coding	ENSPTRG00000001250	1	protein_coding				not_required	
ENSPTRG00000001252	ENSPTRG00000001252	direct	exact_protein_coding	ENSPTRG00000001252	1	protein_coding				not_required	
ENSPTRG00000001256	ENSPTRG00000001256	direct	exact_protein_coding	ENSPTRG00000001256	1	protein_coding				not_required	
ENSPTRG00000001257	ENSPTRG00000001257	direct	exact_protein_coding	ENSPTRG00000001257	1	protein_coding				not_required	
ENSPTRG00000001261	ENSPTRG00000001261	direct	exact_protein_coding	ENSPTRG00000001261	1	protein_coding				not_required	
ENSPTRG00000001265	ENSPTRG00000001265	direct	exact_protein_coding	ENSPTRG00000001265	1	protein_coding				not_required	
ENSPTRG00000001266	ENSPTRG00000001266	direct	exact_protein_coding	ENSPTRG00000001266	1	protein_coding				not_required	
ENSPTRG00000001279	ENSPTRG00000001279	direct	exact_protein_coding	ENSPTRG00000001279	1	protein_coding				not_required	
ENSPTRG00000001285	ENSPTRG00000001285	direct	exact_protein_coding	ENSPTRG00000001285	1	protein_coding				not_required	
ENSPTRG00000001286	ENSPTRG00000001286	direct	exact_protein_coding	ENSPTRG00000001286	1	protein_coding				not_required	
ENSPTRG00000001288	ENSPTRG00000001288	direct	exact_protein_coding	ENSPTRG00000001288	1	protein_coding				not_required	
ENSPTRG00000001295	ENSPTRG00000001295	direct	exact_protein_coding	ENSPTRG00000001295	1	protein_coding				not_required	
ENSPTRG00000001301	ENSPTRG00000001301	direct	exact_protein_coding	ENSPTRG00000001301	1	protein_coding				not_required	
ENSPTRG00000001356	ENSPTRG00000001356	direct	exact_protein_coding	ENSPTRG00000001356	1	protein_coding				not_required	
ENSPTRG00000001357	ENSPTRG00000001357	direct	exact_protein_coding	ENSPTRG00000001357	1	protein_coding				not_required	
ENSPTRG00000001360	ENSPTRG00000001360	direct	exact_protein_coding	ENSPTRG00000001360	1	protein_coding				not_required	
ENSPTRG00000001366	ENSPTRG00000001366	direct	exact_protein_coding	ENSPTRG00000001366	1	protein_coding				not_required	
ENSPTRG00000001369	ENSPTRG00000001369	direct	exact_protein_coding	ENSPTRG00000001369	1	protein_coding				not_required	
ENSPTRG00000001375	ENSPTRG00000001375	direct	exact_protein_coding	ENSPTRG00000001375	1	protein_coding				not_required	
ENSPTRG00000001378	ENSPTRG00000001378	direct	exact_protein_coding	ENSPTRG00000001378	1	protein_coding				not_required	
ENSPTRG00000001379	ENSPTRG00000001379	direct	exact_protein_coding	ENSPTRG00000001379	1	protein_coding				not_required	
ENSPTRG00000001380	ENSPTRG00000001380	direct	exact_protein_coding	ENSPTRG00000001380	1	protein_coding				not_required	
ENSPTRG00000001387	ENSPTRG00000001387	direct	exact_protein_coding	ENSPTRG00000001387	1	protein_coding				not_required	
ENSPTRG00000001393	ENSPTRG00000001393	direct	exact_protein_coding	ENSPTRG00000001393	1	protein_coding				not_required	
ENSPTRG00000001397	ENSPTRG00000001397	direct	exact_protein_coding	ENSPTRG00000001397	1	protein_coding				not_required	
ENSPTRG00000001399	ENSPTRG00000001399	direct	exact_protein_coding	ENSPTRG00000001399	1	protein_coding				not_required	
ENSPTRG00000001401	ENSPTRG00000001401	direct	exact_protein_coding	ENSPTRG00000001401	1	protein_coding				not_required	
ENSPTRG00000001404	ENSPTRG00000001404	direct	exact_protein_coding	ENSPTRG00000001404	1	protein_coding				not_required	
ENSPTRG00000001408	ENSPTRG00000001408	direct	exact_protein_coding	ENSPTRG00000001408	1	protein_coding				not_required	
ENSPTRG00000001409	ENSPTRG00000001409	direct	exact_protein_coding	ENSPTRG00000001409	1	protein_coding				not_required	
ENSPTRG00000001416	ENSPTRG00000001416	direct	exact_protein_coding	ENSPTRG00000001416	1	protein_coding				not_required	
ENSPTRG00000001418	ENSPTRG00000001418	direct	exact_protein_coding	ENSPTRG00000001418	1	protein_coding				not_required	
ENSPTRG00000001430	ENSPTRG00000001430	direct	exact_protein_coding	ENSPTRG00000001430	1	protein_coding				not_required	
ENSPTRG00000001437	ENSPTRG00000001437	direct	exact_protein_coding	ENSPTRG00000001437	1	protein_coding				not_required	
ENSPTRG00000001445	ENSPTRG00000001445	direct	exact_protein_coding	ENSPTRG00000001445	1	protein_coding				not_required	
ENSPTRG00000001449	ENSPTRG00000001449	direct	exact_protein_coding	ENSPTRG00000001449	1	protein_coding				not_required	
ENSPTRG00000001450	ENSPTRG00000001450	direct	exact_protein_coding	ENSPTRG00000001450	1	protein_coding				not_required	
ENSPTRG00000001463	ENSPTRG00000001463	direct	exact_protein_coding	ENSPTRG00000001463	1	protein_coding				not_required	
ENSPTRG00000001472	ENSPTRG00000001472	direct	exact_protein_coding	ENSPTRG00000001472	1	protein_coding				not_required	
ENSPTRG00000001473	ENSPTRG00000001473	direct	exact_protein_coding	ENSPTRG00000001473	1	protein_coding				not_required	
ENSPTRG00000001474	ENSPTRG00000001474	direct	exact_protein_coding	ENSPTRG00000001474	1	protein_coding				not_required	
ENSPTRG00000001475	ENSPTRG00000001475	direct	exact_protein_coding	ENSPTRG00000001475	1	protein_coding				not_required	
ENSPTRG00000001480	ENSPTRG00000001480	direct	exact_protein_coding	ENSPTRG00000001480	1	protein_coding				not_required	
ENSPTRG00000001546	ENSPTRG00000001546	direct	exact_protein_coding	ENSPTRG00000001546	1	protein_coding				not_required	
ENSPTRG00000001548	ENSPTRG00000001548	direct	exact_protein_coding	ENSPTRG00000001548	1	protein_coding				not_required	
ENSPTRG00000001549	ENSPTRG00000001549	direct	exact_protein_coding	ENSPTRG00000001549	1	protein_coding				not_required	
ENSPTRG00000001550	ENSPTRG00000001550	direct	exact_protein_coding	ENSPTRG00000001550	1	protein_coding				not_required	
ENSPTRG00000001565	ENSPTRG00000001565	direct	exact_protein_coding	ENSPTRG00000001565	1	protein_coding				not_required	
ENSPTRG00000001569	ENSPTRG00000001569	direct	exact_protein_coding	ENSPTRG00000001569	1	protein_coding				not_required	
ENSPTRG00000001572	ENSPTRG00000001572	direct	exact_protein_coding	ENSPTRG00000001572	1	protein_coding				not_required	
ENSPTRG00000001574	ENSPTRG00000001574	direct	exact_protein_coding	ENSPTRG00000001574	1	protein_coding				not_required	
ENSPTRG00000001575	ENSPTRG00000001575	direct	exact_protein_coding	ENSPTRG00000001575	1	protein_coding				not_required	
ENSPTRG00000001577	ENSPTRG00000001577	direct	exact_protein_coding	ENSPTRG00000001577	1	protein_coding				not_required	
ENSPTRG00000001581	ENSPTRG00000001581	direct	exact_protein_coding	ENSPTRG00000001581	1	protein_coding				not_required	
ENSPTRG00000001585		ensembl_archive	candidate_not_in_local_release115_gtf	ENSPTRG00000001585	1		90	ENSPTRG00000001585.5		success	Archive candidate was not found in the local Ensembl 115 GTF
ENSPTRG00000001594	ENSPTRG00000001594	direct	exact_protein_coding	ENSPTRG00000001594	1	protein_coding				not_required	
ENSPTRG00000001601	ENSPTRG00000001601	direct	exact_protein_coding	ENSPTRG00000001601	1	protein_coding				not_required	
ENSPTRG00000001616	ENSPTRG00000001616	direct	exact_protein_coding	ENSPTRG00000001616	1	protein_coding				not_required	
ENSPTRG00000001618	ENSPTRG00000001618	direct	exact_protein_coding	ENSPTRG00000001618	1	protein_coding				not_required	
ENSPTRG00000001627		ensembl_archive	candidate_not_in_local_release115_gtf	ENSPTRG00000001627	1		90	ENSPTRG00000001627.3		success	Archive candidate was not found in the local Ensembl 115 GTF
ENSPTRG00000001640	ENSPTRG00000001640	direct	exact_protein_coding	ENSPTRG00000001640	1	protein_coding				not_required	
ENSPTRG00000001644	ENSPTRG00000001644	direct	exact_protein_coding	ENSPTRG00000001644	1	protein_coding				not_required	
ENSPTRG00000001663	ENSPTRG00000001663	direct	exact_protein_coding	ENSPTRG00000001663	1	protein_coding				not_required	
ENSPTRG00000001667	ENSPTRG00000001667	direct	exact_protein_coding	ENSPTRG00000001667	1	protein_coding				not_required	
ENSPTRG00000001685	ENSPTRG00000001685	direct	exact_protein_coding	ENSPTRG00000001685	1	protein_coding				not_required	
ENSPTRG00000001693		ensembl_archive	candidate_not_in_local_release115_gtf	ENSPTRG00000001693	1		90	ENSPTRG00000001693.3		success	Archive candidate was not found in the local Ensembl 115 GTF
ENSPTRG00000001706		ensembl_archive	candidate_not_in_local_release115_gtf	ENSPTRG00000001706	1		90	ENSPTRG00000001706.3		success	Archive candidate was not found in the local Ensembl 115 GTF
ENSPTRG00000001711	ENSPTRG00000001711	direct	exact_protein_coding	ENSPTRG00000001711	1	protein_coding				not_required	
ENSPTRG00000001725	ENSPTRG00000001725	direct	exact_protein_coding	ENSPTRG00000001725	1	protein_coding				not_required	
ENSPTRG00000001734	ENSPTRG00000001734	direct	exact_protein_coding	ENSPTRG00000001734	1	protein_coding				not_required	
ENSPTRG00000001736	ENSPTRG00000001736	direct	exact_protein_coding	ENSPTRG00000001736	1	protein_coding				not_required	
ENSPTRG00000001755	ENSPTRG00000001755	direct	exact_protein_coding	ENSPTRG00000001755	1	protein_coding				not_required	
ENSPTRG00000001767	ENSPTRG00000001767	direct	exact_protein_coding	ENSPTRG00000001767	1	protein_coding				not_required	
ENSPTRG00000001768	ENSPTRG00000001768	direct	exact_protein_coding	ENSPTRG00000001768	1	protein_coding				not_required	
ENSPTRG00000001773	ENSPTRG00000001773	direct	exact_protein_coding	ENSPTRG00000001773	1	protein_coding				not_required	
ENSPTRG00000001784	ENSPTRG00000001784	direct	exact_protein_coding	ENSPTRG00000001784	1	protein_coding				not_required	
ENSPTRG00000001793	ENSPTRG00000001793	direct	exact_protein_coding	ENSPTRG00000001793	1	protein_coding				not_required	
ENSPTRG00000001829	ENSPTRG00000001829	direct	exact_protein_coding	ENSPTRG00000001829	1	protein_coding				not_required	
ENSPTRG00000001836	ENSPTRG00000001836	direct	exact_protein_coding	ENSPTRG00000001836	1	protein_coding				not_required	
ENSPTRG00000001837	ENSPTRG00000001837	direct	exact_protein_coding	ENSPTRG00000001837	1	protein_coding				not_required	
ENSPTRG00000001842	ENSPTRG00000001842	direct	exact_protein_coding	ENSPTRG00000001842	1	protein_coding				not_required	
ENSPTRG00000001846	ENSPTRG00000001846	direct	exact_protein_coding	ENSPTRG00000001846	1	protein_coding				not_required	
ENSPTRG00000001862	ENSPTRG00000001862	direct	exact_protein_coding	ENSPTRG00000001862	1	protein_coding				not_required	
ENSPTRG00000001863	ENSPTRG00000001863	direct	exact_protein_coding	ENSPTRG00000001863	1	protein_coding				not_required	
ENSPTRG00000001876	ENSPTRG00000001876	direct	exact_protein_coding	ENSPTRG00000001876	1	protein_coding				not_required	
ENSPTRG00000001886	ENSPTRG00000001886	direct	exact_protein_coding	ENSPTRG00000001886	1	protein_coding				not_required	
ENSPTRG00000001888	ENSPTRG00000001888	direct	exact_protein_coding	ENSPTRG00000001888	1	protein_coding				not_required	
ENSPTRG00000001902	ENSPTRG00000001902	direct	exact_protein_coding	ENSPTRG00000001902	1	protein_coding				not_required	
ENSPTRG00000001904		ensembl_archive	candidate_not_in_local_release115_gtf	ENSPTRG00000001904	1		90	ENSPTRG00000001904.5		success	Archive candidate was not found in the local Ensembl 115 GTF
ENSPTRG00000001913	ENSPTRG00000001913	direct	exact_protein_coding	ENSPTRG00000001913	1	protein_coding				not_required	
ENSPTRG00000001942	ENSPTRG00000001942	direct	exact_protein_coding	ENSPTRG00000001942	1	protein_coding				not_required	
ENSPTRG00000001961	ENSPTRG00000001961	direct	exact_protein_coding	ENSPTRG00000001961	1	protein_coding				not_required	
ENSPTRG00000001966	ENSPTRG00000001966	direct	exact_protein_coding	ENSPTRG00000001966	1	protein_coding				not_required	
ENSPTRG00000001991		ensembl_archive	candidate_not_in_local_release115_gtf	ENSPTRG00000001991	1		64	ENSPTRG00000001991.4		success	Archive candidate was not found in the local Ensembl 115 GTF
ENSPTRG00000001995	ENSPTRG00000001995	direct	exact_protein_coding	ENSPTRG00000001995	1	protein_coding				not_required	
ENSPTRG00000001996	ENSPTRG00000001996	direct	exact_protein_coding	ENSPTRG00000001996	1	protein_coding				not_required	
ENSPTRG00000001997	ENSPTRG00000001997	direct	exact_protein_coding	ENSPTRG00000001997	1	protein_coding				not_required	
ENSPTRG00000002010	ENSPTRG00000002010	direct	exact_protein_coding	ENSPTRG00000002010	1	protein_coding				not_required	
ENSPTRG00000002017	ENSPTRG00000002017	direct	exact_protein_coding	ENSPTRG00000002017	1	protein_coding				not_required	
ENSPTRG00000002020		ensembl_archive	candidate_not_in_local_release115_gtf	ENSPTRG00000002020	1		90	ENSPTRG00000002020.2		success	Archive candidate was not found in the local Ensembl 115 GTF
ENSPTRG00000002021	ENSPTRG00000002021	direct	exact_protein_coding	ENSPTRG00000002021	1	protein_coding				not_required	
ENSPTRG00000002023	ENSPTRG00000002023	direct	exact_protein_coding	ENSPTRG00000002023	1	protein_coding				not_required	
ENSPTRG00000002026	ENSPTRG00000002026	direct	exact_protein_coding	ENSPTRG00000002026	1	protein_coding				not_required	
ENSPTRG00000002036	ENSPTRG00000002036	direct	exact_protein_coding	ENSPTRG00000002036	1	protein_coding				not_required	
ENSPTRG00000002038	ENSPTRG00000002038	direct	exact_protein_coding	ENSPTRG00000002038	1	protein_coding				not_required	
ENSPTRG00000002040	ENSPTRG00000002040	direct	exact_protein_coding	ENSPTRG00000002040	1	protein_coding				not_required	
ENSPTRG00000002042	ENSPTRG00000002042	direct	exact_protein_coding	ENSPTRG00000002042	1	protein_coding				not_required	
ENSPTRG00000002049	ENSPTRG00000002049	direct	exact_protein_coding	ENSPTRG00000002049	1	protein_coding				not_required	
ENSPTRG00000002059	ENSPTRG00000002059	direct	exact_protein_coding	ENSPTRG00000002059	1	protein_coding				not_required	
ENSPTRG00000002060	ENSPTRG00000002060	direct	exact_protein_coding	ENSPTRG00000002060	1	protein_coding				not_required	
ENSPTRG00000002066	ENSPTRG00000002066	direct	exact_protein_coding	ENSPTRG00000002066	1	protein_coding				not_required	
ENSPTRG00000002069	ENSPTRG00000002069	direct	exact_protein_coding	ENSPTRG00000002069	1	protein_coding				not_required	
ENSPTRG00000002083	ENSPTRG00000002083	direct	exact_protein_coding	ENSPTRG00000002083	1	protein_coding				not_required	
ENSPTRG00000002088	ENSPTRG00000002088	direct	exact_protein_coding	ENSPTRG00000002088	1	protein_coding				not_required	
ENSPTRG00000002091	ENSPTRG00000002091	direct	exact_protein_coding	ENSPTRG00000002091	1	protein_coding				not_required	
ENSPTRG00000002099	ENSPTRG00000002099	direct	exact_protein_coding	ENSPTRG00000002099	1	protein_coding				not_required	
ENSPTRG00000002101	ENSPTRG00000002101	direct	exact_protein_coding	ENSPTRG00000002101	1	protein_coding				not_required	
ENSPTRG00000002106	ENSPTRG00000002106	direct	exact_protein_coding	ENSPTRG00000002106	1	protein_coding				not_required	
ENSPTRG00000002110	ENSPTRG00000002110	direct	exact_protein_coding	ENSPTRG00000002110	1	protein_coding				not_required	
ENSPTRG00000002111	ENSPTRG00000002111	direct	exact_protein_coding	ENSPTRG00000002111	1	protein_coding				not_required	
ENSPTRG00000002112	ENSPTRG00000002112	direct	exact_protein_coding	ENSPTRG00000002112	1	protein_coding				not_required	
ENSPTRG00000002116	ENSPTRG00000002116	direct	exact_protein_coding	ENSPTRG00000002116	1	protein_coding				not_required	
ENSPTRG00000002122	ENSPTRG00000002122	direct	exact_protein_coding	ENSPTRG00000002122	1	protein_coding				not_required	
ENSPTRG00000002131	ENSPTRG00000002131	direct	exact_protein_coding	ENSPTRG00000002131	1	protein_coding				not_required	
ENSPTRG00000002156		ensembl_archive	candidate_not_in_local_release115_gtf	ENSPTRG00000002156	1		64	ENSPTRG00000002156.2		success	Archive candidate was not found in the local Ensembl 115 GTF
ENSPTRG00000002163	ENSPTRG00000002163	direct	exact_protein_coding	ENSPTRG00000002163	1	protein_coding				not_required	
ENSPTRG00000002225	ENSPTRG00000002225	direct	exact_protein_coding	ENSPTRG00000002225	1	protein_coding				not_required	
ENSPTRG00000002227	ENSPTRG00000002227	direct	exact_protein_coding	ENSPTRG00000002227	1	protein_coding				not_required	
ENSPTRG00000002235	ENSPTRG00000002235	direct	exact_protein_coding	ENSPTRG00000002235	1	protein_coding				not_required	
ENSPTRG00000002237		ensembl_archive	candidate_not_in_local_release115_gtf	ENSPTRG00000002237	1		90	ENSPTRG00000002237.3		success	Archive candidate was not found in the local Ensembl 115 GTF
ENSPTRG00000002239	ENSPTRG00000002239	direct	exact_protein_coding	ENSPTRG00000002239	1	protein_coding				not_required	
ENSPTRG00000002244	ENSPTRG00000002244	direct	exact_protein_coding	ENSPTRG00000002244	1	protein_coding				not_required	
ENSPTRG00000002259	ENSPTRG00000002259	direct	exact_protein_coding	ENSPTRG00000002259	1	protein_coding				not_required	
ENSPTRG00000002261	ENSPTRG00000002261	direct	exact_protein_coding	ENSPTRG00000002261	1	protein_coding				not_required	
ENSPTRG00000002265	ENSPTRG00000002265	direct	exact_protein_coding	ENSPTRG00000002265	1	protein_coding				not_required	
ENSPTRG00000002277	ENSPTRG00000002277	direct	exact_protein_coding	ENSPTRG00000002277	1	protein_coding				not_required	
ENSPTRG00000002295	ENSPTRG00000002295	direct	exact_protein_coding	ENSPTRG00000002295	1	protein_coding				not_required	
ENSPTRG00000002298	ENSPTRG00000002298	direct	exact_protein_coding	ENSPTRG00000002298	1	protein_coding				not_required	
ENSPTRG00000002308	ENSPTRG00000002308	direct	exact_protein_coding	ENSPTRG00000002308	1	protein_coding				not_required	
ENSPTRG00000002319	ENSPTRG00000002319	direct	exact_protein_coding	ENSPTRG00000002319	1	protein_coding				not_required	
ENSPTRG00000002322	ENSPTRG00000002322	direct	exact_protein_coding	ENSPTRG00000002322	1	protein_coding				not_required	
ENSPTRG00000002325	ENSPTRG00000002325	direct	exact_protein_coding	ENSPTRG00000002325	1	protein_coding				not_required	
ENSPTRG00000002333	ENSPTRG00000002333	direct	exact_protein_coding	ENSPTRG00000002333	1	protein_coding				not_required	
ENSPTRG00000002352	ENSPTRG00000002352	direct	exact_protein_coding	ENSPTRG00000002352	1	protein_coding				not_required	
ENSPTRG00000002361		ensembl_archive	candidate_not_in_local_release115_gtf	ENSPTRG00000002361	1		90	ENSPTRG00000002361.2		success	Archive candidate was not found in the local Ensembl 115 GTF
ENSPTRG00000002362	ENSPTRG00000002362	direct	exact_protein_coding	ENSPTRG00000002362	1	protein_coding				not_required	
ENSPTRG00000002376	ENSPTRG00000002376	direct	exact_protein_coding	ENSPTRG00000002376	1	protein_coding				not_required	
ENSPTRG00000002378	ENSPTRG00000002378	direct	exact_protein_coding	ENSPTRG00000002378	1	protein_coding				not_required	
ENSPTRG00000002380	ENSPTRG00000002380	direct	exact_protein_coding	ENSPTRG00000002380	1	protein_coding				not_required	
ENSPTRG00000002384	ENSPTRG00000002384	direct	exact_protein_coding	ENSPTRG00000002384	1	protein_coding				not_required	
ENSPTRG00000002403	ENSPTRG00000002403	direct	exact_protein_coding	ENSPTRG00000002403	1	protein_coding				not_required	
ENSPTRG00000002415	ENSPTRG00000002415	direct	exact_protein_coding	ENSPTRG00000002415	1	protein_coding				not_required	
ENSPTRG00000002443	ENSPTRG00000002443	direct	exact_protein_coding	ENSPTRG00000002443	1	protein_coding				not_required	
ENSPTRG00000002448	ENSPTRG00000002448	direct	exact_protein_coding	ENSPTRG00000002448	1	protein_coding				not_required	
ENSPTRG00000002455		ensembl_archive	candidate_not_in_local_release115_gtf	ENSPTRG00000002455	1		90	ENSPTRG00000002455.2		success	Archive candidate was not found in the local Ensembl 115 GTF
ENSPTRG00000002470		ensembl_archive	candidate_not_in_local_release115_gtf	ENSPTRG00000002470	1		90	ENSPTRG00000002470.5		success	Archive candidate was not found in the local Ensembl 115 GTF
ENSPTRG00000002496	ENSPTRG00000002496	direct	exact_protein_coding	ENSPTRG00000002496	1	protein_coding				not_required	
ENSPTRG00000002502	ENSPTRG00000002502	direct	exact_protein_coding	ENSPTRG00000002502	1	protein_coding				not_required	
ENSPTRG00000002510		ensembl_archive	candidate_not_in_local_release115_gtf	ENSPTRG00000002510	1		90	ENSPTRG00000002510.4		success	Archive candidate was not found in the local Ensembl 115 GTF
ENSPTRG00000002517	ENSPTRG00000002517	direct	exact_protein_coding	ENSPTRG00000002517	1	protein_coding				not_required	
ENSPTRG00000002518	ENSPTRG00000002518	direct	exact_protein_coding	ENSPTRG00000002518	1	protein_coding				not_required	
ENSPTRG00000002524	ENSPTRG00000002524	direct	exact_protein_coding	ENSPTRG00000002524	1	protein_coding				not_required	
ENSPTRG00000002557	ENSPTRG00000002557	direct	exact_protein_coding	ENSPTRG00000002557	1	protein_coding				not_required	
ENSPTRG00000002568	ENSPTRG00000002568	direct	exact_protein_coding	ENSPTRG00000002568	1	protein_coding				not_required	
ENSPTRG00000002582	ENSPTRG00000002582	direct	exact_protein_coding	ENSPTRG00000002582	1	protein_coding				not_required	
ENSPTRG00000002584	ENSPTRG00000002584	direct	exact_protein_coding	ENSPTRG00000002584	1	protein_coding				not_required	
ENSPTRG00000002585	ENSPTRG00000002585	direct	exact_protein_coding	ENSPTRG00000002585	1	protein_coding				not_required	
ENSPTRG00000002588	ENSPTRG00000002588	direct	exact_protein_coding	ENSPTRG00000002588	1	protein_coding				not_required	
ENSPTRG00000002609	ENSPTRG00000002609	direct	exact_protein_coding	ENSPTRG00000002609	1	protein_coding				not_required	
ENSPTRG00000002610		ensembl_archive	candidate_not_in_local_release115_gtf	ENSPTRG00000002610	1		90	ENSPTRG00000002610.5		success	Archive candidate was not found in the local Ensembl 115 GTF
ENSPTRG00000002613	ENSPTRG00000002613	direct	exact_protein_coding	ENSPTRG00000002613	1	protein_coding				not_required	
ENSPTRG00000002615	ENSPTRG00000002615	direct	exact_protein_coding	ENSPTRG00000002615	1	protein_coding				not_required	
ENSPTRG00000002622		ensembl_archive	candidate_not_in_local_release115_gtf	ENSPTRG00000002622	1		64	ENSPTRG00000002622.3		success	Archive candidate was not found in the local Ensembl 115 GTF
ENSPTRG00000002627	ENSPTRG00000002627	direct	exact_protein_coding	ENSPTRG00000002627	1	protein_coding				not_required	
ENSPTRG00000002629	ENSPTRG00000002629	direct	exact_protein_coding	ENSPTRG00000002629	1	protein_coding				not_required	
ENSPTRG00000002635	ENSPTRG00000002635	direct	exact_protein_coding	ENSPTRG00000002635	1	protein_coding				not_required	
ENSPTRG00000002637	ENSPTRG00000002637	direct	exact_protein_coding	ENSPTRG00000002637	1	protein_coding				not_required	
ENSPTRG00000002638	ENSPTRG00000002638	direct	exact_protein_coding	ENSPTRG00000002638	1	protein_coding				not_required	
ENSPTRG00000002649	ENSPTRG00000002649	direct	exact_protein_coding	ENSPTRG00000002649	1	protein_coding				not_required	
ENSPTRG00000002657		ensembl_archive	candidate_not_in_local_release115_gtf	ENSPTRG00000002657	1		64	ENSPTRG00000002657.4		success	Archive candidate was not found in the local Ensembl 115 GTF
ENSPTRG00000002666	ENSPTRG00000002666	direct	exact_protein_coding	ENSPTRG00000002666	1	protein_coding				not_required	
ENSPTRG00000002669	ENSPTRG00000002669	direct	exact_protein_coding	ENSPTRG00000002669	1	protein_coding				not_required	
ENSPTRG00000002670	ENSPTRG00000002670	direct	exact_protein_coding	ENSPTRG00000002670	1	protein_coding				not_required	
ENSPTRG00000002678	ENSPTRG00000002678	direct	exact_protein_coding	ENSPTRG00000002678	1	protein_coding				not_required	
ENSPTRG00000002685	ENSPTRG00000002685	direct	exact_protein_coding	ENSPTRG00000002685	1	protein_coding				not_required	
ENSPTRG00000002686	ENSPTRG00000002686	direct	exact_protein_coding	ENSPTRG00000002686	1	protein_coding				not_required	
ENSPTRG00000002691	ENSPTRG00000002691	direct	exact_protein_coding	ENSPTRG00000002691	1	protein_coding				not_required	
ENSPTRG00000002699		ensembl_archive	replacement_not_protein_coding	ENSPTRG00000002699	1	processed_pseudogene	116	ENSPTRG00000002699.5	1	success	Candidate exists in local Ensembl 115 GTF but is not protein_coding
ENSPTRG00000002706	ENSPTRG00000002706	direct	exact_protein_coding	ENSPTRG00000002706	1	protein_coding				not_required	
ENSPTRG00000002715	ENSPTRG00000002715	direct	exact_protein_coding	ENSPTRG00000002715	1	protein_coding				not_required	
ENSPTRG00000002732	ENSPTRG00000002732	direct	exact_protein_coding	ENSPTRG00000002732	1	protein_coding				not_required	
ENSPTRG00000002736	ENSPTRG00000002736	direct	exact_protein_coding	ENSPTRG00000002736	1	protein_coding				not_required	
ENSPTRG00000002757	ENSPTRG00000002757	direct	exact_protein_coding	ENSPTRG00000002757	1	protein_coding				not_required	
ENSPTRG00000002797	ENSPTRG00000002797	direct	exact_protein_coding	ENSPTRG00000002797	1	protein_coding				not_required	
ENSPTRG00000002806	ENSPTRG00000002806	direct	exact_protein_coding	ENSPTRG00000002806	1	protein_coding				not_required	
ENSPTRG00000002808	ENSPTRG00000002808	direct	exact_protein_coding	ENSPTRG00000002808	1	protein_coding				not_required	
ENSPTRG00000002809	ENSPTRG00000002809	direct	exact_protein_coding	ENSPTRG00000002809	1	protein_coding				not_required	
ENSPTRG00000002810	ENSPTRG00000002810	direct	exact_protein_coding	ENSPTRG00000002810	1	protein_coding				not_required	
ENSPTRG00000002815	ENSPTRG00000002815	direct	exact_protein_coding	ENSPTRG00000002815	1	protein_coding				not_required	
ENSPTRG00000002816	ENSPTRG00000002816	direct	exact_protein_coding	ENSPTRG00000002816	1	protein_coding				not_required	
ENSPTRG00000002817		ensembl_archive	candidate_not_in_local_release115_gtf	ENSPTRG00000002817	1		90	ENSPTRG00000002817.4		success	Archive candidate was not found in the local Ensembl 115 GTF
ENSPTRG00000002825	ENSPTRG00000002825	direct	exact_protein_coding	ENSPTRG00000002825	1	protein_coding				not_required	
ENSPTRG00000002829	ENSPTRG00000002829	direct	exact_protein_coding	ENSPTRG00000002829	1	protein_coding				not_required	
ENSPTRG00000002835	ENSPTRG00000002835	direct	exact_protein_coding	ENSPTRG00000002835	1	protein_coding				not_required	
ENSPTRG00000002844		ensembl_archive	candidate_not_in_local_release115_gtf	ENSPTRG00000002844	1		64	ENSPTRG00000002844.2		success	Archive candidate was not found in the local Ensembl 115 GTF
ENSPTRG00000002851	ENSPTRG00000002851	direct	exact_protein_coding	ENSPTRG00000002851	1	protein_coding				not_required	
ENSPTRG00000002872		ensembl_archive	candidate_not_in_local_release115_gtf	ENSPTRG00000002872	1		64	ENSPTRG00000002872.4		success	Archive candidate was not found in the local Ensembl 115 GTF
ENSPTRG00000002875	ENSPTRG00000002875	direct	exact_protein_coding	ENSPTRG00000002875	1	protein_coding				not_required	
ENSPTRG00000002876	ENSPTRG00000002876	direct	exact_protein_coding	ENSPTRG00000002876	1	protein_coding				not_required	
ENSPTRG00000002879	ENSPTRG00000002879	direct	exact_protein_coding	ENSPTRG00000002879	1	protein_coding				not_required	
ENSPTRG00000002881	ENSPTRG00000002881	direct	exact_protein_coding	ENSPTRG00000002881	1	protein_coding				not_required	
ENSPTRG00000002883	ENSPTRG00000002883	direct	exact_protein_coding	ENSPTRG00000002883	1	protein_coding				not_required	
ENSPTRG00000002891	ENSPTRG00000002891	direct	exact_protein_coding	ENSPTRG00000002891	1	protein_coding				not_required	
ENSPTRG00000002894	ENSPTRG00000002894	direct	exact_protein_coding	ENSPTRG00000002894	1	protein_coding				not_required	
ENSPTRG00000002902	ENSPTRG00000002902	direct	exact_protein_coding	ENSPTRG00000002902	1	protein_coding				not_required	
ENSPTRG00000002905	ENSPTRG00000002905	direct	exact_protein_coding	ENSPTRG00000002905	1	protein_coding				not_required	
ENSPTRG00000002910	ENSPTRG00000002910	direct	exact_protein_coding	ENSPTRG00000002910	1	protein_coding				not_required	
ENSPTRG00000002913	ENSPTRG00000002913	direct	exact_protein_coding	ENSPTRG00000002913	1	protein_coding				not_required	
ENSPTRG00000002920	ENSPTRG00000002920	direct	exact_protein_coding	ENSPTRG00000002920	1	protein_coding				not_required	
ENSPTRG00000002925	ENSPTRG00000002925	direct	exact_protein_coding	ENSPTRG00000002925	1	protein_coding				not_required	
ENSPTRG00000002934	ENSPTRG00000002934	direct	exact_protein_coding	ENSPTRG00000002934	1	protein_coding				not_required	
ENSPTRG00000002937	ENSPTRG00000002937	direct	exact_protein_coding	ENSPTRG00000002937	1	protein_coding				not_required	
ENSPTRG00000002948	ENSPTRG00000002948	direct	exact_protein_coding	ENSPTRG00000002948	1	protein_coding				not_required	
ENSPTRG00000002949	ENSPTRG00000002949	direct	exact_protein_coding	ENSPTRG00000002949	1	protein_coding				not_required	
ENSPTRG00000002963	ENSPTRG00000002963	direct	exact_protein_coding	ENSPTRG00000002963	1	protein_coding				not_required	
ENSPTRG00000002988	ENSPTRG00000002988	direct	exact_protein_coding	ENSPTRG00000002988	1	protein_coding				not_required	
ENSPTRG00000002989	ENSPTRG00000002989	direct	exact_protein_coding	ENSPTRG00000002989	1	protein_coding				not_required	
ENSPTRG00000002990	ENSPTRG00000002990	direct	exact_protein_coding	ENSPTRG00000002990	1	protein_coding				not_required	
ENSPTRG00000002996	ENSPTRG00000002996	direct	exact_protein_coding	ENSPTRG00000002996	1	protein_coding				not_required	
ENSPTRG00000003000	ENSPTRG00000003000	direct	exact_protein_coding	ENSPTRG00000003000	1	protein_coding				not_required	
ENSPTRG00000003004	ENSPTRG00000003004	direct	exact_protein_coding	ENSPTRG00000003004	1	protein_coding				not_required	
ENSPTRG00000003005	ENSPTRG00000003005	direct	exact_protein_coding	ENSPTRG00000003005	1	protein_coding				not_required	
ENSPTRG00000003006	ENSPTRG00000003006	direct	exact_protein_coding	ENSPTRG00000003006	1	protein_coding				not_required	
ENSPTRG00000003019	ENSPTRG00000003019	direct	exact_protein_coding	ENSPTRG00000003019	1	protein_coding				not_required	
ENSPTRG00000003028	ENSPTRG00000003028	direct	exact_protein_coding	ENSPTRG00000003028	1	protein_coding				not_required	
ENSPTRG00000003030	ENSPTRG00000003030	direct	exact_protein_coding	ENSPTRG00000003030	1	protein_coding				not_required	
ENSPTRG00000003031	ENSPTRG00000003031	direct	exact_protein_coding	ENSPTRG00000003031	1	protein_coding				not_required	
ENSPTRG00000003033	ENSPTRG00000003033	direct	exact_protein_coding	ENSPTRG00000003033	1	protein_coding				not_required	
ENSPTRG00000003042	ENSPTRG00000003042	direct	exact_protein_coding	ENSPTRG00000003042	1	protein_coding				not_required	
ENSPTRG00000003048	ENSPTRG00000003048	direct	exact_protein_coding	ENSPTRG00000003048	1	protein_coding				not_required	
ENSPTRG00000003054	ENSPTRG00000003054	direct	exact_protein_coding	ENSPTRG00000003054	1	protein_coding				not_required	
ENSPTRG00000003065	ENSPTRG00000003065	direct	exact_protein_coding	ENSPTRG00000003065	1	protein_coding				not_required	
ENSPTRG00000003067	ENSPTRG00000003067	direct	exact_protein_coding	ENSPTRG00000003067	1	protein_coding				not_required	
ENSPTRG00000003089	ENSPTRG00000003089	direct	exact_protein_coding	ENSPTRG00000003089	1	protein_coding				not_required	
ENSPTRG00000003090	ENSPTRG00000003090	direct	exact_protein_coding	ENSPTRG00000003090	1	protein_coding				not_required	
ENSPTRG00000003096	ENSPTRG00000003096	direct	exact_protein_coding	ENSPTRG00000003096	1	protein_coding				not_required	
ENSPTRG00000003104	ENSPTRG00000003104	direct	exact_protein_coding	ENSPTRG00000003104	1	protein_coding				not_required	
ENSPTRG00000003105		ensembl_archive	candidate_not_in_local_release115_gtf	ENSPTRG00000003105	1		64	ENSPTRG00000003105.4		success	Archive candidate was not found in the local Ensembl 115 GTF
ENSPTRG00000003106	ENSPTRG00000003106	direct	exact_protein_coding	ENSPTRG00000003106	1	protein_coding				not_required	
ENSPTRG00000003118	ENSPTRG00000003118	direct	exact_protein_coding	ENSPTRG00000003118	1	protein_coding				not_required	
ENSPTRG00000003125	ENSPTRG00000003125	direct	exact_protein_coding	ENSPTRG00000003125	1	protein_coding				not_required	
ENSPTRG00000003130	ENSPTRG00000003130	direct	exact_protein_coding	ENSPTRG00000003130	1	protein_coding				not_required	
ENSPTRG00000003132	ENSPTRG00000003132	direct	exact_protein_coding	ENSPTRG00000003132	1	protein_coding				not_required	
ENSPTRG00000003136		ensembl_archive	candidate_not_in_local_release115_gtf	ENSPTRG00000003136	1		64	ENSPTRG00000003136.4		success	Archive candidate was not found in the local Ensembl 115 GTF
ENSPTRG00000003137	ENSPTRG00000003137	direct	exact_protein_coding	ENSPTRG00000003137	1	protein_coding				not_required	
ENSPTRG00000003138	ENSPTRG00000003138	direct	exact_protein_coding	ENSPTRG00000003138	1	protein_coding				not_required	
ENSPTRG00000003141		ensembl_archive	candidate_not_in_local_release115_gtf	ENSPTRG00000003141	1		90	ENSPTRG00000003141.4		success	Archive candidate was not found in the local Ensembl 115 GTF
ENSPTRG00000003143	ENSPTRG00000003143	direct	exact_protein_coding	ENSPTRG00000003143	1	protein_coding				not_required	
ENSPTRG00000003153	ENSPTRG00000003153	direct	exact_protein_coding	ENSPTRG00000003153	1	protein_coding				not_required	
ENSPTRG00000003159		ensembl_archive	candidate_not_in_local_release115_gtf	ENSPTRG00000003159	1		90	ENSPTRG00000003159.5		success	Archive candidate was not found in the local Ensembl 115 GTF
ENSPTRG00000003177	ENSPTRG00000003177	direct	exact_protein_coding	ENSPTRG00000003177	1	protein_coding				not_required	
ENSPTRG00000003178	ENSPTRG00000003178	direct	exact_protein_coding	ENSPTRG00000003178	1	protein_coding				not_required	
ENSPTRG00000003188	ENSPTRG00000003188	direct	exact_protein_coding	ENSPTRG00000003188	1	protein_coding				not_required	
ENSPTRG00000003194	ENSPTRG00000003194	direct	exact_protein_coding	ENSPTRG00000003194	1	protein_coding				not_required	
ENSPTRG00000003285	ENSPTRG00000003285	direct	exact_protein_coding	ENSPTRG00000003285	1	protein_coding				not_required	
ENSPTRG00000003291	ENSPTRG00000003291	direct	exact_protein_coding	ENSPTRG00000003291	1	protein_coding				not_required	
ENSPTRG00000003292	ENSPTRG00000003292	direct	exact_protein_coding	ENSPTRG00000003292	1	protein_coding				not_required	
ENSPTRG00000003298	ENSPTRG00000003298	direct	exact_protein_coding	ENSPTRG00000003298	1	protein_coding				not_required	
ENSPTRG00000003299	ENSPTRG00000003299	direct	exact_protein_coding	ENSPTRG00000003299	1	protein_coding				not_required	
ENSPTRG00000003301		ensembl_archive	candidate_not_in_local_release115_gtf	ENSPTRG00000003301	1		90	ENSPTRG00000003301.4		success	Archive candidate was not found in the local Ensembl 115 GTF
ENSPTRG00000003326	ENSPTRG00000003326	direct	exact_protein_coding	ENSPTRG00000003326	1	protein_coding				not_required	
ENSPTRG00000003333	ENSPTRG00000003333	direct	exact_protein_coding	ENSPTRG00000003333	1	protein_coding				not_required	
ENSPTRG00000003337	ENSPTRG00000003337	direct	exact_protein_coding	ENSPTRG00000003337	1	protein_coding				not_required	
ENSPTRG00000003340	ENSPTRG00000003340	direct	exact_protein_coding	ENSPTRG00000003340	1	protein_coding				not_required	
ENSPTRG00000003345	ENSPTRG00000003345	direct	exact_protein_coding	ENSPTRG00000003345	1	protein_coding				not_required	
ENSPTRG00000003346	ENSPTRG00000003346	direct	exact_protein_coding	ENSPTRG00000003346	1	protein_coding				not_required	
ENSPTRG00000003351	ENSPTRG00000003351	direct	exact_protein_coding	ENSPTRG00000003351	1	protein_coding				not_required	
ENSPTRG00000003362	ENSPTRG00000003362	direct	exact_protein_coding	ENSPTRG00000003362	1	protein_coding				not_required	
ENSPTRG00000003367	ENSPTRG00000003367	direct	exact_protein_coding	ENSPTRG00000003367	1	protein_coding				not_required	
ENSPTRG00000003373	ENSPTRG00000003373	direct	exact_protein_coding	ENSPTRG00000003373	1	protein_coding				not_required	
ENSPTRG00000003384	ENSPTRG00000003384	direct	exact_protein_coding	ENSPTRG00000003384	1	protein_coding				not_required	
ENSPTRG00000003385	ENSPTRG00000003385	direct	exact_protein_coding	ENSPTRG00000003385	1	protein_coding				not_required	
ENSPTRG00000003395		ensembl_archive	candidate_not_in_local_release115_gtf	ENSPTRG00000003395	1		64	ENSPTRG00000003395.2		success	Archive candidate was not found in the local Ensembl 115 GTF
ENSPTRG00000003397	ENSPTRG00000003397	direct	exact_protein_coding	ENSPTRG00000003397	1	protein_coding				not_required	
ENSPTRG00000003421	ENSPTRG00000003421	direct	exact_protein_coding	ENSPTRG00000003421	1	protein_coding				not_required	
ENSPTRG00000003424	ENSPTRG00000003424	direct	exact_protein_coding	ENSPTRG00000003424	1	protein_coding				not_required	
ENSPTRG00000003425	ENSPTRG00000003425	direct	exact_protein_coding	ENSPTRG00000003425	1	protein_coding				not_required	
ENSPTRG00000003426	ENSPTRG00000003426	direct	exact_protein_coding	ENSPTRG00000003426	1	protein_coding				not_required	
ENSPTRG00000003439	ENSPTRG00000003439	direct	exact_protein_coding	ENSPTRG00000003439	1	protein_coding				not_required	
ENSPTRG00000003461	ENSPTRG00000003461	direct	exact_protein_coding	ENSPTRG00000003461	1	protein_coding				not_required	
ENSPTRG00000003466	ENSPTRG00000003466	direct	exact_protein_coding	ENSPTRG00000003466	1	protein_coding				not_required	
ENSPTRG00000003471	ENSPTRG00000003471	direct	exact_protein_coding	ENSPTRG00000003471	1	protein_coding				not_required	
ENSPTRG00000003472	ENSPTRG00000003472	direct	exact_protein_coding	ENSPTRG00000003472	1	protein_coding				not_required	
ENSPTRG00000003475		ensembl_archive	candidate_not_in_local_release115_gtf	ENSPTRG00000003475	1		64	ENSPTRG00000003475.2		success	Archive candidate was not found in the local Ensembl 115 GTF
ENSPTRG00000003478	ENSPTRG00000003478	direct	exact_protein_coding	ENSPTRG00000003478	1	protein_coding				not_required	
ENSPTRG00000003479	ENSPTRG00000003479	direct	exact_protein_coding	ENSPTRG00000003479	1	protein_coding				not_required	
ENSPTRG00000003485	ENSPTRG00000003485	direct	exact_protein_coding	ENSPTRG00000003485	1	protein_coding				not_required	
ENSPTRG00000003489	ENSPTRG00000003489	direct	exact_protein_coding	ENSPTRG00000003489	1	protein_coding				not_required	
ENSPTRG00000003494	ENSPTRG00000003494	direct	exact_protein_coding	ENSPTRG00000003494	1	protein_coding				not_required	
ENSPTRG00000003495	ENSPTRG00000003495	direct	exact_protein_coding	ENSPTRG00000003495	1	protein_coding				not_required	
ENSPTRG00000003499	ENSPTRG00000003499	direct	exact_protein_coding	ENSPTRG00000003499	1	protein_coding				not_required	
ENSPTRG00000003508		ensembl_archive	candidate_not_in_local_release115_gtf	ENSPTRG00000003508	1		90	ENSPTRG00000003508.3		success	Archive candidate was not found in the local Ensembl 115 GTF
ENSPTRG00000003510	ENSPTRG00000003510	direct	exact_protein_coding	ENSPTRG00000003510	1	protein_coding				not_required	
ENSPTRG00000003516	ENSPTRG00000003516	direct	exact_protein_coding	ENSPTRG00000003516	1	protein_coding				not_required	
ENSPTRG00000003518	ENSPTRG00000003518	direct	exact_protein_coding	ENSPTRG00000003518	1	protein_coding				not_required	
ENSPTRG00000003522	ENSPTRG00000003522	direct	exact_protein_coding	ENSPTRG00000003522	1	protein_coding				not_required	
ENSPTRG00000003539	ENSPTRG00000003539	direct	exact_protein_coding	ENSPTRG00000003539	1	protein_coding				not_required	
ENSPTRG00000003546	ENSPTRG00000003546	direct	exact_protein_coding	ENSPTRG00000003546	1	protein_coding				not_required	
ENSPTRG00000003550	ENSPTRG00000003550	direct	exact_protein_coding	ENSPTRG00000003550	1	protein_coding				not_required	
ENSPTRG00000003551	ENSPTRG00000003551	direct	exact_protein_coding	ENSPTRG00000003551	1	protein_coding				not_required	
ENSPTRG00000003556	ENSPTRG00000003556	direct	exact_protein_coding	ENSPTRG00000003556	1	protein_coding				not_required	
ENSPTRG00000003557	ENSPTRG00000003557	direct	exact_protein_coding	ENSPTRG00000003557	1	protein_coding				not_required	
ENSPTRG00000003558	ENSPTRG00000003558	direct	exact_protein_coding	ENSPTRG00000003558	1	protein_coding				not_required	
ENSPTRG00000003559	ENSPTRG00000003559	direct	exact_protein_coding	ENSPTRG00000003559	1	protein_coding				not_required	
ENSPTRG00000003565	ENSPTRG00000003565	direct	exact_protein_coding	ENSPTRG00000003565	1	protein_coding				not_required	
ENSPTRG00000003571	ENSPTRG00000003571	direct	exact_protein_coding	ENSPTRG00000003571	1	protein_coding				not_required	
ENSPTRG00000003652	ENSPTRG00000003652	direct	exact_protein_coding	ENSPTRG00000003652	1	protein_coding				not_required	
ENSPTRG00000003659	ENSPTRG00000003659	direct	exact_protein_coding	ENSPTRG00000003659	1	protein_coding				not_required	
ENSPTRG00000003667	ENSPTRG00000003667	direct	exact_protein_coding	ENSPTRG00000003667	1	protein_coding				not_required	
ENSPTRG00000003668	ENSPTRG00000003668	direct	exact_protein_coding	ENSPTRG00000003668	1	protein_coding				not_required	
ENSPTRG00000003681	ENSPTRG00000003681	direct	exact_protein_coding	ENSPTRG00000003681	1	protein_coding				not_required	
ENSPTRG00000003696	ENSPTRG00000003696	direct	exact_protein_coding	ENSPTRG00000003696	1	protein_coding				not_required	
ENSPTRG00000003700	ENSPTRG00000003700	direct	exact_protein_coding	ENSPTRG00000003700	1	protein_coding				not_required	
ENSPTRG00000003725	ENSPTRG00000003725	direct	exact_protein_coding	ENSPTRG00000003725	1	protein_coding				not_required	
ENSPTRG00000003730		ensembl_archive	candidate_not_in_local_release115_gtf	ENSPTRG00000003730	1		64	ENSPTRG00000003730.2		success	Archive candidate was not found in the local Ensembl 115 GTF
ENSPTRG00000003737	ENSPTRG00000003737	direct	exact_protein_coding	ENSPTRG00000003737	1	protein_coding				not_required	
ENSPTRG00000003742	ENSPTRG00000003742	direct	exact_protein_coding	ENSPTRG00000003742	1	protein_coding				not_required	
ENSPTRG00000003743	ENSPTRG00000003743	direct	exact_protein_coding	ENSPTRG00000003743	1	protein_coding				not_required	
ENSPTRG00000003750	ENSPTRG00000003750	direct	exact_protein_coding	ENSPTRG00000003750	1	protein_coding				not_required	
ENSPTRG00000003754	ENSPTRG00000003754	direct	exact_protein_coding	ENSPTRG00000003754	1	protein_coding				not_required	
ENSPTRG00000003771	ENSPTRG00000003771	direct	exact_protein_coding	ENSPTRG00000003771	1	protein_coding				not_required	
ENSPTRG00000003772	ENSPTRG00000003772	direct	exact_protein_coding	ENSPTRG00000003772	1	protein_coding				not_required	
ENSPTRG00000003776	ENSPTRG00000003776	direct	exact_protein_coding	ENSPTRG00000003776	1	protein_coding				not_required	
ENSPTRG00000003777	ENSPTRG00000003777	direct	exact_protein_coding	ENSPTRG00000003777	1	protein_coding				not_required	
ENSPTRG00000003778		ensembl_archive	candidate_not_in_local_release115_gtf	ENSPTRG00000003778	1		64	ENSPTRG00000003778.3		success	Archive candidate was not found in the local Ensembl 115 GTF
ENSPTRG00000003780	ENSPTRG00000003780	direct	exact_protein_coding	ENSPTRG00000003780	1	protein_coding				not_required	
ENSPTRG00000003786		ensembl_archive	candidate_not_in_local_release115_gtf	ENSPTRG00000003786	1		90	ENSPTRG00000003786.4		success	Archive candidate was not found in the local Ensembl 115 GTF
ENSPTRG00000003787	ENSPTRG00000003787	direct	exact_protein_coding	ENSPTRG00000003787	1	protein_coding				not_required	
ENSPTRG00000003789	ENSPTRG00000003789	direct	exact_protein_coding	ENSPTRG00000003789	1	protein_coding				not_required	
ENSPTRG00000003790	ENSPTRG00000003790	direct	exact_protein_coding	ENSPTRG00000003790	1	protein_coding				not_required	
ENSPTRG00000003791	ENSPTRG00000003791	direct	exact_protein_coding	ENSPTRG00000003791	1	protein_coding				not_required	
ENSPTRG00000003792	ENSPTRG00000003792	direct	exact_protein_coding	ENSPTRG00000003792	1	protein_coding				not_required	
ENSPTRG00000003793		ensembl_archive	candidate_not_in_local_release115_gtf	ENSPTRG00000003793	1		64	ENSPTRG00000003793.3		success	Archive candidate was not found in the local Ensembl 115 GTF
ENSPTRG00000003806	ENSPTRG00000003806	direct	exact_protein_coding	ENSPTRG00000003806	1	protein_coding				not_required	
ENSPTRG00000003810		ensembl_archive	candidate_not_in_local_release115_gtf	ENSPTRG00000003810	1		64	ENSPTRG00000003810.4		success	Archive candidate was not found in the local Ensembl 115 GTF
ENSPTRG00000003816	ENSPTRG00000003816	direct	exact_protein_coding	ENSPTRG00000003816	1	protein_coding				not_required	
ENSPTRG00000003817	ENSPTRG00000003817	direct	exact_protein_coding	ENSPTRG00000003817	1	protein_coding				not_required	
ENSPTRG00000003822	ENSPTRG00000003822	direct	exact_protein_coding	ENSPTRG00000003822	1	protein_coding				not_required	
ENSPTRG00000003823	ENSPTRG00000003823	direct	exact_protein_coding	ENSPTRG00000003823	1	protein_coding				not_required	
ENSPTRG00000003826	ENSPTRG00000003826	direct	exact_protein_coding	ENSPTRG00000003826	1	protein_coding				not_required	
ENSPTRG00000003830	ENSPTRG00000003830	direct	exact_protein_coding	ENSPTRG00000003830	1	protein_coding				not_required	
ENSPTRG00000003833	ENSPTRG00000003833	direct	exact_protein_coding	ENSPTRG00000003833	1	protein_coding				not_required	
ENSPTRG00000003834	ENSPTRG00000003834	direct	exact_protein_coding	ENSPTRG00000003834	1	protein_coding				not_required	
ENSPTRG00000003835	ENSPTRG00000003835	direct	exact_protein_coding	ENSPTRG00000003835	1	protein_coding				not_required	
ENSPTRG00000003848	ENSPTRG00000003848	direct	exact_protein_coding	ENSPTRG00000003848	1	protein_coding				not_required	
ENSPTRG00000003852	ENSPTRG00000003852	direct	exact_protein_coding	ENSPTRG00000003852	1	protein_coding				not_required	
ENSPTRG00000003861	ENSPTRG00000003861	direct	exact_protein_coding	ENSPTRG00000003861	1	protein_coding				not_required	
ENSPTRG00000003862		ensembl_archive	candidate_not_in_local_release115_gtf	ENSPTRG00000003862	1		64	ENSPTRG00000003862.2		success	Archive candidate was not found in the local Ensembl 115 GTF
ENSPTRG00000003866	ENSPTRG00000003866	direct	exact_protein_coding	ENSPTRG00000003866	1	protein_coding				not_required	
ENSPTRG00000003867	ENSPTRG00000003867	direct	exact_protein_coding	ENSPTRG00000003867	1	protein_coding				not_required	
ENSPTRG00000003868	ENSPTRG00000003868	direct	exact_protein_coding	ENSPTRG00000003868	1	protein_coding				not_required	
ENSPTRG00000003869	ENSPTRG00000003869	direct	exact_protein_coding	ENSPTRG00000003869	1	protein_coding				not_required	
ENSPTRG00000003874	ENSPTRG00000003874	direct	exact_protein_coding	ENSPTRG00000003874	1	protein_coding				not_required	
ENSPTRG00000003875		ensembl_archive	candidate_not_in_local_release115_gtf	ENSPTRG00000003875	1		64	ENSPTRG00000003875.4		success	Archive candidate was not found in the local Ensembl 115 GTF
ENSPTRG00000003879	ENSPTRG00000003879	direct	exact_protein_coding	ENSPTRG00000003879	1	protein_coding				not_required	
ENSPTRG00000003881	ENSPTRG00000003881	direct	exact_protein_coding	ENSPTRG00000003881	1	protein_coding				not_required	
ENSPTRG00000003883	ENSPTRG00000003883	direct	exact_protein_coding	ENSPTRG00000003883	1	protein_coding				not_required	
ENSPTRG00000003886	ENSPTRG00000003886	direct	exact_protein_coding	ENSPTRG00000003886	1	protein_coding				not_required	
ENSPTRG00000003889	ENSPTRG00000003889	direct	exact_protein_coding	ENSPTRG00000003889	1	protein_coding				not_required	
ENSPTRG00000003895	ENSPTRG00000003895	direct	exact_protein_coding	ENSPTRG00000003895	1	protein_coding				not_required	
ENSPTRG00000003897	ENSPTRG00000003897	direct	exact_protein_coding	ENSPTRG00000003897	1	protein_coding				not_required	
ENSPTRG00000003899	ENSPTRG00000003899	direct	exact_protein_coding	ENSPTRG00000003899	1	protein_coding				not_required	
ENSPTRG00000003906		ensembl_archive	candidate_not_in_local_release115_gtf	ENSPTRG00000003906	1		64	ENSPTRG00000003906.3		success	Archive candidate was not found in the local Ensembl 115 GTF
ENSPTRG00000003907	ENSPTRG00000003907	direct	exact_protein_coding	ENSPTRG00000003907	1	protein_coding				not_required	
ENSPTRG00000003915	ENSPTRG00000003915	direct	exact_protein_coding	ENSPTRG00000003915	1	protein_coding				not_required	
ENSPTRG00000003920	ENSPTRG00000003920	direct	exact_protein_coding	ENSPTRG00000003920	1	protein_coding				not_required	
ENSPTRG00000003924	ENSPTRG00000003924	direct	exact_protein_coding	ENSPTRG00000003924	1	protein_coding				not_required	
ENSPTRG00000003926	ENSPTRG00000003926	direct	exact_protein_coding	ENSPTRG00000003926	1	protein_coding				not_required	
ENSPTRG00000003931	ENSPTRG00000003931	direct	exact_protein_coding	ENSPTRG00000003931	1	protein_coding				not_required	
ENSPTRG00000003952		ensembl_archive	candidate_not_in_local_release115_gtf	ENSPTRG00000003952	1		64	ENSPTRG00000003952.4		success	Archive candidate was not found in the local Ensembl 115 GTF
ENSPTRG00000003957	ENSPTRG00000003957	direct	exact_protein_coding	ENSPTRG00000003957	1	protein_coding				not_required	
ENSPTRG00000003963	ENSPTRG00000003963	direct	exact_protein_coding	ENSPTRG00000003963	1	protein_coding				not_required	
ENSPTRG00000003964	ENSPTRG00000003964	direct	exact_protein_coding	ENSPTRG00000003964	1	protein_coding				not_required	
ENSPTRG00000003968	ENSPTRG00000003968	direct	exact_protein_coding	ENSPTRG00000003968	1	protein_coding				not_required	
ENSPTRG00000003969	ENSPTRG00000003969	direct	exact_protein_coding	ENSPTRG00000003969	1	protein_coding				not_required	
ENSPTRG00000003978	ENSPTRG00000003978	direct	exact_protein_coding	ENSPTRG00000003978	1	protein_coding				not_required	
ENSPTRG00000003982	ENSPTRG00000003982	direct	exact_protein_coding	ENSPTRG00000003982	1	protein_coding				not_required	
ENSPTRG00000003984	ENSPTRG00000003984	direct	exact_protein_coding	ENSPTRG00000003984	1	protein_coding				not_required	
ENSPTRG00000003988	ENSPTRG00000003988	direct	exact_protein_coding	ENSPTRG00000003988	1	protein_coding				not_required	
ENSPTRG00000003997	ENSPTRG00000003997	direct	exact_protein_coding	ENSPTRG00000003997	1	protein_coding				not_required	
ENSPTRG00000004004	ENSPTRG00000004004	direct	exact_protein_coding	ENSPTRG00000004004	1	protein_coding				not_required	
ENSPTRG00000004006		ensembl_archive	candidate_not_in_local_release115_gtf	ENSPTRG00000004006	1		64	ENSPTRG00000004006.4		success	Archive candidate was not found in the local Ensembl 115 GTF
ENSPTRG00000004021	ENSPTRG00000004021	direct	exact_protein_coding	ENSPTRG00000004021	1	protein_coding				not_required	
ENSPTRG00000004024	ENSPTRG00000004024	direct	exact_protein_coding	ENSPTRG00000004024	1	protein_coding				not_required	
ENSPTRG00000004026		ensembl_archive	candidate_not_in_local_release115_gtf	ENSPTRG00000004026	1		64	ENSPTRG00000004026.3		success	Archive candidate was not found in the local Ensembl 115 GTF
ENSPTRG00000004031	ENSPTRG00000004031	direct	exact_protein_coding	ENSPTRG00000004031	1	protein_coding				not_required	
ENSPTRG00000004040	ENSPTRG00000004040	direct	exact_protein_coding	ENSPTRG00000004040	1	protein_coding				not_required	
ENSPTRG00000004049	ENSPTRG00000004049	direct	exact_protein_coding	ENSPTRG00000004049	1	protein_coding				not_required	
ENSPTRG00000004050		ensembl_archive	candidate_not_in_local_release115_gtf	ENSPTRG00000004050	1		90	ENSPTRG00000004050.3		success	Archive candidate was not found in the local Ensembl 115 GTF
ENSPTRG00000004070		ensembl_archive	candidate_not_in_local_release115_gtf	ENSPTRG00000004070	1		90	ENSPTRG00000004070.4		success	Archive candidate was not found in the local Ensembl 115 GTF
ENSPTRG00000004073	ENSPTRG00000004073	direct	exact_protein_coding	ENSPTRG00000004073	1	protein_coding				not_required	
ENSPTRG00000004088	ENSPTRG00000004088	direct	exact_protein_coding	ENSPTRG00000004088	1	protein_coding				not_required	
ENSPTRG00000004091	ENSPTRG00000004091	direct	exact_protein_coding	ENSPTRG00000004091	1	protein_coding				not_required	
ENSPTRG00000004103	ENSPTRG00000004103	direct	exact_protein_coding	ENSPTRG00000004103	1	protein_coding				not_required	
ENSPTRG00000004104		ensembl_archive	candidate_not_in_local_release115_gtf	ENSPTRG00000004104	1		64	ENSPTRG00000004104.1		success	Archive candidate was not found in the local Ensembl 115 GTF
ENSPTRG00000004108	ENSPTRG00000004108	direct	exact_protein_coding	ENSPTRG00000004108	1	protein_coding				not_required	
ENSPTRG00000004111		ensembl_archive	candidate_not_in_local_release115_gtf	ENSPTRG00000004111	1		90	ENSPTRG00000004111.5		success	Archive candidate was not found in the local Ensembl 115 GTF
ENSPTRG00000004117	ENSPTRG00000004117	direct	exact_protein_coding	ENSPTRG00000004117	1	protein_coding				not_required	
ENSPTRG00000004133	ENSPTRG00000004133	direct	exact_protein_coding	ENSPTRG00000004133	1	protein_coding				not_required	
ENSPTRG00000004134	ENSPTRG00000004134	direct	exact_protein_coding	ENSPTRG00000004134	1	protein_coding				not_required	
ENSPTRG00000004141	ENSPTRG00000004141	direct	exact_protein_coding	ENSPTRG00000004141	1	protein_coding				not_required	
ENSPTRG00000004144	ENSPTRG00000004144	direct	exact_protein_coding	ENSPTRG00000004144	1	protein_coding				not_required	
ENSPTRG00000004150		ensembl_archive	candidate_not_in_local_release115_gtf	ENSPTRG00000004150	1		90	ENSPTRG00000004150.5		success	Archive candidate was not found in the local Ensembl 115 GTF
ENSPTRG00000004178	ENSPTRG00000004178	direct	exact_protein_coding	ENSPTRG00000004178	1	protein_coding				not_required	
ENSPTRG00000004185	ENSPTRG00000004185	direct	exact_protein_coding	ENSPTRG00000004185	1	protein_coding				not_required	
ENSPTRG00000004213	ENSPTRG00000004213	direct	exact_protein_coding	ENSPTRG00000004213	1	protein_coding				not_required	
ENSPTRG00000004223	ENSPTRG00000004223	direct	exact_protein_coding	ENSPTRG00000004223	1	protein_coding				not_required	
ENSPTRG00000004246	ENSPTRG00000004246	direct	exact_protein_coding	ENSPTRG00000004246	1	protein_coding				not_required	
ENSPTRG00000004259	ENSPTRG00000004259	direct	exact_protein_coding	ENSPTRG00000004259	1	protein_coding				not_required	
ENSPTRG00000004269	ENSPTRG00000004269	direct	exact_protein_coding	ENSPTRG00000004269	1	protein_coding				not_required	
ENSPTRG00000004282		ensembl_archive	candidate_not_in_local_release115_gtf	ENSPTRG00000004282	1		90	ENSPTRG00000004282.3		success	Archive candidate was not found in the local Ensembl 115 GTF
ENSPTRG00000004288	ENSPTRG00000004288	direct	exact_protein_coding	ENSPTRG00000004288	1	protein_coding				not_required	
ENSPTRG00000004321	ENSPTRG00000004321	direct	exact_protein_coding	ENSPTRG00000004321	1	protein_coding				not_required	
ENSPTRG00000004331		ensembl_archive	candidate_not_in_local_release115_gtf	ENSPTRG00000004331	1		90	ENSPTRG00000004331.2		success	Archive candidate was not found in the local Ensembl 115 GTF
ENSPTRG00000004342	ENSPTRG00000004342	direct	exact_protein_coding	ENSPTRG00000004342	1	protein_coding				not_required	
ENSPTRG00000004350	ENSPTRG00000004350	direct	exact_protein_coding	ENSPTRG00000004350	1	protein_coding				not_required	
ENSPTRG00000004360	ENSPTRG00000004360	direct	exact_protein_coding	ENSPTRG00000004360	1	protein_coding				not_required	
ENSPTRG00000004361	ENSPTRG00000004361	direct	exact_protein_coding	ENSPTRG00000004361	1	protein_coding				not_required	
ENSPTRG00000004366		ensembl_archive	candidate_not_in_local_release115_gtf	ENSPTRG00000004366	1		64	ENSPTRG00000004366.4		success	Archive candidate was not found in the local Ensembl 115 GTF
ENSPTRG00000004368	ENSPTRG00000004368	direct	exact_protein_coding	ENSPTRG00000004368	1	protein_coding				not_required	
ENSPTRG00000004370	ENSPTRG00000004370	direct	exact_protein_coding	ENSPTRG00000004370	1	protein_coding				not_required	
ENSPTRG00000004374	ENSPTRG00000004374	direct	exact_protein_coding	ENSPTRG00000004374	1	protein_coding				not_required	
ENSPTRG00000004381	ENSPTRG00000004381	direct	exact_protein_coding	ENSPTRG00000004381	1	protein_coding				not_required	
ENSPTRG00000004392	ENSPTRG00000004392	direct	exact_protein_coding	ENSPTRG00000004392	1	protein_coding				not_required	
ENSPTRG00000004393	ENSPTRG00000004393	direct	exact_protein_coding	ENSPTRG00000004393	1	protein_coding				not_required	
ENSPTRG00000004424	ENSPTRG00000004424	direct	exact_protein_coding	ENSPTRG00000004424	1	protein_coding				not_required	
ENSPTRG00000004425	ENSPTRG00000004425	direct	exact_protein_coding	ENSPTRG00000004425	1	protein_coding				not_required	
ENSPTRG00000004429	ENSPTRG00000004429	direct	exact_protein_coding	ENSPTRG00000004429	1	protein_coding				not_required	
ENSPTRG00000004430	ENSPTRG00000004430	direct	exact_protein_coding	ENSPTRG00000004430	1	protein_coding				not_required	
ENSPTRG00000004438	ENSPTRG00000004438	direct	exact_protein_coding	ENSPTRG00000004438	1	protein_coding				not_required	
ENSPTRG00000004444	ENSPTRG00000004444	direct	exact_protein_coding	ENSPTRG00000004444	1	protein_coding				not_required	
ENSPTRG00000004449	ENSPTRG00000004449	direct	exact_protein_coding	ENSPTRG00000004449	1	protein_coding				not_required	
ENSPTRG00000004454	ENSPTRG00000004454	direct	exact_protein_coding	ENSPTRG00000004454	1	protein_coding				not_required	
ENSPTRG00000004457	ENSPTRG00000004457	direct	exact_protein_coding	ENSPTRG00000004457	1	protein_coding				not_required	
ENSPTRG00000004458	ENSPTRG00000004458	direct	exact_protein_coding	ENSPTRG00000004458	1	protein_coding				not_required	
ENSPTRG00000004461	ENSPTRG00000004461	direct	exact_protein_coding	ENSPTRG00000004461	1	protein_coding				not_required	
ENSPTRG00000004467	ENSPTRG00000004467	direct	exact_protein_coding	ENSPTRG00000004467	1	protein_coding				not_required	
ENSPTRG00000004480	ENSPTRG00000004480	direct	exact_protein_coding	ENSPTRG00000004480	1	protein_coding				not_required	
ENSPTRG00000004495	ENSPTRG00000004495	direct	exact_protein_coding	ENSPTRG00000004495	1	protein_coding				not_required	
ENSPTRG00000004496	ENSPTRG00000004496	direct	exact_protein_coding	ENSPTRG00000004496	1	protein_coding				not_required	
ENSPTRG00000004504	ENSPTRG00000004504	direct	exact_protein_coding	ENSPTRG00000004504	1	protein_coding				not_required	
ENSPTRG00000004514	ENSPTRG00000004514	direct	exact_protein_coding	ENSPTRG00000004514	1	protein_coding				not_required	
ENSPTRG00000004520	ENSPTRG00000004520	direct	exact_protein_coding	ENSPTRG00000004520	1	protein_coding				not_required	
ENSPTRG00000004530	ENSPTRG00000004530	direct	exact_protein_coding	ENSPTRG00000004530	1	protein_coding				not_required	
ENSPTRG00000004550	ENSPTRG00000004550	direct	exact_protein_coding	ENSPTRG00000004550	1	protein_coding				not_required	
ENSPTRG00000004557	ENSPTRG00000004557	direct	exact_protein_coding	ENSPTRG00000004557	1	protein_coding				not_required	
ENSPTRG00000004577	ENSPTRG00000004577	direct	exact_protein_coding	ENSPTRG00000004577	1	protein_coding				not_required	
ENSPTRG00000004579	ENSPTRG00000004579	direct	exact_protein_coding	ENSPTRG00000004579	1	protein_coding				not_required	
ENSPTRG00000004580	ENSPTRG00000004580	direct	exact_protein_coding	ENSPTRG00000004580	1	protein_coding				not_required	
ENSPTRG00000004586	ENSPTRG00000004586	direct	exact_protein_coding	ENSPTRG00000004586	1	protein_coding				not_required	
ENSPTRG00000004587	ENSPTRG00000004587	direct	exact_protein_coding	ENSPTRG00000004587	1	protein_coding				not_required	
ENSPTRG00000004595	ENSPTRG00000004595	direct	exact_protein_coding	ENSPTRG00000004595	1	protein_coding				not_required	
ENSPTRG00000004600		ensembl_archive	candidate_not_in_local_release115_gtf	ENSPTRG00000004600	1		90	ENSPTRG00000004600.2		success	Archive candidate was not found in the local Ensembl 115 GTF
ENSPTRG00000004603		ensembl_archive	candidate_not_in_local_release115_gtf	ENSPTRG00000004603	1		64	ENSPTRG00000004603.4		success	Archive candidate was not found in the local Ensembl 115 GTF
ENSPTRG00000004631	ENSPTRG00000004631	direct	exact_protein_coding	ENSPTRG00000004631	1	protein_coding				not_required	
ENSPTRG00000004648	ENSPTRG00000004648	direct	exact_protein_coding	ENSPTRG00000004648	1	protein_coding				not_required	
ENSPTRG00000004670		ensembl_archive	candidate_not_in_local_release115_gtf	ENSPTRG00000004670	1		64	ENSPTRG00000004670.3		success	Archive candidate was not found in the local Ensembl 115 GTF
ENSPTRG00000004679		ensembl_archive	candidate_not_in_local_release115_gtf	ENSPTRG00000004679	1		90	ENSPTRG00000004679.3		success	Archive candidate was not found in the local Ensembl 115 GTF
ENSPTRG00000004702	ENSPTRG00000004702	direct	exact_protein_coding	ENSPTRG00000004702	1	protein_coding				not_required	
ENSPTRG00000004705	ENSPTRG00000004705	direct	exact_protein_coding	ENSPTRG00000004705	1	protein_coding				not_required	
ENSPTRG00000004734	ENSPTRG00000004734	direct	exact_protein_coding	ENSPTRG00000004734	1	protein_coding				not_required	
ENSPTRG00000004747	ENSPTRG00000004747	direct	exact_protein_coding	ENSPTRG00000004747	1	protein_coding				not_required	
ENSPTRG00000004757	ENSPTRG00000004757	direct	exact_protein_coding	ENSPTRG00000004757	1	protein_coding				not_required	
ENSPTRG00000004758	ENSPTRG00000004758	direct	exact_protein_coding	ENSPTRG00000004758	1	protein_coding				not_required	
ENSPTRG00000004759	ENSPTRG00000004759	direct	exact_protein_coding	ENSPTRG00000004759	1	protein_coding				not_required	
ENSPTRG00000004765	ENSPTRG00000004765	direct	exact_protein_coding	ENSPTRG00000004765	1	protein_coding				not_required	
ENSPTRG00000004775	ENSPTRG00000004775	direct	exact_protein_coding	ENSPTRG00000004775	1	protein_coding				not_required	
ENSPTRG00000004781	ENSPTRG00000004781	direct	exact_protein_coding	ENSPTRG00000004781	1	protein_coding				not_required	
ENSPTRG00000004783	ENSPTRG00000004783	direct	exact_protein_coding	ENSPTRG00000004783	1	protein_coding				not_required	
ENSPTRG00000004792	ENSPTRG00000004792	direct	exact_protein_coding	ENSPTRG00000004792	1	protein_coding				not_required	
ENSPTRG00000004800	ENSPTRG00000004800	direct	exact_protein_coding	ENSPTRG00000004800	1	protein_coding				not_required	
ENSPTRG00000004812	ENSPTRG00000004812	direct	exact_protein_coding	ENSPTRG00000004812	1	protein_coding				not_required	
ENSPTRG00000004819	ENSPTRG00000004819	direct	exact_protein_coding	ENSPTRG00000004819	1	protein_coding				not_required	
ENSPTRG00000004823	ENSPTRG00000004823	direct	exact_protein_coding	ENSPTRG00000004823	1	protein_coding				not_required	
ENSPTRG00000004837	ENSPTRG00000004837	direct	exact_protein_coding	ENSPTRG00000004837	1	protein_coding				not_required	
ENSPTRG00000004846	ENSPTRG00000004846	direct	exact_protein_coding	ENSPTRG00000004846	1	protein_coding				not_required	
ENSPTRG00000004847	ENSPTRG00000004847	direct	exact_protein_coding	ENSPTRG00000004847	1	protein_coding				not_required	
ENSPTRG00000004856	ENSPTRG00000004856	direct	exact_protein_coding	ENSPTRG00000004856	1	protein_coding				not_required	
ENSPTRG00000004868	ENSPTRG00000004868	direct	exact_protein_coding	ENSPTRG00000004868	1	protein_coding				not_required	
ENSPTRG00000004875	ENSPTRG00000004875	direct	exact_protein_coding	ENSPTRG00000004875	1	protein_coding				not_required	
ENSPTRG00000004885	ENSPTRG00000004885	direct	exact_protein_coding	ENSPTRG00000004885	1	protein_coding				not_required	
ENSPTRG00000004887	ENSPTRG00000004887	direct	exact_protein_coding	ENSPTRG00000004887	1	protein_coding				not_required	
ENSPTRG00000004895	ENSPTRG00000004895	direct	exact_protein_coding	ENSPTRG00000004895	1	protein_coding				not_required	
ENSPTRG00000004910	ENSPTRG00000004910	direct	exact_protein_coding	ENSPTRG00000004910	1	protein_coding				not_required	
ENSPTRG00000004924	ENSPTRG00000004924	direct	exact_protein_coding	ENSPTRG00000004924	1	protein_coding				not_required	
ENSPTRG00000004926		ensembl_archive	candidate_not_in_local_release115_gtf	ENSPTRG00000004926	1		90	ENSPTRG00000004926.1		success	Archive candidate was not found in the local Ensembl 115 GTF
ENSPTRG00000004946	ENSPTRG00000004946	direct	exact_protein_coding	ENSPTRG00000004946	1	protein_coding				not_required	
ENSPTRG00000004947	ENSPTRG00000004947	direct	exact_protein_coding	ENSPTRG00000004947	1	protein_coding				not_required	
ENSPTRG00000004949	ENSPTRG00000004949	direct	exact_protein_coding	ENSPTRG00000004949	1	protein_coding				not_required	
ENSPTRG00000004952	ENSPTRG00000004952	direct	exact_protein_coding	ENSPTRG00000004952	1	protein_coding				not_required	
ENSPTRG00000004997		ensembl_archive	candidate_not_in_local_release115_gtf	ENSPTRG00000004997	1		64	ENSPTRG00000004997.4		success	Archive candidate was not found in the local Ensembl 115 GTF
ENSPTRG00000004999	ENSPTRG00000004999	direct	exact_protein_coding	ENSPTRG00000004999	1	protein_coding				not_required	
ENSPTRG00000005001	ENSPTRG00000005001	direct	exact_protein_coding	ENSPTRG00000005001	1	protein_coding				not_required	
ENSPTRG00000005008	ENSPTRG00000005008	direct	exact_protein_coding	ENSPTRG00000005008	1	protein_coding				not_required	
ENSPTRG00000005010	ENSPTRG00000005010	direct	exact_protein_coding	ENSPTRG00000005010	1	protein_coding				not_required	
ENSPTRG00000005012	ENSPTRG00000005012	direct	exact_protein_coding	ENSPTRG00000005012	1	protein_coding				not_required	
ENSPTRG00000005023	ENSPTRG00000005023	direct	exact_protein_coding	ENSPTRG00000005023	1	protein_coding				not_required	
ENSPTRG00000005033	ENSPTRG00000005033	direct	exact_protein_coding	ENSPTRG00000005033	1	protein_coding				not_required	
ENSPTRG00000005037	ENSPTRG00000005037	direct	exact_protein_coding	ENSPTRG00000005037	1	protein_coding				not_required	
ENSPTRG00000005059	ENSPTRG00000005059	direct	exact_protein_coding	ENSPTRG00000005059	1	protein_coding				not_required	
ENSPTRG00000005060	ENSPTRG00000005060	direct	exact_protein_coding	ENSPTRG00000005060	1	protein_coding				not_required	
ENSPTRG00000005071	ENSPTRG00000005071	direct	exact_protein_coding	ENSPTRG00000005071	1	protein_coding				not_required	
ENSPTRG00000005075	ENSPTRG00000005075	direct	exact_protein_coding	ENSPTRG00000005075	1	protein_coding				not_required	
ENSPTRG00000005079	ENSPTRG00000005079	direct	exact_protein_coding	ENSPTRG00000005079	1	protein_coding				not_required	
ENSPTRG00000005080	ENSPTRG00000005080	direct	exact_protein_coding	ENSPTRG00000005080	1	protein_coding				not_required	
ENSPTRG00000005090	ENSPTRG00000005090	direct	exact_protein_coding	ENSPTRG00000005090	1	protein_coding				not_required	
ENSPTRG00000005091		ensembl_archive	candidate_not_in_local_release115_gtf	ENSPTRG00000005091	1		64	ENSPTRG00000005091.2		success	Archive candidate was not found in the local Ensembl 115 GTF
ENSPTRG00000005107	ENSPTRG00000005107	direct	exact_protein_coding	ENSPTRG00000005107	1	protein_coding				not_required	
ENSPTRG00000005110		ensembl_archive	candidate_not_in_local_release115_gtf	ENSPTRG00000005110	1		64	ENSPTRG00000005110.4		success	Archive candidate was not found in the local Ensembl 115 GTF
ENSPTRG00000005127		ensembl_archive	candidate_not_in_local_release115_gtf	ENSPTRG00000005127	1		64	ENSPTRG00000005127.4		success	Archive candidate was not found in the local Ensembl 115 GTF
ENSPTRG00000005135	ENSPTRG00000005135	direct	exact_protein_coding	ENSPTRG00000005135	1	protein_coding				not_required	
ENSPTRG00000005144	ENSPTRG00000005144	direct	exact_protein_coding	ENSPTRG00000005144	1	protein_coding				not_required	
ENSPTRG00000005146	ENSPTRG00000005146	direct	exact_protein_coding	ENSPTRG00000005146	1	protein_coding				not_required	
ENSPTRG00000005147	ENSPTRG00000005147	direct	exact_protein_coding	ENSPTRG00000005147	1	protein_coding				not_required	
ENSPTRG00000005152	ENSPTRG00000005152	direct	exact_protein_coding	ENSPTRG00000005152	1	protein_coding				not_required	
ENSPTRG00000005155	ENSPTRG00000005155	direct	exact_protein_coding	ENSPTRG00000005155	1	protein_coding				not_required	
ENSPTRG00000005171	ENSPTRG00000005171	direct	exact_protein_coding	ENSPTRG00000005171	1	protein_coding				not_required	
ENSPTRG00000005174	ENSPTRG00000005174	direct	exact_protein_coding	ENSPTRG00000005174	1	protein_coding				not_required	
ENSPTRG00000005191		ensembl_archive	candidate_not_in_local_release115_gtf	ENSPTRG00000005191	1		90	ENSPTRG00000005191.5		success	Archive candidate was not found in the local Ensembl 115 GTF
ENSPTRG00000005201	ENSPTRG00000005201	direct	exact_protein_coding	ENSPTRG00000005201	1	protein_coding				not_required	
ENSPTRG00000005237	ENSPTRG00000005237	direct	exact_protein_coding	ENSPTRG00000005237	1	protein_coding				not_required	
ENSPTRG00000005240	ENSPTRG00000005240	direct	exact_protein_coding	ENSPTRG00000005240	1	protein_coding				not_required	
ENSPTRG00000005296	ENSPTRG00000005296	direct	exact_protein_coding	ENSPTRG00000005296	1	protein_coding				not_required	
ENSPTRG00000005300	ENSPTRG00000005300	direct	exact_protein_coding	ENSPTRG00000005300	1	protein_coding				not_required	
ENSPTRG00000005304	ENSPTRG00000005304	direct	exact_protein_coding	ENSPTRG00000005304	1	protein_coding				not_required	
ENSPTRG00000005306	ENSPTRG00000005306	direct	exact_protein_coding	ENSPTRG00000005306	1	protein_coding				not_required	
ENSPTRG00000005307	ENSPTRG00000005307	direct	exact_protein_coding	ENSPTRG00000005307	1	protein_coding				not_required	
ENSPTRG00000005309	ENSPTRG00000005309	direct	exact_protein_coding	ENSPTRG00000005309	1	protein_coding				not_required	
ENSPTRG00000005312	ENSPTRG00000005312	direct	exact_protein_coding	ENSPTRG00000005312	1	protein_coding				not_required	
ENSPTRG00000005317	ENSPTRG00000005317	direct	exact_protein_coding	ENSPTRG00000005317	1	protein_coding				not_required	
ENSPTRG00000005321	ENSPTRG00000005321	direct	exact_protein_coding	ENSPTRG00000005321	1	protein_coding				not_required	
ENSPTRG00000005333	ENSPTRG00000005333	direct	exact_protein_coding	ENSPTRG00000005333	1	protein_coding				not_required	
ENSPTRG00000005339	ENSPTRG00000005339	direct	exact_protein_coding	ENSPTRG00000005339	1	protein_coding				not_required	
ENSPTRG00000005350	ENSPTRG00000005350	direct	exact_protein_coding	ENSPTRG00000005350	1	protein_coding				not_required	
ENSPTRG00000005354	ENSPTRG00000005354	direct	exact_protein_coding	ENSPTRG00000005354	1	protein_coding				not_required	
ENSPTRG00000005356	ENSPTRG00000005356	direct	exact_protein_coding	ENSPTRG00000005356	1	protein_coding				not_required	
ENSPTRG00000005373		ensembl_archive	candidate_not_in_local_release115_gtf	ENSPTRG00000005373	1		64	ENSPTRG00000005373.4		success	Archive candidate was not found in the local Ensembl 115 GTF
ENSPTRG00000005376		ensembl_archive	candidate_not_in_local_release115_gtf	ENSPTRG00000005376	1		64	ENSPTRG00000005376.3		success	Archive candidate was not found in the local Ensembl 115 GTF
ENSPTRG00000005381	ENSPTRG00000005381	direct	exact_protein_coding	ENSPTRG00000005381	1	protein_coding				not_required	
ENSPTRG00000005383	ENSPTRG00000005383	direct	exact_protein_coding	ENSPTRG00000005383	1	protein_coding				not_required	
ENSPTRG00000005387	ENSPTRG00000005387	direct	exact_protein_coding	ENSPTRG00000005387	1	protein_coding				not_required	
ENSPTRG00000005390	ENSPTRG00000005390	direct	exact_protein_coding	ENSPTRG00000005390	1	protein_coding				not_required	
ENSPTRG00000005394	ENSPTRG00000005394	direct	exact_protein_coding	ENSPTRG00000005394	1	protein_coding				not_required	
ENSPTRG00000005395	ENSPTRG00000005395	direct	exact_protein_coding	ENSPTRG00000005395	1	protein_coding				not_required	
ENSPTRG00000005405	ENSPTRG00000005405	direct	exact_protein_coding	ENSPTRG00000005405	1	protein_coding				not_required	
ENSPTRG00000005408	ENSPTRG00000005408	direct	exact_protein_coding	ENSPTRG00000005408	1	protein_coding				not_required	
ENSPTRG00000005417	ENSPTRG00000005417	direct	exact_protein_coding	ENSPTRG00000005417	1	protein_coding				not_required	
ENSPTRG00000005418	ENSPTRG00000005418	direct	exact_protein_coding	ENSPTRG00000005418	1	protein_coding				not_required	
ENSPTRG00000005419	ENSPTRG00000005419	direct	exact_protein_coding	ENSPTRG00000005419	1	protein_coding				not_required	
ENSPTRG00000005424		ensembl_archive	candidate_not_in_local_release115_gtf	ENSPTRG00000005424	1		64	ENSPTRG00000005424.3		success	Archive candidate was not found in the local Ensembl 115 GTF
ENSPTRG00000005427	ENSPTRG00000005427	direct	exact_protein_coding	ENSPTRG00000005427	1	protein_coding				not_required	
ENSPTRG00000005428	ENSPTRG00000005428	direct	exact_protein_coding	ENSPTRG00000005428	1	protein_coding				not_required	
ENSPTRG00000005438	ENSPTRG00000005438	direct	exact_protein_coding	ENSPTRG00000005438	1	protein_coding				not_required	
ENSPTRG00000005442	ENSPTRG00000005442	direct	exact_protein_coding	ENSPTRG00000005442	1	protein_coding				not_required	
ENSPTRG00000005449	ENSPTRG00000005449	direct	exact_protein_coding	ENSPTRG00000005449	1	protein_coding				not_required	
ENSPTRG00000005459	ENSPTRG00000005459	direct	exact_protein_coding	ENSPTRG00000005459	1	protein_coding				not_required	
ENSPTRG00000005465	ENSPTRG00000005465	direct	exact_protein_coding	ENSPTRG00000005465	1	protein_coding				not_required	
ENSPTRG00000005468	ENSPTRG00000005468	direct	exact_protein_coding	ENSPTRG00000005468	1	protein_coding				not_required	
ENSPTRG00000005474		ensembl_archive	ambiguous_multiple_protein_coding	ENSPTRG00000047767;ENSPTRG00000051592	2		90	ENSPTRG00000005474.5		success	Multiple local protein-coding candidates; not rescued automatically
ENSPTRG00000005475		ensembl_archive	candidate_not_in_local_release115_gtf	ENSPTRG00000005475	1		64	ENSPTRG00000005475.4		success	Archive candidate was not found in the local Ensembl 115 GTF
ENSPTRG00000005483	ENSPTRG00000005483	direct	exact_protein_coding	ENSPTRG00000005483	1	protein_coding				not_required	
ENSPTRG00000005489	ENSPTRG00000005489	direct	exact_protein_coding	ENSPTRG00000005489	1	protein_coding				not_required	
ENSPTRG00000005500	ENSPTRG00000005500	direct	exact_protein_coding	ENSPTRG00000005500	1	protein_coding				not_required	
ENSPTRG00000005503	ENSPTRG00000005503	direct	exact_protein_coding	ENSPTRG00000005503	1	protein_coding				not_required	
ENSPTRG00000005509	ENSPTRG00000005509	direct	exact_protein_coding	ENSPTRG00000005509	1	protein_coding				not_required	
ENSPTRG00000005512	ENSPTRG00000005512	direct	exact_protein_coding	ENSPTRG00000005512	1	protein_coding				not_required	
ENSPTRG00000005524	ENSPTRG00000005524	direct	exact_protein_coding	ENSPTRG00000005524	1	protein_coding				not_required	
ENSPTRG00000005526	ENSPTRG00000005526	direct	exact_protein_coding	ENSPTRG00000005526	1	protein_coding				not_required	
ENSPTRG00000005528	ENSPTRG00000005528	direct	exact_protein_coding	ENSPTRG00000005528	1	protein_coding				not_required	
ENSPTRG00000005532	ENSPTRG00000005532	direct	exact_protein_coding	ENSPTRG00000005532	1	protein_coding				not_required	
ENSPTRG00000005533	ENSPTRG00000005533	direct	exact_protein_coding	ENSPTRG00000005533	1	protein_coding				not_required	
ENSPTRG00000005535	ENSPTRG00000005535	direct	exact_protein_coding	ENSPTRG00000005535	1	protein_coding				not_required	
ENSPTRG00000005541	ENSPTRG00000005541	direct	exact_protein_coding	ENSPTRG00000005541	1	protein_coding				not_required	
ENSPTRG00000005543	ENSPTRG00000005543	direct	exact_protein_coding	ENSPTRG00000005543	1	protein_coding				not_required	
ENSPTRG00000005548	ENSPTRG00000005548	direct	exact_protein_coding	ENSPTRG00000005548	1	protein_coding				not_required	
ENSPTRG00000005557	ENSPTRG00000005557	direct	exact_protein_coding	ENSPTRG00000005557	1	protein_coding				not_required	
ENSPTRG00000005569	ENSPTRG00000005569	direct	exact_protein_coding	ENSPTRG00000005569	1	protein_coding				not_required	
ENSPTRG00000005576	ENSPTRG00000005576	direct	exact_protein_coding	ENSPTRG00000005576	1	protein_coding				not_required	
ENSPTRG00000005584	ENSPTRG00000005584	direct	exact_protein_coding	ENSPTRG00000005584	1	protein_coding				not_required	
ENSPTRG00000005589	ENSPTRG00000005589	direct	exact_protein_coding	ENSPTRG00000005589	1	protein_coding				not_required	
ENSPTRG00000005590	ENSPTRG00000005590	direct	exact_protein_coding	ENSPTRG00000005590	1	protein_coding				not_required	
ENSPTRG00000005596	ENSPTRG00000005596	direct	exact_protein_coding	ENSPTRG00000005596	1	protein_coding				not_required	
ENSPTRG00000005598		ensembl_archive	candidate_not_in_local_release115_gtf	ENSPTRG00000005598	1		90	ENSPTRG00000005598.4		success	Archive candidate was not found in the local Ensembl 115 GTF
ENSPTRG00000005599	ENSPTRG00000005599	direct	exact_protein_coding	ENSPTRG00000005599	1	protein_coding				not_required	
ENSPTRG00000005600		ensembl_archive	candidate_not_in_local_release115_gtf	ENSPTRG00000005600	1		64	ENSPTRG00000005600.2		success	Archive candidate was not found in the local Ensembl 115 GTF
ENSPTRG00000005603	ENSPTRG00000005603	direct	exact_protein_coding	ENSPTRG00000005603	1	protein_coding				not_required	
ENSPTRG00000005604	ENSPTRG00000005604	direct	exact_protein_coding	ENSPTRG00000005604	1	protein_coding				not_required	
ENSPTRG00000005611	ENSPTRG00000005611	direct	exact_protein_coding	ENSPTRG00000005611	1	protein_coding				not_required	
ENSPTRG00000005619		ensembl_archive	candidate_not_in_local_release115_gtf	ENSPTRG00000005619	1		64	ENSPTRG00000005619.4		success	Archive candidate was not found in the local Ensembl 115 GTF
ENSPTRG00000005628	ENSPTRG00000005628	direct	exact_protein_coding	ENSPTRG00000005628	1	protein_coding				not_required	
ENSPTRG00000005640	ENSPTRG00000005640	direct	exact_protein_coding	ENSPTRG00000005640	1	protein_coding				not_required	
ENSPTRG00000005643	ENSPTRG00000005643	direct	exact_protein_coding	ENSPTRG00000005643	1	protein_coding				not_required	
ENSPTRG00000005648		ensembl_archive	candidate_not_in_local_release115_gtf	ENSPTRG00000005648	1		64	ENSPTRG00000005648.3		success	Archive candidate was not found in the local Ensembl 115 GTF
ENSPTRG00000005657	ENSPTRG00000005657	direct	exact_protein_coding	ENSPTRG00000005657	1	protein_coding				not_required	
ENSPTRG00000005659	ENSPTRG00000005659	direct	exact_protein_coding	ENSPTRG00000005659	1	protein_coding				not_required	
ENSPTRG00000005661	ENSPTRG00000005661	direct	exact_protein_coding	ENSPTRG00000005661	1	protein_coding				not_required	
ENSPTRG00000005662	ENSPTRG00000005662	direct	exact_protein_coding	ENSPTRG00000005662	1	protein_coding				not_required	
ENSPTRG00000005690	ENSPTRG00000005690	direct	exact_protein_coding	ENSPTRG00000005690	1	protein_coding				not_required	
ENSPTRG00000005692	ENSPTRG00000005692	direct	exact_protein_coding	ENSPTRG00000005692	1	protein_coding				not_required	
ENSPTRG00000005694		ensembl_archive	candidate_not_in_local_release115_gtf	ENSPTRG00000005694	1		90	ENSPTRG00000005694.4		success	Archive candidate was not found in the local Ensembl 115 GTF
ENSPTRG00000005696	ENSPTRG00000005696	direct	exact_protein_coding	ENSPTRG00000005696	1	protein_coding				not_required	
ENSPTRG00000005727	ENSPTRG00000005727	direct	exact_protein_coding	ENSPTRG00000005727	1	protein_coding				not_required	
ENSPTRG00000005728	ENSPTRG00000005728	direct	exact_protein_coding	ENSPTRG00000005728	1	protein_coding				not_required	
ENSPTRG00000005730	ENSPTRG00000005730	direct	exact_protein_coding	ENSPTRG00000005730	1	protein_coding				not_required	
ENSPTRG00000005737	ENSPTRG00000005737	direct	exact_protein_coding	ENSPTRG00000005737	1	protein_coding				not_required	
ENSPTRG00000005755		ensembl_archive	candidate_not_in_local_release115_gtf	ENSPTRG00000005755	1		64	ENSPTRG00000005755.4		success	Archive candidate was not found in the local Ensembl 115 GTF
ENSPTRG00000005761	ENSPTRG00000005761	direct	exact_protein_coding	ENSPTRG00000005761	1	protein_coding				not_required	
ENSPTRG00000005770	ENSPTRG00000005770	direct	exact_protein_coding	ENSPTRG00000005770	1	protein_coding				not_required	
ENSPTRG00000005773	ENSPTRG00000005773	direct	exact_protein_coding	ENSPTRG00000005773	1	protein_coding				not_required	
ENSPTRG00000005789	ENSPTRG00000005789	direct	exact_protein_coding	ENSPTRG00000005789	1	protein_coding				not_required	
ENSPTRG00000005796		ensembl_archive	candidate_not_in_local_release115_gtf	ENSPTRG00000005796	1		64	ENSPTRG00000005796.2		success	Archive candidate was not found in the local Ensembl 115 GTF
ENSPTRG00000005803		ensembl_archive	candidate_not_in_local_release115_gtf	ENSPTRG00000005803	1		90	ENSPTRG00000005803.5		success	Archive candidate was not found in the local Ensembl 115 GTF
ENSPTRG00000005810		ensembl_archive	candidate_not_in_local_release115_gtf	ENSPTRG00000005810	1		90	ENSPTRG00000005810.6		success	Archive candidate was not found in the local Ensembl 115 GTF
ENSPTRG00000005812	ENSPTRG00000005812	direct	exact_protein_coding	ENSPTRG00000005812	1	protein_coding				not_required	
ENSPTRG00000005820	ENSPTRG00000005820	direct	exact_protein_coding	ENSPTRG00000005820	1	protein_coding				not_required	
ENSPTRG00000005831		ensembl_archive	candidate_not_in_local_release115_gtf	ENSPTRG00000005831	1		90	ENSPTRG00000005831.3		success	Archive candidate was not found in the local Ensembl 115 GTF
ENSPTRG00000005840	ENSPTRG00000005840	direct	exact_protein_coding	ENSPTRG00000005840	1	protein_coding				not_required	
ENSPTRG00000005851	ENSPTRG00000005851	direct	exact_protein_coding	ENSPTRG00000005851	1	protein_coding				not_required	
ENSPTRG00000005857	ENSPTRG00000005857	direct	exact_protein_coding	ENSPTRG00000005857	1	protein_coding				not_required	
ENSPTRG00000005861	ENSPTRG00000005861	direct	exact_protein_coding	ENSPTRG00000005861	1	protein_coding				not_required	
ENSPTRG00000005865	ENSPTRG00000005865	direct	exact_protein_coding	ENSPTRG00000005865	1	protein_coding				not_required	
ENSPTRG00000005866	ENSPTRG00000005866	direct	exact_protein_coding	ENSPTRG00000005866	1	protein_coding				not_required	
ENSPTRG00000005892	ENSPTRG00000005892	direct	exact_protein_coding	ENSPTRG00000005892	1	protein_coding				not_required	
ENSPTRG00000005898	ENSPTRG00000005898	direct	exact_protein_coding	ENSPTRG00000005898	1	protein_coding				not_required	
ENSPTRG00000005901	ENSPTRG00000005901	direct	exact_protein_coding	ENSPTRG00000005901	1	protein_coding				not_required	
ENSPTRG00000005902	ENSPTRG00000005902	direct	exact_protein_coding	ENSPTRG00000005902	1	protein_coding				not_required	
ENSPTRG00000005935	ENSPTRG00000005935	direct	exact_protein_coding	ENSPTRG00000005935	1	protein_coding				not_required	
ENSPTRG00000005950	ENSPTRG00000005950	direct	exact_protein_coding	ENSPTRG00000005950	1	protein_coding				not_required	
ENSPTRG00000005988	ENSPTRG00000005988	direct	exact_protein_coding	ENSPTRG00000005988	1	protein_coding				not_required	
ENSPTRG00000005996	ENSPTRG00000005996	direct	exact_protein_coding	ENSPTRG00000005996	1	protein_coding				not_required	
ENSPTRG00000006021	ENSPTRG00000006021	direct	exact_protein_coding	ENSPTRG00000006021	1	protein_coding				not_required	
ENSPTRG00000006026		ensembl_archive	candidate_not_in_local_release115_gtf	ENSPTRG00000006026	1		90	ENSPTRG00000006026.3		success	Archive candidate was not found in the local Ensembl 115 GTF
ENSPTRG00000006034	ENSPTRG00000006034	direct	exact_protein_coding	ENSPTRG00000006034	1	protein_coding				not_required	
ENSPTRG00000006035		ensembl_archive	candidate_not_in_local_release115_gtf	ENSPTRG00000006035	1		64	ENSPTRG00000006035.4		success	Archive candidate was not found in the local Ensembl 115 GTF
ENSPTRG00000006036	ENSPTRG00000006036	direct	exact_protein_coding	ENSPTRG00000006036	1	protein_coding				not_required	
ENSPTRG00000006038	ENSPTRG00000006038	direct	exact_protein_coding	ENSPTRG00000006038	1	protein_coding				not_required	
ENSPTRG00000006054	ENSPTRG00000006054	direct	exact_protein_coding	ENSPTRG00000006054	1	protein_coding				not_required	
ENSPTRG00000006066		ensembl_archive	candidate_not_in_local_release115_gtf	ENSPTRG00000006066	1		90	ENSPTRG00000006066.4		success	Archive candidate was not found in the local Ensembl 115 GTF
ENSPTRG00000006072	ENSPTRG00000006072	direct	exact_protein_coding	ENSPTRG00000006072	1	protein_coding				not_required	
ENSPTRG00000006093	ENSPTRG00000006093	direct	exact_protein_coding	ENSPTRG00000006093	1	protein_coding				not_required	
ENSPTRG00000006094	ENSPTRG00000006094	direct	exact_protein_coding	ENSPTRG00000006094	1	protein_coding				not_required	
ENSPTRG00000006104	ENSPTRG00000006104	direct	exact_protein_coding	ENSPTRG00000006104	1	protein_coding				not_required	
ENSPTRG00000006108	ENSPTRG00000006108	direct	exact_protein_coding	ENSPTRG00000006108	1	protein_coding				not_required	
ENSPTRG00000006118	ENSPTRG00000006118	direct	exact_protein_coding	ENSPTRG00000006118	1	protein_coding				not_required	
ENSPTRG00000006141	ENSPTRG00000006141	direct	exact_protein_coding	ENSPTRG00000006141	1	protein_coding				not_required	
ENSPTRG00000006145	ENSPTRG00000006145	direct	exact_protein_coding	ENSPTRG00000006145	1	protein_coding				not_required	
ENSPTRG00000006147	ENSPTRG00000006147	direct	exact_protein_coding	ENSPTRG00000006147	1	protein_coding				not_required	
ENSPTRG00000006151	ENSPTRG00000006151	direct	exact_protein_coding	ENSPTRG00000006151	1	protein_coding				not_required	
ENSPTRG00000006152	ENSPTRG00000006152	direct	exact_protein_coding	ENSPTRG00000006152	1	protein_coding				not_required	
ENSPTRG00000006153	ENSPTRG00000006153	direct	exact_protein_coding	ENSPTRG00000006153	1	protein_coding				not_required	
ENSPTRG00000006155	ENSPTRG00000006155	direct	exact_protein_coding	ENSPTRG00000006155	1	protein_coding				not_required	
ENSPTRG00000006156	ENSPTRG00000006156	direct	exact_protein_coding	ENSPTRG00000006156	1	protein_coding				not_required	
ENSPTRG00000006161	ENSPTRG00000006161	direct	exact_protein_coding	ENSPTRG00000006161	1	protein_coding				not_required	
ENSPTRG00000006168		ensembl_archive	candidate_not_in_local_release115_gtf	ENSPTRG00000006168	1		90	ENSPTRG00000006168.3		success	Archive candidate was not found in the local Ensembl 115 GTF
ENSPTRG00000006180	ENSPTRG00000006180	direct	exact_protein_coding	ENSPTRG00000006180	1	protein_coding				not_required	
ENSPTRG00000006190	ENSPTRG00000006190	direct	exact_protein_coding	ENSPTRG00000006190	1	protein_coding				not_required	
ENSPTRG00000006192	ENSPTRG00000006192	direct	exact_protein_coding	ENSPTRG00000006192	1	protein_coding				not_required	
ENSPTRG00000006197	ENSPTRG00000006197	direct	exact_protein_coding	ENSPTRG00000006197	1	protein_coding				not_required	
ENSPTRG00000006205		ensembl_archive	candidate_not_in_local_release115_gtf	ENSPTRG00000006205	1		64	ENSPTRG00000006205.4		success	Archive candidate was not found in the local Ensembl 115 GTF
ENSPTRG00000006206		ensembl_archive	candidate_not_in_local_release115_gtf	ENSPTRG00000006206	1		64	ENSPTRG00000006206.3		success	Archive candidate was not found in the local Ensembl 115 GTF
ENSPTRG00000006207	ENSPTRG00000006207	direct	exact_protein_coding	ENSPTRG00000006207	1	protein_coding				not_required	
ENSPTRG00000006208	ENSPTRG00000006208	direct	exact_protein_coding	ENSPTRG00000006208	1	protein_coding				not_required	
ENSPTRG00000006210	ENSPTRG00000006210	direct	exact_protein_coding	ENSPTRG00000006210	1	protein_coding				not_required	
ENSPTRG00000006213	ENSPTRG00000006213	direct	exact_protein_coding	ENSPTRG00000006213	1	protein_coding				not_required	
ENSPTRG00000006221	ENSPTRG00000006221	direct	exact_protein_coding	ENSPTRG00000006221	1	protein_coding				not_required	
ENSPTRG00000006235	ENSPTRG00000006235	direct	exact_protein_coding	ENSPTRG00000006235	1	protein_coding				not_required	
ENSPTRG00000006245	ENSPTRG00000006245	direct	exact_protein_coding	ENSPTRG00000006245	1	protein_coding				not_required	
ENSPTRG00000006252	ENSPTRG00000006252	direct	exact_protein_coding	ENSPTRG00000006252	1	protein_coding				not_required	
ENSPTRG00000006253	ENSPTRG00000006253	direct	exact_protein_coding	ENSPTRG00000006253	1	protein_coding				not_required	
ENSPTRG00000006259	ENSPTRG00000006259	direct	exact_protein_coding	ENSPTRG00000006259	1	protein_coding				not_required	
ENSPTRG00000006263	ENSPTRG00000006263	direct	exact_protein_coding	ENSPTRG00000006263	1	protein_coding				not_required	
ENSPTRG00000006273	ENSPTRG00000006273	direct	exact_protein_coding	ENSPTRG00000006273	1	protein_coding				not_required	
ENSPTRG00000006290	ENSPTRG00000006290	direct	exact_protein_coding	ENSPTRG00000006290	1	protein_coding				not_required	
ENSPTRG00000006292	ENSPTRG00000006292	direct	exact_protein_coding	ENSPTRG00000006292	1	protein_coding				not_required	
ENSPTRG00000006305	ENSPTRG00000006305	direct	exact_protein_coding	ENSPTRG00000006305	1	protein_coding				not_required	
ENSPTRG00000006312	ENSPTRG00000006312	direct	exact_protein_coding	ENSPTRG00000006312	1	protein_coding				not_required	
ENSPTRG00000006315	ENSPTRG00000006315	direct	exact_protein_coding	ENSPTRG00000006315	1	protein_coding				not_required	
ENSPTRG00000006322	ENSPTRG00000006322	direct	exact_protein_coding	ENSPTRG00000006322	1	protein_coding				not_required	
ENSPTRG00000006323	ENSPTRG00000006323	direct	exact_protein_coding	ENSPTRG00000006323	1	protein_coding				not_required	
ENSPTRG00000006324		ensembl_archive	candidate_not_in_local_release115_gtf	ENSPTRG00000006324	1		90	ENSPTRG00000006324.4		success	Archive candidate was not found in the local Ensembl 115 GTF
ENSPTRG00000006332	ENSPTRG00000006332	direct	exact_protein_coding	ENSPTRG00000006332	1	protein_coding				not_required	
ENSPTRG00000006344	ENSPTRG00000006344	direct	exact_protein_coding	ENSPTRG00000006344	1	protein_coding				not_required	
ENSPTRG00000006350	ENSPTRG00000006350	direct	exact_protein_coding	ENSPTRG00000006350	1	protein_coding				not_required	
ENSPTRG00000006352	ENSPTRG00000006352	direct	exact_protein_coding	ENSPTRG00000006352	1	protein_coding				not_required	
ENSPTRG00000006354	ENSPTRG00000006354	direct	exact_protein_coding	ENSPTRG00000006354	1	protein_coding				not_required	
ENSPTRG00000006355	ENSPTRG00000006355	direct	exact_protein_coding	ENSPTRG00000006355	1	protein_coding				not_required	
ENSPTRG00000006361	ENSPTRG00000006361	direct	exact_protein_coding	ENSPTRG00000006361	1	protein_coding				not_required	
ENSPTRG00000006369		ensembl_archive	candidate_not_in_local_release115_gtf	ENSPTRG00000006369	1		90	ENSPTRG00000006369.5		success	Archive candidate was not found in the local Ensembl 115 GTF
ENSPTRG00000006384	ENSPTRG00000006384	direct	exact_protein_coding	ENSPTRG00000006384	1	protein_coding				not_required	
ENSPTRG00000006389	ENSPTRG00000006389	direct	exact_protein_coding	ENSPTRG00000006389	1	protein_coding				not_required	
ENSPTRG00000006390	ENSPTRG00000006390	direct	exact_protein_coding	ENSPTRG00000006390	1	protein_coding				not_required	
ENSPTRG00000006394	ENSPTRG00000006394	direct	exact_protein_coding	ENSPTRG00000006394	1	protein_coding				not_required	
ENSPTRG00000006412	ENSPTRG00000006412	direct	exact_protein_coding	ENSPTRG00000006412	1	protein_coding				not_required	
ENSPTRG00000006424	ENSPTRG00000006424	direct	exact_protein_coding	ENSPTRG00000006424	1	protein_coding				not_required	
ENSPTRG00000006427	ENSPTRG00000006427	direct	exact_protein_coding	ENSPTRG00000006427	1	protein_coding				not_required	
ENSPTRG00000006438	ENSPTRG00000006438	direct	exact_protein_coding	ENSPTRG00000006438	1	protein_coding				not_required	
ENSPTRG00000006441	ENSPTRG00000006441	direct	exact_protein_coding	ENSPTRG00000006441	1	protein_coding				not_required	
ENSPTRG00000006444		ensembl_archive	candidate_not_in_local_release115_gtf	ENSPTRG00000006444	1		64	ENSPTRG00000006444.4		success	Archive candidate was not found in the local Ensembl 115 GTF
ENSPTRG00000006461	ENSPTRG00000006461	direct	exact_protein_coding	ENSPTRG00000006461	1	protein_coding				not_required	
ENSPTRG00000006466	ENSPTRG00000006466	direct	exact_protein_coding	ENSPTRG00000006466	1	protein_coding				not_required	
ENSPTRG00000006467	ENSPTRG00000006467	direct	exact_protein_coding	ENSPTRG00000006467	1	protein_coding				not_required	
ENSPTRG00000006468	ENSPTRG00000006468	direct	exact_protein_coding	ENSPTRG00000006468	1	protein_coding				not_required	
ENSPTRG00000006469	ENSPTRG00000006469	direct	exact_protein_coding	ENSPTRG00000006469	1	protein_coding				not_required	
ENSPTRG00000006477	ENSPTRG00000006477	direct	exact_protein_coding	ENSPTRG00000006477	1	protein_coding				not_required	
ENSPTRG00000006488	ENSPTRG00000006488	direct	exact_protein_coding	ENSPTRG00000006488	1	protein_coding				not_required	
ENSPTRG00000006494		ensembl_archive	candidate_not_in_local_release115_gtf	ENSPTRG00000006494	1		90	ENSPTRG00000006494.5		success	Archive candidate was not found in the local Ensembl 115 GTF
ENSPTRG00000006496	ENSPTRG00000006496	direct	exact_protein_coding	ENSPTRG00000006496	1	protein_coding				not_required	
ENSPTRG00000006508	ENSPTRG00000006508	direct	exact_protein_coding	ENSPTRG00000006508	1	protein_coding				not_required	
ENSPTRG00000006516	ENSPTRG00000006516	direct	exact_protein_coding	ENSPTRG00000006516	1	protein_coding				not_required	
ENSPTRG00000006524	ENSPTRG00000006524	direct	exact_protein_coding	ENSPTRG00000006524	1	protein_coding				not_required	
ENSPTRG00000006527	ENSPTRG00000006527	direct	exact_protein_coding	ENSPTRG00000006527	1	protein_coding				not_required	
ENSPTRG00000006536	ENSPTRG00000006536	direct	exact_protein_coding	ENSPTRG00000006536	1	protein_coding				not_required	
ENSPTRG00000006540	ENSPTRG00000006540	direct	exact_protein_coding	ENSPTRG00000006540	1	protein_coding				not_required	
ENSPTRG00000006545	ENSPTRG00000006545	direct	exact_protein_coding	ENSPTRG00000006545	1	protein_coding				not_required	
ENSPTRG00000006548	ENSPTRG00000006548	direct	exact_protein_coding	ENSPTRG00000006548	1	protein_coding				not_required	
ENSPTRG00000006551	ENSPTRG00000006551	direct	exact_protein_coding	ENSPTRG00000006551	1	protein_coding				not_required	
ENSPTRG00000006552		ensembl_archive	candidate_not_in_local_release115_gtf	ENSPTRG00000006552	1		90	ENSPTRG00000006552.3		success	Archive candidate was not found in the local Ensembl 115 GTF
ENSPTRG00000006562	ENSPTRG00000006562	direct	exact_protein_coding	ENSPTRG00000006562	1	protein_coding				not_required	
ENSPTRG00000006563	ENSPTRG00000006563	direct	exact_protein_coding	ENSPTRG00000006563	1	protein_coding				not_required	
ENSPTRG00000006581	ENSPTRG00000006581	direct	exact_protein_coding	ENSPTRG00000006581	1	protein_coding				not_required	
ENSPTRG00000006582	ENSPTRG00000006582	direct	exact_protein_coding	ENSPTRG00000006582	1	protein_coding				not_required	
ENSPTRG00000006584	ENSPTRG00000006584	direct	exact_protein_coding	ENSPTRG00000006584	1	protein_coding				not_required	
ENSPTRG00000006586	ENSPTRG00000006586	direct	exact_protein_coding	ENSPTRG00000006586	1	protein_coding				not_required	
ENSPTRG00000006588	ENSPTRG00000006588	direct	exact_protein_coding	ENSPTRG00000006588	1	protein_coding				not_required	
ENSPTRG00000006599	ENSPTRG00000006599	direct	exact_protein_coding	ENSPTRG00000006599	1	protein_coding				not_required	
ENSPTRG00000006623	ENSPTRG00000006623	direct	exact_protein_coding	ENSPTRG00000006623	1	protein_coding				not_required	
ENSPTRG00000006632	ENSPTRG00000006632	direct	exact_protein_coding	ENSPTRG00000006632	1	protein_coding				not_required	
ENSPTRG00000006648	ENSPTRG00000006648	direct	exact_protein_coding	ENSPTRG00000006648	1	protein_coding				not_required	
ENSPTRG00000006649	ENSPTRG00000006649	direct	exact_protein_coding	ENSPTRG00000006649	1	protein_coding				not_required	
ENSPTRG00000006660	ENSPTRG00000006660	direct	exact_protein_coding	ENSPTRG00000006660	1	protein_coding				not_required	
ENSPTRG00000006692	ENSPTRG00000006692	direct	exact_protein_coding	ENSPTRG00000006692	1	protein_coding				not_required	
ENSPTRG00000006714	ENSPTRG00000006714	direct	exact_protein_coding	ENSPTRG00000006714	1	protein_coding				not_required	
ENSPTRG00000006717	ENSPTRG00000006717	direct	exact_protein_coding	ENSPTRG00000006717	1	protein_coding				not_required	
ENSPTRG00000006722	ENSPTRG00000006722	direct	exact_protein_coding	ENSPTRG00000006722	1	protein_coding				not_required	
ENSPTRG00000006741	ENSPTRG00000006741	direct	exact_protein_coding	ENSPTRG00000006741	1	protein_coding				not_required	
ENSPTRG00000006743	ENSPTRG00000006743	direct	exact_protein_coding	ENSPTRG00000006743	1	protein_coding				not_required	
ENSPTRG00000006748	ENSPTRG00000006748	direct	exact_protein_coding	ENSPTRG00000006748	1	protein_coding				not_required	
ENSPTRG00000006753	ENSPTRG00000006753	direct	exact_protein_coding	ENSPTRG00000006753	1	protein_coding				not_required	
ENSPTRG00000006757	ENSPTRG00000006757	direct	exact_protein_coding	ENSPTRG00000006757	1	protein_coding				not_required	
ENSPTRG00000006759		ensembl_archive	candidate_not_in_local_release115_gtf	ENSPTRG00000006759	1		64	ENSPTRG00000006759.2		success	Archive candidate was not found in the local Ensembl 115 GTF
ENSPTRG00000006762	ENSPTRG00000006762	direct	exact_protein_coding	ENSPTRG00000006762	1	protein_coding				not_required	
ENSPTRG00000006764	ENSPTRG00000006764	direct	exact_protein_coding	ENSPTRG00000006764	1	protein_coding				not_required	
ENSPTRG00000006774	ENSPTRG00000006774	direct	exact_protein_coding	ENSPTRG00000006774	1	protein_coding				not_required	
ENSPTRG00000006775	ENSPTRG00000006775	direct	exact_protein_coding	ENSPTRG00000006775	1	protein_coding				not_required	
ENSPTRG00000006785	ENSPTRG00000006785	direct	exact_protein_coding	ENSPTRG00000006785	1	protein_coding				not_required	
ENSPTRG00000006788		ensembl_archive	candidate_not_in_local_release115_gtf	ENSPTRG00000006788	1		64	ENSPTRG00000006788.3		success	Archive candidate was not found in the local Ensembl 115 GTF
ENSPTRG00000006795	ENSPTRG00000006795	direct	exact_protein_coding	ENSPTRG00000006795	1	protein_coding				not_required	
ENSPTRG00000006817	ENSPTRG00000006817	direct	exact_protein_coding	ENSPTRG00000006817	1	protein_coding				not_required	
ENSPTRG00000006818	ENSPTRG00000006818	direct	exact_protein_coding	ENSPTRG00000006818	1	protein_coding				not_required	
ENSPTRG00000006819		ensembl_archive	candidate_not_in_local_release115_gtf	ENSPTRG00000006819	1		64	ENSPTRG00000006819.4		success	Archive candidate was not found in the local Ensembl 115 GTF
ENSPTRG00000006829	ENSPTRG00000006829	direct	exact_protein_coding	ENSPTRG00000006829	1	protein_coding				not_required	
ENSPTRG00000006844		ensembl_archive	candidate_not_in_local_release115_gtf	ENSPTRG00000006844	1		64	ENSPTRG00000006844.4		success	Archive candidate was not found in the local Ensembl 115 GTF
ENSPTRG00000006846	ENSPTRG00000006846	direct	exact_protein_coding	ENSPTRG00000006846	1	protein_coding				not_required	
ENSPTRG00000006848		ensembl_archive	candidate_not_in_local_release115_gtf	ENSPTRG00000006848	1		90	ENSPTRG00000006848.4		success	Archive candidate was not found in the local Ensembl 115 GTF
ENSPTRG00000006854	ENSPTRG00000006854	direct	exact_protein_coding	ENSPTRG00000006854	1	protein_coding				not_required	
ENSPTRG00000006858	ENSPTRG00000006858	direct	exact_protein_coding	ENSPTRG00000006858	1	protein_coding				not_required	
ENSPTRG00000006878	ENSPTRG00000006878	direct	exact_protein_coding	ENSPTRG00000006878	1	protein_coding				not_required	
ENSPTRG00000006880	ENSPTRG00000006880	direct	exact_protein_coding	ENSPTRG00000006880	1	protein_coding				not_required	
ENSPTRG00000006901	ENSPTRG00000006901	direct	exact_protein_coding	ENSPTRG00000006901	1	protein_coding				not_required	
ENSPTRG00000006910	ENSPTRG00000006910	direct	exact_protein_coding	ENSPTRG00000006910	1	protein_coding				not_required	
ENSPTRG00000006911	ENSPTRG00000006911	direct	exact_protein_coding	ENSPTRG00000006911	1	protein_coding				not_required	
ENSPTRG00000006923	ENSPTRG00000006923	direct	exact_protein_coding	ENSPTRG00000006923	1	protein_coding				not_required	
ENSPTRG00000006924	ENSPTRG00000006924	direct	exact_protein_coding	ENSPTRG00000006924	1	protein_coding				not_required	
ENSPTRG00000006927	ENSPTRG00000006927	direct	exact_protein_coding	ENSPTRG00000006927	1	protein_coding				not_required	
ENSPTRG00000006929	ENSPTRG00000006929	direct	exact_protein_coding	ENSPTRG00000006929	1	protein_coding				not_required	
ENSPTRG00000006931	ENSPTRG00000006931	direct	exact_protein_coding	ENSPTRG00000006931	1	protein_coding				not_required	
ENSPTRG00000006936	ENSPTRG00000006936	direct	exact_protein_coding	ENSPTRG00000006936	1	protein_coding				not_required	
ENSPTRG00000006942	ENSPTRG00000006942	direct	exact_protein_coding	ENSPTRG00000006942	1	protein_coding				not_required	
ENSPTRG00000006949	ENSPTRG00000006949	direct	exact_protein_coding	ENSPTRG00000006949	1	protein_coding				not_required	
ENSPTRG00000006971	ENSPTRG00000006971	direct	exact_protein_coding	ENSPTRG00000006971	1	protein_coding				not_required	
ENSPTRG00000006972	ENSPTRG00000006972	direct	exact_protein_coding	ENSPTRG00000006972	1	protein_coding				not_required	
ENSPTRG00000006973	ENSPTRG00000006973	direct	exact_protein_coding	ENSPTRG00000006973	1	protein_coding				not_required	
ENSPTRG00000006975	ENSPTRG00000006975	direct	exact_protein_coding	ENSPTRG00000006975	1	protein_coding				not_required	
ENSPTRG00000006976	ENSPTRG00000006976	direct	exact_protein_coding	ENSPTRG00000006976	1	protein_coding				not_required	
ENSPTRG00000006986	ENSPTRG00000006986	direct	exact_protein_coding	ENSPTRG00000006986	1	protein_coding				not_required	
ENSPTRG00000006987	ENSPTRG00000006987	direct	exact_protein_coding	ENSPTRG00000006987	1	protein_coding				not_required	
ENSPTRG00000007004	ENSPTRG00000007004	direct	exact_protein_coding	ENSPTRG00000007004	1	protein_coding				not_required	
ENSPTRG00000007005	ENSPTRG00000007005	direct	exact_protein_coding	ENSPTRG00000007005	1	protein_coding				not_required	
ENSPTRG00000007010	ENSPTRG00000007010	direct	exact_protein_coding	ENSPTRG00000007010	1	protein_coding				not_required	
ENSPTRG00000007014		ensembl_archive	candidate_not_in_local_release115_gtf	ENSPTRG00000007014	1		64	ENSPTRG00000007014.3		success	Archive candidate was not found in the local Ensembl 115 GTF
ENSPTRG00000007016	ENSPTRG00000007016	direct	exact_protein_coding	ENSPTRG00000007016	1	protein_coding				not_required	
ENSPTRG00000007044	ENSPTRG00000007044	direct	exact_protein_coding	ENSPTRG00000007044	1	protein_coding				not_required	
ENSPTRG00000007051	ENSPTRG00000007051	direct	exact_protein_coding	ENSPTRG00000007051	1	protein_coding				not_required	
ENSPTRG00000007052	ENSPTRG00000007052	direct	exact_protein_coding	ENSPTRG00000007052	1	protein_coding				not_required	
ENSPTRG00000007094	ENSPTRG00000007094	direct	exact_protein_coding	ENSPTRG00000007094	1	protein_coding				not_required	
ENSPTRG00000007096	ENSPTRG00000007096	direct	exact_protein_coding	ENSPTRG00000007096	1	protein_coding				not_required	
ENSPTRG00000007109	ENSPTRG00000007109	direct	exact_protein_coding	ENSPTRG00000007109	1	protein_coding				not_required	
ENSPTRG00000007118	ENSPTRG00000007118	direct	exact_protein_coding	ENSPTRG00000007118	1	protein_coding				not_required	
ENSPTRG00000007133	ENSPTRG00000007133	direct	exact_protein_coding	ENSPTRG00000007133	1	protein_coding				not_required	
ENSPTRG00000007154	ENSPTRG00000007154	direct	exact_protein_coding	ENSPTRG00000007154	1	protein_coding				not_required	
ENSPTRG00000007164	ENSPTRG00000007164	direct	exact_protein_coding	ENSPTRG00000007164	1	protein_coding				not_required	
ENSPTRG00000007168	ENSPTRG00000007168	direct	exact_protein_coding	ENSPTRG00000007168	1	protein_coding				not_required	
ENSPTRG00000007170	ENSPTRG00000007170	direct	exact_protein_coding	ENSPTRG00000007170	1	protein_coding				not_required	
ENSPTRG00000007171	ENSPTRG00000007171	direct	exact_protein_coding	ENSPTRG00000007171	1	protein_coding				not_required	
ENSPTRG00000007176	ENSPTRG00000007176	direct	exact_protein_coding	ENSPTRG00000007176	1	protein_coding				not_required	
ENSPTRG00000007184	ENSPTRG00000007184	direct	exact_protein_coding	ENSPTRG00000007184	1	protein_coding				not_required	
ENSPTRG00000007194	ENSPTRG00000007194	direct	exact_protein_coding	ENSPTRG00000007194	1	protein_coding				not_required	
ENSPTRG00000007195	ENSPTRG00000007195	direct	exact_protein_coding	ENSPTRG00000007195	1	protein_coding				not_required	
ENSPTRG00000007199	ENSPTRG00000007199	direct	exact_protein_coding	ENSPTRG00000007199	1	protein_coding				not_required	
ENSPTRG00000007202	ENSPTRG00000007202	direct	exact_protein_coding	ENSPTRG00000007202	1	protein_coding				not_required	
ENSPTRG00000007207	ENSPTRG00000007207	direct	exact_protein_coding	ENSPTRG00000007207	1	protein_coding				not_required	
ENSPTRG00000007212	ENSPTRG00000007212	direct	exact_protein_coding	ENSPTRG00000007212	1	protein_coding				not_required	
ENSPTRG00000007219	ENSPTRG00000007219	direct	exact_protein_coding	ENSPTRG00000007219	1	protein_coding				not_required	
ENSPTRG00000007228	ENSPTRG00000007228	direct	exact_protein_coding	ENSPTRG00000007228	1	protein_coding				not_required	
ENSPTRG00000007249	ENSPTRG00000007249	direct	exact_protein_coding	ENSPTRG00000007249	1	protein_coding				not_required	
ENSPTRG00000007256	ENSPTRG00000007256	direct	exact_protein_coding	ENSPTRG00000007256	1	protein_coding				not_required	
ENSPTRG00000007261	ENSPTRG00000007261	direct	exact_protein_coding	ENSPTRG00000007261	1	protein_coding				not_required	
ENSPTRG00000007266	ENSPTRG00000007266	direct	exact_protein_coding	ENSPTRG00000007266	1	protein_coding				not_required	
ENSPTRG00000007276	ENSPTRG00000007276	direct	exact_protein_coding	ENSPTRG00000007276	1	protein_coding				not_required	
ENSPTRG00000007278	ENSPTRG00000007278	direct	exact_protein_coding	ENSPTRG00000007278	1	protein_coding				not_required	
ENSPTRG00000007287	ENSPTRG00000007287	direct	exact_protein_coding	ENSPTRG00000007287	1	protein_coding				not_required	
ENSPTRG00000007289	ENSPTRG00000007289	direct	exact_protein_coding	ENSPTRG00000007289	1	protein_coding				not_required	
ENSPTRG00000007292	ENSPTRG00000007292	direct	exact_protein_coding	ENSPTRG00000007292	1	protein_coding				not_required	
ENSPTRG00000007297	ENSPTRG00000007297	direct	exact_protein_coding	ENSPTRG00000007297	1	protein_coding				not_required	
ENSPTRG00000007299	ENSPTRG00000007299	direct	exact_protein_coding	ENSPTRG00000007299	1	protein_coding				not_required	
ENSPTRG00000007301	ENSPTRG00000007301	direct	exact_protein_coding	ENSPTRG00000007301	1	protein_coding				not_required	
ENSPTRG00000007302	ENSPTRG00000007302	direct	exact_protein_coding	ENSPTRG00000007302	1	protein_coding				not_required	
ENSPTRG00000007303		ensembl_archive	candidate_not_in_local_release115_gtf	ENSPTRG00000007303	1		90	ENSPTRG00000007303.3		success	Archive candidate was not found in the local Ensembl 115 GTF
ENSPTRG00000007308	ENSPTRG00000007308	direct	exact_protein_coding	ENSPTRG00000007308	1	protein_coding				not_required	
ENSPTRG00000007311	ENSPTRG00000007311	direct	exact_protein_coding	ENSPTRG00000007311	1	protein_coding				not_required	
ENSPTRG00000007322	ENSPTRG00000007322	direct	exact_protein_coding	ENSPTRG00000007322	1	protein_coding				not_required	
ENSPTRG00000007333	ENSPTRG00000007333	direct	exact_protein_coding	ENSPTRG00000007333	1	protein_coding				not_required	
ENSPTRG00000007335	ENSPTRG00000007335	direct	exact_protein_coding	ENSPTRG00000007335	1	protein_coding				not_required	
ENSPTRG00000007336	ENSPTRG00000007336	direct	exact_protein_coding	ENSPTRG00000007336	1	protein_coding				not_required	
ENSPTRG00000007339	ENSPTRG00000007339	direct	exact_protein_coding	ENSPTRG00000007339	1	protein_coding				not_required	
ENSPTRG00000007356	ENSPTRG00000007356	direct	exact_protein_coding	ENSPTRG00000007356	1	protein_coding				not_required	
ENSPTRG00000007364	ENSPTRG00000007364	direct	exact_protein_coding	ENSPTRG00000007364	1	protein_coding				not_required	
ENSPTRG00000007366	ENSPTRG00000007366	direct	exact_protein_coding	ENSPTRG00000007366	1	protein_coding				not_required	
ENSPTRG00000007379	ENSPTRG00000007379	direct	exact_protein_coding	ENSPTRG00000007379	1	protein_coding				not_required	
ENSPTRG00000007384	ENSPTRG00000007384	direct	exact_protein_coding	ENSPTRG00000007384	1	protein_coding				not_required	
ENSPTRG00000007387	ENSPTRG00000007387	direct	exact_protein_coding	ENSPTRG00000007387	1	protein_coding				not_required	
ENSPTRG00000007388	ENSPTRG00000007388	direct	exact_protein_coding	ENSPTRG00000007388	1	protein_coding				not_required	
ENSPTRG00000007399		ensembl_archive	candidate_not_in_local_release115_gtf	ENSPTRG00000007399	1		64	ENSPTRG00000007399.2		success	Archive candidate was not found in the local Ensembl 115 GTF
ENSPTRG00000007400	ENSPTRG00000007400	direct	exact_protein_coding	ENSPTRG00000007400	1	protein_coding				not_required	
ENSPTRG00000007405	ENSPTRG00000007405	direct	exact_protein_coding	ENSPTRG00000007405	1	protein_coding				not_required	
ENSPTRG00000007408	ENSPTRG00000007408	direct	exact_protein_coding	ENSPTRG00000007408	1	protein_coding				not_required	
ENSPTRG00000007415	ENSPTRG00000007415	direct	exact_protein_coding	ENSPTRG00000007415	1	protein_coding				not_required	
ENSPTRG00000007419	ENSPTRG00000007419	direct	exact_protein_coding	ENSPTRG00000007419	1	protein_coding				not_required	
ENSPTRG00000007420	ENSPTRG00000007420	direct	exact_protein_coding	ENSPTRG00000007420	1	protein_coding				not_required	
ENSPTRG00000007421	ENSPTRG00000007421	direct	exact_protein_coding	ENSPTRG00000007421	1	protein_coding				not_required	
ENSPTRG00000007431	ENSPTRG00000007431	direct	exact_protein_coding	ENSPTRG00000007431	1	protein_coding				not_required	
ENSPTRG00000007434	ENSPTRG00000007434	direct	exact_protein_coding	ENSPTRG00000007434	1	protein_coding				not_required	
ENSPTRG00000007442	ENSPTRG00000007442	direct	exact_protein_coding	ENSPTRG00000007442	1	protein_coding				not_required	
ENSPTRG00000007445	ENSPTRG00000007445	direct	exact_protein_coding	ENSPTRG00000007445	1	protein_coding				not_required	
ENSPTRG00000007448	ENSPTRG00000007448	direct	exact_protein_coding	ENSPTRG00000007448	1	protein_coding				not_required	
ENSPTRG00000007455	ENSPTRG00000007455	direct	exact_protein_coding	ENSPTRG00000007455	1	protein_coding				not_required	
ENSPTRG00000007462	ENSPTRG00000007462	direct	exact_protein_coding	ENSPTRG00000007462	1	protein_coding				not_required	
ENSPTRG00000007464	ENSPTRG00000007464	direct	exact_protein_coding	ENSPTRG00000007464	1	protein_coding				not_required	
ENSPTRG00000007487	ENSPTRG00000007487	direct	exact_protein_coding	ENSPTRG00000007487	1	protein_coding				not_required	
ENSPTRG00000007496	ENSPTRG00000007496	direct	exact_protein_coding	ENSPTRG00000007496	1	protein_coding				not_required	
ENSPTRG00000007497	ENSPTRG00000007497	direct	exact_protein_coding	ENSPTRG00000007497	1	protein_coding				not_required	
ENSPTRG00000007511		ensembl_archive	candidate_not_in_local_release115_gtf	ENSPTRG00000007511	1		90	ENSPTRG00000007511.4		success	Archive candidate was not found in the local Ensembl 115 GTF
ENSPTRG00000007515	ENSPTRG00000007515	direct	exact_protein_coding	ENSPTRG00000007515	1	protein_coding				not_required	
ENSPTRG00000007525	ENSPTRG00000007525	direct	exact_protein_coding	ENSPTRG00000007525	1	protein_coding				not_required	
ENSPTRG00000007526	ENSPTRG00000007526	direct	exact_protein_coding	ENSPTRG00000007526	1	protein_coding				not_required	
ENSPTRG00000007527	ENSPTRG00000007527	direct	exact_protein_coding	ENSPTRG00000007527	1	protein_coding				not_required	
ENSPTRG00000007528	ENSPTRG00000007528	direct	exact_protein_coding	ENSPTRG00000007528	1	protein_coding				not_required	
ENSPTRG00000007529	ENSPTRG00000007529	direct	exact_protein_coding	ENSPTRG00000007529	1	protein_coding				not_required	
ENSPTRG00000007533	ENSPTRG00000007533	direct	exact_protein_coding	ENSPTRG00000007533	1	protein_coding				not_required	
ENSPTRG00000007535	ENSPTRG00000007535	direct	exact_protein_coding	ENSPTRG00000007535	1	protein_coding				not_required	
ENSPTRG00000007537	ENSPTRG00000007537	direct	exact_protein_coding	ENSPTRG00000007537	1	protein_coding				not_required	
ENSPTRG00000007539		ensembl_archive	candidate_not_in_local_release115_gtf	ENSPTRG00000007539	1		64	ENSPTRG00000007539.5		success	Archive candidate was not found in the local Ensembl 115 GTF
ENSPTRG00000007541		ensembl_archive	candidate_not_in_local_release115_gtf	ENSPTRG00000007541	1		90	ENSPTRG00000007541.4		success	Archive candidate was not found in the local Ensembl 115 GTF
ENSPTRG00000007551	ENSPTRG00000007551	direct	exact_protein_coding	ENSPTRG00000007551	1	protein_coding				not_required	
ENSPTRG00000007553	ENSPTRG00000007553	direct	exact_protein_coding	ENSPTRG00000007553	1	protein_coding				not_required	
ENSPTRG00000007558	ENSPTRG00000007558	direct	exact_protein_coding	ENSPTRG00000007558	1	protein_coding				not_required	
ENSPTRG00000007561	ENSPTRG00000007561	direct	exact_protein_coding	ENSPTRG00000007561	1	protein_coding				not_required	
ENSPTRG00000007569	ENSPTRG00000007569	direct	exact_protein_coding	ENSPTRG00000007569	1	protein_coding				not_required	
ENSPTRG00000007587	ENSPTRG00000007587	direct	exact_protein_coding	ENSPTRG00000007587	1	protein_coding				not_required	
ENSPTRG00000007589	ENSPTRG00000007589	direct	exact_protein_coding	ENSPTRG00000007589	1	protein_coding				not_required	
ENSPTRG00000007590	ENSPTRG00000007590	direct	exact_protein_coding	ENSPTRG00000007590	1	protein_coding				not_required	
ENSPTRG00000007592	ENSPTRG00000007592	direct	exact_protein_coding	ENSPTRG00000007592	1	protein_coding				not_required	
ENSPTRG00000007594	ENSPTRG00000007594	direct	exact_protein_coding	ENSPTRG00000007594	1	protein_coding				not_required	
ENSPTRG00000007606	ENSPTRG00000007606	direct	exact_protein_coding	ENSPTRG00000007606	1	protein_coding				not_required	
ENSPTRG00000007609	ENSPTRG00000007609	direct	exact_protein_coding	ENSPTRG00000007609	1	protein_coding				not_required	
ENSPTRG00000007611	ENSPTRG00000007611	direct	exact_protein_coding	ENSPTRG00000007611	1	protein_coding				not_required	
ENSPTRG00000007618	ENSPTRG00000007618	direct	exact_protein_coding	ENSPTRG00000007618	1	protein_coding				not_required	
ENSPTRG00000007621	ENSPTRG00000007621	direct	exact_protein_coding	ENSPTRG00000007621	1	protein_coding				not_required	
ENSPTRG00000007623		ensembl_archive	candidate_not_in_local_release115_gtf	ENSPTRG00000007623	1		90	ENSPTRG00000007623.4		success	Archive candidate was not found in the local Ensembl 115 GTF
ENSPTRG00000007625	ENSPTRG00000007625	direct	exact_protein_coding	ENSPTRG00000007625	1	protein_coding				not_required	
ENSPTRG00000007627	ENSPTRG00000007627	direct	exact_protein_coding	ENSPTRG00000007627	1	protein_coding				not_required	
ENSPTRG00000007635	ENSPTRG00000007635	direct	exact_protein_coding	ENSPTRG00000007635	1	protein_coding				not_required	
ENSPTRG00000007637	ENSPTRG00000007637	direct	exact_protein_coding	ENSPTRG00000007637	1	protein_coding				not_required	
ENSPTRG00000007646	ENSPTRG00000007646	direct	exact_protein_coding	ENSPTRG00000007646	1	protein_coding				not_required	
ENSPTRG00000007653	ENSPTRG00000007653	direct	exact_protein_coding	ENSPTRG00000007653	1	protein_coding				not_required	
ENSPTRG00000007654	ENSPTRG00000007654	direct	exact_protein_coding	ENSPTRG00000007654	1	protein_coding				not_required	
ENSPTRG00000007662	ENSPTRG00000007662	direct	exact_protein_coding	ENSPTRG00000007662	1	protein_coding				not_required	
ENSPTRG00000007663	ENSPTRG00000007663	direct	exact_protein_coding	ENSPTRG00000007663	1	protein_coding				not_required	
ENSPTRG00000007670	ENSPTRG00000007670	direct	exact_protein_coding	ENSPTRG00000007670	1	protein_coding				not_required	
ENSPTRG00000007679	ENSPTRG00000007679	direct	exact_protein_coding	ENSPTRG00000007679	1	protein_coding				not_required	
ENSPTRG00000007680	ENSPTRG00000007680	direct	exact_protein_coding	ENSPTRG00000007680	1	protein_coding				not_required	
ENSPTRG00000007686	ENSPTRG00000007686	direct	exact_protein_coding	ENSPTRG00000007686	1	protein_coding				not_required	
ENSPTRG00000007692	ENSPTRG00000007692	direct	exact_protein_coding	ENSPTRG00000007692	1	protein_coding				not_required	
ENSPTRG00000007696	ENSPTRG00000007696	direct	exact_protein_coding	ENSPTRG00000007696	1	protein_coding				not_required	
ENSPTRG00000007697		ensembl_archive	candidate_not_in_local_release115_gtf	ENSPTRG00000007697	1		64	ENSPTRG00000007697.3		success	Archive candidate was not found in the local Ensembl 115 GTF
ENSPTRG00000007698	ENSPTRG00000007698	direct	exact_protein_coding	ENSPTRG00000007698	1	protein_coding				not_required	
ENSPTRG00000007700	ENSPTRG00000007700	direct	exact_protein_coding	ENSPTRG00000007700	1	protein_coding				not_required	
ENSPTRG00000007708	ENSPTRG00000007708	direct	exact_protein_coding	ENSPTRG00000007708	1	protein_coding				not_required	
ENSPTRG00000007715		ensembl_archive	candidate_not_in_local_release115_gtf	ENSPTRG00000007715	1		90	ENSPTRG00000007715.2		success	Archive candidate was not found in the local Ensembl 115 GTF
ENSPTRG00000007716	ENSPTRG00000007716	direct	exact_protein_coding	ENSPTRG00000007716	1	protein_coding				not_required	
ENSPTRG00000007718	ENSPTRG00000007718	direct	exact_protein_coding	ENSPTRG00000007718	1	protein_coding				not_required	
ENSPTRG00000007719	ENSPTRG00000007719	direct	exact_protein_coding	ENSPTRG00000007719	1	protein_coding				not_required	
ENSPTRG00000007722	ENSPTRG00000007722	direct	exact_protein_coding	ENSPTRG00000007722	1	protein_coding				not_required	
ENSPTRG00000007724	ENSPTRG00000007724	direct	exact_protein_coding	ENSPTRG00000007724	1	protein_coding				not_required	
ENSPTRG00000007727		ensembl_archive	candidate_not_in_local_release115_gtf	ENSPTRG00000007727	1		90	ENSPTRG00000007727.5		success	Archive candidate was not found in the local Ensembl 115 GTF
ENSPTRG00000007730	ENSPTRG00000007730	direct	exact_protein_coding	ENSPTRG00000007730	1	protein_coding				not_required	
ENSPTRG00000007735	ENSPTRG00000007735	direct	exact_protein_coding	ENSPTRG00000007735	1	protein_coding				not_required	
ENSPTRG00000007736	ENSPTRG00000007736	direct	exact_protein_coding	ENSPTRG00000007736	1	protein_coding				not_required	
ENSPTRG00000007737	ENSPTRG00000007737	direct	exact_protein_coding	ENSPTRG00000007737	1	protein_coding				not_required	
ENSPTRG00000007747	ENSPTRG00000007747	direct	exact_protein_coding	ENSPTRG00000007747	1	protein_coding				not_required	
ENSPTRG00000007756	ENSPTRG00000007756	direct	exact_protein_coding	ENSPTRG00000007756	1	protein_coding				not_required	
ENSPTRG00000007776	ENSPTRG00000007776	direct	exact_protein_coding	ENSPTRG00000007776	1	protein_coding				not_required	
ENSPTRG00000007777	ENSPTRG00000007777	direct	exact_protein_coding	ENSPTRG00000007777	1	protein_coding				not_required	
ENSPTRG00000007779	ENSPTRG00000007779	direct	exact_protein_coding	ENSPTRG00000007779	1	protein_coding				not_required	
ENSPTRG00000007787	ENSPTRG00000007787	direct	exact_protein_coding	ENSPTRG00000007787	1	protein_coding				not_required	
ENSPTRG00000007792	ENSPTRG00000007792	direct	exact_protein_coding	ENSPTRG00000007792	1	protein_coding				not_required	
ENSPTRG00000007794	ENSPTRG00000007794	direct	exact_protein_coding	ENSPTRG00000007794	1	protein_coding				not_required	
ENSPTRG00000007800	ENSPTRG00000007800	direct	exact_protein_coding	ENSPTRG00000007800	1	protein_coding				not_required	
ENSPTRG00000007801	ENSPTRG00000007801	direct	exact_protein_coding	ENSPTRG00000007801	1	protein_coding				not_required	
ENSPTRG00000007809	ENSPTRG00000007809	direct	exact_protein_coding	ENSPTRG00000007809	1	protein_coding				not_required	
ENSPTRG00000007821	ENSPTRG00000007821	direct	exact_protein_coding	ENSPTRG00000007821	1	protein_coding				not_required	
ENSPTRG00000007823	ENSPTRG00000007823	direct	exact_protein_coding	ENSPTRG00000007823	1	protein_coding				not_required	
ENSPTRG00000007833	ENSPTRG00000007833	direct	exact_protein_coding	ENSPTRG00000007833	1	protein_coding				not_required	
ENSPTRG00000007835	ENSPTRG00000007835	direct	exact_protein_coding	ENSPTRG00000007835	1	protein_coding				not_required	
ENSPTRG00000007836	ENSPTRG00000007836	direct	exact_protein_coding	ENSPTRG00000007836	1	protein_coding				not_required	
ENSPTRG00000007853	ENSPTRG00000007853	direct	exact_protein_coding	ENSPTRG00000007853	1	protein_coding				not_required	
ENSPTRG00000007871	ENSPTRG00000007871	direct	exact_protein_coding	ENSPTRG00000007871	1	protein_coding				not_required	
ENSPTRG00000007878	ENSPTRG00000007878	direct	exact_protein_coding	ENSPTRG00000007878	1	protein_coding				not_required	
ENSPTRG00000007885	ENSPTRG00000007885	direct	exact_protein_coding	ENSPTRG00000007885	1	protein_coding				not_required	
ENSPTRG00000007887	ENSPTRG00000007887	direct	exact_protein_coding	ENSPTRG00000007887	1	protein_coding				not_required	
ENSPTRG00000007888	ENSPTRG00000007888	direct	exact_protein_coding	ENSPTRG00000007888	1	protein_coding				not_required	
ENSPTRG00000007889	ENSPTRG00000007889	direct	exact_protein_coding	ENSPTRG00000007889	1	protein_coding				not_required	
ENSPTRG00000007891		ensembl_archive	candidate_not_in_local_release115_gtf	ENSPTRG00000007891	1		90	ENSPTRG00000007891.2		success	Archive candidate was not found in the local Ensembl 115 GTF
ENSPTRG00000007900	ENSPTRG00000007900	direct	exact_protein_coding	ENSPTRG00000007900	1	protein_coding				not_required	
ENSPTRG00000007910	ENSPTRG00000007910	direct	exact_protein_coding	ENSPTRG00000007910	1	protein_coding				not_required	
ENSPTRG00000007930	ENSPTRG00000007930	direct	exact_protein_coding	ENSPTRG00000007930	1	protein_coding				not_required	
ENSPTRG00000007935	ENSPTRG00000007935	direct	exact_protein_coding	ENSPTRG00000007935	1	protein_coding				not_required	
ENSPTRG00000007939	ENSPTRG00000007939	direct	exact_protein_coding	ENSPTRG00000007939	1	protein_coding				not_required	
ENSPTRG00000007942	ENSPTRG00000007942	direct	exact_protein_coding	ENSPTRG00000007942	1	protein_coding				not_required	
ENSPTRG00000007946		ensembl_archive	candidate_not_in_local_release115_gtf	ENSPTRG00000007946	1		90	ENSPTRG00000007946.6		success	Archive candidate was not found in the local Ensembl 115 GTF
ENSPTRG00000007972	ENSPTRG00000007972	direct	exact_protein_coding	ENSPTRG00000007972	1	protein_coding				not_required	
ENSPTRG00000007976	ENSPTRG00000007976	direct	exact_protein_coding	ENSPTRG00000007976	1	protein_coding				not_required	
ENSPTRG00000007979	ENSPTRG00000007979	direct	exact_protein_coding	ENSPTRG00000007979	1	protein_coding				not_required	
ENSPTRG00000007983	ENSPTRG00000007983	direct	exact_protein_coding	ENSPTRG00000007983	1	protein_coding				not_required	
ENSPTRG00000007985	ENSPTRG00000007985	direct	exact_protein_coding	ENSPTRG00000007985	1	protein_coding				not_required	
ENSPTRG00000007990	ENSPTRG00000007990	direct	exact_protein_coding	ENSPTRG00000007990	1	protein_coding				not_required	
ENSPTRG00000007991	ENSPTRG00000051496	ensembl_archive	rescued_one_to_one	ENSPTRG00000007991;ENSPTRG00000051496	2	protein_coding	90	ENSPTRG00000007991.6		success	
ENSPTRG00000007995	ENSPTRG00000007995	direct	exact_protein_coding	ENSPTRG00000007995	1	protein_coding				not_required	
ENSPTRG00000008001	ENSPTRG00000008001	direct	exact_protein_coding	ENSPTRG00000008001	1	protein_coding				not_required	
ENSPTRG00000008006		ensembl_archive	candidate_not_in_local_release115_gtf	ENSPTRG00000008006	1		90	ENSPTRG00000008006.3		success	Archive candidate was not found in the local Ensembl 115 GTF
ENSPTRG00000008016	ENSPTRG00000008016	direct	exact_protein_coding	ENSPTRG00000008016	1	protein_coding				not_required	
ENSPTRG00000008027		ensembl_archive	candidate_not_in_local_release115_gtf	ENSPTRG00000008027	1		64	ENSPTRG00000008027.3		success	Archive candidate was not found in the local Ensembl 115 GTF
ENSPTRG00000008032	ENSPTRG00000008032	direct	exact_protein_coding	ENSPTRG00000008032	1	protein_coding				not_required	
ENSPTRG00000008079	ENSPTRG00000008079	direct	exact_protein_coding	ENSPTRG00000008079	1	protein_coding				not_required	
ENSPTRG00000008085	ENSPTRG00000008085	direct	exact_protein_coding	ENSPTRG00000008085	1	protein_coding				not_required	
ENSPTRG00000008090	ENSPTRG00000008090	direct	exact_protein_coding	ENSPTRG00000008090	1	protein_coding				not_required	
ENSPTRG00000008093	ENSPTRG00000008093	direct	exact_protein_coding	ENSPTRG00000008093	1	protein_coding				not_required	
ENSPTRG00000008096	ENSPTRG00000008096	direct	exact_protein_coding	ENSPTRG00000008096	1	protein_coding				not_required	
ENSPTRG00000008116	ENSPTRG00000008116	direct	exact_protein_coding	ENSPTRG00000008116	1	protein_coding				not_required	
ENSPTRG00000008130	ENSPTRG00000008130	direct	exact_protein_coding	ENSPTRG00000008130	1	protein_coding				not_required	
ENSPTRG00000008133	ENSPTRG00000008133	direct	exact_protein_coding	ENSPTRG00000008133	1	protein_coding				not_required	
ENSPTRG00000008147	ENSPTRG00000008147	direct	exact_protein_coding	ENSPTRG00000008147	1	protein_coding				not_required	
ENSPTRG00000008148	ENSPTRG00000008148	direct	exact_protein_coding	ENSPTRG00000008148	1	protein_coding				not_required	
ENSPTRG00000008156	ENSPTRG00000008156	direct	exact_protein_coding	ENSPTRG00000008156	1	protein_coding				not_required	
ENSPTRG00000008157	ENSPTRG00000008157	direct	exact_protein_coding	ENSPTRG00000008157	1	protein_coding				not_required	
ENSPTRG00000008172	ENSPTRG00000008172	direct	exact_protein_coding	ENSPTRG00000008172	1	protein_coding				not_required	
ENSPTRG00000008174	ENSPTRG00000008174	direct	exact_protein_coding	ENSPTRG00000008174	1	protein_coding				not_required	
ENSPTRG00000008185	ENSPTRG00000008185	direct	exact_protein_coding	ENSPTRG00000008185	1	protein_coding				not_required	
ENSPTRG00000008193		ensembl_archive	candidate_not_in_local_release115_gtf	ENSPTRG00000008193	1		90	ENSPTRG00000008193.4		success	Archive candidate was not found in the local Ensembl 115 GTF
ENSPTRG00000008208	ENSPTRG00000008208	direct	exact_protein_coding	ENSPTRG00000008208	1	protein_coding				not_required	
ENSPTRG00000008213		ensembl_archive	candidate_not_in_local_release115_gtf	ENSPTRG00000008213	1		64	ENSPTRG00000008213.2		success	Archive candidate was not found in the local Ensembl 115 GTF
ENSPTRG00000008214	ENSPTRG00000008214	direct	exact_protein_coding	ENSPTRG00000008214	1	protein_coding				not_required	
ENSPTRG00000008222	ENSPTRG00000008222	direct	exact_protein_coding	ENSPTRG00000008222	1	protein_coding				not_required	
ENSPTRG00000008223	ENSPTRG00000008223	direct	exact_protein_coding	ENSPTRG00000008223	1	protein_coding				not_required	
ENSPTRG00000008231	ENSPTRG00000008231	direct	exact_protein_coding	ENSPTRG00000008231	1	protein_coding				not_required	
ENSPTRG00000008247		ensembl_archive	candidate_not_in_local_release115_gtf	ENSPTRG00000008247	1		90	ENSPTRG00000008247.3		success	Archive candidate was not found in the local Ensembl 115 GTF
ENSPTRG00000008248	ENSPTRG00000008248	direct	exact_protein_coding	ENSPTRG00000008248	1	protein_coding				not_required	
ENSPTRG00000008253	ENSPTRG00000008253	direct	exact_protein_coding	ENSPTRG00000008253	1	protein_coding				not_required	
ENSPTRG00000008258	ENSPTRG00000008258	direct	exact_protein_coding	ENSPTRG00000008258	1	protein_coding				not_required	
ENSPTRG00000008259	ENSPTRG00000008259	direct	exact_protein_coding	ENSPTRG00000008259	1	protein_coding				not_required	
ENSPTRG00000008262	ENSPTRG00000008262	direct	exact_protein_coding	ENSPTRG00000008262	1	protein_coding				not_required	
ENSPTRG00000008263	ENSPTRG00000008263	direct	exact_protein_coding	ENSPTRG00000008263	1	protein_coding				not_required	
ENSPTRG00000008264	ENSPTRG00000008264	direct	exact_protein_coding	ENSPTRG00000008264	1	protein_coding				not_required	
ENSPTRG00000008265	ENSPTRG00000008265	direct	exact_protein_coding	ENSPTRG00000008265	1	protein_coding				not_required	
ENSPTRG00000008272	ENSPTRG00000008272	direct	exact_protein_coding	ENSPTRG00000008272	1	protein_coding				not_required	
ENSPTRG00000008273	ENSPTRG00000008273	direct	exact_protein_coding	ENSPTRG00000008273	1	protein_coding				not_required	
ENSPTRG00000008274	ENSPTRG00000008274	direct	exact_protein_coding	ENSPTRG00000008274	1	protein_coding				not_required	
ENSPTRG00000008275	ENSPTRG00000008275	direct	exact_protein_coding	ENSPTRG00000008275	1	protein_coding				not_required	
ENSPTRG00000008277	ENSPTRG00000008277	direct	exact_protein_coding	ENSPTRG00000008277	1	protein_coding				not_required	
ENSPTRG00000008282	ENSPTRG00000008282	direct	exact_protein_coding	ENSPTRG00000008282	1	protein_coding				not_required	
ENSPTRG00000008284	ENSPTRG00000008284	direct	exact_protein_coding	ENSPTRG00000008284	1	protein_coding				not_required	
ENSPTRG00000008285	ENSPTRG00000008285	direct	exact_protein_coding	ENSPTRG00000008285	1	protein_coding				not_required	
ENSPTRG00000008297	ENSPTRG00000008297	direct	exact_protein_coding	ENSPTRG00000008297	1	protein_coding				not_required	
ENSPTRG00000008301	ENSPTRG00000008301	direct	exact_protein_coding	ENSPTRG00000008301	1	protein_coding				not_required	
ENSPTRG00000008304	ENSPTRG00000008304	direct	exact_protein_coding	ENSPTRG00000008304	1	protein_coding				not_required	
ENSPTRG00000008313	ENSPTRG00000008313	direct	exact_protein_coding	ENSPTRG00000008313	1	protein_coding				not_required	
ENSPTRG00000008330	ENSPTRG00000008330	direct	exact_protein_coding	ENSPTRG00000008330	1	protein_coding				not_required	
ENSPTRG00000008340	ENSPTRG00000008340	direct	exact_protein_coding	ENSPTRG00000008340	1	protein_coding				not_required	
ENSPTRG00000008343	ENSPTRG00000008343	direct	exact_protein_coding	ENSPTRG00000008343	1	protein_coding				not_required	
ENSPTRG00000008351	ENSPTRG00000008351	direct	exact_protein_coding	ENSPTRG00000008351	1	protein_coding				not_required	
ENSPTRG00000008364	ENSPTRG00000008364	direct	exact_protein_coding	ENSPTRG00000008364	1	protein_coding				not_required	
ENSPTRG00000008370	ENSPTRG00000008370	direct	exact_protein_coding	ENSPTRG00000008370	1	protein_coding				not_required	
ENSPTRG00000008383	ENSPTRG00000008383	direct	exact_protein_coding	ENSPTRG00000008383	1	protein_coding				not_required	
ENSPTRG00000008386	ENSPTRG00000008386	direct	exact_protein_coding	ENSPTRG00000008386	1	protein_coding				not_required	
ENSPTRG00000008403	ENSPTRG00000008403	direct	exact_protein_coding	ENSPTRG00000008403	1	protein_coding				not_required	
ENSPTRG00000008408	ENSPTRG00000008408	direct	exact_protein_coding	ENSPTRG00000008408	1	protein_coding				not_required	
ENSPTRG00000008424	ENSPTRG00000008424	direct	exact_protein_coding	ENSPTRG00000008424	1	protein_coding				not_required	
ENSPTRG00000008433	ENSPTRG00000008433	direct	exact_protein_coding	ENSPTRG00000008433	1	protein_coding				not_required	
ENSPTRG00000008434	ENSPTRG00000008434	direct	exact_protein_coding	ENSPTRG00000008434	1	protein_coding				not_required	
ENSPTRG00000008439	ENSPTRG00000008439	direct	exact_protein_coding	ENSPTRG00000008439	1	protein_coding				not_required	
ENSPTRG00000008445	ENSPTRG00000008445	direct	exact_protein_coding	ENSPTRG00000008445	1	protein_coding				not_required	
ENSPTRG00000008459	ENSPTRG00000008459	direct	exact_protein_coding	ENSPTRG00000008459	1	protein_coding				not_required	
ENSPTRG00000008461	ENSPTRG00000008461	direct	exact_protein_coding	ENSPTRG00000008461	1	protein_coding				not_required	
ENSPTRG00000008462	ENSPTRG00000008462	direct	exact_protein_coding	ENSPTRG00000008462	1	protein_coding				not_required	
ENSPTRG00000008468	ENSPTRG00000008468	direct	exact_protein_coding	ENSPTRG00000008468	1	protein_coding				not_required	
ENSPTRG00000008480	ENSPTRG00000008480	direct	exact_protein_coding	ENSPTRG00000008480	1	protein_coding				not_required	
ENSPTRG00000008483	ENSPTRG00000008483	direct	exact_protein_coding	ENSPTRG00000008483	1	protein_coding				not_required	
ENSPTRG00000008485		ensembl_archive	candidate_not_in_local_release115_gtf	ENSPTRG00000008485	1		90	ENSPTRG00000008485.5		success	Archive candidate was not found in the local Ensembl 115 GTF
ENSPTRG00000008495	ENSPTRG00000008495	direct	exact_protein_coding	ENSPTRG00000008495	1	protein_coding				not_required	
ENSPTRG00000008498		ensembl_archive	candidate_not_in_local_release115_gtf	ENSPTRG00000008498	1		64	ENSPTRG00000008498.2		success	Archive candidate was not found in the local Ensembl 115 GTF
ENSPTRG00000008511	ENSPTRG00000008511	direct	exact_protein_coding	ENSPTRG00000008511	1	protein_coding				not_required	
ENSPTRG00000008517	ENSPTRG00000008517	direct	exact_protein_coding	ENSPTRG00000008517	1	protein_coding				not_required	
ENSPTRG00000008521	ENSPTRG00000008521	direct	exact_protein_coding	ENSPTRG00000008521	1	protein_coding				not_required	
ENSPTRG00000008522		ensembl_archive	candidate_not_in_local_release115_gtf	ENSPTRG00000008522	1		90	ENSPTRG00000008522.3		success	Archive candidate was not found in the local Ensembl 115 GTF
ENSPTRG00000008525	ENSPTRG00000008525	direct	exact_protein_coding	ENSPTRG00000008525	1	protein_coding				not_required	
ENSPTRG00000008526	ENSPTRG00000008526	direct	exact_protein_coding	ENSPTRG00000008526	1	protein_coding				not_required	
ENSPTRG00000008535	ENSPTRG00000008535	direct	exact_protein_coding	ENSPTRG00000008535	1	protein_coding				not_required	
ENSPTRG00000008538	ENSPTRG00000008538	direct	exact_protein_coding	ENSPTRG00000008538	1	protein_coding				not_required	
ENSPTRG00000008546	ENSPTRG00000008546	direct	exact_protein_coding	ENSPTRG00000008546	1	protein_coding				not_required	
ENSPTRG00000008547	ENSPTRG00000008547	direct	exact_protein_coding	ENSPTRG00000008547	1	protein_coding				not_required	
ENSPTRG00000008552	ENSPTRG00000008552	direct	exact_protein_coding	ENSPTRG00000008552	1	protein_coding				not_required	
ENSPTRG00000008572	ENSPTRG00000008572	direct	exact_protein_coding	ENSPTRG00000008572	1	protein_coding				not_required	
ENSPTRG00000008574	ENSPTRG00000008574	direct	exact_protein_coding	ENSPTRG00000008574	1	protein_coding				not_required	
ENSPTRG00000008578	ENSPTRG00000008578	direct	exact_protein_coding	ENSPTRG00000008578	1	protein_coding				not_required	
ENSPTRG00000008583	ENSPTRG00000008583	direct	exact_protein_coding	ENSPTRG00000008583	1	protein_coding				not_required	
ENSPTRG00000008587	ENSPTRG00000008587	direct	exact_protein_coding	ENSPTRG00000008587	1	protein_coding				not_required	
ENSPTRG00000008589		ensembl_archive	candidate_not_in_local_release115_gtf	ENSPTRG00000008589	1		64	ENSPTRG00000008589.3		success	Archive candidate was not found in the local Ensembl 115 GTF
ENSPTRG00000008593	ENSPTRG00000008593	direct	exact_protein_coding	ENSPTRG00000008593	1	protein_coding				not_required	
ENSPTRG00000008602	ENSPTRG00000008602	direct	exact_protein_coding	ENSPTRG00000008602	1	protein_coding				not_required	
ENSPTRG00000008609	ENSPTRG00000008609	direct	exact_protein_coding	ENSPTRG00000008609	1	protein_coding				not_required	
ENSPTRG00000008614	ENSPTRG00000008614	direct	exact_protein_coding	ENSPTRG00000008614	1	protein_coding				not_required	
ENSPTRG00000008618	ENSPTRG00000008618	direct	exact_protein_coding	ENSPTRG00000008618	1	protein_coding				not_required	
ENSPTRG00000008620	ENSPTRG00000008620	direct	exact_protein_coding	ENSPTRG00000008620	1	protein_coding				not_required	
ENSPTRG00000008622		ensembl_archive	candidate_not_in_local_release115_gtf	ENSPTRG00000008622	1		90	ENSPTRG00000008622.4		success	Archive candidate was not found in the local Ensembl 115 GTF
ENSPTRG00000008626	ENSPTRG00000008626	direct	exact_protein_coding	ENSPTRG00000008626	1	protein_coding				not_required	
ENSPTRG00000008628	ENSPTRG00000008628	direct	exact_protein_coding	ENSPTRG00000008628	1	protein_coding				not_required	
ENSPTRG00000008630	ENSPTRG00000008630	direct	exact_protein_coding	ENSPTRG00000008630	1	protein_coding				not_required	
ENSPTRG00000008631	ENSPTRG00000008631	direct	exact_protein_coding	ENSPTRG00000008631	1	protein_coding				not_required	
ENSPTRG00000008635	ENSPTRG00000008635	direct	exact_protein_coding	ENSPTRG00000008635	1	protein_coding				not_required	
ENSPTRG00000008654		ensembl_archive	candidate_not_in_local_release115_gtf	ENSPTRG00000008654	1		64	ENSPTRG00000008654.4		success	Archive candidate was not found in the local Ensembl 115 GTF
ENSPTRG00000008655	ENSPTRG00000008655	direct	exact_protein_coding	ENSPTRG00000008655	1	protein_coding				not_required	
ENSPTRG00000008666	ENSPTRG00000008666	direct	exact_protein_coding	ENSPTRG00000008666	1	protein_coding				not_required	
ENSPTRG00000008668	ENSPTRG00000008668	direct	exact_protein_coding	ENSPTRG00000008668	1	protein_coding				not_required	
ENSPTRG00000008674	ENSPTRG00000008674	direct	exact_protein_coding	ENSPTRG00000008674	1	protein_coding				not_required	
ENSPTRG00000008683	ENSPTRG00000008683	direct	exact_protein_coding	ENSPTRG00000008683	1	protein_coding				not_required	
ENSPTRG00000008692	ENSPTRG00000008692	direct	exact_protein_coding	ENSPTRG00000008692	1	protein_coding				not_required	
ENSPTRG00000008693	ENSPTRG00000008693	direct	exact_protein_coding	ENSPTRG00000008693	1	protein_coding				not_required	
ENSPTRG00000008694	ENSPTRG00000008694	direct	exact_protein_coding	ENSPTRG00000008694	1	protein_coding				not_required	
ENSPTRG00000008696	ENSPTRG00000008696	direct	exact_protein_coding	ENSPTRG00000008696	1	protein_coding				not_required	
ENSPTRG00000008705	ENSPTRG00000008705	direct	exact_protein_coding	ENSPTRG00000008705	1	protein_coding				not_required	
ENSPTRG00000008712	ENSPTRG00000008712	direct	exact_protein_coding	ENSPTRG00000008712	1	protein_coding				not_required	
ENSPTRG00000008713	ENSPTRG00000008713	direct	exact_protein_coding	ENSPTRG00000008713	1	protein_coding				not_required	
ENSPTRG00000008717	ENSPTRG00000008717	direct	exact_protein_coding	ENSPTRG00000008717	1	protein_coding				not_required	
ENSPTRG00000008726	ENSPTRG00000008726	direct	exact_protein_coding	ENSPTRG00000008726	1	protein_coding				not_required	
ENSPTRG00000008730	ENSPTRG00000008730	direct	exact_protein_coding	ENSPTRG00000008730	1	protein_coding				not_required	
ENSPTRG00000008735	ENSPTRG00000008735	direct	exact_protein_coding	ENSPTRG00000008735	1	protein_coding				not_required	
ENSPTRG00000008742	ENSPTRG00000008742	direct	exact_protein_coding	ENSPTRG00000008742	1	protein_coding				not_required	
ENSPTRG00000008753	ENSPTRG00000008753	direct	exact_protein_coding	ENSPTRG00000008753	1	protein_coding				not_required	
ENSPTRG00000008774	ENSPTRG00000008774	direct	exact_protein_coding	ENSPTRG00000008774	1	protein_coding				not_required	
ENSPTRG00000008782	ENSPTRG00000008782	direct	exact_protein_coding	ENSPTRG00000008782	1	protein_coding				not_required	
ENSPTRG00000008788	ENSPTRG00000008788	direct	exact_protein_coding	ENSPTRG00000008788	1	protein_coding				not_required	
ENSPTRG00000008813		ensembl_archive	candidate_not_in_local_release115_gtf	ENSPTRG00000008813	1		64	ENSPTRG00000008813.4		success	Archive candidate was not found in the local Ensembl 115 GTF
ENSPTRG00000008830	ENSPTRG00000008830	direct	exact_protein_coding	ENSPTRG00000008830	1	protein_coding				not_required	
ENSPTRG00000008835		ensembl_archive	candidate_not_in_local_release115_gtf	ENSPTRG00000008835	1		64	ENSPTRG00000008835.4		success	Archive candidate was not found in the local Ensembl 115 GTF
ENSPTRG00000008840	ENSPTRG00000008840	direct	exact_protein_coding	ENSPTRG00000008840	1	protein_coding				not_required	
ENSPTRG00000008842	ENSPTRG00000008842	direct	exact_protein_coding	ENSPTRG00000008842	1	protein_coding				not_required	
ENSPTRG00000008848	ENSPTRG00000008848	direct	exact_protein_coding	ENSPTRG00000008848	1	protein_coding				not_required	
ENSPTRG00000008893	ENSPTRG00000008893	direct	exact_protein_coding	ENSPTRG00000008893	1	protein_coding				not_required	
ENSPTRG00000008899	ENSPTRG00000008899	direct	exact_protein_coding	ENSPTRG00000008899	1	protein_coding				not_required	
ENSPTRG00000008912	ENSPTRG00000008912	direct	exact_protein_coding	ENSPTRG00000008912	1	protein_coding				not_required	
ENSPTRG00000008913		ensembl_archive	candidate_not_in_local_release115_gtf	ENSPTRG00000008913	1		64	ENSPTRG00000008913.2		success	Archive candidate was not found in the local Ensembl 115 GTF
ENSPTRG00000008914	ENSPTRG00000008914	direct	exact_protein_coding	ENSPTRG00000008914	1	protein_coding				not_required	
ENSPTRG00000008921	ENSPTRG00000008921	direct	exact_protein_coding	ENSPTRG00000008921	1	protein_coding				not_required	
ENSPTRG00000008926	ENSPTRG00000008926	direct	exact_protein_coding	ENSPTRG00000008926	1	protein_coding				not_required	
ENSPTRG00000008928		ensembl_archive	candidate_not_in_local_release115_gtf	ENSPTRG00000008928	1		90	ENSPTRG00000008928.1		success	Archive candidate was not found in the local Ensembl 115 GTF
ENSPTRG00000008929	ENSPTRG00000008929	direct	exact_protein_coding	ENSPTRG00000008929	1	protein_coding				not_required	
ENSPTRG00000008938	ENSPTRG00000008938	direct	exact_protein_coding	ENSPTRG00000008938	1	protein_coding				not_required	
ENSPTRG00000008939	ENSPTRG00000008939	direct	exact_protein_coding	ENSPTRG00000008939	1	protein_coding				not_required	
ENSPTRG00000008957	ENSPTRG00000008957	direct	exact_protein_coding	ENSPTRG00000008957	1	protein_coding				not_required	
ENSPTRG00000008959	ENSPTRG00000008959	direct	exact_protein_coding	ENSPTRG00000008959	1	protein_coding				not_required	
ENSPTRG00000008965	ENSPTRG00000008965	direct	exact_protein_coding	ENSPTRG00000008965	1	protein_coding				not_required	
ENSPTRG00000008972	ENSPTRG00000008972	direct	exact_protein_coding	ENSPTRG00000008972	1	protein_coding				not_required	
ENSPTRG00000008986	ENSPTRG00000008986	direct	exact_protein_coding	ENSPTRG00000008986	1	protein_coding				not_required	
ENSPTRG00000008989	ENSPTRG00000008989	direct	exact_protein_coding	ENSPTRG00000008989	1	protein_coding				not_required	
ENSPTRG00000009010	ENSPTRG00000009010	direct	exact_protein_coding	ENSPTRG00000009010	1	protein_coding				not_required	
ENSPTRG00000009012	ENSPTRG00000009012	direct	exact_protein_coding	ENSPTRG00000009012	1	protein_coding				not_required	
ENSPTRG00000009020	ENSPTRG00000009020	direct	exact_protein_coding	ENSPTRG00000009020	1	protein_coding				not_required	
ENSPTRG00000009026	ENSPTRG00000009026	direct	exact_protein_coding	ENSPTRG00000009026	1	protein_coding				not_required	
ENSPTRG00000009048	ENSPTRG00000009048	direct	exact_protein_coding	ENSPTRG00000009048	1	protein_coding				not_required	
ENSPTRG00000009049	ENSPTRG00000009049	direct	exact_protein_coding	ENSPTRG00000009049	1	protein_coding				not_required	
ENSPTRG00000009075		ensembl_archive	candidate_not_in_local_release115_gtf	ENSPTRG00000009075	1		64	ENSPTRG00000009075.2		success	Archive candidate was not found in the local Ensembl 115 GTF
ENSPTRG00000009079	ENSPTRG00000009079	direct	exact_protein_coding	ENSPTRG00000009079	1	protein_coding				not_required	
ENSPTRG00000009081	ENSPTRG00000009081	direct	exact_protein_coding	ENSPTRG00000009081	1	protein_coding				not_required	
ENSPTRG00000009086	ENSPTRG00000009086	direct	exact_protein_coding	ENSPTRG00000009086	1	protein_coding				not_required	
ENSPTRG00000009096	ENSPTRG00000009096	direct	exact_protein_coding	ENSPTRG00000009096	1	protein_coding				not_required	
ENSPTRG00000009101	ENSPTRG00000009101	direct	exact_protein_coding	ENSPTRG00000009101	1	protein_coding				not_required	
ENSPTRG00000009107	ENSPTRG00000009107	direct	exact_protein_coding	ENSPTRG00000009107	1	protein_coding				not_required	
ENSPTRG00000009109	ENSPTRG00000009109	direct	exact_protein_coding	ENSPTRG00000009109	1	protein_coding				not_required	
ENSPTRG00000009111	ENSPTRG00000009111	direct	exact_protein_coding	ENSPTRG00000009111	1	protein_coding				not_required	
ENSPTRG00000009120	ENSPTRG00000009120	direct	exact_protein_coding	ENSPTRG00000009120	1	protein_coding				not_required	
ENSPTRG00000009175	ENSPTRG00000009175	direct	exact_protein_coding	ENSPTRG00000009175	1	protein_coding				not_required	
ENSPTRG00000009180	ENSPTRG00000009180	direct	exact_protein_coding	ENSPTRG00000009180	1	protein_coding				not_required	
ENSPTRG00000009188	ENSPTRG00000009188	direct	exact_protein_coding	ENSPTRG00000009188	1	protein_coding				not_required	
ENSPTRG00000009189	ENSPTRG00000009189	direct	exact_protein_coding	ENSPTRG00000009189	1	protein_coding				not_required	
ENSPTRG00000009194	ENSPTRG00000009194	direct	exact_protein_coding	ENSPTRG00000009194	1	protein_coding				not_required	
ENSPTRG00000009197	ENSPTRG00000009197	direct	exact_protein_coding	ENSPTRG00000009197	1	protein_coding				not_required	
ENSPTRG00000009207	ENSPTRG00000009207	direct	exact_protein_coding	ENSPTRG00000009207	1	protein_coding				not_required	
ENSPTRG00000009208	ENSPTRG00000009208	direct	exact_protein_coding	ENSPTRG00000009208	1	protein_coding				not_required	
ENSPTRG00000009210	ENSPTRG00000009210	direct	exact_protein_coding	ENSPTRG00000009210	1	protein_coding				not_required	
ENSPTRG00000009218		ensembl_archive	candidate_not_in_local_release115_gtf	ENSPTRG00000009218	1		90	ENSPTRG00000009218.4		success	Archive candidate was not found in the local Ensembl 115 GTF
ENSPTRG00000009219	ENSPTRG00000009219	direct	exact_protein_coding	ENSPTRG00000009219	1	protein_coding				not_required	
ENSPTRG00000009222	ENSPTRG00000009222	direct	exact_protein_coding	ENSPTRG00000009222	1	protein_coding				not_required	
ENSPTRG00000009225	ENSPTRG00000009225	direct	exact_protein_coding	ENSPTRG00000009225	1	protein_coding				not_required	
ENSPTRG00000009230	ENSPTRG00000009230	direct	exact_protein_coding	ENSPTRG00000009230	1	protein_coding				not_required	
ENSPTRG00000009232	ENSPTRG00000009232	direct	exact_protein_coding	ENSPTRG00000009232	1	protein_coding				not_required	
ENSPTRG00000009234	ENSPTRG00000009234	direct	exact_protein_coding	ENSPTRG00000009234	1	protein_coding				not_required	
ENSPTRG00000009250		ensembl_archive	candidate_not_in_local_release115_gtf	ENSPTRG00000009250	1		64	ENSPTRG00000009250.3		success	Archive candidate was not found in the local Ensembl 115 GTF
ENSPTRG00000009261	ENSPTRG00000009261	direct	exact_protein_coding	ENSPTRG00000009261	1	protein_coding				not_required	
ENSPTRG00000009262	ENSPTRG00000009262	direct	exact_protein_coding	ENSPTRG00000009262	1	protein_coding				not_required	
ENSPTRG00000009266	ENSPTRG00000009266	direct	exact_protein_coding	ENSPTRG00000009266	1	protein_coding				not_required	
ENSPTRG00000009282	ENSPTRG00000009282	direct	exact_protein_coding	ENSPTRG00000009282	1	protein_coding				not_required	
ENSPTRG00000009287	ENSPTRG00000009287	direct	exact_protein_coding	ENSPTRG00000009287	1	protein_coding				not_required	
ENSPTRG00000009294	ENSPTRG00000009294	direct	exact_protein_coding	ENSPTRG00000009294	1	protein_coding				not_required	
ENSPTRG00000009295	ENSPTRG00000009295	direct	exact_protein_coding	ENSPTRG00000009295	1	protein_coding				not_required	
ENSPTRG00000009298		ensembl_archive	candidate_not_in_local_release115_gtf	ENSPTRG00000009298	1		64	ENSPTRG00000009298.2		success	Archive candidate was not found in the local Ensembl 115 GTF
ENSPTRG00000009306	ENSPTRG00000009306	direct	exact_protein_coding	ENSPTRG00000009306	1	protein_coding				not_required	
ENSPTRG00000009323	ENSPTRG00000009323	direct	exact_protein_coding	ENSPTRG00000009323	1	protein_coding				not_required	
ENSPTRG00000009337	ENSPTRG00000009337	direct	exact_protein_coding	ENSPTRG00000009337	1	protein_coding				not_required	
ENSPTRG00000009349	ENSPTRG00000009349	direct	exact_protein_coding	ENSPTRG00000009349	1	protein_coding				not_required	
ENSPTRG00000009364	ENSPTRG00000009364	direct	exact_protein_coding	ENSPTRG00000009364	1	protein_coding				not_required	
ENSPTRG00000009365	ENSPTRG00000009365	direct	exact_protein_coding	ENSPTRG00000009365	1	protein_coding				not_required	
ENSPTRG00000009366		ensembl_archive	candidate_not_in_local_release115_gtf	ENSPTRG00000009366	1		64	ENSPTRG00000009366.3		success	Archive candidate was not found in the local Ensembl 115 GTF
ENSPTRG00000009370	ENSPTRG00000009370	direct	exact_protein_coding	ENSPTRG00000009370	1	protein_coding				not_required	
ENSPTRG00000009376	ENSPTRG00000009376	direct	exact_protein_coding	ENSPTRG00000009376	1	protein_coding				not_required	
ENSPTRG00000009381	ENSPTRG00000009381	direct	exact_protein_coding	ENSPTRG00000009381	1	protein_coding				not_required	
ENSPTRG00000009395	ENSPTRG00000009395	direct	exact_protein_coding	ENSPTRG00000009395	1	protein_coding				not_required	
ENSPTRG00000009396	ENSPTRG00000009396	direct	exact_protein_coding	ENSPTRG00000009396	1	protein_coding				not_required	
ENSPTRG00000009407	ENSPTRG00000009407	direct	exact_protein_coding	ENSPTRG00000009407	1	protein_coding				not_required	
ENSPTRG00000009415		ensembl_archive	candidate_not_in_local_release115_gtf	ENSPTRG00000009415	1		90	ENSPTRG00000009415.4		success	Archive candidate was not found in the local Ensembl 115 GTF
ENSPTRG00000009422	ENSPTRG00000009422	direct	exact_protein_coding	ENSPTRG00000009422	1	protein_coding				not_required	
ENSPTRG00000009426		ensembl_archive	candidate_not_in_local_release115_gtf	ENSPTRG00000009426	1		90	ENSPTRG00000009426.4		success	Archive candidate was not found in the local Ensembl 115 GTF
ENSPTRG00000009440	ENSPTRG00000009440	direct	exact_protein_coding	ENSPTRG00000009440	1	protein_coding				not_required	
ENSPTRG00000009441	ENSPTRG00000009441	direct	exact_protein_coding	ENSPTRG00000009441	1	protein_coding				not_required	
ENSPTRG00000009444	ENSPTRG00000009444	direct	exact_protein_coding	ENSPTRG00000009444	1	protein_coding				not_required	
ENSPTRG00000009451	ENSPTRG00000009451	direct	exact_protein_coding	ENSPTRG00000009451	1	protein_coding				not_required	
ENSPTRG00000009465	ENSPTRG00000009465	direct	exact_protein_coding	ENSPTRG00000009465	1	protein_coding				not_required	
ENSPTRG00000009475	ENSPTRG00000009475	direct	exact_protein_coding	ENSPTRG00000009475	1	protein_coding				not_required	
ENSPTRG00000009477	ENSPTRG00000009477	direct	exact_protein_coding	ENSPTRG00000009477	1	protein_coding				not_required	
ENSPTRG00000009481	ENSPTRG00000009481	direct	exact_protein_coding	ENSPTRG00000009481	1	protein_coding				not_required	
ENSPTRG00000009492	ENSPTRG00000009492	direct	exact_protein_coding	ENSPTRG00000009492	1	protein_coding				not_required	
ENSPTRG00000009504	ENSPTRG00000009504	direct	exact_protein_coding	ENSPTRG00000009504	1	protein_coding				not_required	
ENSPTRG00000009508	ENSPTRG00000009508	direct	exact_protein_coding	ENSPTRG00000009508	1	protein_coding				not_required	
ENSPTRG00000009516	ENSPTRG00000009516	direct	exact_protein_coding	ENSPTRG00000009516	1	protein_coding				not_required	
ENSPTRG00000009522	ENSPTRG00000009522	direct	exact_protein_coding	ENSPTRG00000009522	1	protein_coding				not_required	
ENSPTRG00000009523	ENSPTRG00000009523	direct	exact_protein_coding	ENSPTRG00000009523	1	protein_coding				not_required	
ENSPTRG00000009524	ENSPTRG00000009524	direct	exact_protein_coding	ENSPTRG00000009524	1	protein_coding				not_required	
ENSPTRG00000009525	ENSPTRG00000009525	direct	exact_protein_coding	ENSPTRG00000009525	1	protein_coding				not_required	
ENSPTRG00000009543	ENSPTRG00000009543	direct	exact_protein_coding	ENSPTRG00000009543	1	protein_coding				not_required	
ENSPTRG00000009551	ENSPTRG00000009551	direct	exact_protein_coding	ENSPTRG00000009551	1	protein_coding				not_required	
ENSPTRG00000009552	ENSPTRG00000009552	direct	exact_protein_coding	ENSPTRG00000009552	1	protein_coding				not_required	
ENSPTRG00000009564	ENSPTRG00000009564	direct	exact_protein_coding	ENSPTRG00000009564	1	protein_coding				not_required	
ENSPTRG00000009566	ENSPTRG00000009566	direct	exact_protein_coding	ENSPTRG00000009566	1	protein_coding				not_required	
ENSPTRG00000009569	ENSPTRG00000009569	direct	exact_protein_coding	ENSPTRG00000009569	1	protein_coding				not_required	
ENSPTRG00000009577	ENSPTRG00000009577	direct	exact_protein_coding	ENSPTRG00000009577	1	protein_coding				not_required	
ENSPTRG00000009579	ENSPTRG00000009579	direct	exact_protein_coding	ENSPTRG00000009579	1	protein_coding				not_required	
ENSPTRG00000009585		ensembl_archive	candidate_not_in_local_release115_gtf	ENSPTRG00000009585	1		64	ENSPTRG00000009585.3		success	Archive candidate was not found in the local Ensembl 115 GTF
ENSPTRG00000009595	ENSPTRG00000009595	direct	exact_protein_coding	ENSPTRG00000009595	1	protein_coding				not_required	
ENSPTRG00000009599		ensembl_archive	candidate_not_in_local_release115_gtf	ENSPTRG00000009599	1		90	ENSPTRG00000009599.4		success	Archive candidate was not found in the local Ensembl 115 GTF
ENSPTRG00000009617	ENSPTRG00000009617	direct	exact_protein_coding	ENSPTRG00000009617	1	protein_coding				not_required	
ENSPTRG00000009618	ENSPTRG00000009618	direct	exact_protein_coding	ENSPTRG00000009618	1	protein_coding				not_required	
ENSPTRG00000009627	ENSPTRG00000009627	direct	exact_protein_coding	ENSPTRG00000009627	1	protein_coding				not_required	
ENSPTRG00000009628	ENSPTRG00000009628	direct	exact_protein_coding	ENSPTRG00000009628	1	protein_coding				not_required	
ENSPTRG00000009632	ENSPTRG00000009632	direct	exact_protein_coding	ENSPTRG00000009632	1	protein_coding				not_required	
ENSPTRG00000009639	ENSPTRG00000009639	direct	exact_protein_coding	ENSPTRG00000009639	1	protein_coding				not_required	
ENSPTRG00000009640	ENSPTRG00000009640	direct	exact_protein_coding	ENSPTRG00000009640	1	protein_coding				not_required	
ENSPTRG00000009642	ENSPTRG00000009642	direct	exact_protein_coding	ENSPTRG00000009642	1	protein_coding				not_required	
ENSPTRG00000009645	ENSPTRG00000009645	direct	exact_protein_coding	ENSPTRG00000009645	1	protein_coding				not_required	
ENSPTRG00000009651	ENSPTRG00000009651	direct	exact_protein_coding	ENSPTRG00000009651	1	protein_coding				not_required	
ENSPTRG00000009652	ENSPTRG00000009652	direct	exact_protein_coding	ENSPTRG00000009652	1	protein_coding				not_required	
ENSPTRG00000009660	ENSPTRG00000009660	direct	exact_protein_coding	ENSPTRG00000009660	1	protein_coding				not_required	
ENSPTRG00000009667	ENSPTRG00000009667	direct	exact_protein_coding	ENSPTRG00000009667	1	protein_coding				not_required	
ENSPTRG00000009670	ENSPTRG00000009670	direct	exact_protein_coding	ENSPTRG00000009670	1	protein_coding				not_required	
ENSPTRG00000009673	ENSPTRG00000009673	direct	exact_protein_coding	ENSPTRG00000009673	1	protein_coding				not_required	
ENSPTRG00000009676	ENSPTRG00000009676	direct	exact_protein_coding	ENSPTRG00000009676	1	protein_coding				not_required	
ENSPTRG00000009678	ENSPTRG00000009678	direct	exact_protein_coding	ENSPTRG00000009678	1	protein_coding				not_required	
ENSPTRG00000009688	ENSPTRG00000009688	direct	exact_protein_coding	ENSPTRG00000009688	1	protein_coding				not_required	
ENSPTRG00000009692	ENSPTRG00000009692	direct	exact_protein_coding	ENSPTRG00000009692	1	protein_coding				not_required	
ENSPTRG00000009693	ENSPTRG00000009693	direct	exact_protein_coding	ENSPTRG00000009693	1	protein_coding				not_required	
ENSPTRG00000009701	ENSPTRG00000009701	direct	exact_protein_coding	ENSPTRG00000009701	1	protein_coding				not_required	
ENSPTRG00000009703		ensembl_archive	candidate_not_in_local_release115_gtf	ENSPTRG00000009703	1		64	ENSPTRG00000009703.2		success	Archive candidate was not found in the local Ensembl 115 GTF
ENSPTRG00000009710	ENSPTRG00000009710	direct	exact_protein_coding	ENSPTRG00000009710	1	protein_coding				not_required	
ENSPTRG00000009717	ENSPTRG00000009717	direct	exact_protein_coding	ENSPTRG00000009717	1	protein_coding				not_required	
ENSPTRG00000009720		ensembl_archive	candidate_not_in_local_release115_gtf	ENSPTRG00000009720	1		64	ENSPTRG00000009720.4		success	Archive candidate was not found in the local Ensembl 115 GTF
ENSPTRG00000009723	ENSPTRG00000009723	direct	exact_protein_coding	ENSPTRG00000009723	1	protein_coding				not_required	
ENSPTRG00000009725	ENSPTRG00000009725	direct	exact_protein_coding	ENSPTRG00000009725	1	protein_coding				not_required	
ENSPTRG00000009736	ENSPTRG00000009736	direct	exact_protein_coding	ENSPTRG00000009736	1	protein_coding				not_required	
ENSPTRG00000009745	ENSPTRG00000009745	direct	exact_protein_coding	ENSPTRG00000009745	1	protein_coding				not_required	
ENSPTRG00000009748	ENSPTRG00000009748	direct	exact_protein_coding	ENSPTRG00000009748	1	protein_coding				not_required	
ENSPTRG00000009749		ensembl_archive	candidate_not_in_local_release115_gtf	ENSPTRG00000009749	1		64	ENSPTRG00000009749.2		success	Archive candidate was not found in the local Ensembl 115 GTF
ENSPTRG00000009750	ENSPTRG00000009750	direct	exact_protein_coding	ENSPTRG00000009750	1	protein_coding				not_required	
ENSPTRG00000009755	ENSPTRG00000009755	direct	exact_protein_coding	ENSPTRG00000009755	1	protein_coding				not_required	
ENSPTRG00000009762	ENSPTRG00000009762	direct	exact_protein_coding	ENSPTRG00000009762	1	protein_coding				not_required	
ENSPTRG00000009764	ENSPTRG00000009764	direct	exact_protein_coding	ENSPTRG00000009764	1	protein_coding				not_required	
ENSPTRG00000009767	ENSPTRG00000009767	direct	exact_protein_coding	ENSPTRG00000009767	1	protein_coding				not_required	
ENSPTRG00000009769		ensembl_archive	candidate_not_in_local_release115_gtf	ENSPTRG00000009769	1		64	ENSPTRG00000009769.4		success	Archive candidate was not found in the local Ensembl 115 GTF
ENSPTRG00000009773	ENSPTRG00000009773	direct	exact_protein_coding	ENSPTRG00000009773	1	protein_coding				not_required	
ENSPTRG00000009775	ENSPTRG00000009775	direct	exact_protein_coding	ENSPTRG00000009775	1	protein_coding				not_required	
ENSPTRG00000009782	ENSPTRG00000009782	direct	exact_protein_coding	ENSPTRG00000009782	1	protein_coding				not_required	
ENSPTRG00000009783	ENSPTRG00000009783	direct	exact_protein_coding	ENSPTRG00000009783	1	protein_coding				not_required	
ENSPTRG00000009787	ENSPTRG00000009787	direct	exact_protein_coding	ENSPTRG00000009787	1	protein_coding				not_required	
ENSPTRG00000009788	ENSPTRG00000009788	direct	exact_protein_coding	ENSPTRG00000009788	1	protein_coding				not_required	
ENSPTRG00000009790	ENSPTRG00000009790	direct	exact_protein_coding	ENSPTRG00000009790	1	protein_coding				not_required	
ENSPTRG00000009794	ENSPTRG00000009794	direct	exact_protein_coding	ENSPTRG00000009794	1	protein_coding				not_required	
ENSPTRG00000009802	ENSPTRG00000009802	direct	exact_protein_coding	ENSPTRG00000009802	1	protein_coding				not_required	
ENSPTRG00000009803	ENSPTRG00000009803	direct	exact_protein_coding	ENSPTRG00000009803	1	protein_coding				not_required	
ENSPTRG00000009804	ENSPTRG00000009804	direct	exact_protein_coding	ENSPTRG00000009804	1	protein_coding				not_required	
ENSPTRG00000009805	ENSPTRG00000009805	direct	exact_protein_coding	ENSPTRG00000009805	1	protein_coding				not_required	
ENSPTRG00000009807	ENSPTRG00000009807	direct	exact_protein_coding	ENSPTRG00000009807	1	protein_coding				not_required	
ENSPTRG00000009809	ENSPTRG00000009809	direct	exact_protein_coding	ENSPTRG00000009809	1	protein_coding				not_required	
ENSPTRG00000009810	ENSPTRG00000009810	direct	exact_protein_coding	ENSPTRG00000009810	1	protein_coding				not_required	
ENSPTRG00000009813	ENSPTRG00000009813	direct	exact_protein_coding	ENSPTRG00000009813	1	protein_coding				not_required	
ENSPTRG00000009815	ENSPTRG00000009815	direct	exact_protein_coding	ENSPTRG00000009815	1	protein_coding				not_required	
ENSPTRG00000009836	ENSPTRG00000009836	direct	exact_protein_coding	ENSPTRG00000009836	1	protein_coding				not_required	
ENSPTRG00000009840		ensembl_archive	candidate_not_in_local_release115_gtf	ENSPTRG00000009840	1		90	ENSPTRG00000009840.3		success	Archive candidate was not found in the local Ensembl 115 GTF
ENSPTRG00000009853	ENSPTRG00000009853	direct	exact_protein_coding	ENSPTRG00000009853	1	protein_coding				not_required	
ENSPTRG00000009856	ENSPTRG00000009856	direct	exact_protein_coding	ENSPTRG00000009856	1	protein_coding				not_required	
ENSPTRG00000009859	ENSPTRG00000009859	direct	exact_protein_coding	ENSPTRG00000009859	1	protein_coding				not_required	
ENSPTRG00000009864		ensembl_archive	candidate_not_in_local_release115_gtf	ENSPTRG00000009864	1		90	ENSPTRG00000009864.2		success	Archive candidate was not found in the local Ensembl 115 GTF
ENSPTRG00000009872	ENSPTRG00000009872	direct	exact_protein_coding	ENSPTRG00000009872	1	protein_coding				not_required	
ENSPTRG00000009878	ENSPTRG00000009878	direct	exact_protein_coding	ENSPTRG00000009878	1	protein_coding				not_required	
ENSPTRG00000009879	ENSPTRG00000009879	direct	exact_protein_coding	ENSPTRG00000009879	1	protein_coding				not_required	
ENSPTRG00000009883	ENSPTRG00000009883	direct	exact_protein_coding	ENSPTRG00000009883	1	protein_coding				not_required	
ENSPTRG00000009885	ENSPTRG00000009885	direct	exact_protein_coding	ENSPTRG00000009885	1	protein_coding				not_required	
ENSPTRG00000009889	ENSPTRG00000009889	direct	exact_protein_coding	ENSPTRG00000009889	1	protein_coding				not_required	
ENSPTRG00000009890	ENSPTRG00000009890	direct	exact_protein_coding	ENSPTRG00000009890	1	protein_coding				not_required	
ENSPTRG00000009897	ENSPTRG00000009897	direct	exact_protein_coding	ENSPTRG00000009897	1	protein_coding				not_required	
ENSPTRG00000009904	ENSPTRG00000009904	direct	exact_protein_coding	ENSPTRG00000009904	1	protein_coding				not_required	
ENSPTRG00000009909	ENSPTRG00000009909	direct	exact_protein_coding	ENSPTRG00000009909	1	protein_coding				not_required	
ENSPTRG00000009919	ENSPTRG00000009919	direct	exact_protein_coding	ENSPTRG00000009919	1	protein_coding				not_required	
ENSPTRG00000009920	ENSPTRG00000009920	direct	exact_protein_coding	ENSPTRG00000009920	1	protein_coding				not_required	
ENSPTRG00000009958	ENSPTRG00000009958	direct	exact_protein_coding	ENSPTRG00000009958	1	protein_coding				not_required	
ENSPTRG00000009972	ENSPTRG00000009972	direct	exact_protein_coding	ENSPTRG00000009972	1	protein_coding				not_required	
ENSPTRG00000009991	ENSPTRG00000009991	direct	exact_protein_coding	ENSPTRG00000009991	1	protein_coding				not_required	
ENSPTRG00000009993	ENSPTRG00000009993	direct	exact_protein_coding	ENSPTRG00000009993	1	protein_coding				not_required	
ENSPTRG00000010005		ensembl_archive	candidate_not_in_local_release115_gtf	ENSPTRG00000010005	1		90	ENSPTRG00000010005.6		success	Archive candidate was not found in the local Ensembl 115 GTF
ENSPTRG00000010022	ENSPTRG00000010022	direct	exact_protein_coding	ENSPTRG00000010022	1	protein_coding				not_required	
ENSPTRG00000010033	ENSPTRG00000010033	direct	exact_protein_coding	ENSPTRG00000010033	1	protein_coding				not_required	
ENSPTRG00000010041	ENSPTRG00000010041	direct	exact_protein_coding	ENSPTRG00000010041	1	protein_coding				not_required	
ENSPTRG00000010045	ENSPTRG00000010045	direct	exact_protein_coding	ENSPTRG00000010045	1	protein_coding				not_required	
ENSPTRG00000010047	ENSPTRG00000010047	direct	exact_protein_coding	ENSPTRG00000010047	1	protein_coding				not_required	
ENSPTRG00000010080	ENSPTRG00000010080	direct	exact_protein_coding	ENSPTRG00000010080	1	protein_coding				not_required	
ENSPTRG00000010083	ENSPTRG00000010083	direct	exact_protein_coding	ENSPTRG00000010083	1	protein_coding				not_required	
ENSPTRG00000010099	ENSPTRG00000010099	direct	exact_protein_coding	ENSPTRG00000010099	1	protein_coding				not_required	
ENSPTRG00000010105	ENSPTRG00000010105	direct	exact_protein_coding	ENSPTRG00000010105	1	protein_coding				not_required	
ENSPTRG00000010110	ENSPTRG00000010110	direct	exact_protein_coding	ENSPTRG00000010110	1	protein_coding				not_required	
ENSPTRG00000010119		ensembl_archive	candidate_not_in_local_release115_gtf	ENSPTRG00000010119	1		90	ENSPTRG00000010119.3		success	Archive candidate was not found in the local Ensembl 115 GTF
ENSPTRG00000010135	ENSPTRG00000010135	direct	exact_protein_coding	ENSPTRG00000010135	1	protein_coding				not_required	
ENSPTRG00000010136		ensembl_archive	candidate_not_in_local_release115_gtf	ENSPTRG00000010136	1		90	ENSPTRG00000010136.4		success	Archive candidate was not found in the local Ensembl 115 GTF
ENSPTRG00000010137	ENSPTRG00000010137	direct	exact_protein_coding	ENSPTRG00000010137	1	protein_coding				not_required	
ENSPTRG00000010155	ENSPTRG00000010155	direct	exact_protein_coding	ENSPTRG00000010155	1	protein_coding				not_required	
ENSPTRG00000010157	ENSPTRG00000010157	direct	exact_protein_coding	ENSPTRG00000010157	1	protein_coding				not_required	
ENSPTRG00000010161	ENSPTRG00000010161	direct	exact_protein_coding	ENSPTRG00000010161	1	protein_coding				not_required	
ENSPTRG00000010168	ENSPTRG00000010168	direct	exact_protein_coding	ENSPTRG00000010168	1	protein_coding				not_required	
ENSPTRG00000010174	ENSPTRG00000010174	direct	exact_protein_coding	ENSPTRG00000010174	1	protein_coding				not_required	
ENSPTRG00000010176	ENSPTRG00000010176	direct	exact_protein_coding	ENSPTRG00000010176	1	protein_coding				not_required	
ENSPTRG00000010180	ENSPTRG00000010180	direct	exact_protein_coding	ENSPTRG00000010180	1	protein_coding				not_required	
ENSPTRG00000010183	ENSPTRG00000010183	direct	exact_protein_coding	ENSPTRG00000010183	1	protein_coding				not_required	
ENSPTRG00000010190	ENSPTRG00000010190	direct	exact_protein_coding	ENSPTRG00000010190	1	protein_coding				not_required	
ENSPTRG00000010196	ENSPTRG00000010196	direct	exact_protein_coding	ENSPTRG00000010196	1	protein_coding				not_required	
ENSPTRG00000010200	ENSPTRG00000010200	direct	exact_protein_coding	ENSPTRG00000010200	1	protein_coding				not_required	
ENSPTRG00000010203	ENSPTRG00000010203	direct	exact_protein_coding	ENSPTRG00000010203	1	protein_coding				not_required	
ENSPTRG00000010209	ENSPTRG00000010209	direct	exact_protein_coding	ENSPTRG00000010209	1	protein_coding				not_required	
ENSPTRG00000010210	ENSPTRG00000010210	direct	exact_protein_coding	ENSPTRG00000010210	1	protein_coding				not_required	
ENSPTRG00000010221	ENSPTRG00000010221	direct	exact_protein_coding	ENSPTRG00000010221	1	protein_coding				not_required	
ENSPTRG00000010223	ENSPTRG00000010223	direct	exact_protein_coding	ENSPTRG00000010223	1	protein_coding				not_required	
ENSPTRG00000010226	ENSPTRG00000010226	direct	exact_protein_coding	ENSPTRG00000010226	1	protein_coding				not_required	
ENSPTRG00000010230	ENSPTRG00000010230	direct	exact_protein_coding	ENSPTRG00000010230	1	protein_coding				not_required	
ENSPTRG00000010233	ENSPTRG00000010233	direct	exact_protein_coding	ENSPTRG00000010233	1	protein_coding				not_required	
ENSPTRG00000010237	ENSPTRG00000010237	direct	exact_protein_coding	ENSPTRG00000010237	1	protein_coding				not_required	
ENSPTRG00000010243	ENSPTRG00000010243	direct	exact_protein_coding	ENSPTRG00000010243	1	protein_coding				not_required	
ENSPTRG00000010258	ENSPTRG00000010258	direct	exact_protein_coding	ENSPTRG00000010258	1	protein_coding				not_required	
ENSPTRG00000010261	ENSPTRG00000010261	direct	exact_protein_coding	ENSPTRG00000010261	1	protein_coding				not_required	
ENSPTRG00000010263	ENSPTRG00000010263	direct	exact_protein_coding	ENSPTRG00000010263	1	protein_coding				not_required	
ENSPTRG00000010272	ENSPTRG00000010272	direct	exact_protein_coding	ENSPTRG00000010272	1	protein_coding				not_required	
ENSPTRG00000010275	ENSPTRG00000010275	direct	exact_protein_coding	ENSPTRG00000010275	1	protein_coding				not_required	
ENSPTRG00000010276	ENSPTRG00000010276	direct	exact_protein_coding	ENSPTRG00000010276	1	protein_coding				not_required	
ENSPTRG00000010286	ENSPTRG00000010286	direct	exact_protein_coding	ENSPTRG00000010286	1	protein_coding				not_required	
ENSPTRG00000010288	ENSPTRG00000010288	direct	exact_protein_coding	ENSPTRG00000010288	1	protein_coding				not_required	
ENSPTRG00000010294	ENSPTRG00000010294	direct	exact_protein_coding	ENSPTRG00000010294	1	protein_coding				not_required	
ENSPTRG00000010296	ENSPTRG00000010296	direct	exact_protein_coding	ENSPTRG00000010296	1	protein_coding				not_required	
ENSPTRG00000010299	ENSPTRG00000010299	direct	exact_protein_coding	ENSPTRG00000010299	1	protein_coding				not_required	
ENSPTRG00000010308	ENSPTRG00000010308	direct	exact_protein_coding	ENSPTRG00000010308	1	protein_coding				not_required	
ENSPTRG00000010310	ENSPTRG00000010310	direct	exact_protein_coding	ENSPTRG00000010310	1	protein_coding				not_required	
ENSPTRG00000010319	ENSPTRG00000010319	direct	exact_protein_coding	ENSPTRG00000010319	1	protein_coding				not_required	
ENSPTRG00000010322	ENSPTRG00000010322	direct	exact_protein_coding	ENSPTRG00000010322	1	protein_coding				not_required	
ENSPTRG00000010334	ENSPTRG00000010334	direct	exact_protein_coding	ENSPTRG00000010334	1	protein_coding				not_required	
ENSPTRG00000010335	ENSPTRG00000010335	direct	exact_protein_coding	ENSPTRG00000010335	1	protein_coding				not_required	
ENSPTRG00000010336	ENSPTRG00000010336	direct	exact_protein_coding	ENSPTRG00000010336	1	protein_coding				not_required	
ENSPTRG00000010338	ENSPTRG00000010338	direct	exact_protein_coding	ENSPTRG00000010338	1	protein_coding				not_required	
ENSPTRG00000010339	ENSPTRG00000010339	direct	exact_protein_coding	ENSPTRG00000010339	1	protein_coding				not_required	
ENSPTRG00000010349	ENSPTRG00000010349	direct	exact_protein_coding	ENSPTRG00000010349	1	protein_coding				not_required	
ENSPTRG00000010359	ENSPTRG00000010359	direct	exact_protein_coding	ENSPTRG00000010359	1	protein_coding				not_required	
ENSPTRG00000010387	ENSPTRG00000010387	direct	exact_protein_coding	ENSPTRG00000010387	1	protein_coding				not_required	
ENSPTRG00000010392	ENSPTRG00000010392	direct	exact_protein_coding	ENSPTRG00000010392	1	protein_coding				not_required	
ENSPTRG00000010395	ENSPTRG00000010395	direct	exact_protein_coding	ENSPTRG00000010395	1	protein_coding				not_required	
ENSPTRG00000010400		ensembl_archive	candidate_not_in_local_release115_gtf	ENSPTRG00000010400	1		90	ENSPTRG00000010400.5		success	Archive candidate was not found in the local Ensembl 115 GTF
ENSPTRG00000010412	ENSPTRG00000010412	direct	exact_protein_coding	ENSPTRG00000010412	1	protein_coding				not_required	
ENSPTRG00000010416	ENSPTRG00000010416	direct	exact_protein_coding	ENSPTRG00000010416	1	protein_coding				not_required	
ENSPTRG00000010418	ENSPTRG00000010418	direct	exact_protein_coding	ENSPTRG00000010418	1	protein_coding				not_required	
ENSPTRG00000010422	ENSPTRG00000010422	direct	exact_protein_coding	ENSPTRG00000010422	1	protein_coding				not_required	
ENSPTRG00000010427	ENSPTRG00000010427	direct	exact_protein_coding	ENSPTRG00000010427	1	protein_coding				not_required	
ENSPTRG00000010432		ensembl_archive	candidate_not_in_local_release115_gtf	ENSPTRG00000010432	1		90	ENSPTRG00000010432.3		success	Archive candidate was not found in the local Ensembl 115 GTF
ENSPTRG00000010448	ENSPTRG00000010448	direct	exact_protein_coding	ENSPTRG00000010448	1	protein_coding				not_required	
ENSPTRG00000010450	ENSPTRG00000010450	direct	exact_protein_coding	ENSPTRG00000010450	1	protein_coding				not_required	
ENSPTRG00000010451	ENSPTRG00000010451	direct	exact_protein_coding	ENSPTRG00000010451	1	protein_coding				not_required	
ENSPTRG00000010460	ENSPTRG00000010460	direct	exact_protein_coding	ENSPTRG00000010460	1	protein_coding				not_required	
ENSPTRG00000010462	ENSPTRG00000010462	direct	exact_protein_coding	ENSPTRG00000010462	1	protein_coding				not_required	
ENSPTRG00000010469	ENSPTRG00000010469	direct	exact_protein_coding	ENSPTRG00000010469	1	protein_coding				not_required	
ENSPTRG00000010473	ENSPTRG00000010473	direct	exact_protein_coding	ENSPTRG00000010473	1	protein_coding				not_required	
ENSPTRG00000010481	ENSPTRG00000010481	direct	exact_protein_coding	ENSPTRG00000010481	1	protein_coding				not_required	
ENSPTRG00000010486	ENSPTRG00000010486	direct	exact_protein_coding	ENSPTRG00000010486	1	protein_coding				not_required	
ENSPTRG00000010487	ENSPTRG00000010487	direct	exact_protein_coding	ENSPTRG00000010487	1	protein_coding				not_required	
ENSPTRG00000010505	ENSPTRG00000010505	direct	exact_protein_coding	ENSPTRG00000010505	1	protein_coding				not_required	
ENSPTRG00000010508	ENSPTRG00000010508	direct	exact_protein_coding	ENSPTRG00000010508	1	protein_coding				not_required	
ENSPTRG00000010531	ENSPTRG00000010531	direct	exact_protein_coding	ENSPTRG00000010531	1	protein_coding				not_required	
ENSPTRG00000010532	ENSPTRG00000010532	direct	exact_protein_coding	ENSPTRG00000010532	1	protein_coding				not_required	
ENSPTRG00000010536	ENSPTRG00000010536	direct	exact_protein_coding	ENSPTRG00000010536	1	protein_coding				not_required	
ENSPTRG00000010537	ENSPTRG00000010537	direct	exact_protein_coding	ENSPTRG00000010537	1	protein_coding				not_required	
ENSPTRG00000010539	ENSPTRG00000010539	direct	exact_protein_coding	ENSPTRG00000010539	1	protein_coding				not_required	
ENSPTRG00000010541	ENSPTRG00000010541	direct	exact_protein_coding	ENSPTRG00000010541	1	protein_coding				not_required	
ENSPTRG00000010546	ENSPTRG00000010546	direct	exact_protein_coding	ENSPTRG00000010546	1	protein_coding				not_required	
ENSPTRG00000010550	ENSPTRG00000010550	direct	exact_protein_coding	ENSPTRG00000010550	1	protein_coding				not_required	
ENSPTRG00000010552	ENSPTRG00000010552	direct	exact_protein_coding	ENSPTRG00000010552	1	protein_coding				not_required	
ENSPTRG00000010553	ENSPTRG00000010553	direct	exact_protein_coding	ENSPTRG00000010553	1	protein_coding				not_required	
ENSPTRG00000010557	ENSPTRG00000010557	direct	exact_protein_coding	ENSPTRG00000010557	1	protein_coding				not_required	
ENSPTRG00000010559	ENSPTRG00000010559	direct	exact_protein_coding	ENSPTRG00000010559	1	protein_coding				not_required	
ENSPTRG00000010565	ENSPTRG00000010565	direct	exact_protein_coding	ENSPTRG00000010565	1	protein_coding				not_required	
ENSPTRG00000010571	ENSPTRG00000010571	direct	exact_protein_coding	ENSPTRG00000010571	1	protein_coding				not_required	
ENSPTRG00000010585	ENSPTRG00000010585	direct	exact_protein_coding	ENSPTRG00000010585	1	protein_coding				not_required	
ENSPTRG00000010589	ENSPTRG00000010589	direct	exact_protein_coding	ENSPTRG00000010589	1	protein_coding				not_required	
ENSPTRG00000010593	ENSPTRG00000010593	direct	exact_protein_coding	ENSPTRG00000010593	1	protein_coding				not_required	
ENSPTRG00000010596	ENSPTRG00000010596	direct	exact_protein_coding	ENSPTRG00000010596	1	protein_coding				not_required	
ENSPTRG00000010601	ENSPTRG00000010601	direct	exact_protein_coding	ENSPTRG00000010601	1	protein_coding				not_required	
ENSPTRG00000010619	ENSPTRG00000010619	direct	exact_protein_coding	ENSPTRG00000010619	1	protein_coding				not_required	
ENSPTRG00000010622	ENSPTRG00000010622	direct	exact_protein_coding	ENSPTRG00000010622	1	protein_coding				not_required	
ENSPTRG00000010641	ENSPTRG00000010641	direct	exact_protein_coding	ENSPTRG00000010641	1	protein_coding				not_required	
ENSPTRG00000010647	ENSPTRG00000010647	direct	exact_protein_coding	ENSPTRG00000010647	1	protein_coding				not_required	
ENSPTRG00000010648	ENSPTRG00000010648	direct	exact_protein_coding	ENSPTRG00000010648	1	protein_coding				not_required	
ENSPTRG00000010658	ENSPTRG00000010658	direct	exact_protein_coding	ENSPTRG00000010658	1	protein_coding				not_required	
ENSPTRG00000010659	ENSPTRG00000010659	direct	exact_protein_coding	ENSPTRG00000010659	1	protein_coding				not_required	
ENSPTRG00000010660	ENSPTRG00000010660	direct	exact_protein_coding	ENSPTRG00000010660	1	protein_coding				not_required	
ENSPTRG00000010663		ensembl_archive	candidate_not_in_local_release115_gtf	ENSPTRG00000010663	1		90	ENSPTRG00000010663.5		success	Archive candidate was not found in the local Ensembl 115 GTF
ENSPTRG00000010664	ENSPTRG00000010664	direct	exact_protein_coding	ENSPTRG00000010664	1	protein_coding				not_required	
ENSPTRG00000010670	ENSPTRG00000010670	direct	exact_protein_coding	ENSPTRG00000010670	1	protein_coding				not_required	
ENSPTRG00000010673	ENSPTRG00000010673	direct	exact_protein_coding	ENSPTRG00000010673	1	protein_coding				not_required	
ENSPTRG00000010680	ENSPTRG00000010680	direct	exact_protein_coding	ENSPTRG00000010680	1	protein_coding				not_required	
ENSPTRG00000010686	ENSPTRG00000010686	direct	exact_protein_coding	ENSPTRG00000010686	1	protein_coding				not_required	
ENSPTRG00000010688	ENSPTRG00000010688	direct	exact_protein_coding	ENSPTRG00000010688	1	protein_coding				not_required	
ENSPTRG00000010696	ENSPTRG00000010696	direct	exact_protein_coding	ENSPTRG00000010696	1	protein_coding				not_required	
ENSPTRG00000010712	ENSPTRG00000010712	direct	exact_protein_coding	ENSPTRG00000010712	1	protein_coding				not_required	
ENSPTRG00000010713	ENSPTRG00000010713	direct	exact_protein_coding	ENSPTRG00000010713	1	protein_coding				not_required	
ENSPTRG00000010715	ENSPTRG00000010715	direct	exact_protein_coding	ENSPTRG00000010715	1	protein_coding				not_required	
ENSPTRG00000010723	ENSPTRG00000010723	direct	exact_protein_coding	ENSPTRG00000010723	1	protein_coding				not_required	
ENSPTRG00000010725	ENSPTRG00000010725	direct	exact_protein_coding	ENSPTRG00000010725	1	protein_coding				not_required	
ENSPTRG00000010730	ENSPTRG00000010730	direct	exact_protein_coding	ENSPTRG00000010730	1	protein_coding				not_required	
ENSPTRG00000010731	ENSPTRG00000010731	direct	exact_protein_coding	ENSPTRG00000010731	1	protein_coding				not_required	
ENSPTRG00000010732	ENSPTRG00000010732	direct	exact_protein_coding	ENSPTRG00000010732	1	protein_coding				not_required	
ENSPTRG00000010733	ENSPTRG00000010733	direct	exact_protein_coding	ENSPTRG00000010733	1	protein_coding				not_required	
ENSPTRG00000010741	ENSPTRG00000010741	direct	exact_protein_coding	ENSPTRG00000010741	1	protein_coding				not_required	
ENSPTRG00000010747	ENSPTRG00000010747	direct	exact_protein_coding	ENSPTRG00000010747	1	protein_coding				not_required	
ENSPTRG00000010752	ENSPTRG00000010752	direct	exact_protein_coding	ENSPTRG00000010752	1	protein_coding				not_required	
ENSPTRG00000010755	ENSPTRG00000010755	direct	exact_protein_coding	ENSPTRG00000010755	1	protein_coding				not_required	
ENSPTRG00000010772		ensembl_archive	candidate_not_in_local_release115_gtf	ENSPTRG00000010772	1		90	ENSPTRG00000010772.5		success	Archive candidate was not found in the local Ensembl 115 GTF
ENSPTRG00000010777	ENSPTRG00000010777	direct	exact_protein_coding	ENSPTRG00000010777	1	protein_coding				not_required	
ENSPTRG00000010779	ENSPTRG00000010779	direct	exact_protein_coding	ENSPTRG00000010779	1	protein_coding				not_required	
ENSPTRG00000010781	ENSPTRG00000010781	direct	exact_protein_coding	ENSPTRG00000010781	1	protein_coding				not_required	
ENSPTRG00000010791	ENSPTRG00000010791	direct	exact_protein_coding	ENSPTRG00000010791	1	protein_coding				not_required	
ENSPTRG00000010792	ENSPTRG00000010792	direct	exact_protein_coding	ENSPTRG00000010792	1	protein_coding				not_required	
ENSPTRG00000010808		ensembl_archive	candidate_not_in_local_release115_gtf	ENSPTRG00000010808	1		90	ENSPTRG00000010808.3		success	Archive candidate was not found in the local Ensembl 115 GTF
ENSPTRG00000010816	ENSPTRG00000010816	direct	exact_protein_coding	ENSPTRG00000010816	1	protein_coding				not_required	
ENSPTRG00000010817	ENSPTRG00000010817	direct	exact_protein_coding	ENSPTRG00000010817	1	protein_coding				not_required	
ENSPTRG00000010824	ENSPTRG00000010824	direct	exact_protein_coding	ENSPTRG00000010824	1	protein_coding				not_required	
ENSPTRG00000010833	ENSPTRG00000010833	direct	exact_protein_coding	ENSPTRG00000010833	1	protein_coding				not_required	
ENSPTRG00000010836	ENSPTRG00000010836	direct	exact_protein_coding	ENSPTRG00000010836	1	protein_coding				not_required	
ENSPTRG00000010849	ENSPTRG00000010849	direct	exact_protein_coding	ENSPTRG00000010849	1	protein_coding				not_required	
ENSPTRG00000010852	ENSPTRG00000010852	direct	exact_protein_coding	ENSPTRG00000010852	1	protein_coding				not_required	
ENSPTRG00000010854	ENSPTRG00000010854	direct	exact_protein_coding	ENSPTRG00000010854	1	protein_coding				not_required	
ENSPTRG00000010860	ENSPTRG00000010860	direct	exact_protein_coding	ENSPTRG00000010860	1	protein_coding				not_required	
ENSPTRG00000010878	ENSPTRG00000010878	direct	exact_protein_coding	ENSPTRG00000010878	1	protein_coding				not_required	
ENSPTRG00000010885	ENSPTRG00000010885	direct	exact_protein_coding	ENSPTRG00000010885	1	protein_coding				not_required	
ENSPTRG00000010886	ENSPTRG00000010886	direct	exact_protein_coding	ENSPTRG00000010886	1	protein_coding				not_required	
ENSPTRG00000010887	ENSPTRG00000010887	direct	exact_protein_coding	ENSPTRG00000010887	1	protein_coding				not_required	
ENSPTRG00000010891		ensembl_archive	candidate_not_in_local_release115_gtf	ENSPTRG00000010891	1		90	ENSPTRG00000010891.4		success	Archive candidate was not found in the local Ensembl 115 GTF
ENSPTRG00000010923	ENSPTRG00000010923	direct	exact_protein_coding	ENSPTRG00000010923	1	protein_coding				not_required	
ENSPTRG00000010924	ENSPTRG00000010924	direct	exact_protein_coding	ENSPTRG00000010924	1	protein_coding				not_required	
ENSPTRG00000010926	ENSPTRG00000010926	direct	exact_protein_coding	ENSPTRG00000010926	1	protein_coding				not_required	
ENSPTRG00000010929	ENSPTRG00000010929	direct	exact_protein_coding	ENSPTRG00000010929	1	protein_coding				not_required	
ENSPTRG00000010933	ENSPTRG00000010933	direct	exact_protein_coding	ENSPTRG00000010933	1	protein_coding				not_required	
ENSPTRG00000010934	ENSPTRG00000010934	direct	exact_protein_coding	ENSPTRG00000010934	1	protein_coding				not_required	
ENSPTRG00000010940	ENSPTRG00000010940	direct	exact_protein_coding	ENSPTRG00000010940	1	protein_coding				not_required	
ENSPTRG00000010941	ENSPTRG00000010941	direct	exact_protein_coding	ENSPTRG00000010941	1	protein_coding				not_required	
ENSPTRG00000010945	ENSPTRG00000010945	direct	exact_protein_coding	ENSPTRG00000010945	1	protein_coding				not_required	
ENSPTRG00000010947	ENSPTRG00000010947	direct	exact_protein_coding	ENSPTRG00000010947	1	protein_coding				not_required	
ENSPTRG00000010948	ENSPTRG00000010948	direct	exact_protein_coding	ENSPTRG00000010948	1	protein_coding				not_required	
ENSPTRG00000010961	ENSPTRG00000010961	direct	exact_protein_coding	ENSPTRG00000010961	1	protein_coding				not_required	
ENSPTRG00000010966	ENSPTRG00000010966	direct	exact_protein_coding	ENSPTRG00000010966	1	protein_coding				not_required	
ENSPTRG00000010970	ENSPTRG00000010970	direct	exact_protein_coding	ENSPTRG00000010970	1	protein_coding				not_required	
ENSPTRG00000010973	ENSPTRG00000010973	direct	exact_protein_coding	ENSPTRG00000010973	1	protein_coding				not_required	
ENSPTRG00000010982	ENSPTRG00000010982	direct	exact_protein_coding	ENSPTRG00000010982	1	protein_coding				not_required	
ENSPTRG00000010986	ENSPTRG00000010986	direct	exact_protein_coding	ENSPTRG00000010986	1	protein_coding				not_required	
ENSPTRG00000011002	ENSPTRG00000011002	direct	exact_protein_coding	ENSPTRG00000011002	1	protein_coding				not_required	
ENSPTRG00000011004	ENSPTRG00000011004	direct	exact_protein_coding	ENSPTRG00000011004	1	protein_coding				not_required	
ENSPTRG00000011005	ENSPTRG00000011005	direct	exact_protein_coding	ENSPTRG00000011005	1	protein_coding				not_required	
ENSPTRG00000011006	ENSPTRG00000011006	direct	exact_protein_coding	ENSPTRG00000011006	1	protein_coding				not_required	
ENSPTRG00000011007	ENSPTRG00000011007	direct	exact_protein_coding	ENSPTRG00000011007	1	protein_coding				not_required	
ENSPTRG00000011021	ENSPTRG00000011021	direct	exact_protein_coding	ENSPTRG00000011021	1	protein_coding				not_required	
ENSPTRG00000011024	ENSPTRG00000011024	direct	exact_protein_coding	ENSPTRG00000011024	1	protein_coding				not_required	
ENSPTRG00000011025	ENSPTRG00000011025	direct	exact_protein_coding	ENSPTRG00000011025	1	protein_coding				not_required	
ENSPTRG00000011028	ENSPTRG00000011028	direct	exact_protein_coding	ENSPTRG00000011028	1	protein_coding				not_required	
ENSPTRG00000011039	ENSPTRG00000011039	direct	exact_protein_coding	ENSPTRG00000011039	1	protein_coding				not_required	
ENSPTRG00000011040	ENSPTRG00000011040	direct	exact_protein_coding	ENSPTRG00000011040	1	protein_coding				not_required	
ENSPTRG00000011046	ENSPTRG00000011046	direct	exact_protein_coding	ENSPTRG00000011046	1	protein_coding				not_required	
ENSPTRG00000011089	ENSPTRG00000011089	direct	exact_protein_coding	ENSPTRG00000011089	1	protein_coding				not_required	
ENSPTRG00000011119	ENSPTRG00000011119	direct	exact_protein_coding	ENSPTRG00000011119	1	protein_coding				not_required	
ENSPTRG00000011126	ENSPTRG00000011126	direct	exact_protein_coding	ENSPTRG00000011126	1	protein_coding				not_required	
ENSPTRG00000011131	ENSPTRG00000011131	direct	exact_protein_coding	ENSPTRG00000011131	1	protein_coding				not_required	
ENSPTRG00000011138		ensembl_archive	candidate_not_in_local_release115_gtf	ENSPTRG00000011138	1		90	ENSPTRG00000011138.2		success	Archive candidate was not found in the local Ensembl 115 GTF
ENSPTRG00000011145	ENSPTRG00000011145	direct	exact_protein_coding	ENSPTRG00000011145	1	protein_coding				not_required	
ENSPTRG00000011149	ENSPTRG00000011149	direct	exact_protein_coding	ENSPTRG00000011149	1	protein_coding				not_required	
ENSPTRG00000011152	ENSPTRG00000011152	direct	exact_protein_coding	ENSPTRG00000011152	1	protein_coding				not_required	
ENSPTRG00000011158		ensembl_archive	candidate_not_in_local_release115_gtf	ENSPTRG00000011158	1		64	ENSPTRG00000011158.2		success	Archive candidate was not found in the local Ensembl 115 GTF
ENSPTRG00000011159		ensembl_archive	candidate_not_in_local_release115_gtf	ENSPTRG00000011159	1		64	ENSPTRG00000011159.2		success	Archive candidate was not found in the local Ensembl 115 GTF
ENSPTRG00000011162	ENSPTRG00000011162	direct	exact_protein_coding	ENSPTRG00000011162	1	protein_coding				not_required	
ENSPTRG00000011163	ENSPTRG00000011163	direct	exact_protein_coding	ENSPTRG00000011163	1	protein_coding				not_required	
ENSPTRG00000011181	ENSPTRG00000011181	direct	exact_protein_coding	ENSPTRG00000011181	1	protein_coding				not_required	
ENSPTRG00000011190	ENSPTRG00000011190	direct	exact_protein_coding	ENSPTRG00000011190	1	protein_coding				not_required	
ENSPTRG00000011193		ensembl_archive	candidate_not_in_local_release115_gtf	ENSPTRG00000011193	1		90	ENSPTRG00000011193.4		success	Archive candidate was not found in the local Ensembl 115 GTF
ENSPTRG00000011197	ENSPTRG00000011197	direct	exact_protein_coding	ENSPTRG00000011197	1	protein_coding				not_required	
ENSPTRG00000011204	ENSPTRG00000011204	direct	exact_protein_coding	ENSPTRG00000011204	1	protein_coding				not_required	
ENSPTRG00000011211	ENSPTRG00000011211	direct	exact_protein_coding	ENSPTRG00000011211	1	protein_coding				not_required	
ENSPTRG00000011232	ENSPTRG00000011232	direct	exact_protein_coding	ENSPTRG00000011232	1	protein_coding				not_required	
ENSPTRG00000011234	ENSPTRG00000011234	direct	exact_protein_coding	ENSPTRG00000011234	1	protein_coding				not_required	
ENSPTRG00000011236	ENSPTRG00000011236	direct	exact_protein_coding	ENSPTRG00000011236	1	protein_coding				not_required	
ENSPTRG00000011245	ENSPTRG00000011245	direct	exact_protein_coding	ENSPTRG00000011245	1	protein_coding				not_required	
ENSPTRG00000011246	ENSPTRG00000011246	direct	exact_protein_coding	ENSPTRG00000011246	1	protein_coding				not_required	
ENSPTRG00000011254	ENSPTRG00000011254	direct	exact_protein_coding	ENSPTRG00000011254	1	protein_coding				not_required	
ENSPTRG00000011258	ENSPTRG00000011258	direct	exact_protein_coding	ENSPTRG00000011258	1	protein_coding				not_required	
ENSPTRG00000011261	ENSPTRG00000011261	direct	exact_protein_coding	ENSPTRG00000011261	1	protein_coding				not_required	
ENSPTRG00000011267	ENSPTRG00000011267	direct	exact_protein_coding	ENSPTRG00000011267	1	protein_coding				not_required	
ENSPTRG00000011269	ENSPTRG00000011269	direct	exact_protein_coding	ENSPTRG00000011269	1	protein_coding				not_required	
ENSPTRG00000011277	ENSPTRG00000011277	direct	exact_protein_coding	ENSPTRG00000011277	1	protein_coding				not_required	
ENSPTRG00000011295	ENSPTRG00000011295	direct	exact_protein_coding	ENSPTRG00000011295	1	protein_coding				not_required	
ENSPTRG00000011297	ENSPTRG00000011297	direct	exact_protein_coding	ENSPTRG00000011297	1	protein_coding				not_required	
ENSPTRG00000011298	ENSPTRG00000011298	direct	exact_protein_coding	ENSPTRG00000011298	1	protein_coding				not_required	
ENSPTRG00000011307	ENSPTRG00000011307	direct	exact_protein_coding	ENSPTRG00000011307	1	protein_coding				not_required	
ENSPTRG00000011309	ENSPTRG00000011309	direct	exact_protein_coding	ENSPTRG00000011309	1	protein_coding				not_required	
ENSPTRG00000011311		ensembl_archive	candidate_not_in_local_release115_gtf	ENSPTRG00000011311	1		64	ENSPTRG00000011311.4		success	Archive candidate was not found in the local Ensembl 115 GTF
ENSPTRG00000011321	ENSPTRG00000011321	direct	exact_protein_coding	ENSPTRG00000011321	1	protein_coding				not_required	
ENSPTRG00000011323	ENSPTRG00000011323	direct	exact_protein_coding	ENSPTRG00000011323	1	protein_coding				not_required	
ENSPTRG00000011325	ENSPTRG00000011325	direct	exact_protein_coding	ENSPTRG00000011325	1	protein_coding				not_required	
ENSPTRG00000011326	ENSPTRG00000011326	direct	exact_protein_coding	ENSPTRG00000011326	1	protein_coding				not_required	
ENSPTRG00000011333	ENSPTRG00000011333	direct	exact_protein_coding	ENSPTRG00000011333	1	protein_coding				not_required	
ENSPTRG00000011337	ENSPTRG00000011337	direct	exact_protein_coding	ENSPTRG00000011337	1	protein_coding				not_required	
ENSPTRG00000011343	ENSPTRG00000011343	direct	exact_protein_coding	ENSPTRG00000011343	1	protein_coding				not_required	
ENSPTRG00000011345	ENSPTRG00000011345	direct	exact_protein_coding	ENSPTRG00000011345	1	protein_coding				not_required	
ENSPTRG00000011350	ENSPTRG00000011350	direct	exact_protein_coding	ENSPTRG00000011350	1	protein_coding				not_required	
ENSPTRG00000011353		ensembl_archive	candidate_not_in_local_release115_gtf	ENSPTRG00000011353	1		90	ENSPTRG00000011353.4		success	Archive candidate was not found in the local Ensembl 115 GTF
ENSPTRG00000011371	ENSPTRG00000011371	direct	exact_protein_coding	ENSPTRG00000011371	1	protein_coding				not_required	
ENSPTRG00000011379	ENSPTRG00000011379	direct	exact_protein_coding	ENSPTRG00000011379	1	protein_coding				not_required	
ENSPTRG00000011423	ENSPTRG00000011423	direct	exact_protein_coding	ENSPTRG00000011423	1	protein_coding				not_required	
ENSPTRG00000011443	ENSPTRG00000011443	direct	exact_protein_coding	ENSPTRG00000011443	1	protein_coding				not_required	
ENSPTRG00000011448	ENSPTRG00000011448	direct	exact_protein_coding	ENSPTRG00000011448	1	protein_coding				not_required	
ENSPTRG00000011449	ENSPTRG00000011449	direct	exact_protein_coding	ENSPTRG00000011449	1	protein_coding				not_required	
ENSPTRG00000011484	ENSPTRG00000011484	direct	exact_protein_coding	ENSPTRG00000011484	1	protein_coding				not_required	
ENSPTRG00000011486	ENSPTRG00000011486	direct	exact_protein_coding	ENSPTRG00000011486	1	protein_coding				not_required	
ENSPTRG00000011493	ENSPTRG00000011493	direct	exact_protein_coding	ENSPTRG00000011493	1	protein_coding				not_required	
ENSPTRG00000011505	ENSPTRG00000011505	direct	exact_protein_coding	ENSPTRG00000011505	1	protein_coding				not_required	
ENSPTRG00000011519	ENSPTRG00000011519	direct	exact_protein_coding	ENSPTRG00000011519	1	protein_coding				not_required	
ENSPTRG00000011523	ENSPTRG00000011523	direct	exact_protein_coding	ENSPTRG00000011523	1	protein_coding				not_required	
ENSPTRG00000011524	ENSPTRG00000011524	direct	exact_protein_coding	ENSPTRG00000011524	1	protein_coding				not_required	
ENSPTRG00000011535	ENSPTRG00000011535	direct	exact_protein_coding	ENSPTRG00000011535	1	protein_coding				not_required	
ENSPTRG00000011555	ENSPTRG00000011555	direct	exact_protein_coding	ENSPTRG00000011555	1	protein_coding				not_required	
ENSPTRG00000011558	ENSPTRG00000011558	direct	exact_protein_coding	ENSPTRG00000011558	1	protein_coding				not_required	
ENSPTRG00000011591	ENSPTRG00000011591	direct	exact_protein_coding	ENSPTRG00000011591	1	protein_coding				not_required	
ENSPTRG00000011598	ENSPTRG00000011598	direct	exact_protein_coding	ENSPTRG00000011598	1	protein_coding				not_required	
ENSPTRG00000011599	ENSPTRG00000011599	direct	exact_protein_coding	ENSPTRG00000011599	1	protein_coding				not_required	
ENSPTRG00000011605	ENSPTRG00000011605	direct	exact_protein_coding	ENSPTRG00000011605	1	protein_coding				not_required	
ENSPTRG00000011607	ENSPTRG00000011607	direct	exact_protein_coding	ENSPTRG00000011607	1	protein_coding				not_required	
ENSPTRG00000011614	ENSPTRG00000011614	direct	exact_protein_coding	ENSPTRG00000011614	1	protein_coding				not_required	
ENSPTRG00000011621	ENSPTRG00000011621	direct	exact_protein_coding	ENSPTRG00000011621	1	protein_coding				not_required	
ENSPTRG00000011637	ENSPTRG00000011637	direct	exact_protein_coding	ENSPTRG00000011637	1	protein_coding				not_required	
ENSPTRG00000011639	ENSPTRG00000011639	direct	exact_protein_coding	ENSPTRG00000011639	1	protein_coding				not_required	
ENSPTRG00000011643	ENSPTRG00000011643	direct	exact_protein_coding	ENSPTRG00000011643	1	protein_coding				not_required	
ENSPTRG00000011651	ENSPTRG00000011651	direct	exact_protein_coding	ENSPTRG00000011651	1	protein_coding				not_required	
ENSPTRG00000011657	ENSPTRG00000011657	direct	exact_protein_coding	ENSPTRG00000011657	1	protein_coding				not_required	
ENSPTRG00000011661	ENSPTRG00000011661	direct	exact_protein_coding	ENSPTRG00000011661	1	protein_coding				not_required	
ENSPTRG00000011666	ENSPTRG00000011666	direct	exact_protein_coding	ENSPTRG00000011666	1	protein_coding				not_required	
ENSPTRG00000011670	ENSPTRG00000011670	direct	exact_protein_coding	ENSPTRG00000011670	1	protein_coding				not_required	
ENSPTRG00000011685	ENSPTRG00000011685	direct	exact_protein_coding	ENSPTRG00000011685	1	protein_coding				not_required	
ENSPTRG00000011705	ENSPTRG00000011705	direct	exact_protein_coding	ENSPTRG00000011705	1	protein_coding				not_required	
ENSPTRG00000011709	ENSPTRG00000011709	direct	exact_protein_coding	ENSPTRG00000011709	1	protein_coding				not_required	
ENSPTRG00000011713	ENSPTRG00000011713	direct	exact_protein_coding	ENSPTRG00000011713	1	protein_coding				not_required	
ENSPTRG00000011716	ENSPTRG00000011716	direct	exact_protein_coding	ENSPTRG00000011716	1	protein_coding				not_required	
ENSPTRG00000011729		ensembl_archive	candidate_not_in_local_release115_gtf	ENSPTRG00000011729	1		90	ENSPTRG00000011729.2		success	Archive candidate was not found in the local Ensembl 115 GTF
ENSPTRG00000011732	ENSPTRG00000011732	direct	exact_protein_coding	ENSPTRG00000011732	1	protein_coding				not_required	
ENSPTRG00000011743	ENSPTRG00000011743	direct	exact_protein_coding	ENSPTRG00000011743	1	protein_coding				not_required	
ENSPTRG00000011751	ENSPTRG00000011751	direct	exact_protein_coding	ENSPTRG00000011751	1	protein_coding				not_required	
ENSPTRG00000011761	ENSPTRG00000011761	direct	exact_protein_coding	ENSPTRG00000011761	1	protein_coding				not_required	
ENSPTRG00000011766	ENSPTRG00000011766	direct	exact_protein_coding	ENSPTRG00000011766	1	protein_coding				not_required	
ENSPTRG00000011767	ENSPTRG00000011767	direct	exact_protein_coding	ENSPTRG00000011767	1	protein_coding				not_required	
ENSPTRG00000011769	ENSPTRG00000011769	direct	exact_protein_coding	ENSPTRG00000011769	1	protein_coding				not_required	
ENSPTRG00000011777	ENSPTRG00000011777	direct	exact_protein_coding	ENSPTRG00000011777	1	protein_coding				not_required	
ENSPTRG00000011783	ENSPTRG00000011783	direct	exact_protein_coding	ENSPTRG00000011783	1	protein_coding				not_required	
ENSPTRG00000011788	ENSPTRG00000011788	direct	exact_protein_coding	ENSPTRG00000011788	1	protein_coding				not_required	
ENSPTRG00000011801	ENSPTRG00000011801	direct	exact_protein_coding	ENSPTRG00000011801	1	protein_coding				not_required	
ENSPTRG00000011811	ENSPTRG00000011811	direct	exact_protein_coding	ENSPTRG00000011811	1	protein_coding				not_required	
ENSPTRG00000011815	ENSPTRG00000011815	direct	exact_protein_coding	ENSPTRG00000011815	1	protein_coding				not_required	
ENSPTRG00000011816	ENSPTRG00000011816	direct	exact_protein_coding	ENSPTRG00000011816	1	protein_coding				not_required	
ENSPTRG00000011817	ENSPTRG00000011817	direct	exact_protein_coding	ENSPTRG00000011817	1	protein_coding				not_required	
ENSPTRG00000011825	ENSPTRG00000011825	direct	exact_protein_coding	ENSPTRG00000011825	1	protein_coding				not_required	
ENSPTRG00000011834	ENSPTRG00000011834	direct	exact_protein_coding	ENSPTRG00000011834	1	protein_coding				not_required	
ENSPTRG00000011858	ENSPTRG00000011858	direct	exact_protein_coding	ENSPTRG00000011858	1	protein_coding				not_required	
ENSPTRG00000011860	ENSPTRG00000011860	direct	exact_protein_coding	ENSPTRG00000011860	1	protein_coding				not_required	
ENSPTRG00000011865	ENSPTRG00000011865	direct	exact_protein_coding	ENSPTRG00000011865	1	protein_coding				not_required	
ENSPTRG00000011873	ENSPTRG00000011873	direct	exact_protein_coding	ENSPTRG00000011873	1	protein_coding				not_required	
ENSPTRG00000011874	ENSPTRG00000011874	direct	exact_protein_coding	ENSPTRG00000011874	1	protein_coding				not_required	
ENSPTRG00000011880	ENSPTRG00000011880	direct	exact_protein_coding	ENSPTRG00000011880	1	protein_coding				not_required	
ENSPTRG00000011896	ENSPTRG00000011896	direct	exact_protein_coding	ENSPTRG00000011896	1	protein_coding				not_required	
ENSPTRG00000011916	ENSPTRG00000011916	direct	exact_protein_coding	ENSPTRG00000011916	1	protein_coding				not_required	
ENSPTRG00000011921		ensembl_archive	candidate_not_in_local_release115_gtf	ENSPTRG00000011921	1		90	ENSPTRG00000011921.4		success	Archive candidate was not found in the local Ensembl 115 GTF
ENSPTRG00000011924	ENSPTRG00000011924	direct	exact_protein_coding	ENSPTRG00000011924	1	protein_coding				not_required	
ENSPTRG00000011929	ENSPTRG00000011929	direct	exact_protein_coding	ENSPTRG00000011929	1	protein_coding				not_required	
ENSPTRG00000011934	ENSPTRG00000011934	direct	exact_protein_coding	ENSPTRG00000011934	1	protein_coding				not_required	
ENSPTRG00000011941	ENSPTRG00000011941	direct	exact_protein_coding	ENSPTRG00000011941	1	protein_coding				not_required	
ENSPTRG00000011942	ENSPTRG00000011942	direct	exact_protein_coding	ENSPTRG00000011942	1	protein_coding				not_required	
ENSPTRG00000011951	ENSPTRG00000011951	direct	exact_protein_coding	ENSPTRG00000011951	1	protein_coding				not_required	
ENSPTRG00000011963	ENSPTRG00000011963	direct	exact_protein_coding	ENSPTRG00000011963	1	protein_coding				not_required	
ENSPTRG00000011966	ENSPTRG00000011966	direct	exact_protein_coding	ENSPTRG00000011966	1	protein_coding				not_required	
ENSPTRG00000011976	ENSPTRG00000011976	direct	exact_protein_coding	ENSPTRG00000011976	1	protein_coding				not_required	
ENSPTRG00000011989	ENSPTRG00000011989	direct	exact_protein_coding	ENSPTRG00000011989	1	protein_coding				not_required	
ENSPTRG00000011990	ENSPTRG00000011990	direct	exact_protein_coding	ENSPTRG00000011990	1	protein_coding				not_required	
ENSPTRG00000011992	ENSPTRG00000011992	direct	exact_protein_coding	ENSPTRG00000011992	1	protein_coding				not_required	
ENSPTRG00000011999	ENSPTRG00000011999	direct	exact_protein_coding	ENSPTRG00000011999	1	protein_coding				not_required	
ENSPTRG00000012007	ENSPTRG00000012007	direct	exact_protein_coding	ENSPTRG00000012007	1	protein_coding				not_required	
ENSPTRG00000012016	ENSPTRG00000012016	direct	exact_protein_coding	ENSPTRG00000012016	1	protein_coding				not_required	
ENSPTRG00000012022	ENSPTRG00000012022	direct	exact_protein_coding	ENSPTRG00000012022	1	protein_coding				not_required	
ENSPTRG00000012025	ENSPTRG00000012025	direct	exact_protein_coding	ENSPTRG00000012025	1	protein_coding				not_required	
ENSPTRG00000012030		ensembl_archive	candidate_not_in_local_release115_gtf	ENSPTRG00000012030	1		90	ENSPTRG00000012030.2		success	Archive candidate was not found in the local Ensembl 115 GTF
ENSPTRG00000012040	ENSPTRG00000012040	direct	exact_protein_coding	ENSPTRG00000012040	1	protein_coding				not_required	
ENSPTRG00000012043	ENSPTRG00000012043	direct	exact_protein_coding	ENSPTRG00000012043	1	protein_coding				not_required	
ENSPTRG00000012045	ENSPTRG00000012045	direct	exact_protein_coding	ENSPTRG00000012045	1	protein_coding				not_required	
ENSPTRG00000012049	ENSPTRG00000012049	direct	exact_protein_coding	ENSPTRG00000012049	1	protein_coding				not_required	
ENSPTRG00000012059	ENSPTRG00000012059	direct	exact_protein_coding	ENSPTRG00000012059	1	protein_coding				not_required	
ENSPTRG00000012069	ENSPTRG00000012069	direct	exact_protein_coding	ENSPTRG00000012069	1	protein_coding				not_required	
ENSPTRG00000012071	ENSPTRG00000012071	direct	exact_protein_coding	ENSPTRG00000012071	1	protein_coding				not_required	
ENSPTRG00000012074	ENSPTRG00000012074	direct	exact_protein_coding	ENSPTRG00000012074	1	protein_coding				not_required	
ENSPTRG00000012078	ENSPTRG00000012078	direct	exact_protein_coding	ENSPTRG00000012078	1	protein_coding				not_required	
ENSPTRG00000012088	ENSPTRG00000012088	direct	exact_protein_coding	ENSPTRG00000012088	1	protein_coding				not_required	
ENSPTRG00000012094	ENSPTRG00000012094	direct	exact_protein_coding	ENSPTRG00000012094	1	protein_coding				not_required	
ENSPTRG00000012097	ENSPTRG00000012097	direct	exact_protein_coding	ENSPTRG00000012097	1	protein_coding				not_required	
ENSPTRG00000012099	ENSPTRG00000012099	direct	exact_protein_coding	ENSPTRG00000012099	1	protein_coding				not_required	
ENSPTRG00000012105	ENSPTRG00000012105	direct	exact_protein_coding	ENSPTRG00000012105	1	protein_coding				not_required	
ENSPTRG00000012108	ENSPTRG00000012108	direct	exact_protein_coding	ENSPTRG00000012108	1	protein_coding				not_required	
ENSPTRG00000012110	ENSPTRG00000012110	direct	exact_protein_coding	ENSPTRG00000012110	1	protein_coding				not_required	
ENSPTRG00000012127	ENSPTRG00000012127	direct	exact_protein_coding	ENSPTRG00000012127	1	protein_coding				not_required	
ENSPTRG00000012134	ENSPTRG00000012134	direct	exact_protein_coding	ENSPTRG00000012134	1	protein_coding				not_required	
ENSPTRG00000012141	ENSPTRG00000012141	direct	exact_protein_coding	ENSPTRG00000012141	1	protein_coding				not_required	
ENSPTRG00000012149	ENSPTRG00000012149	direct	exact_protein_coding	ENSPTRG00000012149	1	protein_coding				not_required	
ENSPTRG00000012152	ENSPTRG00000012152	direct	exact_protein_coding	ENSPTRG00000012152	1	protein_coding				not_required	
ENSPTRG00000012159	ENSPTRG00000012159	direct	exact_protein_coding	ENSPTRG00000012159	1	protein_coding				not_required	
ENSPTRG00000012163		ensembl_archive	candidate_not_in_local_release115_gtf	ENSPTRG00000012163	1		64	ENSPTRG00000012163.3		success	Archive candidate was not found in the local Ensembl 115 GTF
ENSPTRG00000012167	ENSPTRG00000012167	direct	exact_protein_coding	ENSPTRG00000012167	1	protein_coding				not_required	
ENSPTRG00000012173	ENSPTRG00000012173	direct	exact_protein_coding	ENSPTRG00000012173	1	protein_coding				not_required	
ENSPTRG00000012174	ENSPTRG00000012174	direct	exact_protein_coding	ENSPTRG00000012174	1	protein_coding				not_required	
ENSPTRG00000012207	ENSPTRG00000012207	direct	exact_protein_coding	ENSPTRG00000012207	1	protein_coding				not_required	
ENSPTRG00000012209	ENSPTRG00000012209	direct	exact_protein_coding	ENSPTRG00000012209	1	protein_coding				not_required	
ENSPTRG00000012214	ENSPTRG00000050697	ensembl_archive	rescued_one_to_one	ENSPTRG00000012214;ENSPTRG00000050697	2	protein_coding	90	ENSPTRG00000012214.2		success	
ENSPTRG00000012227	ENSPTRG00000012227	direct	exact_protein_coding	ENSPTRG00000012227	1	protein_coding				not_required	
ENSPTRG00000012228	ENSPTRG00000012228	direct	exact_protein_coding	ENSPTRG00000012228	1	protein_coding				not_required	
ENSPTRG00000012229	ENSPTRG00000012229	direct	exact_protein_coding	ENSPTRG00000012229	1	protein_coding				not_required	
ENSPTRG00000012234	ENSPTRG00000012234	direct	exact_protein_coding	ENSPTRG00000012234	1	protein_coding				not_required	
ENSPTRG00000012235	ENSPTRG00000012235	direct	exact_protein_coding	ENSPTRG00000012235	1	protein_coding				not_required	
ENSPTRG00000012239	ENSPTRG00000012239	direct	exact_protein_coding	ENSPTRG00000012239	1	protein_coding				not_required	
ENSPTRG00000012257	ENSPTRG00000012257	direct	exact_protein_coding	ENSPTRG00000012257	1	protein_coding				not_required	
ENSPTRG00000012260	ENSPTRG00000012260	direct	exact_protein_coding	ENSPTRG00000012260	1	protein_coding				not_required	
ENSPTRG00000012267	ENSPTRG00000012267	direct	exact_protein_coding	ENSPTRG00000012267	1	protein_coding				not_required	
ENSPTRG00000012268	ENSPTRG00000012268	direct	exact_protein_coding	ENSPTRG00000012268	1	protein_coding				not_required	
ENSPTRG00000012274	ENSPTRG00000012274	direct	exact_protein_coding	ENSPTRG00000012274	1	protein_coding				not_required	
ENSPTRG00000012275	ENSPTRG00000012275	direct	exact_protein_coding	ENSPTRG00000012275	1	protein_coding				not_required	
ENSPTRG00000012278	ENSPTRG00000012278	direct	exact_protein_coding	ENSPTRG00000012278	1	protein_coding				not_required	
ENSPTRG00000012279	ENSPTRG00000012279	direct	exact_protein_coding	ENSPTRG00000012279	1	protein_coding				not_required	
ENSPTRG00000012286	ENSPTRG00000012286	direct	exact_protein_coding	ENSPTRG00000012286	1	protein_coding				not_required	
ENSPTRG00000012290	ENSPTRG00000012290	direct	exact_protein_coding	ENSPTRG00000012290	1	protein_coding				not_required	
ENSPTRG00000012294	ENSPTRG00000012294	direct	exact_protein_coding	ENSPTRG00000012294	1	protein_coding				not_required	
ENSPTRG00000012310	ENSPTRG00000012310	direct	exact_protein_coding	ENSPTRG00000012310	1	protein_coding				not_required	
ENSPTRG00000012347		ensembl_archive	candidate_not_in_local_release115_gtf	ENSPTRG00000012347	1		64	ENSPTRG00000012347.2		success	Archive candidate was not found in the local Ensembl 115 GTF
ENSPTRG00000012365	ENSPTRG00000012365	direct	exact_protein_coding	ENSPTRG00000012365	1	protein_coding				not_required	
ENSPTRG00000012383	ENSPTRG00000012383	direct	exact_protein_coding	ENSPTRG00000012383	1	protein_coding				not_required	
ENSPTRG00000012385		ensembl_archive	candidate_not_in_local_release115_gtf	ENSPTRG00000012385	1		64	ENSPTRG00000012385.3		success	Archive candidate was not found in the local Ensembl 115 GTF
ENSPTRG00000012388		ensembl_archive	candidate_not_in_local_release115_gtf	ENSPTRG00000012388	1		90	ENSPTRG00000012388.3		success	Archive candidate was not found in the local Ensembl 115 GTF
ENSPTRG00000012391	ENSPTRG00000012391	direct	exact_protein_coding	ENSPTRG00000012391	1	protein_coding				not_required	
ENSPTRG00000012395	ENSPTRG00000012395	direct	exact_protein_coding	ENSPTRG00000012395	1	protein_coding				not_required	
ENSPTRG00000012401	ENSPTRG00000012401	direct	exact_protein_coding	ENSPTRG00000012401	1	protein_coding				not_required	
ENSPTRG00000012405		ensembl_archive	candidate_not_in_local_release115_gtf	ENSPTRG00000012405	1		90	ENSPTRG00000012405.3		success	Archive candidate was not found in the local Ensembl 115 GTF
ENSPTRG00000012410		ensembl_archive	candidate_not_in_local_release115_gtf	ENSPTRG00000012410	1		90	ENSPTRG00000012410.5		success	Archive candidate was not found in the local Ensembl 115 GTF
ENSPTRG00000012419	ENSPTRG00000012419	direct	exact_protein_coding	ENSPTRG00000012419	1	protein_coding				not_required	
ENSPTRG00000012420	ENSPTRG00000012420	direct	exact_protein_coding	ENSPTRG00000012420	1	protein_coding				not_required	
ENSPTRG00000012426		ensembl_archive	candidate_not_in_local_release115_gtf	ENSPTRG00000012426	1		64	ENSPTRG00000012426.4		success	Archive candidate was not found in the local Ensembl 115 GTF
ENSPTRG00000012429	ENSPTRG00000012429	direct	exact_protein_coding	ENSPTRG00000012429	1	protein_coding				not_required	
ENSPTRG00000012450	ENSPTRG00000012450	direct	exact_protein_coding	ENSPTRG00000012450	1	protein_coding				not_required	
ENSPTRG00000012451	ENSPTRG00000012451	direct	exact_protein_coding	ENSPTRG00000012451	1	protein_coding				not_required	
ENSPTRG00000012468		ensembl_archive	candidate_not_in_local_release115_gtf	ENSPTRG00000012468	1		64	ENSPTRG00000012468.3		success	Archive candidate was not found in the local Ensembl 115 GTF
ENSPTRG00000012500	ENSPTRG00000012500	direct	exact_protein_coding	ENSPTRG00000012500	1	protein_coding				not_required	
ENSPTRG00000012504	ENSPTRG00000012504	direct	exact_protein_coding	ENSPTRG00000012504	1	protein_coding				not_required	
ENSPTRG00000012511	ENSPTRG00000012511	direct	exact_protein_coding	ENSPTRG00000012511	1	protein_coding				not_required	
ENSPTRG00000012513	ENSPTRG00000012513	direct	exact_protein_coding	ENSPTRG00000012513	1	protein_coding				not_required	
ENSPTRG00000012538	ENSPTRG00000012538	direct	exact_protein_coding	ENSPTRG00000012538	1	protein_coding				not_required	
ENSPTRG00000012544	ENSPTRG00000012544	direct	exact_protein_coding	ENSPTRG00000012544	1	protein_coding				not_required	
ENSPTRG00000012554	ENSPTRG00000012554	direct	exact_protein_coding	ENSPTRG00000012554	1	protein_coding				not_required	
ENSPTRG00000012555	ENSPTRG00000012555	direct	exact_protein_coding	ENSPTRG00000012555	1	protein_coding				not_required	
ENSPTRG00000012574	ENSPTRG00000012574	direct	exact_protein_coding	ENSPTRG00000012574	1	protein_coding				not_required	
ENSPTRG00000012575	ENSPTRG00000012575	direct	exact_protein_coding	ENSPTRG00000012575	1	protein_coding				not_required	
ENSPTRG00000012583	ENSPTRG00000012583	direct	exact_protein_coding	ENSPTRG00000012583	1	protein_coding				not_required	
ENSPTRG00000012586	ENSPTRG00000012586	direct	exact_protein_coding	ENSPTRG00000012586	1	protein_coding				not_required	
ENSPTRG00000012616	ENSPTRG00000012616	direct	exact_protein_coding	ENSPTRG00000012616	1	protein_coding				not_required	
ENSPTRG00000012617	ENSPTRG00000012617	direct	exact_protein_coding	ENSPTRG00000012617	1	protein_coding				not_required	
ENSPTRG00000012620	ENSPTRG00000012620	direct	exact_protein_coding	ENSPTRG00000012620	1	protein_coding				not_required	
ENSPTRG00000012621	ENSPTRG00000012621	direct	exact_protein_coding	ENSPTRG00000012621	1	protein_coding				not_required	
ENSPTRG00000012623		ensembl_archive	candidate_not_in_local_release115_gtf	ENSPTRG00000012623	1		64	ENSPTRG00000012623.4		success	Archive candidate was not found in the local Ensembl 115 GTF
ENSPTRG00000012630	ENSPTRG00000012630	direct	exact_protein_coding	ENSPTRG00000012630	1	protein_coding				not_required	
ENSPTRG00000012634	ENSPTRG00000012634	direct	exact_protein_coding	ENSPTRG00000012634	1	protein_coding				not_required	
ENSPTRG00000012638	ENSPTRG00000012638	direct	exact_protein_coding	ENSPTRG00000012638	1	protein_coding				not_required	
ENSPTRG00000012647	ENSPTRG00000012647	direct	exact_protein_coding	ENSPTRG00000012647	1	protein_coding				not_required	
ENSPTRG00000012650	ENSPTRG00000012650	direct	exact_protein_coding	ENSPTRG00000012650	1	protein_coding				not_required	
ENSPTRG00000012653	ENSPTRG00000012653	direct	exact_protein_coding	ENSPTRG00000012653	1	protein_coding				not_required	
ENSPTRG00000012656	ENSPTRG00000012656	direct	exact_protein_coding	ENSPTRG00000012656	1	protein_coding				not_required	
ENSPTRG00000012661		ensembl_archive	candidate_not_in_local_release115_gtf	ENSPTRG00000012661	1		90	ENSPTRG00000012661.3		success	Archive candidate was not found in the local Ensembl 115 GTF
ENSPTRG00000012674	ENSPTRG00000012674	direct	exact_protein_coding	ENSPTRG00000012674	1	protein_coding				not_required	
ENSPTRG00000012677	ENSPTRG00000012677	direct	exact_protein_coding	ENSPTRG00000012677	1	protein_coding				not_required	
ENSPTRG00000012680	ENSPTRG00000012680	direct	exact_protein_coding	ENSPTRG00000012680	1	protein_coding				not_required	
ENSPTRG00000012688	ENSPTRG00000012688	direct	exact_protein_coding	ENSPTRG00000012688	1	protein_coding				not_required	
ENSPTRG00000012699		ensembl_archive	candidate_not_in_local_release115_gtf	ENSPTRG00000012699	1		90	ENSPTRG00000012699.5		success	Archive candidate was not found in the local Ensembl 115 GTF
ENSPTRG00000012717	ENSPTRG00000012717	direct	exact_protein_coding	ENSPTRG00000012717	1	protein_coding				not_required	
ENSPTRG00000012730	ENSPTRG00000012730	direct	exact_protein_coding	ENSPTRG00000012730	1	protein_coding				not_required	
ENSPTRG00000012732	ENSPTRG00000012732	direct	exact_protein_coding	ENSPTRG00000012732	1	protein_coding				not_required	
ENSPTRG00000012736	ENSPTRG00000012736	direct	exact_protein_coding	ENSPTRG00000012736	1	protein_coding				not_required	
ENSPTRG00000012771	ENSPTRG00000012771	direct	exact_protein_coding	ENSPTRG00000012771	1	protein_coding				not_required	
ENSPTRG00000012772	ENSPTRG00000012772	direct	exact_protein_coding	ENSPTRG00000012772	1	protein_coding				not_required	
ENSPTRG00000012783	ENSPTRG00000012783	direct	exact_protein_coding	ENSPTRG00000012783	1	protein_coding				not_required	
ENSPTRG00000012784	ENSPTRG00000012784	direct	exact_protein_coding	ENSPTRG00000012784	1	protein_coding				not_required	
ENSPTRG00000012785	ENSPTRG00000012785	direct	exact_protein_coding	ENSPTRG00000012785	1	protein_coding				not_required	
ENSPTRG00000012787	ENSPTRG00000012787	direct	exact_protein_coding	ENSPTRG00000012787	1	protein_coding				not_required	
ENSPTRG00000012791	ENSPTRG00000012791	direct	exact_protein_coding	ENSPTRG00000012791	1	protein_coding				not_required	
ENSPTRG00000012793	ENSPTRG00000012793	direct	exact_protein_coding	ENSPTRG00000012793	1	protein_coding				not_required	
ENSPTRG00000012794	ENSPTRG00000012794	direct	exact_protein_coding	ENSPTRG00000012794	1	protein_coding				not_required	
ENSPTRG00000012804	ENSPTRG00000012804	direct	exact_protein_coding	ENSPTRG00000012804	1	protein_coding				not_required	
ENSPTRG00000012817	ENSPTRG00000012817	direct	exact_protein_coding	ENSPTRG00000012817	1	protein_coding				not_required	
ENSPTRG00000012818	ENSPTRG00000012818	direct	exact_protein_coding	ENSPTRG00000012818	1	protein_coding				not_required	
ENSPTRG00000012839	ENSPTRG00000012839	direct	exact_protein_coding	ENSPTRG00000012839	1	protein_coding				not_required	
ENSPTRG00000012842	ENSPTRG00000012842	direct	exact_protein_coding	ENSPTRG00000012842	1	protein_coding				not_required	
ENSPTRG00000012843		ensembl_archive	candidate_not_in_local_release115_gtf	ENSPTRG00000012843	1		64	ENSPTRG00000012843.3		success	Archive candidate was not found in the local Ensembl 115 GTF
ENSPTRG00000012848	ENSPTRG00000012848	direct	exact_protein_coding	ENSPTRG00000012848	1	protein_coding				not_required	
ENSPTRG00000012874		ensembl_archive	candidate_not_in_local_release115_gtf	ENSPTRG00000012874	1		64	ENSPTRG00000012874.4		success	Archive candidate was not found in the local Ensembl 115 GTF
ENSPTRG00000012891	ENSPTRG00000012891	direct	exact_protein_coding	ENSPTRG00000012891	1	protein_coding				not_required	
ENSPTRG00000012896	ENSPTRG00000012896	direct	exact_protein_coding	ENSPTRG00000012896	1	protein_coding				not_required	
ENSPTRG00000012898	ENSPTRG00000012898	direct	exact_protein_coding	ENSPTRG00000012898	1	protein_coding				not_required	
ENSPTRG00000012900	ENSPTRG00000012900	direct	exact_protein_coding	ENSPTRG00000012900	1	protein_coding				not_required	
ENSPTRG00000012911	ENSPTRG00000012911	direct	exact_protein_coding	ENSPTRG00000012911	1	protein_coding				not_required	
ENSPTRG00000012913	ENSPTRG00000012913	direct	exact_protein_coding	ENSPTRG00000012913	1	protein_coding				not_required	
ENSPTRG00000012914	ENSPTRG00000012914	direct	exact_protein_coding	ENSPTRG00000012914	1	protein_coding				not_required	
ENSPTRG00000012921	ENSPTRG00000012921	direct	exact_protein_coding	ENSPTRG00000012921	1	protein_coding				not_required	
ENSPTRG00000012924	ENSPTRG00000012924	direct	exact_protein_coding	ENSPTRG00000012924	1	protein_coding				not_required	
ENSPTRG00000012925	ENSPTRG00000012925	direct	exact_protein_coding	ENSPTRG00000012925	1	protein_coding				not_required	
ENSPTRG00000012954	ENSPTRG00000012954	direct	exact_protein_coding	ENSPTRG00000012954	1	protein_coding				not_required	
ENSPTRG00000012959	ENSPTRG00000012959	direct	exact_protein_coding	ENSPTRG00000012959	1	protein_coding				not_required	
ENSPTRG00000012961	ENSPTRG00000012961	direct	exact_protein_coding	ENSPTRG00000012961	1	protein_coding				not_required	
ENSPTRG00000012968		ensembl_archive	candidate_not_in_local_release115_gtf	ENSPTRG00000012968	1		64	ENSPTRG00000012968.3		success	Archive candidate was not found in the local Ensembl 115 GTF
ENSPTRG00000012980	ENSPTRG00000012980	direct	exact_protein_coding	ENSPTRG00000012980	1	protein_coding				not_required	
ENSPTRG00000012981	ENSPTRG00000012981	direct	exact_protein_coding	ENSPTRG00000012981	1	protein_coding				not_required	
ENSPTRG00000013014		ensembl_archive	candidate_not_in_local_release115_gtf	ENSPTRG00000013014	1		64	ENSPTRG00000013014.4		success	Archive candidate was not found in the local Ensembl 115 GTF
ENSPTRG00000013015	ENSPTRG00000013015	direct	exact_protein_coding	ENSPTRG00000013015	1	protein_coding				not_required	
ENSPTRG00000013021	ENSPTRG00000013021	direct	exact_protein_coding	ENSPTRG00000013021	1	protein_coding				not_required	
ENSPTRG00000013025	ENSPTRG00000013025	direct	exact_protein_coding	ENSPTRG00000013025	1	protein_coding				not_required	
ENSPTRG00000013051	ENSPTRG00000013051	direct	exact_protein_coding	ENSPTRG00000013051	1	protein_coding				not_required	
ENSPTRG00000013077	ENSPTRG00000013077	direct	exact_protein_coding	ENSPTRG00000013077	1	protein_coding				not_required	
ENSPTRG00000013081	ENSPTRG00000013081	direct	exact_protein_coding	ENSPTRG00000013081	1	protein_coding				not_required	
ENSPTRG00000013088	ENSPTRG00000013088	direct	exact_protein_coding	ENSPTRG00000013088	1	protein_coding				not_required	
ENSPTRG00000013094		ensembl_archive	candidate_not_in_local_release115_gtf	ENSPTRG00000013094	1		90	ENSPTRG00000013094.4		success	Archive candidate was not found in the local Ensembl 115 GTF
ENSPTRG00000013099	ENSPTRG00000013099	direct	exact_protein_coding	ENSPTRG00000013099	1	protein_coding				not_required	
ENSPTRG00000013102	ENSPTRG00000013102	direct	exact_protein_coding	ENSPTRG00000013102	1	protein_coding				not_required	
ENSPTRG00000013106		ensembl_archive	candidate_not_in_local_release115_gtf	ENSPTRG00000013106	1		90	ENSPTRG00000013106.2		success	Archive candidate was not found in the local Ensembl 115 GTF
ENSPTRG00000013107	ENSPTRG00000013107	direct	exact_protein_coding	ENSPTRG00000013107	1	protein_coding				not_required	
ENSPTRG00000013116	ENSPTRG00000013116	direct	exact_protein_coding	ENSPTRG00000013116	1	protein_coding				not_required	
ENSPTRG00000013125	ENSPTRG00000013125	direct	exact_protein_coding	ENSPTRG00000013125	1	protein_coding				not_required	
ENSPTRG00000013127	ENSPTRG00000013127	direct	exact_protein_coding	ENSPTRG00000013127	1	protein_coding				not_required	
ENSPTRG00000013128	ENSPTRG00000013128	direct	exact_protein_coding	ENSPTRG00000013128	1	protein_coding				not_required	
ENSPTRG00000013129	ENSPTRG00000013129	direct	exact_protein_coding	ENSPTRG00000013129	1	protein_coding				not_required	
ENSPTRG00000013144	ENSPTRG00000013144	direct	exact_protein_coding	ENSPTRG00000013144	1	protein_coding				not_required	
ENSPTRG00000013163	ENSPTRG00000013163	direct	exact_protein_coding	ENSPTRG00000013163	1	protein_coding				not_required	
ENSPTRG00000013164	ENSPTRG00000013164	direct	exact_protein_coding	ENSPTRG00000013164	1	protein_coding				not_required	
ENSPTRG00000013180	ENSPTRG00000013180	direct	exact_protein_coding	ENSPTRG00000013180	1	protein_coding				not_required	
ENSPTRG00000013185	ENSPTRG00000013185	direct	exact_protein_coding	ENSPTRG00000013185	1	protein_coding				not_required	
ENSPTRG00000013186	ENSPTRG00000013186	direct	exact_protein_coding	ENSPTRG00000013186	1	protein_coding				not_required	
ENSPTRG00000013188	ENSPTRG00000013188	direct	exact_protein_coding	ENSPTRG00000013188	1	protein_coding				not_required	
ENSPTRG00000013191	ENSPTRG00000013191	direct	exact_protein_coding	ENSPTRG00000013191	1	protein_coding				not_required	
ENSPTRG00000013194	ENSPTRG00000013194	direct	exact_protein_coding	ENSPTRG00000013194	1	protein_coding				not_required	
ENSPTRG00000013202	ENSPTRG00000013202	direct	exact_protein_coding	ENSPTRG00000013202	1	protein_coding				not_required	
ENSPTRG00000013204	ENSPTRG00000013204	direct	exact_protein_coding	ENSPTRG00000013204	1	protein_coding				not_required	
ENSPTRG00000013209	ENSPTRG00000013209	direct	exact_protein_coding	ENSPTRG00000013209	1	protein_coding				not_required	
ENSPTRG00000013221	ENSPTRG00000013221	direct	exact_protein_coding	ENSPTRG00000013221	1	protein_coding				not_required	
ENSPTRG00000013247	ENSPTRG00000013247	direct	exact_protein_coding	ENSPTRG00000013247	1	protein_coding				not_required	
ENSPTRG00000013250	ENSPTRG00000013250	direct	exact_protein_coding	ENSPTRG00000013250	1	protein_coding				not_required	
ENSPTRG00000013259	ENSPTRG00000013259	direct	exact_protein_coding	ENSPTRG00000013259	1	protein_coding				not_required	
ENSPTRG00000013269	ENSPTRG00000013269	direct	exact_protein_coding	ENSPTRG00000013269	1	protein_coding				not_required	
ENSPTRG00000013271	ENSPTRG00000013271	direct	exact_protein_coding	ENSPTRG00000013271	1	protein_coding				not_required	
ENSPTRG00000013275	ENSPTRG00000013275	direct	exact_protein_coding	ENSPTRG00000013275	1	protein_coding				not_required	
ENSPTRG00000013282	ENSPTRG00000013282	direct	exact_protein_coding	ENSPTRG00000013282	1	protein_coding				not_required	
ENSPTRG00000013291	ENSPTRG00000013291	direct	exact_protein_coding	ENSPTRG00000013291	1	protein_coding				not_required	
ENSPTRG00000013356	ENSPTRG00000013356	direct	exact_protein_coding	ENSPTRG00000013356	1	protein_coding				not_required	
ENSPTRG00000013359	ENSPTRG00000013359	direct	exact_protein_coding	ENSPTRG00000013359	1	protein_coding				not_required	
ENSPTRG00000013372	ENSPTRG00000013372	direct	exact_protein_coding	ENSPTRG00000013372	1	protein_coding				not_required	
ENSPTRG00000013375	ENSPTRG00000013375	direct	exact_protein_coding	ENSPTRG00000013375	1	protein_coding				not_required	
ENSPTRG00000013383	ENSPTRG00000013383	direct	exact_protein_coding	ENSPTRG00000013383	1	protein_coding				not_required	
ENSPTRG00000013399	ENSPTRG00000013399	direct	exact_protein_coding	ENSPTRG00000013399	1	protein_coding				not_required	
ENSPTRG00000013400	ENSPTRG00000013400	direct	exact_protein_coding	ENSPTRG00000013400	1	protein_coding				not_required	
ENSPTRG00000013405	ENSPTRG00000013405	direct	exact_protein_coding	ENSPTRG00000013405	1	protein_coding				not_required	
ENSPTRG00000013408	ENSPTRG00000013408	direct	exact_protein_coding	ENSPTRG00000013408	1	protein_coding				not_required	
ENSPTRG00000013410	ENSPTRG00000013410	direct	exact_protein_coding	ENSPTRG00000013410	1	protein_coding				not_required	
ENSPTRG00000013412	ENSPTRG00000013412	direct	exact_protein_coding	ENSPTRG00000013412	1	protein_coding				not_required	
ENSPTRG00000013418	ENSPTRG00000013418	direct	exact_protein_coding	ENSPTRG00000013418	1	protein_coding				not_required	
ENSPTRG00000013420	ENSPTRG00000013420	direct	exact_protein_coding	ENSPTRG00000013420	1	protein_coding				not_required	
ENSPTRG00000013424	ENSPTRG00000013424	direct	exact_protein_coding	ENSPTRG00000013424	1	protein_coding				not_required	
ENSPTRG00000013429	ENSPTRG00000013429	direct	exact_protein_coding	ENSPTRG00000013429	1	protein_coding				not_required	
ENSPTRG00000013438	ENSPTRG00000013438	direct	exact_protein_coding	ENSPTRG00000013438	1	protein_coding				not_required	
ENSPTRG00000013447	ENSPTRG00000013447	direct	exact_protein_coding	ENSPTRG00000013447	1	protein_coding				not_required	
ENSPTRG00000013448	ENSPTRG00000013448	direct	exact_protein_coding	ENSPTRG00000013448	1	protein_coding				not_required	
ENSPTRG00000013449		ensembl_archive	candidate_not_in_local_release115_gtf	ENSPTRG00000013449	1		64	ENSPTRG00000013449.5		success	Archive candidate was not found in the local Ensembl 115 GTF
ENSPTRG00000013456	ENSPTRG00000013456	direct	exact_protein_coding	ENSPTRG00000013456	1	protein_coding				not_required	
ENSPTRG00000013460	ENSPTRG00000013460	direct	exact_protein_coding	ENSPTRG00000013460	1	protein_coding				not_required	
ENSPTRG00000013461	ENSPTRG00000013461	direct	exact_protein_coding	ENSPTRG00000013461	1	protein_coding				not_required	
ENSPTRG00000013473	ENSPTRG00000013473	direct	exact_protein_coding	ENSPTRG00000013473	1	protein_coding				not_required	
ENSPTRG00000013475		ensembl_archive	candidate_not_in_local_release115_gtf	ENSPTRG00000013475	1		90	ENSPTRG00000013475.5		success	Archive candidate was not found in the local Ensembl 115 GTF
ENSPTRG00000013480	ENSPTRG00000013480	direct	exact_protein_coding	ENSPTRG00000013480	1	protein_coding				not_required	
ENSPTRG00000013481	ENSPTRG00000013481	direct	exact_protein_coding	ENSPTRG00000013481	1	protein_coding				not_required	
ENSPTRG00000013487		ensembl_archive	candidate_not_in_local_release115_gtf	ENSPTRG00000013487	1		64	ENSPTRG00000013487.4		success	Archive candidate was not found in the local Ensembl 115 GTF
ENSPTRG00000013497	ENSPTRG00000013497	direct	exact_protein_coding	ENSPTRG00000013497	1	protein_coding				not_required	
ENSPTRG00000013506	ENSPTRG00000013506	direct	exact_protein_coding	ENSPTRG00000013506	1	protein_coding				not_required	
ENSPTRG00000013521		ensembl_archive	candidate_not_in_local_release115_gtf	ENSPTRG00000013521	1		90	ENSPTRG00000013521.4		success	Archive candidate was not found in the local Ensembl 115 GTF
ENSPTRG00000013524	ENSPTRG00000013524	direct	exact_protein_coding	ENSPTRG00000013524	1	protein_coding				not_required	
ENSPTRG00000013533	ENSPTRG00000013533	direct	exact_protein_coding	ENSPTRG00000013533	1	protein_coding				not_required	
ENSPTRG00000013547	ENSPTRG00000013547	direct	exact_protein_coding	ENSPTRG00000013547	1	protein_coding				not_required	
ENSPTRG00000013563	ENSPTRG00000013563	direct	exact_protein_coding	ENSPTRG00000013563	1	protein_coding				not_required	
ENSPTRG00000013566	ENSPTRG00000013566	direct	exact_protein_coding	ENSPTRG00000013566	1	protein_coding				not_required	
ENSPTRG00000013567	ENSPTRG00000013567	direct	exact_protein_coding	ENSPTRG00000013567	1	protein_coding				not_required	
ENSPTRG00000013571	ENSPTRG00000013571	direct	exact_protein_coding	ENSPTRG00000013571	1	protein_coding				not_required	
ENSPTRG00000013573	ENSPTRG00000013573	direct	exact_protein_coding	ENSPTRG00000013573	1	protein_coding				not_required	
ENSPTRG00000013582	ENSPTRG00000013582	direct	exact_protein_coding	ENSPTRG00000013582	1	protein_coding				not_required	
ENSPTRG00000013597	ENSPTRG00000013597	direct	exact_protein_coding	ENSPTRG00000013597	1	protein_coding				not_required	
ENSPTRG00000013604		ensembl_archive	candidate_not_in_local_release115_gtf	ENSPTRG00000013604	1		64	ENSPTRG00000013604.4		success	Archive candidate was not found in the local Ensembl 115 GTF
ENSPTRG00000013609	ENSPTRG00000013609	direct	exact_protein_coding	ENSPTRG00000013609	1	protein_coding				not_required	
ENSPTRG00000013615	ENSPTRG00000013615	direct	exact_protein_coding	ENSPTRG00000013615	1	protein_coding				not_required	
ENSPTRG00000013625	ENSPTRG00000013625	direct	exact_protein_coding	ENSPTRG00000013625	1	protein_coding				not_required	
ENSPTRG00000013634	ENSPTRG00000013634	direct	exact_protein_coding	ENSPTRG00000013634	1	protein_coding				not_required	
ENSPTRG00000013645	ENSPTRG00000013645	direct	exact_protein_coding	ENSPTRG00000013645	1	protein_coding				not_required	
ENSPTRG00000013649	ENSPTRG00000013649	direct	exact_protein_coding	ENSPTRG00000013649	1	protein_coding				not_required	
ENSPTRG00000013671		ensembl_archive	candidate_not_in_local_release115_gtf	ENSPTRG00000013671	1		90	ENSPTRG00000013671.4		success	Archive candidate was not found in the local Ensembl 115 GTF
ENSPTRG00000013672	ENSPTRG00000013672	direct	exact_protein_coding	ENSPTRG00000013672	1	protein_coding				not_required	
ENSPTRG00000013681	ENSPTRG00000013681	direct	exact_protein_coding	ENSPTRG00000013681	1	protein_coding				not_required	
ENSPTRG00000013688		ensembl_archive	candidate_not_in_local_release115_gtf	ENSPTRG00000013688	1		90	ENSPTRG00000013688.4		success	Archive candidate was not found in the local Ensembl 115 GTF
ENSPTRG00000013699	ENSPTRG00000013699	direct	exact_protein_coding	ENSPTRG00000013699	1	protein_coding				not_required	
ENSPTRG00000013701	ENSPTRG00000013701	direct	exact_protein_coding	ENSPTRG00000013701	1	protein_coding				not_required	
ENSPTRG00000013704	ENSPTRG00000013704	direct	exact_protein_coding	ENSPTRG00000013704	1	protein_coding				not_required	
ENSPTRG00000013720	ENSPTRG00000013720	direct	exact_protein_coding	ENSPTRG00000013720	1	protein_coding				not_required	
ENSPTRG00000013730	ENSPTRG00000013730	direct	exact_protein_coding	ENSPTRG00000013730	1	protein_coding				not_required	
ENSPTRG00000013733	ENSPTRG00000013733	direct	exact_protein_coding	ENSPTRG00000013733	1	protein_coding				not_required	
ENSPTRG00000013747	ENSPTRG00000013747	direct	exact_protein_coding	ENSPTRG00000013747	1	protein_coding				not_required	
ENSPTRG00000013757	ENSPTRG00000013757	direct	exact_protein_coding	ENSPTRG00000013757	1	protein_coding				not_required	
ENSPTRG00000013795	ENSPTRG00000013795	direct	exact_protein_coding	ENSPTRG00000013795	1	protein_coding				not_required	
ENSPTRG00000013809	ENSPTRG00000013809	direct	exact_protein_coding	ENSPTRG00000013809	1	protein_coding				not_required	
ENSPTRG00000013811	ENSPTRG00000013811	direct	exact_protein_coding	ENSPTRG00000013811	1	protein_coding				not_required	
ENSPTRG00000013820	ENSPTRG00000013820	direct	exact_protein_coding	ENSPTRG00000013820	1	protein_coding				not_required	
ENSPTRG00000013822		ensembl_archive	candidate_not_in_local_release115_gtf	ENSPTRG00000013822	1		64	ENSPTRG00000013822.4		success	Archive candidate was not found in the local Ensembl 115 GTF
ENSPTRG00000013865	ENSPTRG00000013865	direct	exact_protein_coding	ENSPTRG00000013865	1	protein_coding				not_required	
ENSPTRG00000013866	ENSPTRG00000013866	direct	exact_protein_coding	ENSPTRG00000013866	1	protein_coding				not_required	
ENSPTRG00000013867	ENSPTRG00000013867	direct	exact_protein_coding	ENSPTRG00000013867	1	protein_coding				not_required	
ENSPTRG00000013868	ENSPTRG00000013868	direct	exact_protein_coding	ENSPTRG00000013868	1	protein_coding				not_required	
ENSPTRG00000013876	ENSPTRG00000013876	direct	exact_protein_coding	ENSPTRG00000013876	1	protein_coding				not_required	
ENSPTRG00000013877	ENSPTRG00000013877	direct	exact_protein_coding	ENSPTRG00000013877	1	protein_coding				not_required	
ENSPTRG00000013881	ENSPTRG00000013881	direct	exact_protein_coding	ENSPTRG00000013881	1	protein_coding				not_required	
ENSPTRG00000013900	ENSPTRG00000013900	direct	exact_protein_coding	ENSPTRG00000013900	1	protein_coding				not_required	
ENSPTRG00000013901	ENSPTRG00000013901	direct	exact_protein_coding	ENSPTRG00000013901	1	protein_coding				not_required	
ENSPTRG00000013907	ENSPTRG00000013907	direct	exact_protein_coding	ENSPTRG00000013907	1	protein_coding				not_required	
ENSPTRG00000013908	ENSPTRG00000013908	direct	exact_protein_coding	ENSPTRG00000013908	1	protein_coding				not_required	
ENSPTRG00000013915	ENSPTRG00000013915	direct	exact_protein_coding	ENSPTRG00000013915	1	protein_coding				not_required	
ENSPTRG00000013932	ENSPTRG00000013932	direct	exact_protein_coding	ENSPTRG00000013932	1	protein_coding				not_required	
ENSPTRG00000013949		ensembl_archive	candidate_not_in_local_release115_gtf	ENSPTRG00000013949	1		90	ENSPTRG00000013949.5		success	Archive candidate was not found in the local Ensembl 115 GTF
ENSPTRG00000013959		ensembl_archive	candidate_not_in_local_release115_gtf	ENSPTRG00000013959	1		64	ENSPTRG00000013959.5		success	Archive candidate was not found in the local Ensembl 115 GTF
ENSPTRG00000013961		ensembl_archive	candidate_not_in_local_release115_gtf	ENSPTRG00000013961	1		90	ENSPTRG00000013961.3		success	Archive candidate was not found in the local Ensembl 115 GTF
ENSPTRG00000013962	ENSPTRG00000013962	direct	exact_protein_coding	ENSPTRG00000013962	1	protein_coding				not_required	
ENSPTRG00000013964		ensembl_archive	candidate_not_in_local_release115_gtf	ENSPTRG00000013964	1		90	ENSPTRG00000013964.6		success	Archive candidate was not found in the local Ensembl 115 GTF
ENSPTRG00000013968	ENSPTRG00000013968	direct	exact_protein_coding	ENSPTRG00000013968	1	protein_coding				not_required	
ENSPTRG00000013969	ENSPTRG00000013969	direct	exact_protein_coding	ENSPTRG00000013969	1	protein_coding				not_required	
ENSPTRG00000013970		ensembl_archive	candidate_not_in_local_release115_gtf	ENSPTRG00000013970	1		64	ENSPTRG00000013970.5		success	Archive candidate was not found in the local Ensembl 115 GTF
ENSPTRG00000013976	ENSPTRG00000013976	direct	exact_protein_coding	ENSPTRG00000013976	1	protein_coding				not_required	
ENSPTRG00000013990	ENSPTRG00000013990	direct	exact_protein_coding	ENSPTRG00000013990	1	protein_coding				not_required	
ENSPTRG00000013991		ensembl_archive	candidate_not_in_local_release115_gtf	ENSPTRG00000013991	1		90	ENSPTRG00000013991.5		success	Archive candidate was not found in the local Ensembl 115 GTF
ENSPTRG00000013995	ENSPTRG00000013995	direct	exact_protein_coding	ENSPTRG00000013995	1	protein_coding				not_required	
ENSPTRG00000014034	ENSPTRG00000014034	direct	exact_protein_coding	ENSPTRG00000014034	1	protein_coding				not_required	
ENSPTRG00000014039		ensembl_archive	candidate_not_in_local_release115_gtf	ENSPTRG00000014039	1		64	ENSPTRG00000014039.3		success	Archive candidate was not found in the local Ensembl 115 GTF
ENSPTRG00000014040	ENSPTRG00000014040	direct	exact_protein_coding	ENSPTRG00000014040	1	protein_coding				not_required	
ENSPTRG00000014041	ENSPTRG00000014041	direct	exact_protein_coding	ENSPTRG00000014041	1	protein_coding				not_required	
ENSPTRG00000014046	ENSPTRG00000014046	direct	exact_protein_coding	ENSPTRG00000014046	1	protein_coding				not_required	
ENSPTRG00000014049	ENSPTRG00000014049	direct	exact_protein_coding	ENSPTRG00000014049	1	protein_coding				not_required	
ENSPTRG00000014053	ENSPTRG00000014053	direct	exact_protein_coding	ENSPTRG00000014053	1	protein_coding				not_required	
ENSPTRG00000014060	ENSPTRG00000014060	direct	exact_protein_coding	ENSPTRG00000014060	1	protein_coding				not_required	
ENSPTRG00000014061	ENSPTRG00000014061	direct	exact_protein_coding	ENSPTRG00000014061	1	protein_coding				not_required	
ENSPTRG00000014062		ensembl_archive	candidate_not_in_local_release115_gtf	ENSPTRG00000014062	1		90	ENSPTRG00000014062.4		success	Archive candidate was not found in the local Ensembl 115 GTF
ENSPTRG00000014063		ensembl_archive	candidate_not_in_local_release115_gtf	ENSPTRG00000014063	1		64	ENSPTRG00000014063.4		success	Archive candidate was not found in the local Ensembl 115 GTF
ENSPTRG00000014070	ENSPTRG00000014070	direct	exact_protein_coding	ENSPTRG00000014070	1	protein_coding				not_required	
ENSPTRG00000014072	ENSPTRG00000014072	direct	exact_protein_coding	ENSPTRG00000014072	1	protein_coding				not_required	
ENSPTRG00000014074	ENSPTRG00000014074	direct	exact_protein_coding	ENSPTRG00000014074	1	protein_coding				not_required	
ENSPTRG00000014080	ENSPTRG00000014080	direct	exact_protein_coding	ENSPTRG00000014080	1	protein_coding				not_required	
ENSPTRG00000014087	ENSPTRG00000014087	direct	exact_protein_coding	ENSPTRG00000014087	1	protein_coding				not_required	
ENSPTRG00000014097	ENSPTRG00000014097	direct	exact_protein_coding	ENSPTRG00000014097	1	protein_coding				not_required	
ENSPTRG00000014098	ENSPTRG00000014098	direct	exact_protein_coding	ENSPTRG00000014098	1	protein_coding				not_required	
ENSPTRG00000014115	ENSPTRG00000014115	direct	exact_protein_coding	ENSPTRG00000014115	1	protein_coding				not_required	
ENSPTRG00000014118	ENSPTRG00000014118	direct	exact_protein_coding	ENSPTRG00000014118	1	protein_coding				not_required	
ENSPTRG00000014121	ENSPTRG00000014121	direct	exact_protein_coding	ENSPTRG00000014121	1	protein_coding				not_required	
ENSPTRG00000014122	ENSPTRG00000014122	direct	exact_protein_coding	ENSPTRG00000014122	1	protein_coding				not_required	
ENSPTRG00000014152		ensembl_archive	candidate_not_in_local_release115_gtf	ENSPTRG00000014152	1		64	ENSPTRG00000014152.4		success	Archive candidate was not found in the local Ensembl 115 GTF
ENSPTRG00000014160	ENSPTRG00000014160	direct	exact_protein_coding	ENSPTRG00000014160	1	protein_coding				not_required	
ENSPTRG00000014166	ENSPTRG00000014166	direct	exact_protein_coding	ENSPTRG00000014166	1	protein_coding				not_required	
ENSPTRG00000014176	ENSPTRG00000014176	direct	exact_protein_coding	ENSPTRG00000014176	1	protein_coding				not_required	
ENSPTRG00000014183	ENSPTRG00000014183	direct	exact_protein_coding	ENSPTRG00000014183	1	protein_coding				not_required	
ENSPTRG00000014195	ENSPTRG00000014195	direct	exact_protein_coding	ENSPTRG00000014195	1	protein_coding				not_required	
ENSPTRG00000014202	ENSPTRG00000014202	direct	exact_protein_coding	ENSPTRG00000014202	1	protein_coding				not_required	
ENSPTRG00000014208	ENSPTRG00000014208	direct	exact_protein_coding	ENSPTRG00000014208	1	protein_coding				not_required	
ENSPTRG00000014216	ENSPTRG00000014216	direct	exact_protein_coding	ENSPTRG00000014216	1	protein_coding				not_required	
ENSPTRG00000014221	ENSPTRG00000014221	direct	exact_protein_coding	ENSPTRG00000014221	1	protein_coding				not_required	
ENSPTRG00000014225	ENSPTRG00000014225	direct	exact_protein_coding	ENSPTRG00000014225	1	protein_coding				not_required	
ENSPTRG00000014229	ENSPTRG00000014229	direct	exact_protein_coding	ENSPTRG00000014229	1	protein_coding				not_required	
ENSPTRG00000014230		ensembl_archive	candidate_not_in_local_release115_gtf	ENSPTRG00000014230	1		90	ENSPTRG00000014230.5		success	Archive candidate was not found in the local Ensembl 115 GTF
ENSPTRG00000014264	ENSPTRG00000014264	direct	exact_protein_coding	ENSPTRG00000014264	1	protein_coding				not_required	
ENSPTRG00000014268	ENSPTRG00000014268	direct	exact_protein_coding	ENSPTRG00000014268	1	protein_coding				not_required	
ENSPTRG00000014287	ENSPTRG00000014287	direct	exact_protein_coding	ENSPTRG00000014287	1	protein_coding				not_required	
ENSPTRG00000014297	ENSPTRG00000014297	direct	exact_protein_coding	ENSPTRG00000014297	1	protein_coding				not_required	
ENSPTRG00000014313	ENSPTRG00000014313	direct	exact_protein_coding	ENSPTRG00000014313	1	protein_coding				not_required	
ENSPTRG00000014314		ensembl_archive	candidate_not_in_local_release115_gtf	ENSPTRG00000014314	1		64	ENSPTRG00000014314.3		success	Archive candidate was not found in the local Ensembl 115 GTF
ENSPTRG00000014316	ENSPTRG00000014316	direct	exact_protein_coding	ENSPTRG00000014316	1	protein_coding				not_required	
ENSPTRG00000014335	ENSPTRG00000014335	direct	exact_protein_coding	ENSPTRG00000014335	1	protein_coding				not_required	
ENSPTRG00000014343	ENSPTRG00000014343	direct	exact_protein_coding	ENSPTRG00000014343	1	protein_coding				not_required	
ENSPTRG00000014346	ENSPTRG00000014346	direct	exact_protein_coding	ENSPTRG00000014346	1	protein_coding				not_required	
ENSPTRG00000014348	ENSPTRG00000014348	direct	exact_protein_coding	ENSPTRG00000014348	1	protein_coding				not_required	
ENSPTRG00000014350	ENSPTRG00000014350	direct	exact_protein_coding	ENSPTRG00000014350	1	protein_coding				not_required	
ENSPTRG00000014352	ENSPTRG00000014352	direct	exact_protein_coding	ENSPTRG00000014352	1	protein_coding				not_required	
ENSPTRG00000014356	ENSPTRG00000014356	direct	exact_protein_coding	ENSPTRG00000014356	1	protein_coding				not_required	
ENSPTRG00000014359	ENSPTRG00000014359	direct	exact_protein_coding	ENSPTRG00000014359	1	protein_coding				not_required	
ENSPTRG00000014373	ENSPTRG00000014373	direct	exact_protein_coding	ENSPTRG00000014373	1	protein_coding				not_required	
ENSPTRG00000014374	ENSPTRG00000014374	direct	exact_protein_coding	ENSPTRG00000014374	1	protein_coding				not_required	
ENSPTRG00000014375	ENSPTRG00000014375	direct	exact_protein_coding	ENSPTRG00000014375	1	protein_coding				not_required	
ENSPTRG00000014398	ENSPTRG00000014398	direct	exact_protein_coding	ENSPTRG00000014398	1	protein_coding				not_required	
ENSPTRG00000014399	ENSPTRG00000014399	direct	exact_protein_coding	ENSPTRG00000014399	1	protein_coding				not_required	
ENSPTRG00000014403	ENSPTRG00000014403	direct	exact_protein_coding	ENSPTRG00000014403	1	protein_coding				not_required	
ENSPTRG00000014407	ENSPTRG00000014407	direct	exact_protein_coding	ENSPTRG00000014407	1	protein_coding				not_required	
ENSPTRG00000014412	ENSPTRG00000014412	direct	exact_protein_coding	ENSPTRG00000014412	1	protein_coding				not_required	
ENSPTRG00000014414		ensembl_archive	candidate_not_in_local_release115_gtf	ENSPTRG00000014414	1		64	ENSPTRG00000014414.2		success	Archive candidate was not found in the local Ensembl 115 GTF
ENSPTRG00000014417	ENSPTRG00000014417	direct	exact_protein_coding	ENSPTRG00000014417	1	protein_coding				not_required	
ENSPTRG00000014427	ENSPTRG00000014427	direct	exact_protein_coding	ENSPTRG00000014427	1	protein_coding				not_required	
ENSPTRG00000014428	ENSPTRG00000014428	direct	exact_protein_coding	ENSPTRG00000014428	1	protein_coding				not_required	
ENSPTRG00000014430		ensembl_archive	candidate_not_in_local_release115_gtf	ENSPTRG00000014430	1		90	ENSPTRG00000014430.5		success	Archive candidate was not found in the local Ensembl 115 GTF
ENSPTRG00000014447		ensembl_archive	candidate_not_in_local_release115_gtf	ENSPTRG00000014447	1		90	ENSPTRG00000014447.3		success	Archive candidate was not found in the local Ensembl 115 GTF
ENSPTRG00000014448	ENSPTRG00000014448	direct	exact_protein_coding	ENSPTRG00000014448	1	protein_coding				not_required	
ENSPTRG00000014449	ENSPTRG00000014449	direct	exact_protein_coding	ENSPTRG00000014449	1	protein_coding				not_required	
ENSPTRG00000014456	ENSPTRG00000014456	direct	exact_protein_coding	ENSPTRG00000014456	1	protein_coding				not_required	
ENSPTRG00000014457		ensembl_archive	candidate_not_in_local_release115_gtf	ENSPTRG00000014457	1		64	ENSPTRG00000014457.4		success	Archive candidate was not found in the local Ensembl 115 GTF
ENSPTRG00000014461	ENSPTRG00000014461	direct	exact_protein_coding	ENSPTRG00000014461	1	protein_coding				not_required	
ENSPTRG00000014465	ENSPTRG00000014465	direct	exact_protein_coding	ENSPTRG00000014465	1	protein_coding				not_required	
ENSPTRG00000014468	ENSPTRG00000014468	direct	exact_protein_coding	ENSPTRG00000014468	1	protein_coding				not_required	
ENSPTRG00000014480	ENSPTRG00000014480	direct	exact_protein_coding	ENSPTRG00000014480	1	protein_coding				not_required	
ENSPTRG00000014483	ENSPTRG00000014483	direct	exact_protein_coding	ENSPTRG00000014483	1	protein_coding				not_required	
ENSPTRG00000014500	ENSPTRG00000014500	direct	exact_protein_coding	ENSPTRG00000014500	1	protein_coding				not_required	
ENSPTRG00000014510	ENSPTRG00000014510	direct	exact_protein_coding	ENSPTRG00000014510	1	protein_coding				not_required	
ENSPTRG00000014513	ENSPTRG00000014513	direct	exact_protein_coding	ENSPTRG00000014513	1	protein_coding				not_required	
ENSPTRG00000014516	ENSPTRG00000014516	direct	exact_protein_coding	ENSPTRG00000014516	1	protein_coding				not_required	
ENSPTRG00000014540	ENSPTRG00000014540	direct	exact_protein_coding	ENSPTRG00000014540	1	protein_coding				not_required	
ENSPTRG00000014550	ENSPTRG00000014550	direct	exact_protein_coding	ENSPTRG00000014550	1	protein_coding				not_required	
ENSPTRG00000014565	ENSPTRG00000014565	direct	exact_protein_coding	ENSPTRG00000014565	1	protein_coding				not_required	
ENSPTRG00000014567		ensembl_archive	candidate_not_in_local_release115_gtf	ENSPTRG00000014567	1		64	ENSPTRG00000014567.5		success	Archive candidate was not found in the local Ensembl 115 GTF
ENSPTRG00000014572	ENSPTRG00000014572	direct	exact_protein_coding	ENSPTRG00000014572	1	protein_coding				not_required	
ENSPTRG00000014593	ENSPTRG00000014593	direct	exact_protein_coding	ENSPTRG00000014593	1	protein_coding				not_required	
ENSPTRG00000014601	ENSPTRG00000014601	direct	exact_protein_coding	ENSPTRG00000014601	1	protein_coding				not_required	
ENSPTRG00000014606	ENSPTRG00000014606	direct	exact_protein_coding	ENSPTRG00000014606	1	protein_coding				not_required	
ENSPTRG00000014616	ENSPTRG00000014616	direct	exact_protein_coding	ENSPTRG00000014616	1	protein_coding				not_required	
ENSPTRG00000014619	ENSPTRG00000014619	direct	exact_protein_coding	ENSPTRG00000014619	1	protein_coding				not_required	
ENSPTRG00000014625	ENSPTRG00000014625	direct	exact_protein_coding	ENSPTRG00000014625	1	protein_coding				not_required	
ENSPTRG00000014628	ENSPTRG00000014628	direct	exact_protein_coding	ENSPTRG00000014628	1	protein_coding				not_required	
ENSPTRG00000014635	ENSPTRG00000014635	direct	exact_protein_coding	ENSPTRG00000014635	1	protein_coding				not_required	
ENSPTRG00000014637	ENSPTRG00000014637	direct	exact_protein_coding	ENSPTRG00000014637	1	protein_coding				not_required	
ENSPTRG00000014647	ENSPTRG00000014647	direct	exact_protein_coding	ENSPTRG00000014647	1	protein_coding				not_required	
ENSPTRG00000014648	ENSPTRG00000014648	direct	exact_protein_coding	ENSPTRG00000014648	1	protein_coding				not_required	
ENSPTRG00000014658	ENSPTRG00000014658	direct	exact_protein_coding	ENSPTRG00000014658	1	protein_coding				not_required	
ENSPTRG00000014661	ENSPTRG00000014661	direct	exact_protein_coding	ENSPTRG00000014661	1	protein_coding				not_required	
ENSPTRG00000014671		ensembl_archive	candidate_not_in_local_release115_gtf	ENSPTRG00000014671	1		90	ENSPTRG00000014671.4		success	Archive candidate was not found in the local Ensembl 115 GTF
ENSPTRG00000014672	ENSPTRG00000014672	direct	exact_protein_coding	ENSPTRG00000014672	1	protein_coding				not_required	
ENSPTRG00000014676	ENSPTRG00000014676	direct	exact_protein_coding	ENSPTRG00000014676	1	protein_coding				not_required	
ENSPTRG00000014682	ENSPTRG00000014682	direct	exact_protein_coding	ENSPTRG00000014682	1	protein_coding				not_required	
ENSPTRG00000014692		ensembl_archive	candidate_not_in_local_release115_gtf	ENSPTRG00000014692	1		64	ENSPTRG00000014692.2		success	Archive candidate was not found in the local Ensembl 115 GTF
ENSPTRG00000014693	ENSPTRG00000014693	direct	exact_protein_coding	ENSPTRG00000014693	1	protein_coding				not_required	
ENSPTRG00000014701	ENSPTRG00000014701	direct	exact_protein_coding	ENSPTRG00000014701	1	protein_coding				not_required	
ENSPTRG00000014706	ENSPTRG00000014706	direct	exact_protein_coding	ENSPTRG00000014706	1	protein_coding				not_required	
ENSPTRG00000014707	ENSPTRG00000014707	direct	exact_protein_coding	ENSPTRG00000014707	1	protein_coding				not_required	
ENSPTRG00000014709	ENSPTRG00000014709	direct	exact_protein_coding	ENSPTRG00000014709	1	protein_coding				not_required	
ENSPTRG00000014728	ENSPTRG00000014728	direct	exact_protein_coding	ENSPTRG00000014728	1	protein_coding				not_required	
ENSPTRG00000014733	ENSPTRG00000014733	direct	exact_protein_coding	ENSPTRG00000014733	1	protein_coding				not_required	
ENSPTRG00000014735	ENSPTRG00000014735	direct	exact_protein_coding	ENSPTRG00000014735	1	protein_coding				not_required	
ENSPTRG00000014748	ENSPTRG00000014748	direct	exact_protein_coding	ENSPTRG00000014748	1	protein_coding				not_required	
ENSPTRG00000014766	ENSPTRG00000014766	direct	exact_protein_coding	ENSPTRG00000014766	1	protein_coding				not_required	
ENSPTRG00000014772	ENSPTRG00000014772	direct	exact_protein_coding	ENSPTRG00000014772	1	protein_coding				not_required	
ENSPTRG00000014776	ENSPTRG00000014776	direct	exact_protein_coding	ENSPTRG00000014776	1	protein_coding				not_required	
ENSPTRG00000014779	ENSPTRG00000014779	direct	exact_protein_coding	ENSPTRG00000014779	1	protein_coding				not_required	
ENSPTRG00000014795	ENSPTRG00000014795	direct	exact_protein_coding	ENSPTRG00000014795	1	protein_coding				not_required	
ENSPTRG00000014802	ENSPTRG00000014802	direct	exact_protein_coding	ENSPTRG00000014802	1	protein_coding				not_required	
ENSPTRG00000014811	ENSPTRG00000014811	direct	exact_protein_coding	ENSPTRG00000014811	1	protein_coding				not_required	
ENSPTRG00000014815	ENSPTRG00000014815	direct	exact_protein_coding	ENSPTRG00000014815	1	protein_coding				not_required	
ENSPTRG00000014826	ENSPTRG00000014826	direct	exact_protein_coding	ENSPTRG00000014826	1	protein_coding				not_required	
ENSPTRG00000014831	ENSPTRG00000014831	direct	exact_protein_coding	ENSPTRG00000014831	1	protein_coding				not_required	
ENSPTRG00000014833	ENSPTRG00000014833	direct	exact_protein_coding	ENSPTRG00000014833	1	protein_coding				not_required	
ENSPTRG00000014862	ENSPTRG00000014862	direct	exact_protein_coding	ENSPTRG00000014862	1	protein_coding				not_required	
ENSPTRG00000014872	ENSPTRG00000014872	direct	exact_protein_coding	ENSPTRG00000014872	1	protein_coding				not_required	
ENSPTRG00000014878	ENSPTRG00000014878	direct	exact_protein_coding	ENSPTRG00000014878	1	protein_coding				not_required	
ENSPTRG00000014884	ENSPTRG00000014884	direct	exact_protein_coding	ENSPTRG00000014884	1	protein_coding				not_required	
ENSPTRG00000014885	ENSPTRG00000014885	direct	exact_protein_coding	ENSPTRG00000014885	1	protein_coding				not_required	
ENSPTRG00000014888	ENSPTRG00000014888	direct	exact_protein_coding	ENSPTRG00000014888	1	protein_coding				not_required	
ENSPTRG00000014892	ENSPTRG00000014892	direct	exact_protein_coding	ENSPTRG00000014892	1	protein_coding				not_required	
ENSPTRG00000014902	ENSPTRG00000014902	direct	exact_protein_coding	ENSPTRG00000014902	1	protein_coding				not_required	
ENSPTRG00000014905	ENSPTRG00000014905	direct	exact_protein_coding	ENSPTRG00000014905	1	protein_coding				not_required	
ENSPTRG00000014906		ensembl_archive	candidate_not_in_local_release115_gtf	ENSPTRG00000014906	1		64	ENSPTRG00000014906.3		success	Archive candidate was not found in the local Ensembl 115 GTF
ENSPTRG00000014908	ENSPTRG00000014908	direct	exact_protein_coding	ENSPTRG00000014908	1	protein_coding				not_required	
ENSPTRG00000014910	ENSPTRG00000014910	direct	exact_protein_coding	ENSPTRG00000014910	1	protein_coding				not_required	
ENSPTRG00000014911	ENSPTRG00000014911	direct	exact_protein_coding	ENSPTRG00000014911	1	protein_coding				not_required	
ENSPTRG00000014913	ENSPTRG00000014913	direct	exact_protein_coding	ENSPTRG00000014913	1	protein_coding				not_required	
ENSPTRG00000014914	ENSPTRG00000014914	direct	exact_protein_coding	ENSPTRG00000014914	1	protein_coding				not_required	
ENSPTRG00000014922	ENSPTRG00000014922	direct	exact_protein_coding	ENSPTRG00000014922	1	protein_coding				not_required	
ENSPTRG00000014923	ENSPTRG00000014923	direct	exact_protein_coding	ENSPTRG00000014923	1	protein_coding				not_required	
ENSPTRG00000014926	ENSPTRG00000014926	direct	exact_protein_coding	ENSPTRG00000014926	1	protein_coding				not_required	
ENSPTRG00000014928	ENSPTRG00000014928	direct	exact_protein_coding	ENSPTRG00000014928	1	protein_coding				not_required	
ENSPTRG00000014930		ensembl_archive	candidate_not_in_local_release115_gtf	ENSPTRG00000014930	1		64	ENSPTRG00000014930.4		success	Archive candidate was not found in the local Ensembl 115 GTF
ENSPTRG00000014951	ENSPTRG00000014951	direct	exact_protein_coding	ENSPTRG00000014951	1	protein_coding				not_required	
ENSPTRG00000014953	ENSPTRG00000014953	direct	exact_protein_coding	ENSPTRG00000014953	1	protein_coding				not_required	
ENSPTRG00000014957	ENSPTRG00000014957	direct	exact_protein_coding	ENSPTRG00000014957	1	protein_coding				not_required	
ENSPTRG00000014958		ensembl_archive	candidate_not_in_local_release115_gtf	ENSPTRG00000014958	1		90	ENSPTRG00000014958.4		success	Archive candidate was not found in the local Ensembl 115 GTF
ENSPTRG00000014959	ENSPTRG00000014959	direct	exact_protein_coding	ENSPTRG00000014959	1	protein_coding				not_required	
ENSPTRG00000014961	ENSPTRG00000014961	direct	exact_protein_coding	ENSPTRG00000014961	1	protein_coding				not_required	
ENSPTRG00000014963	ENSPTRG00000014963	direct	exact_protein_coding	ENSPTRG00000014963	1	protein_coding				not_required	
ENSPTRG00000014980	ENSPTRG00000014980	direct	exact_protein_coding	ENSPTRG00000014980	1	protein_coding				not_required	
ENSPTRG00000014987		ensembl_archive	candidate_not_in_local_release115_gtf	ENSPTRG00000014987	1		64	ENSPTRG00000014987.1		success	Archive candidate was not found in the local Ensembl 115 GTF
ENSPTRG00000014992	ENSPTRG00000014992	direct	exact_protein_coding	ENSPTRG00000014992	1	protein_coding				not_required	
ENSPTRG00000014993	ENSPTRG00000014993	direct	exact_protein_coding	ENSPTRG00000014993	1	protein_coding				not_required	
ENSPTRG00000015009	ENSPTRG00000015009	direct	exact_protein_coding	ENSPTRG00000015009	1	protein_coding				not_required	
ENSPTRG00000015011	ENSPTRG00000015011	direct	exact_protein_coding	ENSPTRG00000015011	1	protein_coding				not_required	
ENSPTRG00000015018	ENSPTRG00000015018	direct	exact_protein_coding	ENSPTRG00000015018	1	protein_coding				not_required	
ENSPTRG00000015022	ENSPTRG00000015022	direct	exact_protein_coding	ENSPTRG00000015022	1	protein_coding				not_required	
ENSPTRG00000015024	ENSPTRG00000015024	direct	exact_protein_coding	ENSPTRG00000015024	1	protein_coding				not_required	
ENSPTRG00000015025		ensembl_archive	candidate_not_in_local_release115_gtf	ENSPTRG00000015025	1		64	ENSPTRG00000015025.3		success	Archive candidate was not found in the local Ensembl 115 GTF
ENSPTRG00000015028	ENSPTRG00000015028	direct	exact_protein_coding	ENSPTRG00000015028	1	protein_coding				not_required	
ENSPTRG00000015030	ENSPTRG00000015030	direct	exact_protein_coding	ENSPTRG00000015030	1	protein_coding				not_required	
ENSPTRG00000015052	ENSPTRG00000015052	direct	exact_protein_coding	ENSPTRG00000015052	1	protein_coding				not_required	
ENSPTRG00000015057		ensembl_archive	candidate_not_in_local_release115_gtf	ENSPTRG00000015057	1		90	ENSPTRG00000015057.3		success	Archive candidate was not found in the local Ensembl 115 GTF
ENSPTRG00000015059	ENSPTRG00000015059	direct	exact_protein_coding	ENSPTRG00000015059	1	protein_coding				not_required	
ENSPTRG00000015067	ENSPTRG00000015067	direct	exact_protein_coding	ENSPTRG00000015067	1	protein_coding				not_required	
ENSPTRG00000015076	ENSPTRG00000015076	direct	exact_protein_coding	ENSPTRG00000015076	1	protein_coding				not_required	
ENSPTRG00000015084	ENSPTRG00000015084	direct	exact_protein_coding	ENSPTRG00000015084	1	protein_coding				not_required	
ENSPTRG00000015095	ENSPTRG00000015095	direct	exact_protein_coding	ENSPTRG00000015095	1	protein_coding				not_required	
ENSPTRG00000015096	ENSPTRG00000015096	direct	exact_protein_coding	ENSPTRG00000015096	1	protein_coding				not_required	
ENSPTRG00000015098	ENSPTRG00000015098	direct	exact_protein_coding	ENSPTRG00000015098	1	protein_coding				not_required	
ENSPTRG00000015101	ENSPTRG00000015101	direct	exact_protein_coding	ENSPTRG00000015101	1	protein_coding				not_required	
ENSPTRG00000015102	ENSPTRG00000015102	direct	exact_protein_coding	ENSPTRG00000015102	1	protein_coding				not_required	
ENSPTRG00000015106	ENSPTRG00000015106	direct	exact_protein_coding	ENSPTRG00000015106	1	protein_coding				not_required	
ENSPTRG00000015108	ENSPTRG00000015108	direct	exact_protein_coding	ENSPTRG00000015108	1	protein_coding				not_required	
ENSPTRG00000015122	ENSPTRG00000015122	direct	exact_protein_coding	ENSPTRG00000015122	1	protein_coding				not_required	
ENSPTRG00000015131		ensembl_archive	candidate_not_in_local_release115_gtf	ENSPTRG00000015131	1		90	ENSPTRG00000015131.3		success	Archive candidate was not found in the local Ensembl 115 GTF
ENSPTRG00000015151	ENSPTRG00000015151	direct	exact_protein_coding	ENSPTRG00000015151	1	protein_coding				not_required	
ENSPTRG00000015153	ENSPTRG00000015153	direct	exact_protein_coding	ENSPTRG00000015153	1	protein_coding				not_required	
ENSPTRG00000015162	ENSPTRG00000015162	direct	exact_protein_coding	ENSPTRG00000015162	1	protein_coding				not_required	
ENSPTRG00000015165	ENSPTRG00000015165	direct	exact_protein_coding	ENSPTRG00000015165	1	protein_coding				not_required	
ENSPTRG00000015167	ENSPTRG00000015167	direct	exact_protein_coding	ENSPTRG00000015167	1	protein_coding				not_required	
ENSPTRG00000015171	ENSPTRG00000015171	direct	exact_protein_coding	ENSPTRG00000015171	1	protein_coding				not_required	
ENSPTRG00000015176	ENSPTRG00000015176	direct	exact_protein_coding	ENSPTRG00000015176	1	protein_coding				not_required	
ENSPTRG00000015182	ENSPTRG00000015182	direct	exact_protein_coding	ENSPTRG00000015182	1	protein_coding				not_required	
ENSPTRG00000015210	ENSPTRG00000015210	direct	exact_protein_coding	ENSPTRG00000015210	1	protein_coding				not_required	
ENSPTRG00000015225	ENSPTRG00000015225	direct	exact_protein_coding	ENSPTRG00000015225	1	protein_coding				not_required	
ENSPTRG00000015233		ensembl_archive	candidate_not_in_local_release115_gtf	ENSPTRG00000015233	1		90	ENSPTRG00000015233.4		success	Archive candidate was not found in the local Ensembl 115 GTF
ENSPTRG00000015240	ENSPTRG00000015240	direct	exact_protein_coding	ENSPTRG00000015240	1	protein_coding				not_required	
ENSPTRG00000015252	ENSPTRG00000015252	direct	exact_protein_coding	ENSPTRG00000015252	1	protein_coding				not_required	
ENSPTRG00000015255	ENSPTRG00000015255	direct	exact_protein_coding	ENSPTRG00000015255	1	protein_coding				not_required	
ENSPTRG00000015260		ensembl_archive	candidate_not_in_local_release115_gtf	ENSPTRG00000015260	1		64	ENSPTRG00000015260.3		success	Archive candidate was not found in the local Ensembl 115 GTF
ENSPTRG00000015268	ENSPTRG00000015268	direct	exact_protein_coding	ENSPTRG00000015268	1	protein_coding				not_required	
ENSPTRG00000015270	ENSPTRG00000015270	direct	exact_protein_coding	ENSPTRG00000015270	1	protein_coding				not_required	
ENSPTRG00000015272	ENSPTRG00000015272	direct	exact_protein_coding	ENSPTRG00000015272	1	protein_coding				not_required	
ENSPTRG00000015291		ensembl_archive	candidate_not_in_local_release115_gtf	ENSPTRG00000015291	1		64	ENSPTRG00000015291.3		success	Archive candidate was not found in the local Ensembl 115 GTF
ENSPTRG00000015292	ENSPTRG00000015292	direct	exact_protein_coding	ENSPTRG00000015292	1	protein_coding				not_required	
ENSPTRG00000015298	ENSPTRG00000015298	direct	exact_protein_coding	ENSPTRG00000015298	1	protein_coding				not_required	
ENSPTRG00000015299	ENSPTRG00000015299	direct	exact_protein_coding	ENSPTRG00000015299	1	protein_coding				not_required	
ENSPTRG00000015317	ENSPTRG00000015317	direct	exact_protein_coding	ENSPTRG00000015317	1	protein_coding				not_required	
ENSPTRG00000015320	ENSPTRG00000015320	direct	exact_protein_coding	ENSPTRG00000015320	1	protein_coding				not_required	
ENSPTRG00000015321	ENSPTRG00000015321	direct	exact_protein_coding	ENSPTRG00000015321	1	protein_coding				not_required	
ENSPTRG00000015344	ENSPTRG00000015344	direct	exact_protein_coding	ENSPTRG00000015344	1	protein_coding				not_required	
ENSPTRG00000015348	ENSPTRG00000015348	direct	exact_protein_coding	ENSPTRG00000015348	1	protein_coding				not_required	
ENSPTRG00000015352	ENSPTRG00000015352	direct	exact_protein_coding	ENSPTRG00000015352	1	protein_coding				not_required	
ENSPTRG00000015353	ENSPTRG00000015353	direct	exact_protein_coding	ENSPTRG00000015353	1	protein_coding				not_required	
ENSPTRG00000015359	ENSPTRG00000015359	direct	exact_protein_coding	ENSPTRG00000015359	1	protein_coding				not_required	
ENSPTRG00000015362	ENSPTRG00000015362	direct	exact_protein_coding	ENSPTRG00000015362	1	protein_coding				not_required	
ENSPTRG00000015367	ENSPTRG00000015367	direct	exact_protein_coding	ENSPTRG00000015367	1	protein_coding				not_required	
ENSPTRG00000015369	ENSPTRG00000015369	direct	exact_protein_coding	ENSPTRG00000015369	1	protein_coding				not_required	
ENSPTRG00000015370	ENSPTRG00000015370	direct	exact_protein_coding	ENSPTRG00000015370	1	protein_coding				not_required	
ENSPTRG00000015372	ENSPTRG00000015372	direct	exact_protein_coding	ENSPTRG00000015372	1	protein_coding				not_required	
ENSPTRG00000015377	ENSPTRG00000015377	direct	exact_protein_coding	ENSPTRG00000015377	1	protein_coding				not_required	
ENSPTRG00000015381	ENSPTRG00000015381	direct	exact_protein_coding	ENSPTRG00000015381	1	protein_coding				not_required	
ENSPTRG00000015388	ENSPTRG00000015388	direct	exact_protein_coding	ENSPTRG00000015388	1	protein_coding				not_required	
ENSPTRG00000015395		ensembl_archive	candidate_not_in_local_release115_gtf	ENSPTRG00000015395	1		64	ENSPTRG00000015395.3		success	Archive candidate was not found in the local Ensembl 115 GTF
ENSPTRG00000015396	ENSPTRG00000015396	direct	exact_protein_coding	ENSPTRG00000015396	1	protein_coding				not_required	
ENSPTRG00000015404	ENSPTRG00000015404	direct	exact_protein_coding	ENSPTRG00000015404	1	protein_coding				not_required	
ENSPTRG00000015419	ENSPTRG00000015419	direct	exact_protein_coding	ENSPTRG00000015419	1	protein_coding				not_required	
ENSPTRG00000015423	ENSPTRG00000015423	direct	exact_protein_coding	ENSPTRG00000015423	1	protein_coding				not_required	
ENSPTRG00000015441	ENSPTRG00000015441	direct	exact_protein_coding	ENSPTRG00000015441	1	protein_coding				not_required	
ENSPTRG00000015445	ENSPTRG00000015445	direct	exact_protein_coding	ENSPTRG00000015445	1	protein_coding				not_required	
ENSPTRG00000015449	ENSPTRG00000015449	direct	exact_protein_coding	ENSPTRG00000015449	1	protein_coding				not_required	
ENSPTRG00000015458	ENSPTRG00000015458	direct	exact_protein_coding	ENSPTRG00000015458	1	protein_coding				not_required	
ENSPTRG00000015459	ENSPTRG00000015459	direct	exact_protein_coding	ENSPTRG00000015459	1	protein_coding				not_required	
ENSPTRG00000015473		ensembl_archive	candidate_not_in_local_release115_gtf	ENSPTRG00000015473	1		90	ENSPTRG00000015473.5		success	Archive candidate was not found in the local Ensembl 115 GTF
ENSPTRG00000015494	ENSPTRG00000015494	direct	exact_protein_coding	ENSPTRG00000015494	1	protein_coding				not_required	
ENSPTRG00000015497	ENSPTRG00000015497	direct	exact_protein_coding	ENSPTRG00000015497	1	protein_coding				not_required	
ENSPTRG00000015520	ENSPTRG00000015520	direct	exact_protein_coding	ENSPTRG00000015520	1	protein_coding				not_required	
ENSPTRG00000015521	ENSPTRG00000015521	direct	exact_protein_coding	ENSPTRG00000015521	1	protein_coding				not_required	
ENSPTRG00000015526	ENSPTRG00000015526	direct	exact_protein_coding	ENSPTRG00000015526	1	protein_coding				not_required	
ENSPTRG00000015528	ENSPTRG00000015528	direct	exact_protein_coding	ENSPTRG00000015528	1	protein_coding				not_required	
ENSPTRG00000015529		ensembl_archive	candidate_not_in_local_release115_gtf	ENSPTRG00000015529	1		64	ENSPTRG00000015529.4		success	Archive candidate was not found in the local Ensembl 115 GTF
ENSPTRG00000015532	ENSPTRG00000015532	direct	exact_protein_coding	ENSPTRG00000015532	1	protein_coding				not_required	
ENSPTRG00000015542	ENSPTRG00000015542	direct	exact_protein_coding	ENSPTRG00000015542	1	protein_coding				not_required	
ENSPTRG00000015544		ensembl_archive	candidate_not_in_local_release115_gtf	ENSPTRG00000015544	1		90	ENSPTRG00000015544.4		success	Archive candidate was not found in the local Ensembl 115 GTF
ENSPTRG00000015553	ENSPTRG00000015553	direct	exact_protein_coding	ENSPTRG00000015553	1	protein_coding				not_required	
ENSPTRG00000015558	ENSPTRG00000015558	direct	exact_protein_coding	ENSPTRG00000015558	1	protein_coding				not_required	
ENSPTRG00000015560		ensembl_archive	candidate_not_in_local_release115_gtf	ENSPTRG00000015560	1		90	ENSPTRG00000015560.3		success	Archive candidate was not found in the local Ensembl 115 GTF
ENSPTRG00000015570	ENSPTRG00000015570	direct	exact_protein_coding	ENSPTRG00000015570	1	protein_coding				not_required	
ENSPTRG00000015586	ENSPTRG00000015586	direct	exact_protein_coding	ENSPTRG00000015586	1	protein_coding				not_required	
ENSPTRG00000015598	ENSPTRG00000015598	direct	exact_protein_coding	ENSPTRG00000015598	1	protein_coding				not_required	
ENSPTRG00000015611	ENSPTRG00000015611	direct	exact_protein_coding	ENSPTRG00000015611	1	protein_coding				not_required	
ENSPTRG00000015644	ENSPTRG00000015644	direct	exact_protein_coding	ENSPTRG00000015644	1	protein_coding				not_required	
ENSPTRG00000015646	ENSPTRG00000015646	direct	exact_protein_coding	ENSPTRG00000015646	1	protein_coding				not_required	
ENSPTRG00000015652	ENSPTRG00000015652	direct	exact_protein_coding	ENSPTRG00000015652	1	protein_coding				not_required	
ENSPTRG00000015673	ENSPTRG00000015673	direct	exact_protein_coding	ENSPTRG00000015673	1	protein_coding				not_required	
ENSPTRG00000015679	ENSPTRG00000015679	direct	exact_protein_coding	ENSPTRG00000015679	1	protein_coding				not_required	
ENSPTRG00000015680	ENSPTRG00000015680	direct	exact_protein_coding	ENSPTRG00000015680	1	protein_coding				not_required	
ENSPTRG00000015681	ENSPTRG00000015681	direct	exact_protein_coding	ENSPTRG00000015681	1	protein_coding				not_required	
ENSPTRG00000015682	ENSPTRG00000015682	direct	exact_protein_coding	ENSPTRG00000015682	1	protein_coding				not_required	
ENSPTRG00000015683	ENSPTRG00000015683	direct	exact_protein_coding	ENSPTRG00000015683	1	protein_coding				not_required	
ENSPTRG00000015689	ENSPTRG00000015689	direct	exact_protein_coding	ENSPTRG00000015689	1	protein_coding				not_required	
ENSPTRG00000015690	ENSPTRG00000015690	direct	exact_protein_coding	ENSPTRG00000015690	1	protein_coding				not_required	
ENSPTRG00000015752	ENSPTRG00000015752	direct	exact_protein_coding	ENSPTRG00000015752	1	protein_coding				not_required	
ENSPTRG00000015757	ENSPTRG00000015757	direct	exact_protein_coding	ENSPTRG00000015757	1	protein_coding				not_required	
ENSPTRG00000015784	ENSPTRG00000015784	direct	exact_protein_coding	ENSPTRG00000015784	1	protein_coding				not_required	
ENSPTRG00000015786	ENSPTRG00000015786	direct	exact_protein_coding	ENSPTRG00000015786	1	protein_coding				not_required	
ENSPTRG00000015787	ENSPTRG00000015787	direct	exact_protein_coding	ENSPTRG00000015787	1	protein_coding				not_required	
ENSPTRG00000015796	ENSPTRG00000015796	direct	exact_protein_coding	ENSPTRG00000015796	1	protein_coding				not_required	
ENSPTRG00000015806	ENSPTRG00000015806	direct	exact_protein_coding	ENSPTRG00000015806	1	protein_coding				not_required	
ENSPTRG00000015809	ENSPTRG00000015809	direct	exact_protein_coding	ENSPTRG00000015809	1	protein_coding				not_required	
ENSPTRG00000015815	ENSPTRG00000015815	direct	exact_protein_coding	ENSPTRG00000015815	1	protein_coding				not_required	
ENSPTRG00000015816		ensembl_archive	candidate_not_in_local_release115_gtf	ENSPTRG00000015816	1		64	ENSPTRG00000015816.3		success	Archive candidate was not found in the local Ensembl 115 GTF
ENSPTRG00000015828		ensembl_archive	candidate_not_in_local_release115_gtf	ENSPTRG00000015828	1		90	ENSPTRG00000015828.4		success	Archive candidate was not found in the local Ensembl 115 GTF
ENSPTRG00000015829	ENSPTRG00000015829	direct	exact_protein_coding	ENSPTRG00000015829	1	protein_coding				not_required	
ENSPTRG00000015833	ENSPTRG00000015833	direct	exact_protein_coding	ENSPTRG00000015833	1	protein_coding				not_required	
ENSPTRG00000015846		ensembl_archive	candidate_not_in_local_release115_gtf	ENSPTRG00000015846	1		64	ENSPTRG00000015846.4		success	Archive candidate was not found in the local Ensembl 115 GTF
ENSPTRG00000015860	ENSPTRG00000015860	direct	exact_protein_coding	ENSPTRG00000015860	1	protein_coding				not_required	
ENSPTRG00000015862		ensembl_archive	candidate_not_in_local_release115_gtf	ENSPTRG00000015862	1		90	ENSPTRG00000015862.5		success	Archive candidate was not found in the local Ensembl 115 GTF
ENSPTRG00000015871	ENSPTRG00000015871	direct	exact_protein_coding	ENSPTRG00000015871	1	protein_coding				not_required	
ENSPTRG00000015882		ensembl_archive	candidate_not_in_local_release115_gtf	ENSPTRG00000015882	1		64	ENSPTRG00000015882.2		success	Archive candidate was not found in the local Ensembl 115 GTF
ENSPTRG00000015884		ensembl_archive	candidate_not_in_local_release115_gtf	ENSPTRG00000015884	1		64	ENSPTRG00000015884.3		success	Archive candidate was not found in the local Ensembl 115 GTF
ENSPTRG00000015885		ensembl_archive	candidate_not_in_local_release115_gtf	ENSPTRG00000015885	1		64	ENSPTRG00000015885.4		success	Archive candidate was not found in the local Ensembl 115 GTF
ENSPTRG00000015889		ensembl_archive	candidate_not_in_local_release115_gtf	ENSPTRG00000015889	1		90	ENSPTRG00000015889.3		success	Archive candidate was not found in the local Ensembl 115 GTF
ENSPTRG00000015890	ENSPTRG00000015890	direct	exact_protein_coding	ENSPTRG00000015890	1	protein_coding				not_required	
ENSPTRG00000015892	ENSPTRG00000015892	direct	exact_protein_coding	ENSPTRG00000015892	1	protein_coding				not_required	
ENSPTRG00000015893	ENSPTRG00000015893	direct	exact_protein_coding	ENSPTRG00000015893	1	protein_coding				not_required	
ENSPTRG00000015894	ENSPTRG00000015894	direct	exact_protein_coding	ENSPTRG00000015894	1	protein_coding				not_required	
ENSPTRG00000015905	ENSPTRG00000015905	direct	exact_protein_coding	ENSPTRG00000015905	1	protein_coding				not_required	
ENSPTRG00000015916	ENSPTRG00000015916	direct	exact_protein_coding	ENSPTRG00000015916	1	protein_coding				not_required	
ENSPTRG00000015933	ENSPTRG00000015933	direct	exact_protein_coding	ENSPTRG00000015933	1	protein_coding				not_required	
ENSPTRG00000015936	ENSPTRG00000015936	direct	exact_protein_coding	ENSPTRG00000015936	1	protein_coding				not_required	
ENSPTRG00000015939		ensembl_archive	candidate_not_in_local_release115_gtf	ENSPTRG00000015939	1		90	ENSPTRG00000015939.5		success	Archive candidate was not found in the local Ensembl 115 GTF
ENSPTRG00000015949	ENSPTRG00000015949	direct	exact_protein_coding	ENSPTRG00000015949	1	protein_coding				not_required	
ENSPTRG00000015963	ENSPTRG00000015963	direct	exact_protein_coding	ENSPTRG00000015963	1	protein_coding				not_required	
ENSPTRG00000015967	ENSPTRG00000015967	direct	exact_protein_coding	ENSPTRG00000015967	1	protein_coding				not_required	
ENSPTRG00000015983	ENSPTRG00000015983	direct	exact_protein_coding	ENSPTRG00000015983	1	protein_coding				not_required	
ENSPTRG00000015997		ensembl_archive	candidate_not_in_local_release115_gtf	ENSPTRG00000015997	1		64	ENSPTRG00000015997.2		success	Archive candidate was not found in the local Ensembl 115 GTF
ENSPTRG00000016008	ENSPTRG00000016008	direct	exact_protein_coding	ENSPTRG00000016008	1	protein_coding				not_required	
ENSPTRG00000016012	ENSPTRG00000016012	direct	exact_protein_coding	ENSPTRG00000016012	1	protein_coding				not_required	
ENSPTRG00000016014	ENSPTRG00000016014	direct	exact_protein_coding	ENSPTRG00000016014	1	protein_coding				not_required	
ENSPTRG00000016019		ensembl_archive	candidate_not_in_local_release115_gtf	ENSPTRG00000016019	1		64	ENSPTRG00000016019.2		success	Archive candidate was not found in the local Ensembl 115 GTF
ENSPTRG00000016022	ENSPTRG00000016022	direct	exact_protein_coding	ENSPTRG00000016022	1	protein_coding				not_required	
ENSPTRG00000016045	ENSPTRG00000016045	direct	exact_protein_coding	ENSPTRG00000016045	1	protein_coding				not_required	
ENSPTRG00000016047	ENSPTRG00000016047	direct	exact_protein_coding	ENSPTRG00000016047	1	protein_coding				not_required	
ENSPTRG00000016051	ENSPTRG00000016051	direct	exact_protein_coding	ENSPTRG00000016051	1	protein_coding				not_required	
ENSPTRG00000016053	ENSPTRG00000016053	direct	exact_protein_coding	ENSPTRG00000016053	1	protein_coding				not_required	
ENSPTRG00000016059	ENSPTRG00000016059	direct	exact_protein_coding	ENSPTRG00000016059	1	protein_coding				not_required	
ENSPTRG00000016066	ENSPTRG00000016066	direct	exact_protein_coding	ENSPTRG00000016066	1	protein_coding				not_required	
ENSPTRG00000016071	ENSPTRG00000016071	direct	exact_protein_coding	ENSPTRG00000016071	1	protein_coding				not_required	
ENSPTRG00000016081	ENSPTRG00000016081	direct	exact_protein_coding	ENSPTRG00000016081	1	protein_coding				not_required	
ENSPTRG00000016088	ENSPTRG00000016088	direct	exact_protein_coding	ENSPTRG00000016088	1	protein_coding				not_required	
ENSPTRG00000016099	ENSPTRG00000016099	direct	exact_protein_coding	ENSPTRG00000016099	1	protein_coding				not_required	
ENSPTRG00000016136	ENSPTRG00000016136	direct	exact_protein_coding	ENSPTRG00000016136	1	protein_coding				not_required	
ENSPTRG00000016147		ensembl_archive	candidate_not_in_local_release115_gtf	ENSPTRG00000016147	1		90	ENSPTRG00000016147.3		success	Archive candidate was not found in the local Ensembl 115 GTF
ENSPTRG00000016149	ENSPTRG00000016149	direct	exact_protein_coding	ENSPTRG00000016149	1	protein_coding				not_required	
ENSPTRG00000016176	ENSPTRG00000016176	direct	exact_protein_coding	ENSPTRG00000016176	1	protein_coding				not_required	
ENSPTRG00000016186	ENSPTRG00000016186	direct	exact_protein_coding	ENSPTRG00000016186	1	protein_coding				not_required	
ENSPTRG00000016192	ENSPTRG00000016192	direct	exact_protein_coding	ENSPTRG00000016192	1	protein_coding				not_required	
ENSPTRG00000016199	ENSPTRG00000016199	direct	exact_protein_coding	ENSPTRG00000016199	1	protein_coding				not_required	
ENSPTRG00000016215	ENSPTRG00000016215	direct	exact_protein_coding	ENSPTRG00000016215	1	protein_coding				not_required	
ENSPTRG00000016217	ENSPTRG00000016217	direct	exact_protein_coding	ENSPTRG00000016217	1	protein_coding				not_required	
ENSPTRG00000016219	ENSPTRG00000016219	direct	exact_protein_coding	ENSPTRG00000016219	1	protein_coding				not_required	
ENSPTRG00000016221	ENSPTRG00000016221	direct	exact_protein_coding	ENSPTRG00000016221	1	protein_coding				not_required	
ENSPTRG00000016224	ENSPTRG00000016224	direct	exact_protein_coding	ENSPTRG00000016224	1	protein_coding				not_required	
ENSPTRG00000016227	ENSPTRG00000016227	direct	exact_protein_coding	ENSPTRG00000016227	1	protein_coding				not_required	
ENSPTRG00000016232	ENSPTRG00000016232	direct	exact_protein_coding	ENSPTRG00000016232	1	protein_coding				not_required	
ENSPTRG00000016233	ENSPTRG00000016233	direct	exact_protein_coding	ENSPTRG00000016233	1	protein_coding				not_required	
ENSPTRG00000016259	ENSPTRG00000016259	direct	exact_protein_coding	ENSPTRG00000016259	1	protein_coding				not_required	
ENSPTRG00000016275	ENSPTRG00000016275	direct	exact_protein_coding	ENSPTRG00000016275	1	protein_coding				not_required	
ENSPTRG00000016302	ENSPTRG00000016302	direct	exact_protein_coding	ENSPTRG00000016302	1	protein_coding				not_required	
ENSPTRG00000016310	ENSPTRG00000016310	direct	exact_protein_coding	ENSPTRG00000016310	1	protein_coding				not_required	
ENSPTRG00000016320	ENSPTRG00000016320	direct	exact_protein_coding	ENSPTRG00000016320	1	protein_coding				not_required	
ENSPTRG00000016322	ENSPTRG00000016322	direct	exact_protein_coding	ENSPTRG00000016322	1	protein_coding				not_required	
ENSPTRG00000016324		ensembl_archive	candidate_not_in_local_release115_gtf	ENSPTRG00000016324	1		64	ENSPTRG00000016324.4		success	Archive candidate was not found in the local Ensembl 115 GTF
ENSPTRG00000016325	ENSPTRG00000016325	direct	exact_protein_coding	ENSPTRG00000016325	1	protein_coding				not_required	
ENSPTRG00000016334	ENSPTRG00000016334	direct	exact_protein_coding	ENSPTRG00000016334	1	protein_coding				not_required	
ENSPTRG00000016340	ENSPTRG00000016340	direct	exact_protein_coding	ENSPTRG00000016340	1	protein_coding				not_required	
ENSPTRG00000016345	ENSPTRG00000016345	direct	exact_protein_coding	ENSPTRG00000016345	1	protein_coding				not_required	
ENSPTRG00000016349	ENSPTRG00000016349	direct	exact_protein_coding	ENSPTRG00000016349	1	protein_coding				not_required	
ENSPTRG00000016353	ENSPTRG00000016353	direct	exact_protein_coding	ENSPTRG00000016353	1	protein_coding				not_required	
ENSPTRG00000016359	ENSPTRG00000016359	direct	exact_protein_coding	ENSPTRG00000016359	1	protein_coding				not_required	
ENSPTRG00000016360	ENSPTRG00000016360	direct	exact_protein_coding	ENSPTRG00000016360	1	protein_coding				not_required	
ENSPTRG00000016362		ensembl_archive	candidate_not_in_local_release115_gtf	ENSPTRG00000016362	1		90	ENSPTRG00000016362.2		success	Archive candidate was not found in the local Ensembl 115 GTF
ENSPTRG00000016398	ENSPTRG00000016398	direct	exact_protein_coding	ENSPTRG00000016398	1	protein_coding				not_required	
ENSPTRG00000016421		ensembl_archive	candidate_not_in_local_release115_gtf	ENSPTRG00000016421	1		90	ENSPTRG00000016421.5		success	Archive candidate was not found in the local Ensembl 115 GTF
ENSPTRG00000016422	ENSPTRG00000016422	direct	exact_protein_coding	ENSPTRG00000016422	1	protein_coding				not_required	
ENSPTRG00000016436	ENSPTRG00000016436	direct	exact_protein_coding	ENSPTRG00000016436	1	protein_coding				not_required	
ENSPTRG00000016448	ENSPTRG00000016448	direct	exact_protein_coding	ENSPTRG00000016448	1	protein_coding				not_required	
ENSPTRG00000016452		ensembl_archive	candidate_not_in_local_release115_gtf	ENSPTRG00000016452	1		90	ENSPTRG00000016452.5		success	Archive candidate was not found in the local Ensembl 115 GTF
ENSPTRG00000016455	ENSPTRG00000016455	direct	exact_protein_coding	ENSPTRG00000016455	1	protein_coding				not_required	
ENSPTRG00000016456		ensembl_archive	candidate_not_in_local_release115_gtf	ENSPTRG00000016456	1		64	ENSPTRG00000016456.2		success	Archive candidate was not found in the local Ensembl 115 GTF
ENSPTRG00000016462	ENSPTRG00000016462	direct	exact_protein_coding	ENSPTRG00000016462	1	protein_coding				not_required	
ENSPTRG00000016471	ENSPTRG00000016471	direct	exact_protein_coding	ENSPTRG00000016471	1	protein_coding				not_required	
ENSPTRG00000016480	ENSPTRG00000016480	direct	exact_protein_coding	ENSPTRG00000016480	1	protein_coding				not_required	
ENSPTRG00000016481	ENSPTRG00000016481	direct	exact_protein_coding	ENSPTRG00000016481	1	protein_coding				not_required	
ENSPTRG00000016495	ENSPTRG00000016495	direct	exact_protein_coding	ENSPTRG00000016495	1	protein_coding				not_required	
ENSPTRG00000016508		ensembl_archive	candidate_not_in_local_release115_gtf	ENSPTRG00000016508	1		64	ENSPTRG00000016508.2		success	Archive candidate was not found in the local Ensembl 115 GTF
ENSPTRG00000016513	ENSPTRG00000016513	direct	exact_protein_coding	ENSPTRG00000016513	1	protein_coding				not_required	
ENSPTRG00000016533	ENSPTRG00000016533	direct	exact_protein_coding	ENSPTRG00000016533	1	protein_coding				not_required	
ENSPTRG00000016560	ENSPTRG00000016560	direct	exact_protein_coding	ENSPTRG00000016560	1	protein_coding				not_required	
ENSPTRG00000016590	ENSPTRG00000016590	direct	exact_protein_coding	ENSPTRG00000016590	1	protein_coding				not_required	
ENSPTRG00000016604	ENSPTRG00000016604	direct	exact_protein_coding	ENSPTRG00000016604	1	protein_coding				not_required	
ENSPTRG00000016615	ENSPTRG00000016615	direct	exact_protein_coding	ENSPTRG00000016615	1	protein_coding				not_required	
ENSPTRG00000016624	ENSPTRG00000016624	direct	exact_protein_coding	ENSPTRG00000016624	1	protein_coding				not_required	
ENSPTRG00000016632	ENSPTRG00000016632	direct	exact_protein_coding	ENSPTRG00000016632	1	protein_coding				not_required	
ENSPTRG00000016639		ensembl_archive	candidate_not_in_local_release115_gtf	ENSPTRG00000016639	1		90	ENSPTRG00000016639.5		success	Archive candidate was not found in the local Ensembl 115 GTF
ENSPTRG00000016640	ENSPTRG00000016640	direct	exact_protein_coding	ENSPTRG00000016640	1	protein_coding				not_required	
ENSPTRG00000016651	ENSPTRG00000016651	direct	exact_protein_coding	ENSPTRG00000016651	1	protein_coding				not_required	
ENSPTRG00000016652	ENSPTRG00000016652	direct	exact_protein_coding	ENSPTRG00000016652	1	protein_coding				not_required	
ENSPTRG00000016671	ENSPTRG00000016671	direct	exact_protein_coding	ENSPTRG00000016671	1	protein_coding				not_required	
ENSPTRG00000016677	ENSPTRG00000016677	direct	exact_protein_coding	ENSPTRG00000016677	1	protein_coding				not_required	
ENSPTRG00000016706	ENSPTRG00000016706	direct	exact_protein_coding	ENSPTRG00000016706	1	protein_coding				not_required	
ENSPTRG00000016713	ENSPTRG00000016713	direct	exact_protein_coding	ENSPTRG00000016713	1	protein_coding				not_required	
ENSPTRG00000016715	ENSPTRG00000016715	direct	exact_protein_coding	ENSPTRG00000016715	1	protein_coding				not_required	
ENSPTRG00000016720	ENSPTRG00000016720	direct	exact_protein_coding	ENSPTRG00000016720	1	protein_coding				not_required	
ENSPTRG00000016724	ENSPTRG00000016724	direct	exact_protein_coding	ENSPTRG00000016724	1	protein_coding				not_required	
ENSPTRG00000016727	ENSPTRG00000016727	direct	exact_protein_coding	ENSPTRG00000016727	1	protein_coding				not_required	
ENSPTRG00000016743	ENSPTRG00000016743	direct	exact_protein_coding	ENSPTRG00000016743	1	protein_coding				not_required	
ENSPTRG00000016768	ENSPTRG00000016768	direct	exact_protein_coding	ENSPTRG00000016768	1	protein_coding				not_required	
ENSPTRG00000016770	ENSPTRG00000016770	direct	exact_protein_coding	ENSPTRG00000016770	1	protein_coding				not_required	
ENSPTRG00000016772		ensembl_archive	candidate_not_in_local_release115_gtf	ENSPTRG00000016772	1		64	ENSPTRG00000016772.2		success	Archive candidate was not found in the local Ensembl 115 GTF
ENSPTRG00000016775	ENSPTRG00000016775	direct	exact_protein_coding	ENSPTRG00000016775	1	protein_coding				not_required	
ENSPTRG00000016783	ENSPTRG00000016783	direct	exact_protein_coding	ENSPTRG00000016783	1	protein_coding				not_required	
ENSPTRG00000016784	ENSPTRG00000016784	direct	exact_protein_coding	ENSPTRG00000016784	1	protein_coding				not_required	
ENSPTRG00000016809	ENSPTRG00000016809	direct	exact_protein_coding	ENSPTRG00000016809	1	protein_coding				not_required	
ENSPTRG00000016822		ensembl_archive	candidate_not_in_local_release115_gtf	ENSPTRG00000016822	1		90	ENSPTRG00000016822.5		success	Archive candidate was not found in the local Ensembl 115 GTF
ENSPTRG00000016845	ENSPTRG00000016845	direct	exact_protein_coding	ENSPTRG00000016845	1	protein_coding				not_required	
ENSPTRG00000016848	ENSPTRG00000016848	direct	exact_protein_coding	ENSPTRG00000016848	1	protein_coding				not_required	
ENSPTRG00000016854	ENSPTRG00000016854	direct	exact_protein_coding	ENSPTRG00000016854	1	protein_coding				not_required	
ENSPTRG00000016862	ENSPTRG00000016862	direct	exact_protein_coding	ENSPTRG00000016862	1	protein_coding				not_required	
ENSPTRG00000016864	ENSPTRG00000016864	direct	exact_protein_coding	ENSPTRG00000016864	1	protein_coding				not_required	
ENSPTRG00000016868	ENSPTRG00000016868	direct	exact_protein_coding	ENSPTRG00000016868	1	protein_coding				not_required	
ENSPTRG00000016875	ENSPTRG00000016875	direct	exact_protein_coding	ENSPTRG00000016875	1	protein_coding				not_required	
ENSPTRG00000016878	ENSPTRG00000016878	direct	exact_protein_coding	ENSPTRG00000016878	1	protein_coding				not_required	
ENSPTRG00000016880	ENSPTRG00000016880	direct	exact_protein_coding	ENSPTRG00000016880	1	protein_coding				not_required	
ENSPTRG00000016887	ENSPTRG00000016887	direct	exact_protein_coding	ENSPTRG00000016887	1	protein_coding				not_required	
ENSPTRG00000016900	ENSPTRG00000016900	direct	exact_protein_coding	ENSPTRG00000016900	1	protein_coding				not_required	
ENSPTRG00000016906	ENSPTRG00000016906	direct	exact_protein_coding	ENSPTRG00000016906	1	protein_coding				not_required	
ENSPTRG00000016908	ENSPTRG00000016908	direct	exact_protein_coding	ENSPTRG00000016908	1	protein_coding				not_required	
ENSPTRG00000016914	ENSPTRG00000016914	direct	exact_protein_coding	ENSPTRG00000016914	1	protein_coding				not_required	
ENSPTRG00000016924	ENSPTRG00000016924	direct	exact_protein_coding	ENSPTRG00000016924	1	protein_coding				not_required	
ENSPTRG00000016932	ENSPTRG00000016932	direct	exact_protein_coding	ENSPTRG00000016932	1	protein_coding				not_required	
ENSPTRG00000016934	ENSPTRG00000016934	direct	exact_protein_coding	ENSPTRG00000016934	1	protein_coding				not_required	
ENSPTRG00000016935	ENSPTRG00000016935	direct	exact_protein_coding	ENSPTRG00000016935	1	protein_coding				not_required	
ENSPTRG00000016936	ENSPTRG00000016936	direct	exact_protein_coding	ENSPTRG00000016936	1	protein_coding				not_required	
ENSPTRG00000016938	ENSPTRG00000016938	direct	exact_protein_coding	ENSPTRG00000016938	1	protein_coding				not_required	
ENSPTRG00000016940	ENSPTRG00000016940	direct	exact_protein_coding	ENSPTRG00000016940	1	protein_coding				not_required	
ENSPTRG00000016941	ENSPTRG00000016941	direct	exact_protein_coding	ENSPTRG00000016941	1	protein_coding				not_required	
ENSPTRG00000016944	ENSPTRG00000016944	direct	exact_protein_coding	ENSPTRG00000016944	1	protein_coding				not_required	
ENSPTRG00000016967	ENSPTRG00000016967	direct	exact_protein_coding	ENSPTRG00000016967	1	protein_coding				not_required	
ENSPTRG00000016968	ENSPTRG00000016968	direct	exact_protein_coding	ENSPTRG00000016968	1	protein_coding				not_required	
ENSPTRG00000016973	ENSPTRG00000016973	direct	exact_protein_coding	ENSPTRG00000016973	1	protein_coding				not_required	
ENSPTRG00000016979	ENSPTRG00000016979	direct	exact_protein_coding	ENSPTRG00000016979	1	protein_coding				not_required	
ENSPTRG00000016981	ENSPTRG00000016981	direct	exact_protein_coding	ENSPTRG00000016981	1	protein_coding				not_required	
ENSPTRG00000016982	ENSPTRG00000016982	direct	exact_protein_coding	ENSPTRG00000016982	1	protein_coding				not_required	
ENSPTRG00000016988	ENSPTRG00000016988	direct	exact_protein_coding	ENSPTRG00000016988	1	protein_coding				not_required	
ENSPTRG00000016989	ENSPTRG00000016989	direct	exact_protein_coding	ENSPTRG00000016989	1	protein_coding				not_required	
ENSPTRG00000017013	ENSPTRG00000017013	direct	exact_protein_coding	ENSPTRG00000017013	1	protein_coding				not_required	
ENSPTRG00000017028	ENSPTRG00000017028	direct	exact_protein_coding	ENSPTRG00000017028	1	protein_coding				not_required	
ENSPTRG00000017032	ENSPTRG00000017032	direct	exact_protein_coding	ENSPTRG00000017032	1	protein_coding				not_required	
ENSPTRG00000017038	ENSPTRG00000017038	direct	exact_protein_coding	ENSPTRG00000017038	1	protein_coding				not_required	
ENSPTRG00000017043	ENSPTRG00000017043	direct	exact_protein_coding	ENSPTRG00000017043	1	protein_coding				not_required	
ENSPTRG00000017052	ENSPTRG00000017052	direct	exact_protein_coding	ENSPTRG00000017052	1	protein_coding				not_required	
ENSPTRG00000017060	ENSPTRG00000017060	direct	exact_protein_coding	ENSPTRG00000017060	1	protein_coding				not_required	
ENSPTRG00000017067	ENSPTRG00000017067	direct	exact_protein_coding	ENSPTRG00000017067	1	protein_coding				not_required	
ENSPTRG00000017069	ENSPTRG00000017069	direct	exact_protein_coding	ENSPTRG00000017069	1	protein_coding				not_required	
ENSPTRG00000017087	ENSPTRG00000017087	direct	exact_protein_coding	ENSPTRG00000017087	1	protein_coding				not_required	
ENSPTRG00000017090	ENSPTRG00000017090	direct	exact_protein_coding	ENSPTRG00000017090	1	protein_coding				not_required	
ENSPTRG00000017095	ENSPTRG00000017095	direct	exact_protein_coding	ENSPTRG00000017095	1	protein_coding				not_required	
ENSPTRG00000017100	ENSPTRG00000017100	direct	exact_protein_coding	ENSPTRG00000017100	1	protein_coding				not_required	
ENSPTRG00000017105	ENSPTRG00000017105	direct	exact_protein_coding	ENSPTRG00000017105	1	protein_coding				not_required	
ENSPTRG00000017112	ENSPTRG00000017112	direct	exact_protein_coding	ENSPTRG00000017112	1	protein_coding				not_required	
ENSPTRG00000017114	ENSPTRG00000017114	direct	exact_protein_coding	ENSPTRG00000017114	1	protein_coding				not_required	
ENSPTRG00000017115	ENSPTRG00000017115	direct	exact_protein_coding	ENSPTRG00000017115	1	protein_coding				not_required	
ENSPTRG00000017116	ENSPTRG00000017116	direct	exact_protein_coding	ENSPTRG00000017116	1	protein_coding				not_required	
ENSPTRG00000017126	ENSPTRG00000017126	direct	exact_protein_coding	ENSPTRG00000017126	1	protein_coding				not_required	
ENSPTRG00000017128	ENSPTRG00000017128	direct	exact_protein_coding	ENSPTRG00000017128	1	protein_coding				not_required	
ENSPTRG00000017140	ENSPTRG00000017140	direct	exact_protein_coding	ENSPTRG00000017140	1	protein_coding				not_required	
ENSPTRG00000017146	ENSPTRG00000017146	direct	exact_protein_coding	ENSPTRG00000017146	1	protein_coding				not_required	
ENSPTRG00000017152	ENSPTRG00000017152	direct	exact_protein_coding	ENSPTRG00000017152	1	protein_coding				not_required	
ENSPTRG00000017154	ENSPTRG00000017154	direct	exact_protein_coding	ENSPTRG00000017154	1	protein_coding				not_required	
ENSPTRG00000017159	ENSPTRG00000017159	direct	exact_protein_coding	ENSPTRG00000017159	1	protein_coding				not_required	
ENSPTRG00000017168	ENSPTRG00000017168	direct	exact_protein_coding	ENSPTRG00000017168	1	protein_coding				not_required	
ENSPTRG00000017178		ensembl_archive	candidate_not_in_local_release115_gtf	ENSPTRG00000017178	1		64	ENSPTRG00000017178.3		success	Archive candidate was not found in the local Ensembl 115 GTF
ENSPTRG00000017184	ENSPTRG00000017184	direct	exact_protein_coding	ENSPTRG00000017184	1	protein_coding				not_required	
ENSPTRG00000017206	ENSPTRG00000017206	direct	exact_protein_coding	ENSPTRG00000017206	1	protein_coding				not_required	
ENSPTRG00000017226		ensembl_archive	candidate_not_in_local_release115_gtf	ENSPTRG00000017226	1		90	ENSPTRG00000017226.4		success	Archive candidate was not found in the local Ensembl 115 GTF
ENSPTRG00000017234	ENSPTRG00000017234	direct	exact_protein_coding	ENSPTRG00000017234	1	protein_coding				not_required	
ENSPTRG00000017235	ENSPTRG00000017235	direct	exact_protein_coding	ENSPTRG00000017235	1	protein_coding				not_required	
ENSPTRG00000017237		ensembl_archive	candidate_not_in_local_release115_gtf	ENSPTRG00000017237	1		64	ENSPTRG00000017237.4		success	Archive candidate was not found in the local Ensembl 115 GTF
ENSPTRG00000017240	ENSPTRG00000017240	direct	exact_protein_coding	ENSPTRG00000017240	1	protein_coding				not_required	
ENSPTRG00000017241	ENSPTRG00000017241	direct	exact_protein_coding	ENSPTRG00000017241	1	protein_coding				not_required	
ENSPTRG00000017251	ENSPTRG00000017251	direct	exact_protein_coding	ENSPTRG00000017251	1	protein_coding				not_required	
ENSPTRG00000017252	ENSPTRG00000017252	direct	exact_protein_coding	ENSPTRG00000017252	1	protein_coding				not_required	
ENSPTRG00000017256	ENSPTRG00000017256	direct	exact_protein_coding	ENSPTRG00000017256	1	protein_coding				not_required	
ENSPTRG00000017273	ENSPTRG00000017273	direct	exact_protein_coding	ENSPTRG00000017273	1	protein_coding				not_required	
ENSPTRG00000017282	ENSPTRG00000017282	direct	exact_protein_coding	ENSPTRG00000017282	1	protein_coding				not_required	
ENSPTRG00000017289	ENSPTRG00000017289	direct	exact_protein_coding	ENSPTRG00000017289	1	protein_coding				not_required	
ENSPTRG00000017290	ENSPTRG00000017290	direct	exact_protein_coding	ENSPTRG00000017290	1	protein_coding				not_required	
ENSPTRG00000017291	ENSPTRG00000017291	direct	exact_protein_coding	ENSPTRG00000017291	1	protein_coding				not_required	
ENSPTRG00000017310	ENSPTRG00000017310	direct	exact_protein_coding	ENSPTRG00000017310	1	protein_coding				not_required	
ENSPTRG00000017311	ENSPTRG00000017311	direct	exact_protein_coding	ENSPTRG00000017311	1	protein_coding				not_required	
ENSPTRG00000017314	ENSPTRG00000017314	direct	exact_protein_coding	ENSPTRG00000017314	1	protein_coding				not_required	
ENSPTRG00000017316	ENSPTRG00000017316	direct	exact_protein_coding	ENSPTRG00000017316	1	protein_coding				not_required	
ENSPTRG00000017321	ENSPTRG00000017321	direct	exact_protein_coding	ENSPTRG00000017321	1	protein_coding				not_required	
ENSPTRG00000017323	ENSPTRG00000017323	direct	exact_protein_coding	ENSPTRG00000017323	1	protein_coding				not_required	
ENSPTRG00000017325	ENSPTRG00000017325	direct	exact_protein_coding	ENSPTRG00000017325	1	protein_coding				not_required	
ENSPTRG00000017326	ENSPTRG00000017326	direct	exact_protein_coding	ENSPTRG00000017326	1	protein_coding				not_required	
ENSPTRG00000017327	ENSPTRG00000017327	direct	exact_protein_coding	ENSPTRG00000017327	1	protein_coding				not_required	
ENSPTRG00000017345		ensembl_archive	replacement_not_protein_coding	ENSPTRG00000017345	1	pseudogene	116	ENSPTRG00000017345.3	1	success	Candidate exists in local Ensembl 115 GTF but is not protein_coding
ENSPTRG00000017348	ENSPTRG00000017348	direct	exact_protein_coding	ENSPTRG00000017348	1	protein_coding				not_required	
ENSPTRG00000017354	ENSPTRG00000017354	direct	exact_protein_coding	ENSPTRG00000017354	1	protein_coding				not_required	
ENSPTRG00000017356	ENSPTRG00000017356	direct	exact_protein_coding	ENSPTRG00000017356	1	protein_coding				not_required	
ENSPTRG00000017357	ENSPTRG00000017357	direct	exact_protein_coding	ENSPTRG00000017357	1	protein_coding				not_required	
ENSPTRG00000017363	ENSPTRG00000017363	direct	exact_protein_coding	ENSPTRG00000017363	1	protein_coding				not_required	
ENSPTRG00000017365	ENSPTRG00000017365	direct	exact_protein_coding	ENSPTRG00000017365	1	protein_coding				not_required	
ENSPTRG00000017372	ENSPTRG00000017372	direct	exact_protein_coding	ENSPTRG00000017372	1	protein_coding				not_required	
ENSPTRG00000017388	ENSPTRG00000017388	direct	exact_protein_coding	ENSPTRG00000017388	1	protein_coding				not_required	
ENSPTRG00000017401	ENSPTRG00000017401	direct	exact_protein_coding	ENSPTRG00000017401	1	protein_coding				not_required	
ENSPTRG00000017408	ENSPTRG00000017408	direct	exact_protein_coding	ENSPTRG00000017408	1	protein_coding				not_required	
ENSPTRG00000017410		ensembl_archive	candidate_not_in_local_release115_gtf	ENSPTRG00000017410	1		64	ENSPTRG00000017410.3		success	Archive candidate was not found in the local Ensembl 115 GTF
ENSPTRG00000017418	ENSPTRG00000017418	direct	exact_protein_coding	ENSPTRG00000017418	1	protein_coding				not_required	
ENSPTRG00000017419	ENSPTRG00000017419	direct	exact_protein_coding	ENSPTRG00000017419	1	protein_coding				not_required	
ENSPTRG00000017423	ENSPTRG00000017423	direct	exact_protein_coding	ENSPTRG00000017423	1	protein_coding				not_required	
ENSPTRG00000017424	ENSPTRG00000017424	direct	exact_protein_coding	ENSPTRG00000017424	1	protein_coding				not_required	
ENSPTRG00000017431	ENSPTRG00000017431	direct	exact_protein_coding	ENSPTRG00000017431	1	protein_coding				not_required	
ENSPTRG00000017447	ENSPTRG00000017447	direct	exact_protein_coding	ENSPTRG00000017447	1	protein_coding				not_required	
ENSPTRG00000017452	ENSPTRG00000017452	direct	exact_protein_coding	ENSPTRG00000017452	1	protein_coding				not_required	
ENSPTRG00000017453		ensembl_archive	candidate_not_in_local_release115_gtf	ENSPTRG00000017453	1		90	ENSPTRG00000017453.5		success	Archive candidate was not found in the local Ensembl 115 GTF
ENSPTRG00000017475		ensembl_archive	candidate_not_in_local_release115_gtf	ENSPTRG00000017475	1		64	ENSPTRG00000017475.2		success	Archive candidate was not found in the local Ensembl 115 GTF
ENSPTRG00000017479	ENSPTRG00000017479	direct	exact_protein_coding	ENSPTRG00000017479	1	protein_coding				not_required	
ENSPTRG00000017484	ENSPTRG00000017484	direct	exact_protein_coding	ENSPTRG00000017484	1	protein_coding				not_required	
ENSPTRG00000017489	ENSPTRG00000017489	direct	exact_protein_coding	ENSPTRG00000017489	1	protein_coding				not_required	
ENSPTRG00000017504	ENSPTRG00000017504	direct	exact_protein_coding	ENSPTRG00000017504	1	protein_coding				not_required	
ENSPTRG00000017507	ENSPTRG00000017507	direct	exact_protein_coding	ENSPTRG00000017507	1	protein_coding				not_required	
ENSPTRG00000017517	ENSPTRG00000017517	direct	exact_protein_coding	ENSPTRG00000017517	1	protein_coding				not_required	
ENSPTRG00000017518	ENSPTRG00000017518	direct	exact_protein_coding	ENSPTRG00000017518	1	protein_coding				not_required	
ENSPTRG00000017535	ENSPTRG00000017535	direct	exact_protein_coding	ENSPTRG00000017535	1	protein_coding				not_required	
ENSPTRG00000017543	ENSPTRG00000017543	direct	exact_protein_coding	ENSPTRG00000017543	1	protein_coding				not_required	
ENSPTRG00000017544	ENSPTRG00000017544	direct	exact_protein_coding	ENSPTRG00000017544	1	protein_coding				not_required	
ENSPTRG00000017560	ENSPTRG00000017560	direct	exact_protein_coding	ENSPTRG00000017560	1	protein_coding				not_required	
ENSPTRG00000017561	ENSPTRG00000017561	direct	exact_protein_coding	ENSPTRG00000017561	1	protein_coding				not_required	
ENSPTRG00000017562		ensembl_archive	candidate_not_in_local_release115_gtf	ENSPTRG00000017562	1		64	ENSPTRG00000017562.2		success	Archive candidate was not found in the local Ensembl 115 GTF
ENSPTRG00000017568	ENSPTRG00000017568	direct	exact_protein_coding	ENSPTRG00000017568	1	protein_coding				not_required	
ENSPTRG00000017577	ENSPTRG00000017577	direct	exact_protein_coding	ENSPTRG00000017577	1	protein_coding				not_required	
ENSPTRG00000017589	ENSPTRG00000017589	direct	exact_protein_coding	ENSPTRG00000017589	1	protein_coding				not_required	
ENSPTRG00000017590	ENSPTRG00000017590	direct	exact_protein_coding	ENSPTRG00000017590	1	protein_coding				not_required	
ENSPTRG00000017592	ENSPTRG00000017592	direct	exact_protein_coding	ENSPTRG00000017592	1	protein_coding				not_required	
ENSPTRG00000017599		ensembl_archive	candidate_not_in_local_release115_gtf	ENSPTRG00000017599	1		64	ENSPTRG00000017599.2		success	Archive candidate was not found in the local Ensembl 115 GTF
ENSPTRG00000017616	ENSPTRG00000017616	direct	exact_protein_coding	ENSPTRG00000017616	1	protein_coding				not_required	
ENSPTRG00000017621	ENSPTRG00000017621	direct	exact_protein_coding	ENSPTRG00000017621	1	protein_coding				not_required	
ENSPTRG00000017625	ENSPTRG00000017625	direct	exact_protein_coding	ENSPTRG00000017625	1	protein_coding				not_required	
ENSPTRG00000017626	ENSPTRG00000017626	direct	exact_protein_coding	ENSPTRG00000017626	1	protein_coding				not_required	
ENSPTRG00000017628		ensembl_archive	candidate_not_in_local_release115_gtf	ENSPTRG00000017628	1		64	ENSPTRG00000017628.5		success	Archive candidate was not found in the local Ensembl 115 GTF
ENSPTRG00000017629	ENSPTRG00000017629	direct	exact_protein_coding	ENSPTRG00000017629	1	protein_coding				not_required	
ENSPTRG00000017642	ENSPTRG00000017642	direct	exact_protein_coding	ENSPTRG00000017642	1	protein_coding				not_required	
ENSPTRG00000017650		ensembl_archive	candidate_not_in_local_release115_gtf	ENSPTRG00000017650	1		64	ENSPTRG00000017650.4		success	Archive candidate was not found in the local Ensembl 115 GTF
ENSPTRG00000017654	ENSPTRG00000017654	direct	exact_protein_coding	ENSPTRG00000017654	1	protein_coding				not_required	
ENSPTRG00000017666	ENSPTRG00000017666	direct	exact_protein_coding	ENSPTRG00000017666	1	protein_coding				not_required	
ENSPTRG00000017668	ENSPTRG00000017668	direct	exact_protein_coding	ENSPTRG00000017668	1	protein_coding				not_required	
ENSPTRG00000017678	ENSPTRG00000017678	direct	exact_protein_coding	ENSPTRG00000017678	1	protein_coding				not_required	
ENSPTRG00000017683	ENSPTRG00000017683	direct	exact_protein_coding	ENSPTRG00000017683	1	protein_coding				not_required	
ENSPTRG00000017688	ENSPTRG00000017688	direct	exact_protein_coding	ENSPTRG00000017688	1	protein_coding				not_required	
ENSPTRG00000017690	ENSPTRG00000017690	direct	exact_protein_coding	ENSPTRG00000017690	1	protein_coding				not_required	
ENSPTRG00000017691	ENSPTRG00000017691	direct	exact_protein_coding	ENSPTRG00000017691	1	protein_coding				not_required	
ENSPTRG00000017698	ENSPTRG00000017698	direct	exact_protein_coding	ENSPTRG00000017698	1	protein_coding				not_required	
ENSPTRG00000017709	ENSPTRG00000017709	direct	exact_protein_coding	ENSPTRG00000017709	1	protein_coding				not_required	
ENSPTRG00000017710	ENSPTRG00000017710	direct	exact_protein_coding	ENSPTRG00000017710	1	protein_coding				not_required	
ENSPTRG00000017720	ENSPTRG00000017720	direct	exact_protein_coding	ENSPTRG00000017720	1	protein_coding				not_required	
ENSPTRG00000017721	ENSPTRG00000017721	direct	exact_protein_coding	ENSPTRG00000017721	1	protein_coding				not_required	
ENSPTRG00000017729	ENSPTRG00000017729	direct	exact_protein_coding	ENSPTRG00000017729	1	protein_coding				not_required	
ENSPTRG00000017730	ENSPTRG00000017730	direct	exact_protein_coding	ENSPTRG00000017730	1	protein_coding				not_required	
ENSPTRG00000017736	ENSPTRG00000017736	direct	exact_protein_coding	ENSPTRG00000017736	1	protein_coding				not_required	
ENSPTRG00000017737	ENSPTRG00000017737	direct	exact_protein_coding	ENSPTRG00000017737	1	protein_coding				not_required	
ENSPTRG00000017740	ENSPTRG00000017740	direct	exact_protein_coding	ENSPTRG00000017740	1	protein_coding				not_required	
ENSPTRG00000017744		ensembl_archive	candidate_not_in_local_release115_gtf	ENSPTRG00000017744	1		64	ENSPTRG00000017744.5		success	Archive candidate was not found in the local Ensembl 115 GTF
ENSPTRG00000017757	ENSPTRG00000017757	direct	exact_protein_coding	ENSPTRG00000017757	1	protein_coding				not_required	
ENSPTRG00000017774	ENSPTRG00000017774	direct	exact_protein_coding	ENSPTRG00000017774	1	protein_coding				not_required	
ENSPTRG00000017776	ENSPTRG00000017776	direct	exact_protein_coding	ENSPTRG00000017776	1	protein_coding				not_required	
ENSPTRG00000017780	ENSPTRG00000017780	direct	exact_protein_coding	ENSPTRG00000017780	1	protein_coding				not_required	
ENSPTRG00000017836	ENSPTRG00000017836	direct	exact_protein_coding	ENSPTRG00000017836	1	protein_coding				not_required	
ENSPTRG00000017837		ensembl_archive	candidate_not_in_local_release115_gtf	ENSPTRG00000017837	1		90	ENSPTRG00000017837.4		success	Archive candidate was not found in the local Ensembl 115 GTF
ENSPTRG00000017875	ENSPTRG00000017875	direct	exact_protein_coding	ENSPTRG00000017875	1	protein_coding				not_required	
ENSPTRG00000017883	ENSPTRG00000017883	direct	exact_protein_coding	ENSPTRG00000017883	1	protein_coding				not_required	
ENSPTRG00000017915		ensembl_archive	candidate_not_in_local_release115_gtf	ENSPTRG00000017915	1		90	ENSPTRG00000017915.4		success	Archive candidate was not found in the local Ensembl 115 GTF
ENSPTRG00000017924		ensembl_archive	candidate_not_in_local_release115_gtf	ENSPTRG00000017924	1		90	ENSPTRG00000017924.6		success	Archive candidate was not found in the local Ensembl 115 GTF
ENSPTRG00000017932	ENSPTRG00000017932	direct	exact_protein_coding	ENSPTRG00000017932	1	protein_coding				not_required	
ENSPTRG00000017934	ENSPTRG00000017934	direct	exact_protein_coding	ENSPTRG00000017934	1	protein_coding				not_required	
ENSPTRG00000017936	ENSPTRG00000017936	direct	exact_protein_coding	ENSPTRG00000017936	1	protein_coding				not_required	
ENSPTRG00000017939		ensembl_archive	candidate_not_in_local_release115_gtf	ENSPTRG00000017939	1		90	ENSPTRG00000017939.5		success	Archive candidate was not found in the local Ensembl 115 GTF
ENSPTRG00000017940	ENSPTRG00000017940	direct	exact_protein_coding	ENSPTRG00000017940	1	protein_coding				not_required	
ENSPTRG00000017943	ENSPTRG00000017943	direct	exact_protein_coding	ENSPTRG00000017943	1	protein_coding				not_required	
ENSPTRG00000017957	ENSPTRG00000017957	direct	exact_protein_coding	ENSPTRG00000017957	1	protein_coding				not_required	
ENSPTRG00000017963	ENSPTRG00000017963	direct	exact_protein_coding	ENSPTRG00000017963	1	protein_coding				not_required	
ENSPTRG00000017974	ENSPTRG00000017974	direct	exact_protein_coding	ENSPTRG00000017974	1	protein_coding				not_required	
ENSPTRG00000017977	ENSPTRG00000017977	direct	exact_protein_coding	ENSPTRG00000017977	1	protein_coding				not_required	
ENSPTRG00000017986	ENSPTRG00000017986	direct	exact_protein_coding	ENSPTRG00000017986	1	protein_coding				not_required	
ENSPTRG00000017989	ENSPTRG00000017989	direct	exact_protein_coding	ENSPTRG00000017989	1	protein_coding				not_required	
ENSPTRG00000017990	ENSPTRG00000017990	direct	exact_protein_coding	ENSPTRG00000017990	1	protein_coding				not_required	
ENSPTRG00000017997	ENSPTRG00000017997	direct	exact_protein_coding	ENSPTRG00000017997	1	protein_coding				not_required	
ENSPTRG00000018009	ENSPTRG00000018009	direct	exact_protein_coding	ENSPTRG00000018009	1	protein_coding				not_required	
ENSPTRG00000018010	ENSPTRG00000018010	direct	exact_protein_coding	ENSPTRG00000018010	1	protein_coding				not_required	
ENSPTRG00000018012	ENSPTRG00000018012	direct	exact_protein_coding	ENSPTRG00000018012	1	protein_coding				not_required	
ENSPTRG00000018034	ENSPTRG00000018034	direct	exact_protein_coding	ENSPTRG00000018034	1	protein_coding				not_required	
ENSPTRG00000018035	ENSPTRG00000018035	direct	exact_protein_coding	ENSPTRG00000018035	1	protein_coding				not_required	
ENSPTRG00000018038	ENSPTRG00000018038	direct	exact_protein_coding	ENSPTRG00000018038	1	protein_coding				not_required	
ENSPTRG00000018040	ENSPTRG00000018040	direct	exact_protein_coding	ENSPTRG00000018040	1	protein_coding				not_required	
ENSPTRG00000018041	ENSPTRG00000018041	direct	exact_protein_coding	ENSPTRG00000018041	1	protein_coding				not_required	
ENSPTRG00000018044	ENSPTRG00000018044	direct	exact_protein_coding	ENSPTRG00000018044	1	protein_coding				not_required	
ENSPTRG00000018050	ENSPTRG00000018050	direct	exact_protein_coding	ENSPTRG00000018050	1	protein_coding				not_required	
ENSPTRG00000018053	ENSPTRG00000018053	direct	exact_protein_coding	ENSPTRG00000018053	1	protein_coding				not_required	
ENSPTRG00000018057	ENSPTRG00000018057	direct	exact_protein_coding	ENSPTRG00000018057	1	protein_coding				not_required	
ENSPTRG00000018063	ENSPTRG00000018063	direct	exact_protein_coding	ENSPTRG00000018063	1	protein_coding				not_required	
ENSPTRG00000018068	ENSPTRG00000018068	direct	exact_protein_coding	ENSPTRG00000018068	1	protein_coding				not_required	
ENSPTRG00000018075	ENSPTRG00000018075	direct	exact_protein_coding	ENSPTRG00000018075	1	protein_coding				not_required	
ENSPTRG00000018080	ENSPTRG00000018080	direct	exact_protein_coding	ENSPTRG00000018080	1	protein_coding				not_required	
ENSPTRG00000018082	ENSPTRG00000018082	direct	exact_protein_coding	ENSPTRG00000018082	1	protein_coding				not_required	
ENSPTRG00000018085	ENSPTRG00000018085	direct	exact_protein_coding	ENSPTRG00000018085	1	protein_coding				not_required	
ENSPTRG00000018097	ENSPTRG00000018097	direct	exact_protein_coding	ENSPTRG00000018097	1	protein_coding				not_required	
ENSPTRG00000018104	ENSPTRG00000018104	direct	exact_protein_coding	ENSPTRG00000018104	1	protein_coding				not_required	
ENSPTRG00000018111	ENSPTRG00000018111	direct	exact_protein_coding	ENSPTRG00000018111	1	protein_coding				not_required	
ENSPTRG00000018122	ENSPTRG00000018122	direct	exact_protein_coding	ENSPTRG00000018122	1	protein_coding				not_required	
ENSPTRG00000018123	ENSPTRG00000018123	direct	exact_protein_coding	ENSPTRG00000018123	1	protein_coding				not_required	
ENSPTRG00000018125	ENSPTRG00000018125	direct	exact_protein_coding	ENSPTRG00000018125	1	protein_coding				not_required	
ENSPTRG00000018128	ENSPTRG00000018128	direct	exact_protein_coding	ENSPTRG00000018128	1	protein_coding				not_required	
ENSPTRG00000018155	ENSPTRG00000018155	direct	exact_protein_coding	ENSPTRG00000018155	1	protein_coding				not_required	
ENSPTRG00000018157	ENSPTRG00000018157	direct	exact_protein_coding	ENSPTRG00000018157	1	protein_coding				not_required	
ENSPTRG00000018162	ENSPTRG00000018162	direct	exact_protein_coding	ENSPTRG00000018162	1	protein_coding				not_required	
ENSPTRG00000018163	ENSPTRG00000018163	direct	exact_protein_coding	ENSPTRG00000018163	1	protein_coding				not_required	
ENSPTRG00000018169	ENSPTRG00000018169	direct	exact_protein_coding	ENSPTRG00000018169	1	protein_coding				not_required	
ENSPTRG00000018171	ENSPTRG00000018171	direct	exact_protein_coding	ENSPTRG00000018171	1	protein_coding				not_required	
ENSPTRG00000018173	ENSPTRG00000018173	direct	exact_protein_coding	ENSPTRG00000018173	1	protein_coding				not_required	
ENSPTRG00000018175	ENSPTRG00000018175	direct	exact_protein_coding	ENSPTRG00000018175	1	protein_coding				not_required	
ENSPTRG00000018177	ENSPTRG00000018177	direct	exact_protein_coding	ENSPTRG00000018177	1	protein_coding				not_required	
ENSPTRG00000018184	ENSPTRG00000018184	direct	exact_protein_coding	ENSPTRG00000018184	1	protein_coding				not_required	
ENSPTRG00000018186	ENSPTRG00000018186	direct	exact_protein_coding	ENSPTRG00000018186	1	protein_coding				not_required	
ENSPTRG00000018187	ENSPTRG00000018187	direct	exact_protein_coding	ENSPTRG00000018187	1	protein_coding				not_required	
ENSPTRG00000018189	ENSPTRG00000018189	direct	exact_protein_coding	ENSPTRG00000018189	1	protein_coding				not_required	
ENSPTRG00000018199	ENSPTRG00000018199	direct	exact_protein_coding	ENSPTRG00000018199	1	protein_coding				not_required	
ENSPTRG00000018201	ENSPTRG00000018201	direct	exact_protein_coding	ENSPTRG00000018201	1	protein_coding				not_required	
ENSPTRG00000018207	ENSPTRG00000018207	direct	exact_protein_coding	ENSPTRG00000018207	1	protein_coding				not_required	
ENSPTRG00000018209	ENSPTRG00000018209	direct	exact_protein_coding	ENSPTRG00000018209	1	protein_coding				not_required	
ENSPTRG00000018213	ENSPTRG00000018213	direct	exact_protein_coding	ENSPTRG00000018213	1	protein_coding				not_required	
ENSPTRG00000018214	ENSPTRG00000018214	direct	exact_protein_coding	ENSPTRG00000018214	1	protein_coding				not_required	
ENSPTRG00000018216	ENSPTRG00000018216	direct	exact_protein_coding	ENSPTRG00000018216	1	protein_coding				not_required	
ENSPTRG00000018217	ENSPTRG00000018217	direct	exact_protein_coding	ENSPTRG00000018217	1	protein_coding				not_required	
ENSPTRG00000018231	ENSPTRG00000018231	direct	exact_protein_coding	ENSPTRG00000018231	1	protein_coding				not_required	
ENSPTRG00000018232	ENSPTRG00000018232	direct	exact_protein_coding	ENSPTRG00000018232	1	protein_coding				not_required	
ENSPTRG00000018275	ENSPTRG00000018275	direct	exact_protein_coding	ENSPTRG00000018275	1	protein_coding				not_required	
ENSPTRG00000018279	ENSPTRG00000018279	direct	exact_protein_coding	ENSPTRG00000018279	1	protein_coding				not_required	
ENSPTRG00000018303	ENSPTRG00000018303	direct	exact_protein_coding	ENSPTRG00000018303	1	protein_coding				not_required	
ENSPTRG00000018314		ensembl_archive	candidate_not_in_local_release115_gtf	ENSPTRG00000018314	1		90	ENSPTRG00000018314.4		success	Archive candidate was not found in the local Ensembl 115 GTF
ENSPTRG00000018326	ENSPTRG00000018326	direct	exact_protein_coding	ENSPTRG00000018326	1	protein_coding				not_required	
ENSPTRG00000018331	ENSPTRG00000018331	direct	exact_protein_coding	ENSPTRG00000018331	1	protein_coding				not_required	
ENSPTRG00000018333	ENSPTRG00000018333	direct	exact_protein_coding	ENSPTRG00000018333	1	protein_coding				not_required	
ENSPTRG00000018348	ENSPTRG00000018348	direct	exact_protein_coding	ENSPTRG00000018348	1	protein_coding				not_required	
ENSPTRG00000018355	ENSPTRG00000018355	direct	exact_protein_coding	ENSPTRG00000018355	1	protein_coding				not_required	
ENSPTRG00000018357	ENSPTRG00000018357	direct	exact_protein_coding	ENSPTRG00000018357	1	protein_coding				not_required	
ENSPTRG00000018366	ENSPTRG00000018366	direct	exact_protein_coding	ENSPTRG00000018366	1	protein_coding				not_required	
ENSPTRG00000018375	ENSPTRG00000018375	direct	exact_protein_coding	ENSPTRG00000018375	1	protein_coding				not_required	
ENSPTRG00000018377	ENSPTRG00000018377	direct	exact_protein_coding	ENSPTRG00000018377	1	protein_coding				not_required	
ENSPTRG00000018381	ENSPTRG00000018381	direct	exact_protein_coding	ENSPTRG00000018381	1	protein_coding				not_required	
ENSPTRG00000018393	ENSPTRG00000018393	direct	exact_protein_coding	ENSPTRG00000018393	1	protein_coding				not_required	
ENSPTRG00000018402	ENSPTRG00000018402	direct	exact_protein_coding	ENSPTRG00000018402	1	protein_coding				not_required	
ENSPTRG00000018409	ENSPTRG00000018409	direct	exact_protein_coding	ENSPTRG00000018409	1	protein_coding				not_required	
ENSPTRG00000018427	ENSPTRG00000018427	direct	exact_protein_coding	ENSPTRG00000018427	1	protein_coding				not_required	
ENSPTRG00000018432	ENSPTRG00000018432	direct	exact_protein_coding	ENSPTRG00000018432	1	protein_coding				not_required	
ENSPTRG00000018435	ENSPTRG00000018435	direct	exact_protein_coding	ENSPTRG00000018435	1	protein_coding				not_required	
ENSPTRG00000018438	ENSPTRG00000018438	direct	exact_protein_coding	ENSPTRG00000018438	1	protein_coding				not_required	
ENSPTRG00000018441	ENSPTRG00000018441	direct	exact_protein_coding	ENSPTRG00000018441	1	protein_coding				not_required	
ENSPTRG00000018444	ENSPTRG00000018444	direct	exact_protein_coding	ENSPTRG00000018444	1	protein_coding				not_required	
ENSPTRG00000018448	ENSPTRG00000018448	direct	exact_protein_coding	ENSPTRG00000018448	1	protein_coding				not_required	
ENSPTRG00000018456	ENSPTRG00000018456	direct	exact_protein_coding	ENSPTRG00000018456	1	protein_coding				not_required	
ENSPTRG00000018458	ENSPTRG00000018458	direct	exact_protein_coding	ENSPTRG00000018458	1	protein_coding				not_required	
ENSPTRG00000018461	ENSPTRG00000018461	direct	exact_protein_coding	ENSPTRG00000018461	1	protein_coding				not_required	
ENSPTRG00000018462	ENSPTRG00000018462	direct	exact_protein_coding	ENSPTRG00000018462	1	protein_coding				not_required	
ENSPTRG00000018464	ENSPTRG00000018464	direct	exact_protein_coding	ENSPTRG00000018464	1	protein_coding				not_required	
ENSPTRG00000018471	ENSPTRG00000018471	direct	exact_protein_coding	ENSPTRG00000018471	1	protein_coding				not_required	
ENSPTRG00000018473	ENSPTRG00000018473	direct	exact_protein_coding	ENSPTRG00000018473	1	protein_coding				not_required	
ENSPTRG00000018492	ENSPTRG00000018492	direct	exact_protein_coding	ENSPTRG00000018492	1	protein_coding				not_required	
ENSPTRG00000018501	ENSPTRG00000018501	direct	exact_protein_coding	ENSPTRG00000018501	1	protein_coding				not_required	
ENSPTRG00000018502	ENSPTRG00000018502	direct	exact_protein_coding	ENSPTRG00000018502	1	protein_coding				not_required	
ENSPTRG00000018503	ENSPTRG00000018503	direct	exact_protein_coding	ENSPTRG00000018503	1	protein_coding				not_required	
ENSPTRG00000018523	ENSPTRG00000018523	direct	exact_protein_coding	ENSPTRG00000018523	1	protein_coding				not_required	
ENSPTRG00000018534	ENSPTRG00000018534	direct	exact_protein_coding	ENSPTRG00000018534	1	protein_coding				not_required	
ENSPTRG00000018547	ENSPTRG00000018547	direct	exact_protein_coding	ENSPTRG00000018547	1	protein_coding				not_required	
ENSPTRG00000018554	ENSPTRG00000018554	direct	exact_protein_coding	ENSPTRG00000018554	1	protein_coding				not_required	
ENSPTRG00000018573	ENSPTRG00000018573	direct	exact_protein_coding	ENSPTRG00000018573	1	protein_coding				not_required	
ENSPTRG00000018574	ENSPTRG00000018574	direct	exact_protein_coding	ENSPTRG00000018574	1	protein_coding				not_required	
ENSPTRG00000018576	ENSPTRG00000018576	direct	exact_protein_coding	ENSPTRG00000018576	1	protein_coding				not_required	
ENSPTRG00000018587	ENSPTRG00000018587	direct	exact_protein_coding	ENSPTRG00000018587	1	protein_coding				not_required	
ENSPTRG00000018599	ENSPTRG00000018599	direct	exact_protein_coding	ENSPTRG00000018599	1	protein_coding				not_required	
ENSPTRG00000018618	ENSPTRG00000018618	direct	exact_protein_coding	ENSPTRG00000018618	1	protein_coding				not_required	
ENSPTRG00000018630	ENSPTRG00000018630	direct	exact_protein_coding	ENSPTRG00000018630	1	protein_coding				not_required	
ENSPTRG00000018642	ENSPTRG00000018642	direct	exact_protein_coding	ENSPTRG00000018642	1	protein_coding				not_required	
ENSPTRG00000018652	ENSPTRG00000018652	direct	exact_protein_coding	ENSPTRG00000018652	1	protein_coding				not_required	
ENSPTRG00000018656	ENSPTRG00000018656	direct	exact_protein_coding	ENSPTRG00000018656	1	protein_coding				not_required	
ENSPTRG00000018666	ENSPTRG00000018666	direct	exact_protein_coding	ENSPTRG00000018666	1	protein_coding				not_required	
ENSPTRG00000018670	ENSPTRG00000018670	direct	exact_protein_coding	ENSPTRG00000018670	1	protein_coding				not_required	
ENSPTRG00000018676	ENSPTRG00000018676	direct	exact_protein_coding	ENSPTRG00000018676	1	protein_coding				not_required	
ENSPTRG00000018681	ENSPTRG00000018681	direct	exact_protein_coding	ENSPTRG00000018681	1	protein_coding				not_required	
ENSPTRG00000018688	ENSPTRG00000018688	direct	exact_protein_coding	ENSPTRG00000018688	1	protein_coding				not_required	
ENSPTRG00000018690	ENSPTRG00000018690	direct	exact_protein_coding	ENSPTRG00000018690	1	protein_coding				not_required	
ENSPTRG00000018697	ENSPTRG00000018697	direct	exact_protein_coding	ENSPTRG00000018697	1	protein_coding				not_required	
ENSPTRG00000018699	ENSPTRG00000018699	direct	exact_protein_coding	ENSPTRG00000018699	1	protein_coding				not_required	
ENSPTRG00000018709	ENSPTRG00000018709	direct	exact_protein_coding	ENSPTRG00000018709	1	protein_coding				not_required	
ENSPTRG00000018712	ENSPTRG00000018712	direct	exact_protein_coding	ENSPTRG00000018712	1	protein_coding				not_required	
ENSPTRG00000018730	ENSPTRG00000018730	direct	exact_protein_coding	ENSPTRG00000018730	1	protein_coding				not_required	
ENSPTRG00000018735		ensembl_archive	candidate_not_in_local_release115_gtf	ENSPTRG00000018735	1		90	ENSPTRG00000018735.2		success	Archive candidate was not found in the local Ensembl 115 GTF
ENSPTRG00000018738	ENSPTRG00000018738	direct	exact_protein_coding	ENSPTRG00000018738	1	protein_coding				not_required	
ENSPTRG00000018742		ensembl_archive	candidate_not_in_local_release115_gtf	ENSPTRG00000018742	1		90	ENSPTRG00000018742.5		success	Archive candidate was not found in the local Ensembl 115 GTF
ENSPTRG00000018760	ENSPTRG00000018760	direct	exact_protein_coding	ENSPTRG00000018760	1	protein_coding				not_required	
ENSPTRG00000018761	ENSPTRG00000018761	direct	exact_protein_coding	ENSPTRG00000018761	1	protein_coding				not_required	
ENSPTRG00000018764	ENSPTRG00000018764	direct	exact_protein_coding	ENSPTRG00000018764	1	protein_coding				not_required	
ENSPTRG00000018785	ENSPTRG00000018785	direct	exact_protein_coding	ENSPTRG00000018785	1	protein_coding				not_required	
ENSPTRG00000018793	ENSPTRG00000018793	direct	exact_protein_coding	ENSPTRG00000018793	1	protein_coding				not_required	
ENSPTRG00000018819	ENSPTRG00000018819	direct	exact_protein_coding	ENSPTRG00000018819	1	protein_coding				not_required	
ENSPTRG00000018826	ENSPTRG00000018826	direct	exact_protein_coding	ENSPTRG00000018826	1	protein_coding				not_required	
ENSPTRG00000018828	ENSPTRG00000018828	direct	exact_protein_coding	ENSPTRG00000018828	1	protein_coding				not_required	
ENSPTRG00000018832		ensembl_archive	candidate_not_in_local_release115_gtf	ENSPTRG00000018832	1		64	ENSPTRG00000018832.4		success	Archive candidate was not found in the local Ensembl 115 GTF
ENSPTRG00000018837		ensembl_archive	candidate_not_in_local_release115_gtf	ENSPTRG00000018837	1		64	ENSPTRG00000018837.4		success	Archive candidate was not found in the local Ensembl 115 GTF
ENSPTRG00000018844		ensembl_archive	candidate_not_in_local_release115_gtf	ENSPTRG00000018844	1		64	ENSPTRG00000018844.4		success	Archive candidate was not found in the local Ensembl 115 GTF
ENSPTRG00000018845		ensembl_archive	candidate_not_in_local_release115_gtf	ENSPTRG00000018845	1		64	ENSPTRG00000018845.3		success	Archive candidate was not found in the local Ensembl 115 GTF
ENSPTRG00000018853		ensembl_archive	candidate_not_in_local_release115_gtf	ENSPTRG00000018853	1		64	ENSPTRG00000018853.1		success	Archive candidate was not found in the local Ensembl 115 GTF
ENSPTRG00000018857	ENSPTRG00000018857	direct	exact_protein_coding	ENSPTRG00000018857	1	protein_coding				not_required	
ENSPTRG00000018860	ENSPTRG00000018860	direct	exact_protein_coding	ENSPTRG00000018860	1	protein_coding				not_required	
ENSPTRG00000018861	ENSPTRG00000018861	direct	exact_protein_coding	ENSPTRG00000018861	1	protein_coding				not_required	
ENSPTRG00000018870	ENSPTRG00000018870	direct	exact_protein_coding	ENSPTRG00000018870	1	protein_coding				not_required	
ENSPTRG00000018876	ENSPTRG00000018876	direct	exact_protein_coding	ENSPTRG00000018876	1	protein_coding				not_required	
ENSPTRG00000018882	ENSPTRG00000018882	direct	exact_protein_coding	ENSPTRG00000018882	1	protein_coding				not_required	
ENSPTRG00000018890	ENSPTRG00000018890	direct	exact_protein_coding	ENSPTRG00000018890	1	protein_coding				not_required	
ENSPTRG00000018897		ensembl_archive	candidate_not_in_local_release115_gtf	ENSPTRG00000018897	1		90	ENSPTRG00000018897.3		success	Archive candidate was not found in the local Ensembl 115 GTF
ENSPTRG00000018902	ENSPTRG00000018902	direct	exact_protein_coding	ENSPTRG00000018902	1	protein_coding				not_required	
ENSPTRG00000018903	ENSPTRG00000018903	direct	exact_protein_coding	ENSPTRG00000018903	1	protein_coding				not_required	
ENSPTRG00000018904	ENSPTRG00000018904	direct	exact_protein_coding	ENSPTRG00000018904	1	protein_coding				not_required	
ENSPTRG00000018910	ENSPTRG00000018910	direct	exact_protein_coding	ENSPTRG00000018910	1	protein_coding				not_required	
ENSPTRG00000018911		ensembl_archive	candidate_not_in_local_release115_gtf	ENSPTRG00000018911	1		64	ENSPTRG00000018911.4		success	Archive candidate was not found in the local Ensembl 115 GTF
ENSPTRG00000018925	ENSPTRG00000018925	direct	exact_protein_coding	ENSPTRG00000018925	1	protein_coding				not_required	
ENSPTRG00000018926	ENSPTRG00000018926	direct	exact_protein_coding	ENSPTRG00000018926	1	protein_coding				not_required	
ENSPTRG00000018934		ensembl_archive	candidate_not_in_local_release115_gtf	ENSPTRG00000018934	1		90	ENSPTRG00000018934.5		success	Archive candidate was not found in the local Ensembl 115 GTF
ENSPTRG00000018935	ENSPTRG00000018935	direct	exact_protein_coding	ENSPTRG00000018935	1	protein_coding				not_required	
ENSPTRG00000018937	ENSPTRG00000018937	direct	exact_protein_coding	ENSPTRG00000018937	1	protein_coding				not_required	
ENSPTRG00000018950	ENSPTRG00000018950	direct	exact_protein_coding	ENSPTRG00000018950	1	protein_coding				not_required	
ENSPTRG00000018962	ENSPTRG00000018962	direct	exact_protein_coding	ENSPTRG00000018962	1	protein_coding				not_required	
ENSPTRG00000018980	ENSPTRG00000018980	direct	exact_protein_coding	ENSPTRG00000018980	1	protein_coding				not_required	
ENSPTRG00000018985	ENSPTRG00000018985	direct	exact_protein_coding	ENSPTRG00000018985	1	protein_coding				not_required	
ENSPTRG00000018988	ENSPTRG00000018988	direct	exact_protein_coding	ENSPTRG00000018988	1	protein_coding				not_required	
ENSPTRG00000019025	ENSPTRG00000019025	direct	exact_protein_coding	ENSPTRG00000019025	1	protein_coding				not_required	
ENSPTRG00000019040	ENSPTRG00000019040	direct	exact_protein_coding	ENSPTRG00000019040	1	protein_coding				not_required	
ENSPTRG00000019041	ENSPTRG00000019041	direct	exact_protein_coding	ENSPTRG00000019041	1	protein_coding				not_required	
ENSPTRG00000019042	ENSPTRG00000019042	direct	exact_protein_coding	ENSPTRG00000019042	1	protein_coding				not_required	
ENSPTRG00000019057	ENSPTRG00000019057	direct	exact_protein_coding	ENSPTRG00000019057	1	protein_coding				not_required	
ENSPTRG00000019066	ENSPTRG00000019066	direct	exact_protein_coding	ENSPTRG00000019066	1	protein_coding				not_required	
ENSPTRG00000019067	ENSPTRG00000019067	direct	exact_protein_coding	ENSPTRG00000019067	1	protein_coding				not_required	
ENSPTRG00000019068	ENSPTRG00000019068	direct	exact_protein_coding	ENSPTRG00000019068	1	protein_coding				not_required	
ENSPTRG00000019094	ENSPTRG00000019094	direct	exact_protein_coding	ENSPTRG00000019094	1	protein_coding				not_required	
ENSPTRG00000019120	ENSPTRG00000019120	direct	exact_protein_coding	ENSPTRG00000019120	1	protein_coding				not_required	
ENSPTRG00000019121	ENSPTRG00000019121	direct	exact_protein_coding	ENSPTRG00000019121	1	protein_coding				not_required	
ENSPTRG00000019125	ENSPTRG00000019125	direct	exact_protein_coding	ENSPTRG00000019125	1	protein_coding				not_required	
ENSPTRG00000019126		ensembl_archive	candidate_not_in_local_release115_gtf	ENSPTRG00000019126	1		64	ENSPTRG00000019126.3		success	Archive candidate was not found in the local Ensembl 115 GTF
ENSPTRG00000019127	ENSPTRG00000019127	direct	exact_protein_coding	ENSPTRG00000019127	1	protein_coding				not_required	
ENSPTRG00000019128	ENSPTRG00000019128	direct	exact_protein_coding	ENSPTRG00000019128	1	protein_coding				not_required	
ENSPTRG00000019130		ensembl_archive	candidate_not_in_local_release115_gtf	ENSPTRG00000019130	1		64	ENSPTRG00000019130.3		success	Archive candidate was not found in the local Ensembl 115 GTF
ENSPTRG00000019132	ENSPTRG00000019132	direct	exact_protein_coding	ENSPTRG00000019132	1	protein_coding				not_required	
ENSPTRG00000019134	ENSPTRG00000019134	direct	exact_protein_coding	ENSPTRG00000019134	1	protein_coding				not_required	
ENSPTRG00000019138	ENSPTRG00000019138	direct	exact_protein_coding	ENSPTRG00000019138	1	protein_coding				not_required	
ENSPTRG00000019141	ENSPTRG00000019141	direct	exact_protein_coding	ENSPTRG00000019141	1	protein_coding				not_required	
ENSPTRG00000019147	ENSPTRG00000019147	direct	exact_protein_coding	ENSPTRG00000019147	1	protein_coding				not_required	
ENSPTRG00000019149	ENSPTRG00000019149	direct	exact_protein_coding	ENSPTRG00000019149	1	protein_coding				not_required	
ENSPTRG00000019159	ENSPTRG00000019159	direct	exact_protein_coding	ENSPTRG00000019159	1	protein_coding				not_required	
ENSPTRG00000019191	ENSPTRG00000019191	direct	exact_protein_coding	ENSPTRG00000019191	1	protein_coding				not_required	
ENSPTRG00000019203	ENSPTRG00000019203	direct	exact_protein_coding	ENSPTRG00000019203	1	protein_coding				not_required	
ENSPTRG00000019206	ENSPTRG00000019206	direct	exact_protein_coding	ENSPTRG00000019206	1	protein_coding				not_required	
ENSPTRG00000019207	ENSPTRG00000019207	direct	exact_protein_coding	ENSPTRG00000019207	1	protein_coding				not_required	
ENSPTRG00000019209	ENSPTRG00000019209	direct	exact_protein_coding	ENSPTRG00000019209	1	protein_coding				not_required	
ENSPTRG00000019222	ENSPTRG00000019222	direct	exact_protein_coding	ENSPTRG00000019222	1	protein_coding				not_required	
ENSPTRG00000019235	ENSPTRG00000019235	direct	exact_protein_coding	ENSPTRG00000019235	1	protein_coding				not_required	
ENSPTRG00000019243		ensembl_archive	candidate_not_in_local_release115_gtf	ENSPTRG00000019243	1		90	ENSPTRG00000019243.4		success	Archive candidate was not found in the local Ensembl 115 GTF
ENSPTRG00000019253	ENSPTRG00000019253	direct	exact_protein_coding	ENSPTRG00000019253	1	protein_coding				not_required	
ENSPTRG00000019254	ENSPTRG00000019254	direct	exact_protein_coding	ENSPTRG00000019254	1	protein_coding				not_required	
ENSPTRG00000019268	ENSPTRG00000019268	direct	exact_protein_coding	ENSPTRG00000019268	1	protein_coding				not_required	
ENSPTRG00000019272	ENSPTRG00000019272	direct	exact_protein_coding	ENSPTRG00000019272	1	protein_coding				not_required	
ENSPTRG00000019278	ENSPTRG00000019278	direct	exact_protein_coding	ENSPTRG00000019278	1	protein_coding				not_required	
ENSPTRG00000019287	ENSPTRG00000019287	direct	exact_protein_coding	ENSPTRG00000019287	1	protein_coding				not_required	
ENSPTRG00000019289	ENSPTRG00000019289	direct	exact_protein_coding	ENSPTRG00000019289	1	protein_coding				not_required	
ENSPTRG00000019292	ENSPTRG00000019292	direct	exact_protein_coding	ENSPTRG00000019292	1	protein_coding				not_required	
ENSPTRG00000019295	ENSPTRG00000019295	direct	exact_protein_coding	ENSPTRG00000019295	1	protein_coding				not_required	
ENSPTRG00000019298	ENSPTRG00000019298	direct	exact_protein_coding	ENSPTRG00000019298	1	protein_coding				not_required	
ENSPTRG00000019305		ensembl_archive	candidate_not_in_local_release115_gtf	ENSPTRG00000019305	1		64	ENSPTRG00000019305.4		success	Archive candidate was not found in the local Ensembl 115 GTF
ENSPTRG00000019307	ENSPTRG00000019307	direct	exact_protein_coding	ENSPTRG00000019307	1	protein_coding				not_required	
ENSPTRG00000019316	ENSPTRG00000019316	direct	exact_protein_coding	ENSPTRG00000019316	1	protein_coding				not_required	
ENSPTRG00000019323	ENSPTRG00000019323	direct	exact_protein_coding	ENSPTRG00000019323	1	protein_coding				not_required	
ENSPTRG00000019325	ENSPTRG00000019325	direct	exact_protein_coding	ENSPTRG00000019325	1	protein_coding				not_required	
ENSPTRG00000019337	ENSPTRG00000019337	direct	exact_protein_coding	ENSPTRG00000019337	1	protein_coding				not_required	
ENSPTRG00000019376	ENSPTRG00000019376	direct	exact_protein_coding	ENSPTRG00000019376	1	protein_coding				not_required	
ENSPTRG00000019384	ENSPTRG00000019384	direct	exact_protein_coding	ENSPTRG00000019384	1	protein_coding				not_required	
ENSPTRG00000019385		ensembl_archive	candidate_not_in_local_release115_gtf	ENSPTRG00000019385	1		90	ENSPTRG00000019385.4		success	Archive candidate was not found in the local Ensembl 115 GTF
ENSPTRG00000019388	ENSPTRG00000019388	direct	exact_protein_coding	ENSPTRG00000019388	1	protein_coding				not_required	
ENSPTRG00000019395	ENSPTRG00000019395	direct	exact_protein_coding	ENSPTRG00000019395	1	protein_coding				not_required	
ENSPTRG00000019400	ENSPTRG00000019400	direct	exact_protein_coding	ENSPTRG00000019400	1	protein_coding				not_required	
ENSPTRG00000019408		ensembl_archive	candidate_not_in_local_release115_gtf	ENSPTRG00000019408	1		90	ENSPTRG00000019408.4		success	Archive candidate was not found in the local Ensembl 115 GTF
ENSPTRG00000019411	ENSPTRG00000019411	direct	exact_protein_coding	ENSPTRG00000019411	1	protein_coding				not_required	
ENSPTRG00000019419	ENSPTRG00000019419	direct	exact_protein_coding	ENSPTRG00000019419	1	protein_coding				not_required	
ENSPTRG00000019436	ENSPTRG00000019436	direct	exact_protein_coding	ENSPTRG00000019436	1	protein_coding				not_required	
ENSPTRG00000019450	ENSPTRG00000019450	direct	exact_protein_coding	ENSPTRG00000019450	1	protein_coding				not_required	
ENSPTRG00000019451	ENSPTRG00000019451	direct	exact_protein_coding	ENSPTRG00000019451	1	protein_coding				not_required	
ENSPTRG00000019452	ENSPTRG00000019452	direct	exact_protein_coding	ENSPTRG00000019452	1	protein_coding				not_required	
ENSPTRG00000019453	ENSPTRG00000019453	direct	exact_protein_coding	ENSPTRG00000019453	1	protein_coding				not_required	
ENSPTRG00000019454		ensembl_archive	candidate_not_in_local_release115_gtf	ENSPTRG00000019454	1		64	ENSPTRG00000019454.4		success	Archive candidate was not found in the local Ensembl 115 GTF
ENSPTRG00000019456	ENSPTRG00000019456	direct	exact_protein_coding	ENSPTRG00000019456	1	protein_coding				not_required	
ENSPTRG00000019468		ensembl_archive	candidate_not_in_local_release115_gtf	ENSPTRG00000019468	1		90	ENSPTRG00000019468.5		success	Archive candidate was not found in the local Ensembl 115 GTF
ENSPTRG00000019470	ENSPTRG00000019470	direct	exact_protein_coding	ENSPTRG00000019470	1	protein_coding				not_required	
ENSPTRG00000019471	ENSPTRG00000019471	direct	exact_protein_coding	ENSPTRG00000019471	1	protein_coding				not_required	
ENSPTRG00000019490	ENSPTRG00000019490	direct	exact_protein_coding	ENSPTRG00000019490	1	protein_coding				not_required	
ENSPTRG00000019501	ENSPTRG00000019501	direct	exact_protein_coding	ENSPTRG00000019501	1	protein_coding				not_required	
ENSPTRG00000019504	ENSPTRG00000019504	direct	exact_protein_coding	ENSPTRG00000019504	1	protein_coding				not_required	
ENSPTRG00000019524	ENSPTRG00000019524	direct	exact_protein_coding	ENSPTRG00000019524	1	protein_coding				not_required	
ENSPTRG00000019525	ENSPTRG00000019525	direct	exact_protein_coding	ENSPTRG00000019525	1	protein_coding				not_required	
ENSPTRG00000019527	ENSPTRG00000019527	direct	exact_protein_coding	ENSPTRG00000019527	1	protein_coding				not_required	
ENSPTRG00000019543	ENSPTRG00000019543	direct	exact_protein_coding	ENSPTRG00000019543	1	protein_coding				not_required	
ENSPTRG00000019546	ENSPTRG00000019546	direct	exact_protein_coding	ENSPTRG00000019546	1	protein_coding				not_required	
ENSPTRG00000019551	ENSPTRG00000019551	direct	exact_protein_coding	ENSPTRG00000019551	1	protein_coding				not_required	
ENSPTRG00000019553	ENSPTRG00000019553	direct	exact_protein_coding	ENSPTRG00000019553	1	protein_coding				not_required	
ENSPTRG00000019565	ENSPTRG00000019565	direct	exact_protein_coding	ENSPTRG00000019565	1	protein_coding				not_required	
ENSPTRG00000019575	ENSPTRG00000019575	direct	exact_protein_coding	ENSPTRG00000019575	1	protein_coding				not_required	
ENSPTRG00000019579	ENSPTRG00000019579	direct	exact_protein_coding	ENSPTRG00000019579	1	protein_coding				not_required	
ENSPTRG00000019585	ENSPTRG00000019585	direct	exact_protein_coding	ENSPTRG00000019585	1	protein_coding				not_required	
ENSPTRG00000019590	ENSPTRG00000019590	direct	exact_protein_coding	ENSPTRG00000019590	1	protein_coding				not_required	
ENSPTRG00000019604	ENSPTRG00000019604	direct	exact_protein_coding	ENSPTRG00000019604	1	protein_coding				not_required	
ENSPTRG00000019605		ensembl_archive	candidate_not_in_local_release115_gtf	ENSPTRG00000019605	1		90	ENSPTRG00000019605.6		success	Archive candidate was not found in the local Ensembl 115 GTF
ENSPTRG00000019615	ENSPTRG00000019615	direct	exact_protein_coding	ENSPTRG00000019615	1	protein_coding				not_required	
ENSPTRG00000019621		ensembl_archive	candidate_not_in_local_release115_gtf	ENSPTRG00000019621	1		90	ENSPTRG00000019621.3		success	Archive candidate was not found in the local Ensembl 115 GTF
ENSPTRG00000019637	ENSPTRG00000019637	direct	exact_protein_coding	ENSPTRG00000019637	1	protein_coding				not_required	
ENSPTRG00000019640	ENSPTRG00000019640	direct	exact_protein_coding	ENSPTRG00000019640	1	protein_coding				not_required	
ENSPTRG00000019651	ENSPTRG00000019651	direct	exact_protein_coding	ENSPTRG00000019651	1	protein_coding				not_required	
ENSPTRG00000019659	ENSPTRG00000019659	direct	exact_protein_coding	ENSPTRG00000019659	1	protein_coding				not_required	
ENSPTRG00000019664	ENSPTRG00000019664	direct	exact_protein_coding	ENSPTRG00000019664	1	protein_coding				not_required	
ENSPTRG00000019672	ENSPTRG00000019672	direct	exact_protein_coding	ENSPTRG00000019672	1	protein_coding				not_required	
ENSPTRG00000019681	ENSPTRG00000019681	direct	exact_protein_coding	ENSPTRG00000019681	1	protein_coding				not_required	
ENSPTRG00000019711	ENSPTRG00000019711	direct	exact_protein_coding	ENSPTRG00000019711	1	protein_coding				not_required	
ENSPTRG00000019716	ENSPTRG00000019716	direct	exact_protein_coding	ENSPTRG00000019716	1	protein_coding				not_required	
ENSPTRG00000019720	ENSPTRG00000019720	direct	exact_protein_coding	ENSPTRG00000019720	1	protein_coding				not_required	
ENSPTRG00000019724	ENSPTRG00000019724	direct	exact_protein_coding	ENSPTRG00000019724	1	protein_coding				not_required	
ENSPTRG00000019732	ENSPTRG00000019732	direct	exact_protein_coding	ENSPTRG00000019732	1	protein_coding				not_required	
ENSPTRG00000019754		ensembl_archive	candidate_not_in_local_release115_gtf	ENSPTRG00000019754	1		90	ENSPTRG00000019754.4		success	Archive candidate was not found in the local Ensembl 115 GTF
ENSPTRG00000019755	ENSPTRG00000019755	direct	exact_protein_coding	ENSPTRG00000019755	1	protein_coding				not_required	
ENSPTRG00000019758	ENSPTRG00000019758	direct	exact_protein_coding	ENSPTRG00000019758	1	protein_coding				not_required	
ENSPTRG00000019768	ENSPTRG00000019768	direct	exact_protein_coding	ENSPTRG00000019768	1	protein_coding				not_required	
ENSPTRG00000019770	ENSPTRG00000019770	direct	exact_protein_coding	ENSPTRG00000019770	1	protein_coding				not_required	
ENSPTRG00000019771	ENSPTRG00000019771	direct	exact_protein_coding	ENSPTRG00000019771	1	protein_coding				not_required	
ENSPTRG00000019773	ENSPTRG00000019773	direct	exact_protein_coding	ENSPTRG00000019773	1	protein_coding				not_required	
ENSPTRG00000019778	ENSPTRG00000019778	direct	exact_protein_coding	ENSPTRG00000019778	1	protein_coding				not_required	
ENSPTRG00000019809	ENSPTRG00000019809	direct	exact_protein_coding	ENSPTRG00000019809	1	protein_coding				not_required	
ENSPTRG00000019830	ENSPTRG00000019830	direct	exact_protein_coding	ENSPTRG00000019830	1	protein_coding				not_required	
ENSPTRG00000019841	ENSPTRG00000019841	direct	exact_protein_coding	ENSPTRG00000019841	1	protein_coding				not_required	
ENSPTRG00000019842	ENSPTRG00000019842	direct	exact_protein_coding	ENSPTRG00000019842	1	protein_coding				not_required	
ENSPTRG00000019852	ENSPTRG00000019852	direct	exact_protein_coding	ENSPTRG00000019852	1	protein_coding				not_required	
ENSPTRG00000019859	ENSPTRG00000019859	direct	exact_protein_coding	ENSPTRG00000019859	1	protein_coding				not_required	
ENSPTRG00000019870	ENSPTRG00000019870	direct	exact_protein_coding	ENSPTRG00000019870	1	protein_coding				not_required	
ENSPTRG00000019874	ENSPTRG00000019874	direct	exact_protein_coding	ENSPTRG00000019874	1	protein_coding				not_required	
ENSPTRG00000019881	ENSPTRG00000019881	direct	exact_protein_coding	ENSPTRG00000019881	1	protein_coding				not_required	
ENSPTRG00000019888		ensembl_archive	candidate_not_in_local_release115_gtf	ENSPTRG00000019888	1		64	ENSPTRG00000019888.3		success	Archive candidate was not found in the local Ensembl 115 GTF
ENSPTRG00000019889	ENSPTRG00000019889	direct	exact_protein_coding	ENSPTRG00000019889	1	protein_coding				not_required	
ENSPTRG00000019915	ENSPTRG00000019915	direct	exact_protein_coding	ENSPTRG00000019915	1	protein_coding				not_required	
ENSPTRG00000019919	ENSPTRG00000019919	direct	exact_protein_coding	ENSPTRG00000019919	1	protein_coding				not_required	
ENSPTRG00000019926		ensembl_archive	candidate_not_in_local_release115_gtf	ENSPTRG00000019926	1		64	ENSPTRG00000019926.4		success	Archive candidate was not found in the local Ensembl 115 GTF
ENSPTRG00000019937	ENSPTRG00000019937	direct	exact_protein_coding	ENSPTRG00000019937	1	protein_coding				not_required	
ENSPTRG00000019941	ENSPTRG00000019941	direct	exact_protein_coding	ENSPTRG00000019941	1	protein_coding				not_required	
ENSPTRG00000019947	ENSPTRG00000019947	direct	exact_protein_coding	ENSPTRG00000019947	1	protein_coding				not_required	
ENSPTRG00000019997	ENSPTRG00000019997	direct	exact_protein_coding	ENSPTRG00000019997	1	protein_coding				not_required	
ENSPTRG00000020006	ENSPTRG00000020006	direct	exact_protein_coding	ENSPTRG00000020006	1	protein_coding				not_required	
ENSPTRG00000020009	ENSPTRG00000020009	direct	exact_protein_coding	ENSPTRG00000020009	1	protein_coding				not_required	
ENSPTRG00000020037		ensembl_archive	candidate_not_in_local_release115_gtf	ENSPTRG00000020037	1		64	ENSPTRG00000020037.2		success	Archive candidate was not found in the local Ensembl 115 GTF
ENSPTRG00000020048	ENSPTRG00000020048	direct	exact_protein_coding	ENSPTRG00000020048	1	protein_coding				not_required	
ENSPTRG00000020054	ENSPTRG00000020054	direct	exact_protein_coding	ENSPTRG00000020054	1	protein_coding				not_required	
ENSPTRG00000020066	ENSPTRG00000020066	direct	exact_protein_coding	ENSPTRG00000020066	1	protein_coding				not_required	
ENSPTRG00000020075	ENSPTRG00000020075	direct	exact_protein_coding	ENSPTRG00000020075	1	protein_coding				not_required	
ENSPTRG00000020076	ENSPTRG00000020076	direct	exact_protein_coding	ENSPTRG00000020076	1	protein_coding				not_required	
ENSPTRG00000020090	ENSPTRG00000020090	direct	exact_protein_coding	ENSPTRG00000020090	1	protein_coding				not_required	
ENSPTRG00000020091	ENSPTRG00000020091	direct	exact_protein_coding	ENSPTRG00000020091	1	protein_coding				not_required	
ENSPTRG00000020097	ENSPTRG00000020097	direct	exact_protein_coding	ENSPTRG00000020097	1	protein_coding				not_required	
ENSPTRG00000020103	ENSPTRG00000020103	direct	exact_protein_coding	ENSPTRG00000020103	1	protein_coding				not_required	
ENSPTRG00000020109	ENSPTRG00000020109	direct	exact_protein_coding	ENSPTRG00000020109	1	protein_coding				not_required	
ENSPTRG00000020115	ENSPTRG00000020115	direct	exact_protein_coding	ENSPTRG00000020115	1	protein_coding				not_required	
ENSPTRG00000020124	ENSPTRG00000020124	direct	exact_protein_coding	ENSPTRG00000020124	1	protein_coding				not_required	
ENSPTRG00000020131	ENSPTRG00000020131	direct	exact_protein_coding	ENSPTRG00000020131	1	protein_coding				not_required	
ENSPTRG00000020132		ensembl_archive	candidate_not_in_local_release115_gtf	ENSPTRG00000020132	1		64	ENSPTRG00000020132.4		success	Archive candidate was not found in the local Ensembl 115 GTF
ENSPTRG00000020134	ENSPTRG00000020134	direct	exact_protein_coding	ENSPTRG00000020134	1	protein_coding				not_required	
ENSPTRG00000020141		ensembl_archive	candidate_not_in_local_release115_gtf	ENSPTRG00000020141	1		64	ENSPTRG00000020141.3		success	Archive candidate was not found in the local Ensembl 115 GTF
ENSPTRG00000020149	ENSPTRG00000020149	direct	exact_protein_coding	ENSPTRG00000020149	1	protein_coding				not_required	
ENSPTRG00000020160	ENSPTRG00000020160	direct	exact_protein_coding	ENSPTRG00000020160	1	protein_coding				not_required	
ENSPTRG00000020161	ENSPTRG00000020161	direct	exact_protein_coding	ENSPTRG00000020161	1	protein_coding				not_required	
ENSPTRG00000020163	ENSPTRG00000020163	direct	exact_protein_coding	ENSPTRG00000020163	1	protein_coding				not_required	
ENSPTRG00000020169	ENSPTRG00000020169	direct	exact_protein_coding	ENSPTRG00000020169	1	protein_coding				not_required	
ENSPTRG00000020178	ENSPTRG00000020178	direct	exact_protein_coding	ENSPTRG00000020178	1	protein_coding				not_required	
ENSPTRG00000020181		ensembl_archive	candidate_not_in_local_release115_gtf	ENSPTRG00000020181	1		64	ENSPTRG00000020181.3		success	Archive candidate was not found in the local Ensembl 115 GTF
ENSPTRG00000020193	ENSPTRG00000020193	direct	exact_protein_coding	ENSPTRG00000020193	1	protein_coding				not_required	
ENSPTRG00000020205	ENSPTRG00000020205	direct	exact_protein_coding	ENSPTRG00000020205	1	protein_coding				not_required	
ENSPTRG00000020206	ENSPTRG00000020206	direct	exact_protein_coding	ENSPTRG00000020206	1	protein_coding				not_required	
ENSPTRG00000020207	ENSPTRG00000020207	direct	exact_protein_coding	ENSPTRG00000020207	1	protein_coding				not_required	
ENSPTRG00000020212	ENSPTRG00000020212	direct	exact_protein_coding	ENSPTRG00000020212	1	protein_coding				not_required	
ENSPTRG00000020214		ensembl_archive	candidate_not_in_local_release115_gtf	ENSPTRG00000020214	1		64	ENSPTRG00000020214.4		success	Archive candidate was not found in the local Ensembl 115 GTF
ENSPTRG00000020217	ENSPTRG00000020217	direct	exact_protein_coding	ENSPTRG00000020217	1	protein_coding				not_required	
ENSPTRG00000020225		ensembl_archive	candidate_not_in_local_release115_gtf	ENSPTRG00000020225	1		64	ENSPTRG00000020225.3		success	Archive candidate was not found in the local Ensembl 115 GTF
ENSPTRG00000020253	ENSPTRG00000020253	direct	exact_protein_coding	ENSPTRG00000020253	1	protein_coding				not_required	
ENSPTRG00000020254	ENSPTRG00000020254	direct	exact_protein_coding	ENSPTRG00000020254	1	protein_coding				not_required	
ENSPTRG00000020261	ENSPTRG00000020261	direct	exact_protein_coding	ENSPTRG00000020261	1	protein_coding				not_required	
ENSPTRG00000020264	ENSPTRG00000020264	direct	exact_protein_coding	ENSPTRG00000020264	1	protein_coding				not_required	
ENSPTRG00000020267	ENSPTRG00000020267	direct	exact_protein_coding	ENSPTRG00000020267	1	protein_coding				not_required	
ENSPTRG00000020271	ENSPTRG00000020271	direct	exact_protein_coding	ENSPTRG00000020271	1	protein_coding				not_required	
ENSPTRG00000020277	ENSPTRG00000020277	direct	exact_protein_coding	ENSPTRG00000020277	1	protein_coding				not_required	
ENSPTRG00000020279	ENSPTRG00000020279	direct	exact_protein_coding	ENSPTRG00000020279	1	protein_coding				not_required	
ENSPTRG00000020284	ENSPTRG00000020284	direct	exact_protein_coding	ENSPTRG00000020284	1	protein_coding				not_required	
ENSPTRG00000020297	ENSPTRG00000020297	direct	exact_protein_coding	ENSPTRG00000020297	1	protein_coding				not_required	
ENSPTRG00000020298	ENSPTRG00000020298	direct	exact_protein_coding	ENSPTRG00000020298	1	protein_coding				not_required	
ENSPTRG00000020312	ENSPTRG00000020312	direct	exact_protein_coding	ENSPTRG00000020312	1	protein_coding				not_required	
ENSPTRG00000020317	ENSPTRG00000020317	direct	exact_protein_coding	ENSPTRG00000020317	1	protein_coding				not_required	
ENSPTRG00000020345		ensembl_archive	candidate_not_in_local_release115_gtf	ENSPTRG00000020345	1		64	ENSPTRG00000020345.4		success	Archive candidate was not found in the local Ensembl 115 GTF
ENSPTRG00000020350		ensembl_archive	candidate_not_in_local_release115_gtf	ENSPTRG00000020350	1		90	ENSPTRG00000020350.2		success	Archive candidate was not found in the local Ensembl 115 GTF
ENSPTRG00000020359	ENSPTRG00000020359	direct	exact_protein_coding	ENSPTRG00000020359	1	protein_coding				not_required	
ENSPTRG00000020365		ensembl_archive	candidate_not_in_local_release115_gtf	ENSPTRG00000020365	1		90	ENSPTRG00000020365.4		success	Archive candidate was not found in the local Ensembl 115 GTF
ENSPTRG00000020377	ENSPTRG00000020377	direct	exact_protein_coding	ENSPTRG00000020377	1	protein_coding				not_required	
ENSPTRG00000020385	ENSPTRG00000020385	direct	exact_protein_coding	ENSPTRG00000020385	1	protein_coding				not_required	
ENSPTRG00000020395	ENSPTRG00000020395	direct	exact_protein_coding	ENSPTRG00000020395	1	protein_coding				not_required	
ENSPTRG00000020396	ENSPTRG00000020396	direct	exact_protein_coding	ENSPTRG00000020396	1	protein_coding				not_required	
ENSPTRG00000020406	ENSPTRG00000020406	direct	exact_protein_coding	ENSPTRG00000020406	1	protein_coding				not_required	
ENSPTRG00000020407	ENSPTRG00000020407	direct	exact_protein_coding	ENSPTRG00000020407	1	protein_coding				not_required	
ENSPTRG00000020413	ENSPTRG00000020413	direct	exact_protein_coding	ENSPTRG00000020413	1	protein_coding				not_required	
ENSPTRG00000020441	ENSPTRG00000020441	direct	exact_protein_coding	ENSPTRG00000020441	1	protein_coding				not_required	
ENSPTRG00000020442	ENSPTRG00000020442	direct	exact_protein_coding	ENSPTRG00000020442	1	protein_coding				not_required	
ENSPTRG00000020447	ENSPTRG00000020447	direct	exact_protein_coding	ENSPTRG00000020447	1	protein_coding				not_required	
ENSPTRG00000020454	ENSPTRG00000020454	direct	exact_protein_coding	ENSPTRG00000020454	1	protein_coding				not_required	
ENSPTRG00000020467	ENSPTRG00000020467	direct	exact_protein_coding	ENSPTRG00000020467	1	protein_coding				not_required	
ENSPTRG00000020470	ENSPTRG00000020470	direct	exact_protein_coding	ENSPTRG00000020470	1	protein_coding				not_required	
ENSPTRG00000020477	ENSPTRG00000020477	direct	exact_protein_coding	ENSPTRG00000020477	1	protein_coding				not_required	
ENSPTRG00000020481	ENSPTRG00000020481	direct	exact_protein_coding	ENSPTRG00000020481	1	protein_coding				not_required	
ENSPTRG00000020505	ENSPTRG00000020505	direct	exact_protein_coding	ENSPTRG00000020505	1	protein_coding				not_required	
ENSPTRG00000020520	ENSPTRG00000020520	direct	exact_protein_coding	ENSPTRG00000020520	1	protein_coding				not_required	
ENSPTRG00000020525	ENSPTRG00000020525	direct	exact_protein_coding	ENSPTRG00000020525	1	protein_coding				not_required	
ENSPTRG00000020535	ENSPTRG00000020535	direct	exact_protein_coding	ENSPTRG00000020535	1	protein_coding				not_required	
ENSPTRG00000020541	ENSPTRG00000020541	direct	exact_protein_coding	ENSPTRG00000020541	1	protein_coding				not_required	
ENSPTRG00000020545	ENSPTRG00000020545	direct	exact_protein_coding	ENSPTRG00000020545	1	protein_coding				not_required	
ENSPTRG00000020549	ENSPTRG00000020549	direct	exact_protein_coding	ENSPTRG00000020549	1	protein_coding				not_required	
ENSPTRG00000020550	ENSPTRG00000020550	direct	exact_protein_coding	ENSPTRG00000020550	1	protein_coding				not_required	
ENSPTRG00000020554	ENSPTRG00000020554	direct	exact_protein_coding	ENSPTRG00000020554	1	protein_coding				not_required	
ENSPTRG00000020566		ensembl_archive	candidate_not_in_local_release115_gtf	ENSPTRG00000020566	1		90	ENSPTRG00000020566.3		success	Archive candidate was not found in the local Ensembl 115 GTF
ENSPTRG00000020568	ENSPTRG00000020568	direct	exact_protein_coding	ENSPTRG00000020568	1	protein_coding				not_required	
ENSPTRG00000020569	ENSPTRG00000020569	direct	exact_protein_coding	ENSPTRG00000020569	1	protein_coding				not_required	
ENSPTRG00000020573	ENSPTRG00000020573	direct	exact_protein_coding	ENSPTRG00000020573	1	protein_coding				not_required	
ENSPTRG00000020574	ENSPTRG00000020574	direct	exact_protein_coding	ENSPTRG00000020574	1	protein_coding				not_required	
ENSPTRG00000020601	ENSPTRG00000020601	direct	exact_protein_coding	ENSPTRG00000020601	1	protein_coding				not_required	
ENSPTRG00000020615	ENSPTRG00000020615	direct	exact_protein_coding	ENSPTRG00000020615	1	protein_coding				not_required	
ENSPTRG00000020621		ensembl_archive	candidate_not_in_local_release115_gtf	ENSPTRG00000020621	1		90	ENSPTRG00000020621.5		success	Archive candidate was not found in the local Ensembl 115 GTF
ENSPTRG00000020624	ENSPTRG00000020624	direct	exact_protein_coding	ENSPTRG00000020624	1	protein_coding				not_required	
ENSPTRG00000020633	ENSPTRG00000020633	direct	exact_protein_coding	ENSPTRG00000020633	1	protein_coding				not_required	
ENSPTRG00000020638	ENSPTRG00000020638	direct	exact_protein_coding	ENSPTRG00000020638	1	protein_coding				not_required	
ENSPTRG00000020645	ENSPTRG00000020645	direct	exact_protein_coding	ENSPTRG00000020645	1	protein_coding				not_required	
ENSPTRG00000020649		ensembl_archive	candidate_not_in_local_release115_gtf	ENSPTRG00000020649	1		90	ENSPTRG00000020649.2		success	Archive candidate was not found in the local Ensembl 115 GTF
ENSPTRG00000020650	ENSPTRG00000020650	direct	exact_protein_coding	ENSPTRG00000020650	1	protein_coding				not_required	
ENSPTRG00000020660	ENSPTRG00000020660	direct	exact_protein_coding	ENSPTRG00000020660	1	protein_coding				not_required	
ENSPTRG00000020661	ENSPTRG00000020661	direct	exact_protein_coding	ENSPTRG00000020661	1	protein_coding				not_required	
ENSPTRG00000020664	ENSPTRG00000020664	direct	exact_protein_coding	ENSPTRG00000020664	1	protein_coding				not_required	
ENSPTRG00000020669	ENSPTRG00000020669	direct	exact_protein_coding	ENSPTRG00000020669	1	protein_coding				not_required	
ENSPTRG00000020670	ENSPTRG00000020670	direct	exact_protein_coding	ENSPTRG00000020670	1	protein_coding				not_required	
ENSPTRG00000020671	ENSPTRG00000020671	direct	exact_protein_coding	ENSPTRG00000020671	1	protein_coding				not_required	
ENSPTRG00000020672	ENSPTRG00000020672	direct	exact_protein_coding	ENSPTRG00000020672	1	protein_coding				not_required	
ENSPTRG00000020674	ENSPTRG00000020674	direct	exact_protein_coding	ENSPTRG00000020674	1	protein_coding				not_required	
ENSPTRG00000020677	ENSPTRG00000020677	direct	exact_protein_coding	ENSPTRG00000020677	1	protein_coding				not_required	
ENSPTRG00000020678	ENSPTRG00000020678	direct	exact_protein_coding	ENSPTRG00000020678	1	protein_coding				not_required	
ENSPTRG00000020679	ENSPTRG00000020679	direct	exact_protein_coding	ENSPTRG00000020679	1	protein_coding				not_required	
ENSPTRG00000020680	ENSPTRG00000020680	direct	exact_protein_coding	ENSPTRG00000020680	1	protein_coding				not_required	
ENSPTRG00000020681	ENSPTRG00000020681	direct	exact_protein_coding	ENSPTRG00000020681	1	protein_coding				not_required	
ENSPTRG00000020683	ENSPTRG00000020683	direct	exact_protein_coding	ENSPTRG00000020683	1	protein_coding				not_required	
ENSPTRG00000020692	ENSPTRG00000020692	direct	exact_protein_coding	ENSPTRG00000020692	1	protein_coding				not_required	
ENSPTRG00000020697	ENSPTRG00000020697	direct	exact_protein_coding	ENSPTRG00000020697	1	protein_coding				not_required	
ENSPTRG00000020698	ENSPTRG00000020698	direct	exact_protein_coding	ENSPTRG00000020698	1	protein_coding				not_required	
ENSPTRG00000020701	ENSPTRG00000020701	direct	exact_protein_coding	ENSPTRG00000020701	1	protein_coding				not_required	
ENSPTRG00000020709	ENSPTRG00000020709	direct	exact_protein_coding	ENSPTRG00000020709	1	protein_coding				not_required	
ENSPTRG00000020715	ENSPTRG00000020715	direct	exact_protein_coding	ENSPTRG00000020715	1	protein_coding				not_required	
ENSPTRG00000020716	ENSPTRG00000020716	direct	exact_protein_coding	ENSPTRG00000020716	1	protein_coding				not_required	
ENSPTRG00000020718	ENSPTRG00000020718	direct	exact_protein_coding	ENSPTRG00000020718	1	protein_coding				not_required	
ENSPTRG00000020721	ENSPTRG00000020721	direct	exact_protein_coding	ENSPTRG00000020721	1	protein_coding				not_required	
ENSPTRG00000020741	ENSPTRG00000020741	direct	exact_protein_coding	ENSPTRG00000020741	1	protein_coding				not_required	
ENSPTRG00000020762	ENSPTRG00000020762	direct	exact_protein_coding	ENSPTRG00000020762	1	protein_coding				not_required	
ENSPTRG00000020798	ENSPTRG00000020798	direct	exact_protein_coding	ENSPTRG00000020798	1	protein_coding				not_required	
ENSPTRG00000020825	ENSPTRG00000020825	direct	exact_protein_coding	ENSPTRG00000020825	1	protein_coding				not_required	
ENSPTRG00000020831	ENSPTRG00000020831	direct	exact_protein_coding	ENSPTRG00000020831	1	protein_coding				not_required	
ENSPTRG00000020832	ENSPTRG00000020832	direct	exact_protein_coding	ENSPTRG00000020832	1	protein_coding				not_required	
ENSPTRG00000020846	ENSPTRG00000020846	direct	exact_protein_coding	ENSPTRG00000020846	1	protein_coding				not_required	
ENSPTRG00000020850	ENSPTRG00000020850	direct	exact_protein_coding	ENSPTRG00000020850	1	protein_coding				not_required	
ENSPTRG00000020853	ENSPTRG00000020853	direct	exact_protein_coding	ENSPTRG00000020853	1	protein_coding				not_required	
ENSPTRG00000020857	ENSPTRG00000020857	direct	exact_protein_coding	ENSPTRG00000020857	1	protein_coding				not_required	
ENSPTRG00000020858	ENSPTRG00000020858	direct	exact_protein_coding	ENSPTRG00000020858	1	protein_coding				not_required	
ENSPTRG00000020876	ENSPTRG00000020876	direct	exact_protein_coding	ENSPTRG00000020876	1	protein_coding				not_required	
ENSPTRG00000020883	ENSPTRG00000020883	direct	exact_protein_coding	ENSPTRG00000020883	1	protein_coding				not_required	
ENSPTRG00000020884	ENSPTRG00000020884	direct	exact_protein_coding	ENSPTRG00000020884	1	protein_coding				not_required	
ENSPTRG00000020900	ENSPTRG00000020900	direct	exact_protein_coding	ENSPTRG00000020900	1	protein_coding				not_required	
ENSPTRG00000020903	ENSPTRG00000020903	direct	exact_protein_coding	ENSPTRG00000020903	1	protein_coding				not_required	
ENSPTRG00000020904	ENSPTRG00000020904	direct	exact_protein_coding	ENSPTRG00000020904	1	protein_coding				not_required	
ENSPTRG00000020914	ENSPTRG00000020914	direct	exact_protein_coding	ENSPTRG00000020914	1	protein_coding				not_required	
ENSPTRG00000020915	ENSPTRG00000020915	direct	exact_protein_coding	ENSPTRG00000020915	1	protein_coding				not_required	
ENSPTRG00000020917	ENSPTRG00000020917	direct	exact_protein_coding	ENSPTRG00000020917	1	protein_coding				not_required	
ENSPTRG00000020918	ENSPTRG00000020918	direct	exact_protein_coding	ENSPTRG00000020918	1	protein_coding				not_required	
ENSPTRG00000020920	ENSPTRG00000020920	direct	exact_protein_coding	ENSPTRG00000020920	1	protein_coding				not_required	
ENSPTRG00000020929		ensembl_archive	candidate_not_in_local_release115_gtf	ENSPTRG00000020929	1		64	ENSPTRG00000020929.4		success	Archive candidate was not found in the local Ensembl 115 GTF
ENSPTRG00000020930	ENSPTRG00000020930	direct	exact_protein_coding	ENSPTRG00000020930	1	protein_coding				not_required	
ENSPTRG00000020944	ENSPTRG00000020944	direct	exact_protein_coding	ENSPTRG00000020944	1	protein_coding				not_required	
ENSPTRG00000020996		ensembl_archive	candidate_not_in_local_release115_gtf	ENSPTRG00000020996	1		90	ENSPTRG00000020996.6		success	Archive candidate was not found in the local Ensembl 115 GTF
ENSPTRG00000021004		ensembl_archive	candidate_not_in_local_release115_gtf	ENSPTRG00000021004	1		64	ENSPTRG00000021004.4		success	Archive candidate was not found in the local Ensembl 115 GTF
ENSPTRG00000021021		ensembl_archive	candidate_not_in_local_release115_gtf	ENSPTRG00000021021	1		64	ENSPTRG00000021021.4		success	Archive candidate was not found in the local Ensembl 115 GTF
ENSPTRG00000021030	ENSPTRG00000021030	direct	exact_protein_coding	ENSPTRG00000021030	1	protein_coding				not_required	
ENSPTRG00000021031	ENSPTRG00000021031	direct	exact_protein_coding	ENSPTRG00000021031	1	protein_coding				not_required	
ENSPTRG00000021048	ENSPTRG00000021048	direct	exact_protein_coding	ENSPTRG00000021048	1	protein_coding				not_required	
ENSPTRG00000021055	ENSPTRG00000021055	direct	exact_protein_coding	ENSPTRG00000021055	1	protein_coding				not_required	
ENSPTRG00000021060	ENSPTRG00000021060	direct	exact_protein_coding	ENSPTRG00000021060	1	protein_coding				not_required	
ENSPTRG00000021061	ENSPTRG00000021061	direct	exact_protein_coding	ENSPTRG00000021061	1	protein_coding				not_required	
ENSPTRG00000021071	ENSPTRG00000021071	direct	exact_protein_coding	ENSPTRG00000021071	1	protein_coding				not_required	
ENSPTRG00000021099	ENSPTRG00000021099	direct	exact_protein_coding	ENSPTRG00000021099	1	protein_coding				not_required	
ENSPTRG00000021100	ENSPTRG00000021100	direct	exact_protein_coding	ENSPTRG00000021100	1	protein_coding				not_required	
ENSPTRG00000021108	ENSPTRG00000021108	direct	exact_protein_coding	ENSPTRG00000021108	1	protein_coding				not_required	
ENSPTRG00000021109	ENSPTRG00000021109	direct	exact_protein_coding	ENSPTRG00000021109	1	protein_coding				not_required	
ENSPTRG00000021116	ENSPTRG00000021116	direct	exact_protein_coding	ENSPTRG00000021116	1	protein_coding				not_required	
ENSPTRG00000021123	ENSPTRG00000021123	direct	exact_protein_coding	ENSPTRG00000021123	1	protein_coding				not_required	
ENSPTRG00000021126		ensembl_archive	candidate_not_in_local_release115_gtf	ENSPTRG00000021126	1		90	ENSPTRG00000021126.6		success	Archive candidate was not found in the local Ensembl 115 GTF
ENSPTRG00000021127	ENSPTRG00000021127	direct	exact_protein_coding	ENSPTRG00000021127	1	protein_coding				not_required	
ENSPTRG00000021133	ENSPTRG00000021133	direct	exact_protein_coding	ENSPTRG00000021133	1	protein_coding				not_required	
ENSPTRG00000021134	ENSPTRG00000021134	direct	exact_protein_coding	ENSPTRG00000021134	1	protein_coding				not_required	
ENSPTRG00000021139	ENSPTRG00000021139	direct	exact_protein_coding	ENSPTRG00000021139	1	protein_coding				not_required	
ENSPTRG00000021168	ENSPTRG00000021168	direct	exact_protein_coding	ENSPTRG00000021168	1	protein_coding				not_required	
ENSPTRG00000021170	ENSPTRG00000021170	direct	exact_protein_coding	ENSPTRG00000021170	1	protein_coding				not_required	
ENSPTRG00000021172	ENSPTRG00000021172	direct	exact_protein_coding	ENSPTRG00000021172	1	protein_coding				not_required	
ENSPTRG00000021173	ENSPTRG00000021173	direct	exact_protein_coding	ENSPTRG00000021173	1	protein_coding				not_required	
ENSPTRG00000021176	ENSPTRG00000021176	direct	exact_protein_coding	ENSPTRG00000021176	1	protein_coding				not_required	
ENSPTRG00000021183	ENSPTRG00000021183	direct	exact_protein_coding	ENSPTRG00000021183	1	protein_coding				not_required	
ENSPTRG00000021187	ENSPTRG00000021187	direct	exact_protein_coding	ENSPTRG00000021187	1	protein_coding				not_required	
ENSPTRG00000021188	ENSPTRG00000021188	direct	exact_protein_coding	ENSPTRG00000021188	1	protein_coding				not_required	
ENSPTRG00000021199		ensembl_archive	candidate_not_in_local_release115_gtf	ENSPTRG00000021199	1		90	ENSPTRG00000021199.2		success	Archive candidate was not found in the local Ensembl 115 GTF
ENSPTRG00000021217	ENSPTRG00000021217	direct	exact_protein_coding	ENSPTRG00000021217	1	protein_coding				not_required	
ENSPTRG00000021220	ENSPTRG00000021220	direct	exact_protein_coding	ENSPTRG00000021220	1	protein_coding				not_required	
ENSPTRG00000021229	ENSPTRG00000021229	direct	exact_protein_coding	ENSPTRG00000021229	1	protein_coding				not_required	
ENSPTRG00000021237	ENSPTRG00000021237	direct	exact_protein_coding	ENSPTRG00000021237	1	protein_coding				not_required	
ENSPTRG00000021242	ENSPTRG00000021242	direct	exact_protein_coding	ENSPTRG00000021242	1	protein_coding				not_required	
ENSPTRG00000021251	ENSPTRG00000021251	direct	exact_protein_coding	ENSPTRG00000021251	1	protein_coding				not_required	
ENSPTRG00000021270	ENSPTRG00000021270	direct	exact_protein_coding	ENSPTRG00000021270	1	protein_coding				not_required	
ENSPTRG00000021271	ENSPTRG00000021271	direct	exact_protein_coding	ENSPTRG00000021271	1	protein_coding				not_required	
ENSPTRG00000021273	ENSPTRG00000021273	direct	exact_protein_coding	ENSPTRG00000021273	1	protein_coding				not_required	
ENSPTRG00000021282	ENSPTRG00000021282	direct	exact_protein_coding	ENSPTRG00000021282	1	protein_coding				not_required	
ENSPTRG00000021290	ENSPTRG00000021290	direct	exact_protein_coding	ENSPTRG00000021290	1	protein_coding				not_required	
ENSPTRG00000021299	ENSPTRG00000021299	direct	exact_protein_coding	ENSPTRG00000021299	1	protein_coding				not_required	
ENSPTRG00000021304	ENSPTRG00000021304	direct	exact_protein_coding	ENSPTRG00000021304	1	protein_coding				not_required	
ENSPTRG00000021305	ENSPTRG00000021305	direct	exact_protein_coding	ENSPTRG00000021305	1	protein_coding				not_required	
ENSPTRG00000021307	ENSPTRG00000021307	direct	exact_protein_coding	ENSPTRG00000021307	1	protein_coding				not_required	
ENSPTRG00000021312	ENSPTRG00000021312	direct	exact_protein_coding	ENSPTRG00000021312	1	protein_coding				not_required	
ENSPTRG00000021319	ENSPTRG00000021319	direct	exact_protein_coding	ENSPTRG00000021319	1	protein_coding				not_required	
ENSPTRG00000021323	ENSPTRG00000021323	direct	exact_protein_coding	ENSPTRG00000021323	1	protein_coding				not_required	
ENSPTRG00000021324	ENSPTRG00000021324	direct	exact_protein_coding	ENSPTRG00000021324	1	protein_coding				not_required	
ENSPTRG00000021349	ENSPTRG00000021349	direct	exact_protein_coding	ENSPTRG00000021349	1	protein_coding				not_required	
ENSPTRG00000021352	ENSPTRG00000021352	direct	exact_protein_coding	ENSPTRG00000021352	1	protein_coding				not_required	
ENSPTRG00000021354	ENSPTRG00000021354	direct	exact_protein_coding	ENSPTRG00000021354	1	protein_coding				not_required	
ENSPTRG00000021361	ENSPTRG00000021361	direct	exact_protein_coding	ENSPTRG00000021361	1	protein_coding				not_required	
ENSPTRG00000021362	ENSPTRG00000021362	direct	exact_protein_coding	ENSPTRG00000021362	1	protein_coding				not_required	
ENSPTRG00000021373	ENSPTRG00000021373	direct	exact_protein_coding	ENSPTRG00000021373	1	protein_coding				not_required	
ENSPTRG00000021388	ENSPTRG00000021388	direct	exact_protein_coding	ENSPTRG00000021388	1	protein_coding				not_required	
ENSPTRG00000021390	ENSPTRG00000021390	direct	exact_protein_coding	ENSPTRG00000021390	1	protein_coding				not_required	
ENSPTRG00000021396	ENSPTRG00000021396	direct	exact_protein_coding	ENSPTRG00000021396	1	protein_coding				not_required	
ENSPTRG00000021397	ENSPTRG00000021397	direct	exact_protein_coding	ENSPTRG00000021397	1	protein_coding				not_required	
ENSPTRG00000021398	ENSPTRG00000021398	direct	exact_protein_coding	ENSPTRG00000021398	1	protein_coding				not_required	
ENSPTRG00000021402	ENSPTRG00000021402	direct	exact_protein_coding	ENSPTRG00000021402	1	protein_coding				not_required	
ENSPTRG00000021406	ENSPTRG00000021406	direct	exact_protein_coding	ENSPTRG00000021406	1	protein_coding				not_required	
ENSPTRG00000021410	ENSPTRG00000021410	direct	exact_protein_coding	ENSPTRG00000021410	1	protein_coding				not_required	
ENSPTRG00000021411	ENSPTRG00000021411	direct	exact_protein_coding	ENSPTRG00000021411	1	protein_coding				not_required	
ENSPTRG00000021419	ENSPTRG00000021419	direct	exact_protein_coding	ENSPTRG00000021419	1	protein_coding				not_required	
ENSPTRG00000021423	ENSPTRG00000021423	direct	exact_protein_coding	ENSPTRG00000021423	1	protein_coding				not_required	
ENSPTRG00000021424	ENSPTRG00000021424	direct	exact_protein_coding	ENSPTRG00000021424	1	protein_coding				not_required	
ENSPTRG00000021425	ENSPTRG00000021425	direct	exact_protein_coding	ENSPTRG00000021425	1	protein_coding				not_required	
ENSPTRG00000021427	ENSPTRG00000021427	direct	exact_protein_coding	ENSPTRG00000021427	1	protein_coding				not_required	
ENSPTRG00000021436	ENSPTRG00000021436	direct	exact_protein_coding	ENSPTRG00000021436	1	protein_coding				not_required	
ENSPTRG00000021443	ENSPTRG00000021443	direct	exact_protein_coding	ENSPTRG00000021443	1	protein_coding				not_required	
ENSPTRG00000021451	ENSPTRG00000021451	direct	exact_protein_coding	ENSPTRG00000021451	1	protein_coding				not_required	
ENSPTRG00000021453	ENSPTRG00000021453	direct	exact_protein_coding	ENSPTRG00000021453	1	protein_coding				not_required	
ENSPTRG00000021469	ENSPTRG00000021469	direct	exact_protein_coding	ENSPTRG00000021469	1	protein_coding				not_required	
ENSPTRG00000021474	ENSPTRG00000021474	direct	exact_protein_coding	ENSPTRG00000021474	1	protein_coding				not_required	
ENSPTRG00000021476	ENSPTRG00000021476	direct	exact_protein_coding	ENSPTRG00000021476	1	protein_coding				not_required	
ENSPTRG00000021477	ENSPTRG00000021477	direct	exact_protein_coding	ENSPTRG00000021477	1	protein_coding				not_required	
ENSPTRG00000021490	ENSPTRG00000021490	direct	exact_protein_coding	ENSPTRG00000021490	1	protein_coding				not_required	
ENSPTRG00000021506	ENSPTRG00000021506	direct	exact_protein_coding	ENSPTRG00000021506	1	protein_coding				not_required	
ENSPTRG00000021514	ENSPTRG00000021514	direct	exact_protein_coding	ENSPTRG00000021514	1	protein_coding				not_required	
ENSPTRG00000021516	ENSPTRG00000021516	direct	exact_protein_coding	ENSPTRG00000021516	1	protein_coding				not_required	
ENSPTRG00000021517	ENSPTRG00000021517	direct	exact_protein_coding	ENSPTRG00000021517	1	protein_coding				not_required	
ENSPTRG00000021528		ensembl_archive	candidate_not_in_local_release115_gtf	ENSPTRG00000021528	1		64	ENSPTRG00000021528.4		success	Archive candidate was not found in the local Ensembl 115 GTF
ENSPTRG00000021537	ENSPTRG00000021537	direct	exact_protein_coding	ENSPTRG00000021537	1	protein_coding				not_required	
ENSPTRG00000021543	ENSPTRG00000021543	direct	exact_protein_coding	ENSPTRG00000021543	1	protein_coding				not_required	
ENSPTRG00000021556	ENSPTRG00000021556	direct	exact_protein_coding	ENSPTRG00000021556	1	protein_coding				not_required	
ENSPTRG00000021557	ENSPTRG00000021557	direct	exact_protein_coding	ENSPTRG00000021557	1	protein_coding				not_required	
ENSPTRG00000021558		ensembl_archive	candidate_not_in_local_release115_gtf	ENSPTRG00000021558	1		64	ENSPTRG00000021558.5		success	Archive candidate was not found in the local Ensembl 115 GTF
ENSPTRG00000021561	ENSPTRG00000021561	direct	exact_protein_coding	ENSPTRG00000021561	1	protein_coding				not_required	
ENSPTRG00000021577	ENSPTRG00000021577	direct	exact_protein_coding	ENSPTRG00000021577	1	protein_coding				not_required	
ENSPTRG00000021579	ENSPTRG00000021579	direct	exact_protein_coding	ENSPTRG00000021579	1	protein_coding				not_required	
ENSPTRG00000021590	ENSPTRG00000021590	direct	exact_protein_coding	ENSPTRG00000021590	1	protein_coding				not_required	
ENSPTRG00000021591	ENSPTRG00000021591	direct	exact_protein_coding	ENSPTRG00000021591	1	protein_coding				not_required	
ENSPTRG00000021592	ENSPTRG00000021592	direct	exact_protein_coding	ENSPTRG00000021592	1	protein_coding				not_required	
ENSPTRG00000021597	ENSPTRG00000021597	direct	exact_protein_coding	ENSPTRG00000021597	1	protein_coding				not_required	
ENSPTRG00000021599	ENSPTRG00000021599	direct	exact_protein_coding	ENSPTRG00000021599	1	protein_coding				not_required	
ENSPTRG00000021602	ENSPTRG00000021602	direct	exact_protein_coding	ENSPTRG00000021602	1	protein_coding				not_required	
ENSPTRG00000021603	ENSPTRG00000021603	direct	exact_protein_coding	ENSPTRG00000021603	1	protein_coding				not_required	
ENSPTRG00000021605	ENSPTRG00000021605	direct	exact_protein_coding	ENSPTRG00000021605	1	protein_coding				not_required	
ENSPTRG00000021620	ENSPTRG00000021620	direct	exact_protein_coding	ENSPTRG00000021620	1	protein_coding				not_required	
ENSPTRG00000021657	ENSPTRG00000021657	direct	exact_protein_coding	ENSPTRG00000021657	1	protein_coding				not_required	
ENSPTRG00000021673	ENSPTRG00000021673	direct	exact_protein_coding	ENSPTRG00000021673	1	protein_coding				not_required	
ENSPTRG00000021677		ensembl_archive	candidate_not_in_local_release115_gtf	ENSPTRG00000021677	1		90	ENSPTRG00000021677.5		success	Archive candidate was not found in the local Ensembl 115 GTF
ENSPTRG00000021681	ENSPTRG00000021681	direct	exact_protein_coding	ENSPTRG00000021681	1	protein_coding				not_required	
ENSPTRG00000021685	ENSPTRG00000021685	direct	exact_protein_coding	ENSPTRG00000021685	1	protein_coding				not_required	
ENSPTRG00000021686	ENSPTRG00000021686	direct	exact_protein_coding	ENSPTRG00000021686	1	protein_coding				not_required	
ENSPTRG00000021700	ENSPTRG00000021700	direct	exact_protein_coding	ENSPTRG00000021700	1	protein_coding				not_required	
ENSPTRG00000021701	ENSPTRG00000021701	direct	exact_protein_coding	ENSPTRG00000021701	1	protein_coding				not_required	
ENSPTRG00000021702	ENSPTRG00000021702	direct	exact_protein_coding	ENSPTRG00000021702	1	protein_coding				not_required	
ENSPTRG00000021706	ENSPTRG00000021706	direct	exact_protein_coding	ENSPTRG00000021706	1	protein_coding				not_required	
ENSPTRG00000021723		ensembl_archive	candidate_not_in_local_release115_gtf	ENSPTRG00000021723	1		64	ENSPTRG00000021723.4		success	Archive candidate was not found in the local Ensembl 115 GTF
ENSPTRG00000021729		ensembl_archive	candidate_not_in_local_release115_gtf	ENSPTRG00000021729	1		64	ENSPTRG00000021729.5		success	Archive candidate was not found in the local Ensembl 115 GTF
ENSPTRG00000021740	ENSPTRG00000021740	direct	exact_protein_coding	ENSPTRG00000021740	1	protein_coding				not_required	
ENSPTRG00000021742	ENSPTRG00000021742	direct	exact_protein_coding	ENSPTRG00000021742	1	protein_coding				not_required	
ENSPTRG00000021745		ensembl_archive	candidate_not_in_local_release115_gtf	ENSPTRG00000021745	1		64	ENSPTRG00000021745.4		success	Archive candidate was not found in the local Ensembl 115 GTF
ENSPTRG00000021747	ENSPTRG00000021747	direct	exact_protein_coding	ENSPTRG00000021747	1	protein_coding				not_required	
ENSPTRG00000021786		ensembl_archive	candidate_not_in_local_release115_gtf	ENSPTRG00000021786	1		90	ENSPTRG00000021786.5		success	Archive candidate was not found in the local Ensembl 115 GTF
ENSPTRG00000021796	ENSPTRG00000021796	direct	exact_protein_coding	ENSPTRG00000021796	1	protein_coding				not_required	
ENSPTRG00000021801		ensembl_archive	candidate_not_in_local_release115_gtf	ENSPTRG00000021801	1		90	ENSPTRG00000021801.3		success	Archive candidate was not found in the local Ensembl 115 GTF
ENSPTRG00000021805	ENSPTRG00000021805	direct	exact_protein_coding	ENSPTRG00000021805	1	protein_coding				not_required	
ENSPTRG00000021808		ensembl_archive	candidate_not_in_local_release115_gtf	ENSPTRG00000021808	1		64	ENSPTRG00000021808.4		success	Archive candidate was not found in the local Ensembl 115 GTF
ENSPTRG00000021821		ensembl_archive	candidate_not_in_local_release115_gtf	ENSPTRG00000021821	1		90	ENSPTRG00000021821.3		success	Archive candidate was not found in the local Ensembl 115 GTF
ENSPTRG00000021829	ENSPTRG00000021829	direct	exact_protein_coding	ENSPTRG00000021829	1	protein_coding				not_required	
ENSPTRG00000021836	ENSPTRG00000021836	direct	exact_protein_coding	ENSPTRG00000021836	1	protein_coding				not_required	
ENSPTRG00000021838		ensembl_archive	candidate_not_in_local_release115_gtf	ENSPTRG00000021838	1		64	ENSPTRG00000021838.3		success	Archive candidate was not found in the local Ensembl 115 GTF
ENSPTRG00000021851	ENSPTRG00000021851	direct	exact_protein_coding	ENSPTRG00000021851	1	protein_coding				not_required	
ENSPTRG00000021865	ENSPTRG00000021865	direct	exact_protein_coding	ENSPTRG00000021865	1	protein_coding				not_required	
ENSPTRG00000021872	ENSPTRG00000021872	direct	exact_protein_coding	ENSPTRG00000021872	1	protein_coding				not_required	
ENSPTRG00000021873	ENSPTRG00000021873	direct	exact_protein_coding	ENSPTRG00000021873	1	protein_coding				not_required	
ENSPTRG00000021874	ENSPTRG00000021874	direct	exact_protein_coding	ENSPTRG00000021874	1	protein_coding				not_required	
ENSPTRG00000021879	ENSPTRG00000021879	direct	exact_protein_coding	ENSPTRG00000021879	1	protein_coding				not_required	
ENSPTRG00000021882	ENSPTRG00000021882	direct	exact_protein_coding	ENSPTRG00000021882	1	protein_coding				not_required	
ENSPTRG00000021914	ENSPTRG00000021914	direct	exact_protein_coding	ENSPTRG00000021914	1	protein_coding				not_required	
ENSPTRG00000021940	ENSPTRG00000021940	direct	exact_protein_coding	ENSPTRG00000021940	1	protein_coding				not_required	
ENSPTRG00000021943	ENSPTRG00000021943	direct	exact_protein_coding	ENSPTRG00000021943	1	protein_coding				not_required	
ENSPTRG00000021963	ENSPTRG00000021963	direct	exact_protein_coding	ENSPTRG00000021963	1	protein_coding				not_required	
ENSPTRG00000021968	ENSPTRG00000021968	direct	exact_protein_coding	ENSPTRG00000021968	1	protein_coding				not_required	
ENSPTRG00000021981		ensembl_archive	candidate_not_in_local_release115_gtf	ENSPTRG00000021981	1		90	ENSPTRG00000021981.4		success	Archive candidate was not found in the local Ensembl 115 GTF
ENSPTRG00000021990	ENSPTRG00000021990	direct	exact_protein_coding	ENSPTRG00000021990	1	protein_coding				not_required	
ENSPTRG00000021995	ENSPTRG00000021995	direct	exact_protein_coding	ENSPTRG00000021995	1	protein_coding				not_required	
ENSPTRG00000022004	ENSPTRG00000022004	direct	exact_protein_coding	ENSPTRG00000022004	1	protein_coding				not_required	
ENSPTRG00000022006	ENSPTRG00000022006	direct	exact_protein_coding	ENSPTRG00000022006	1	protein_coding				not_required	
ENSPTRG00000022019		ensembl_archive	candidate_not_in_local_release115_gtf	ENSPTRG00000022019	1		64	ENSPTRG00000022019.4		success	Archive candidate was not found in the local Ensembl 115 GTF
ENSPTRG00000022022		ensembl_archive	candidate_not_in_local_release115_gtf	ENSPTRG00000022022	1		64	ENSPTRG00000022022.3		success	Archive candidate was not found in the local Ensembl 115 GTF
ENSPTRG00000022025	ENSPTRG00000022025	direct	exact_protein_coding	ENSPTRG00000022025	1	protein_coding				not_required	
ENSPTRG00000022028		ensembl_archive	candidate_not_in_local_release115_gtf	ENSPTRG00000022028	1		64	ENSPTRG00000022028.4		success	Archive candidate was not found in the local Ensembl 115 GTF
ENSPTRG00000022029	ENSPTRG00000022029	direct	exact_protein_coding	ENSPTRG00000022029	1	protein_coding				not_required	
ENSPTRG00000022039		ensembl_archive	candidate_not_in_local_release115_gtf	ENSPTRG00000022039	1		64	ENSPTRG00000022039.3		success	Archive candidate was not found in the local Ensembl 115 GTF
ENSPTRG00000022040	ENSPTRG00000022040	direct	exact_protein_coding	ENSPTRG00000022040	1	protein_coding				not_required	
ENSPTRG00000022050	ENSPTRG00000022050	direct	exact_protein_coding	ENSPTRG00000022050	1	protein_coding				not_required	
ENSPTRG00000022052	ENSPTRG00000022052	direct	exact_protein_coding	ENSPTRG00000022052	1	protein_coding				not_required	
ENSPTRG00000022053	ENSPTRG00000022053	direct	exact_protein_coding	ENSPTRG00000022053	1	protein_coding				not_required	
ENSPTRG00000022061	ENSPTRG00000022061	direct	exact_protein_coding	ENSPTRG00000022061	1	protein_coding				not_required	
ENSPTRG00000022078	ENSPTRG00000022078	direct	exact_protein_coding	ENSPTRG00000022078	1	protein_coding				not_required	
ENSPTRG00000022103	ENSPTRG00000022103	direct	exact_protein_coding	ENSPTRG00000022103	1	protein_coding				not_required	
ENSPTRG00000022105		ensembl_archive	candidate_not_in_local_release115_gtf	ENSPTRG00000022105	1		64	ENSPTRG00000022105.3		success	Archive candidate was not found in the local Ensembl 115 GTF
ENSPTRG00000022107	ENSPTRG00000022107	direct	exact_protein_coding	ENSPTRG00000022107	1	protein_coding				not_required	
ENSPTRG00000022109		ensembl_archive	replacement_not_protein_coding	ENSPTRG00000022109	1	pseudogene	116	ENSPTRG00000022109.5	1	success	Candidate exists in local Ensembl 115 GTF but is not protein_coding
ENSPTRG00000022112		ensembl_archive	candidate_not_in_local_release115_gtf	ENSPTRG00000022112	1		90	ENSPTRG00000022112.5		success	Archive candidate was not found in the local Ensembl 115 GTF
ENSPTRG00000022117		ensembl_archive	candidate_not_in_local_release115_gtf	ENSPTRG00000022117	1		64	ENSPTRG00000022117.4		success	Archive candidate was not found in the local Ensembl 115 GTF
ENSPTRG00000022123		ensembl_archive	candidate_not_in_local_release115_gtf	ENSPTRG00000022123	1		64	ENSPTRG00000022123.4		success	Archive candidate was not found in the local Ensembl 115 GTF
ENSPTRG00000022129	ENSPTRG00000022129	direct	exact_protein_coding	ENSPTRG00000022129	1	protein_coding				not_required	
ENSPTRG00000022131		ensembl_archive	candidate_not_in_local_release115_gtf	ENSPTRG00000022131	1		90	ENSPTRG00000022131.5		success	Archive candidate was not found in the local Ensembl 115 GTF
ENSPTRG00000022163	ENSPTRG00000022163	direct	exact_protein_coding	ENSPTRG00000022163	1	protein_coding				not_required	
ENSPTRG00000022169	ENSPTRG00000022169	direct	exact_protein_coding	ENSPTRG00000022169	1	protein_coding				not_required	
ENSPTRG00000022170	ENSPTRG00000022170	direct	exact_protein_coding	ENSPTRG00000022170	1	protein_coding				not_required	
ENSPTRG00000022224	ENSPTRG00000022224	direct	exact_protein_coding	ENSPTRG00000022224	1	protein_coding				not_required	
ENSPTRG00000022225	ENSPTRG00000022225	direct	exact_protein_coding	ENSPTRG00000022225	1	protein_coding				not_required	
ENSPTRG00000022230	ENSPTRG00000022230	direct	exact_protein_coding	ENSPTRG00000022230	1	protein_coding				not_required	
ENSPTRG00000022231	ENSPTRG00000022231	direct	exact_protein_coding	ENSPTRG00000022231	1	protein_coding				not_required	
ENSPTRG00000022233	ENSPTRG00000022233	direct	exact_protein_coding	ENSPTRG00000022233	1	protein_coding				not_required	
ENSPTRG00000022239		ensembl_archive	candidate_not_in_local_release115_gtf	ENSPTRG00000022239	1		64	ENSPTRG00000022239.4		success	Archive candidate was not found in the local Ensembl 115 GTF
ENSPTRG00000022241	ENSPTRG00000022241	direct	exact_protein_coding	ENSPTRG00000022241	1	protein_coding				not_required	
ENSPTRG00000022242	ENSPTRG00000022242	direct	exact_protein_coding	ENSPTRG00000022242	1	protein_coding				not_required	
ENSPTRG00000022246	ENSPTRG00000022246	direct	exact_protein_coding	ENSPTRG00000022246	1	protein_coding				not_required	
ENSPTRG00000022261		ensembl_archive	candidate_not_in_local_release115_gtf	ENSPTRG00000022261	1		64	ENSPTRG00000022261.4		success	Archive candidate was not found in the local Ensembl 115 GTF
ENSPTRG00000022262	ENSPTRG00000022262	direct	exact_protein_coding	ENSPTRG00000022262	1	protein_coding				not_required	
ENSPTRG00000022269	ENSPTRG00000022269	direct	exact_protein_coding	ENSPTRG00000022269	1	protein_coding				not_required	
ENSPTRG00000022270	ENSPTRG00000022270	direct	exact_protein_coding	ENSPTRG00000022270	1	protein_coding				not_required	
ENSPTRG00000022293	ENSPTRG00000022293	direct	exact_protein_coding	ENSPTRG00000022293	1	protein_coding				not_required	
ENSPTRG00000022299	ENSPTRG00000022299	direct	exact_protein_coding	ENSPTRG00000022299	1	protein_coding				not_required	
ENSPTRG00000022307	ENSPTRG00000022307	direct	exact_protein_coding	ENSPTRG00000022307	1	protein_coding				not_required	
ENSPTRG00000022320	ENSPTRG00000022320	direct	exact_protein_coding	ENSPTRG00000022320	1	protein_coding				not_required	
ENSPTRG00000022349	ENSPTRG00000022349	direct	exact_protein_coding	ENSPTRG00000022349	1	protein_coding				not_required	
ENSPTRG00000022357	ENSPTRG00000022357	direct	exact_protein_coding	ENSPTRG00000022357	1	protein_coding				not_required	
ENSPTRG00000022389	ENSPTRG00000022389	direct	exact_protein_coding	ENSPTRG00000022389	1	protein_coding				not_required	
ENSPTRG00000022390	ENSPTRG00000022390	direct	exact_protein_coding	ENSPTRG00000022390	1	protein_coding				not_required	
ENSPTRG00000022400		ensembl_archive	candidate_not_in_local_release115_gtf	ENSPTRG00000022400	1		64	ENSPTRG00000022400.4		success	Archive candidate was not found in the local Ensembl 115 GTF
ENSPTRG00000022412	ENSPTRG00000022412	direct	exact_protein_coding	ENSPTRG00000022412	1	protein_coding				not_required	
ENSPTRG00000022419	ENSPTRG00000022419	direct	exact_protein_coding	ENSPTRG00000022419	1	protein_coding				not_required	
ENSPTRG00000022422	ENSPTRG00000022422	direct	exact_protein_coding	ENSPTRG00000022422	1	protein_coding				not_required	
ENSPTRG00000022431		ensembl_archive	candidate_not_in_local_release115_gtf	ENSPTRG00000022431	1		90	ENSPTRG00000022431.4		success	Archive candidate was not found in the local Ensembl 115 GTF
ENSPTRG00000022432		ensembl_archive	candidate_not_in_local_release115_gtf	ENSPTRG00000022432	1		64	ENSPTRG00000022432.5		success	Archive candidate was not found in the local Ensembl 115 GTF
ENSPTRG00000022434	ENSPTRG00000022434	direct	exact_protein_coding	ENSPTRG00000022434	1	protein_coding				not_required	
ENSPTRG00000022437	ENSPTRG00000022437	direct	exact_protein_coding	ENSPTRG00000022437	1	protein_coding				not_required	
ENSPTRG00000022439	ENSPTRG00000022439	direct	exact_protein_coding	ENSPTRG00000022439	1	protein_coding				not_required	
ENSPTRG00000022440	ENSPTRG00000022440	direct	exact_protein_coding	ENSPTRG00000022440	1	protein_coding				not_required	
ENSPTRG00000022441		ensembl_archive	candidate_not_in_local_release115_gtf	ENSPTRG00000022441	1		64	ENSPTRG00000022441.3		success	Archive candidate was not found in the local Ensembl 115 GTF
ENSPTRG00000022442	ENSPTRG00000022442	direct	exact_protein_coding	ENSPTRG00000022442	1	protein_coding				not_required	
ENSPTRG00000022450	ENSPTRG00000022450	direct	exact_protein_coding	ENSPTRG00000022450	1	protein_coding				not_required	
ENSPTRG00000022455	ENSPTRG00000022455	direct	exact_protein_coding	ENSPTRG00000022455	1	protein_coding				not_required	
ENSPTRG00000022457	ENSPTRG00000022457	direct	exact_protein_coding	ENSPTRG00000022457	1	protein_coding				not_required	
ENSPTRG00000022458		ensembl_archive	candidate_not_in_local_release115_gtf	ENSPTRG00000022458	1		90	ENSPTRG00000022458.5		success	Archive candidate was not found in the local Ensembl 115 GTF
ENSPTRG00000022460	ENSPTRG00000022460	direct	exact_protein_coding	ENSPTRG00000022460	1	protein_coding				not_required	
ENSPTRG00000022464	ENSPTRG00000022464	direct	exact_protein_coding	ENSPTRG00000022464	1	protein_coding				not_required	
ENSPTRG00000022467		ensembl_archive	candidate_not_in_local_release115_gtf	ENSPTRG00000022467	1		90	ENSPTRG00000022467.5		success	Archive candidate was not found in the local Ensembl 115 GTF
ENSPTRG00000022575	ENSPTRG00000022575	direct	exact_protein_coding	ENSPTRG00000022575	1	protein_coding				not_required	
ENSPTRG00000022583	ENSPTRG00000022583	direct	exact_protein_coding	ENSPTRG00000022583	1	protein_coding				not_required	
ENSPTRG00000022586	ENSPTRG00000022586	direct	exact_protein_coding	ENSPTRG00000022586	1	protein_coding				not_required	
ENSPTRG00000022599	ENSPTRG00000022599	direct	exact_protein_coding	ENSPTRG00000022599	1	protein_coding				not_required	
ENSPTRG00000022631	ENSPTRG00000022631	direct	exact_protein_coding	ENSPTRG00000022631	1	protein_coding				not_required	
ENSPTRG00000022681	ENSPTRG00000022681	direct	exact_protein_coding	ENSPTRG00000022681	1	protein_coding				not_required	
ENSPTRG00000022696	ENSPTRG00000022696	direct	exact_protein_coding	ENSPTRG00000022696	1	protein_coding				not_required	
ENSPTRG00000022722	ENSPTRG00000022722	direct	exact_protein_coding	ENSPTRG00000022722	1	protein_coding				not_required	
ENSPTRG00000022727	ENSPTRG00000022727	direct	exact_protein_coding	ENSPTRG00000022727	1	protein_coding				not_required	
ENSPTRG00000022734	ENSPTRG00000022734	direct	exact_protein_coding	ENSPTRG00000022734	1	protein_coding				not_required	
ENSPTRG00000022744		ensembl_archive	candidate_not_in_local_release115_gtf	ENSPTRG00000022744	1		90	ENSPTRG00000022744.4		success	Archive candidate was not found in the local Ensembl 115 GTF
ENSPTRG00000022748	ENSPTRG00000022748	direct	exact_protein_coding	ENSPTRG00000022748	1	protein_coding				not_required	
ENSPTRG00000022752		ensembl_archive	candidate_not_in_local_release115_gtf	ENSPTRG00000022752	1		64	ENSPTRG00000022752.3		success	Archive candidate was not found in the local Ensembl 115 GTF
ENSPTRG00000022763	ENSPTRG00000022763	direct	exact_protein_coding	ENSPTRG00000022763	1	protein_coding				not_required	
ENSPTRG00000022764	ENSPTRG00000022764	direct	exact_protein_coding	ENSPTRG00000022764	1	protein_coding				not_required	
ENSPTRG00000022767	ENSPTRG00000022767	direct	exact_protein_coding	ENSPTRG00000022767	1	protein_coding				not_required	
ENSPTRG00000022781	ENSPTRG00000022781	direct	exact_protein_coding	ENSPTRG00000022781	1	protein_coding				not_required	
ENSPTRG00000022794	ENSPTRG00000022794	direct	exact_protein_coding	ENSPTRG00000022794	1	protein_coding				not_required	
ENSPTRG00000022808	ENSPTRG00000022808	direct	exact_protein_coding	ENSPTRG00000022808	1	protein_coding				not_required	
ENSPTRG00000022819	ENSPTRG00000022819	direct	exact_protein_coding	ENSPTRG00000022819	1	protein_coding				not_required	
ENSPTRG00000022830	ENSPTRG00000022830	direct	exact_protein_coding	ENSPTRG00000022830	1	protein_coding				not_required	
ENSPTRG00000022833	ENSPTRG00000022833	direct	exact_protein_coding	ENSPTRG00000022833	1	protein_coding				not_required	
ENSPTRG00000022865	ENSPTRG00000022865	direct	exact_protein_coding	ENSPTRG00000022865	1	protein_coding				not_required	
ENSPTRG00000022895	ENSPTRG00000022895	direct	exact_protein_coding	ENSPTRG00000022895	1	protein_coding				not_required	
ENSPTRG00000022949	ENSPTRG00000022949	direct	exact_protein_coding	ENSPTRG00000022949	1	protein_coding				not_required	
ENSPTRG00000022982		ensembl_archive	replacement_not_protein_coding	ENSPTRG00000022982	1	processed_pseudogene	116	ENSPTRG00000022982.5	1	success	Candidate exists in local Ensembl 115 GTF but is not protein_coding
ENSPTRG00000022983	ENSPTRG00000022983	direct	exact_protein_coding	ENSPTRG00000022983	1	protein_coding				not_required	
ENSPTRG00000023015	ENSPTRG00000023015	direct	exact_protein_coding	ENSPTRG00000023015	1	protein_coding				not_required	
ENSPTRG00000023020		ensembl_archive	candidate_not_in_local_release115_gtf	ENSPTRG00000023020	1		90	ENSPTRG00000023020.4		success	Archive candidate was not found in the local Ensembl 115 GTF
ENSPTRG00000023028	ENSPTRG00000023028	direct	exact_protein_coding	ENSPTRG00000023028	1	protein_coding				not_required	
ENSPTRG00000023030	ENSPTRG00000023030	direct	exact_protein_coding	ENSPTRG00000023030	1	protein_coding				not_required	
ENSPTRG00000023040	ENSPTRG00000023040	direct	exact_protein_coding	ENSPTRG00000023040	1	protein_coding				not_required	
ENSPTRG00000023064		ensembl_archive	candidate_not_in_local_release115_gtf	ENSPTRG00000023064	1		90	ENSPTRG00000023064.3		success	Archive candidate was not found in the local Ensembl 115 GTF
ENSPTRG00000023076	ENSPTRG00000023076	direct	exact_protein_coding	ENSPTRG00000023076	1	protein_coding				not_required	
ENSPTRG00000023082	ENSPTRG00000023082	direct	exact_protein_coding	ENSPTRG00000023082	1	protein_coding				not_required	
ENSPTRG00000023101	ENSPTRG00000023101	direct	exact_protein_coding	ENSPTRG00000023101	1	protein_coding				not_required	
ENSPTRG00000023130	ENSPTRG00000023130	direct	exact_protein_coding	ENSPTRG00000023130	1	protein_coding				not_required	
ENSPTRG00000023156	ENSPTRG00000023156	direct	exact_protein_coding	ENSPTRG00000023156	1	protein_coding				not_required	
ENSPTRG00000023167	ENSPTRG00000023167	direct	exact_protein_coding	ENSPTRG00000023167	1	protein_coding				not_required	
ENSPTRG00000023171	ENSPTRG00000023171	direct	exact_protein_coding	ENSPTRG00000023171	1	protein_coding				not_required	
ENSPTRG00000023172		ensembl_archive	candidate_not_in_local_release115_gtf	ENSPTRG00000023172	1		64	ENSPTRG00000023172.3		success	Archive candidate was not found in the local Ensembl 115 GTF
ENSPTRG00000023202	ENSPTRG00000023202	direct	exact_protein_coding	ENSPTRG00000023202	1	protein_coding				not_required	
ENSPTRG00000023227	ENSPTRG00000023227	direct	exact_protein_coding	ENSPTRG00000023227	1	protein_coding				not_required	
ENSPTRG00000023231	ENSPTRG00000023231	direct	exact_protein_coding	ENSPTRG00000023231	1	protein_coding				not_required	
ENSPTRG00000023234	ENSPTRG00000023234	direct	exact_protein_coding	ENSPTRG00000023234	1	protein_coding				not_required	
ENSPTRG00000023249	ENSPTRG00000023249	direct	exact_protein_coding	ENSPTRG00000023249	1	protein_coding				not_required	
ENSPTRG00000023259		ensembl_archive	candidate_not_in_local_release115_gtf	ENSPTRG00000023259	1		90	ENSPTRG00000023259.3		success	Archive candidate was not found in the local Ensembl 115 GTF
ENSPTRG00000023315	ENSPTRG00000023315	direct	exact_protein_coding	ENSPTRG00000023315	1	protein_coding				not_required	
ENSPTRG00000023354	ENSPTRG00000023354	direct	exact_protein_coding	ENSPTRG00000023354	1	protein_coding				not_required	
ENSPTRG00000023411	ENSPTRG00000023411	direct	exact_protein_coding	ENSPTRG00000023411	1	protein_coding				not_required	
ENSPTRG00000023413	ENSPTRG00000023413	direct	exact_protein_coding	ENSPTRG00000023413	1	protein_coding				not_required	
ENSPTRG00000023423		ensembl_archive	candidate_not_in_local_release115_gtf	ENSPTRG00000023423	1		90	ENSPTRG00000023423.2		success	Archive candidate was not found in the local Ensembl 115 GTF
ENSPTRG00000023427	ENSPTRG00000023427	direct	exact_protein_coding	ENSPTRG00000023427	1	protein_coding				not_required	
ENSPTRG00000023437	ENSPTRG00000023437	direct	exact_protein_coding	ENSPTRG00000023437	1	protein_coding				not_required	
ENSPTRG00000023472	ENSPTRG00000023472	direct	exact_protein_coding	ENSPTRG00000023472	1	protein_coding				not_required	
ENSPTRG00000023474		ensembl_archive	candidate_not_in_local_release115_gtf	ENSPTRG00000023474	1		64	ENSPTRG00000023474.3		success	Archive candidate was not found in the local Ensembl 115 GTF
ENSPTRG00000023475		ensembl_archive	candidate_not_in_local_release115_gtf	ENSPTRG00000023475	1		64	ENSPTRG00000023475.2		success	Archive candidate was not found in the local Ensembl 115 GTF
ENSPTRG00000023476	ENSPTRG00000023476	direct	exact_protein_coding	ENSPTRG00000023476	1	protein_coding				not_required	
ENSPTRG00000023480		ensembl_archive	candidate_not_in_local_release115_gtf	ENSPTRG00000023480	1		90	ENSPTRG00000023480.3		success	Archive candidate was not found in the local Ensembl 115 GTF
ENSPTRG00000023481	ENSPTRG00000023481	direct	exact_protein_coding	ENSPTRG00000023481	1	protein_coding				not_required	
ENSPTRG00000023495	ENSPTRG00000023495	direct	exact_protein_coding	ENSPTRG00000023495	1	protein_coding				not_required	
ENSPTRG00000023523	ENSPTRG00000023523	direct	exact_protein_coding	ENSPTRG00000023523	1	protein_coding				not_required	
ENSPTRG00000023558	ENSPTRG00000023558	direct	exact_protein_coding	ENSPTRG00000023558	1	protein_coding				not_required	
ENSPTRG00000023568	ENSPTRG00000023568	direct	exact_protein_coding	ENSPTRG00000023568	1	protein_coding				not_required	
ENSPTRG00000023573	ENSPTRG00000023573	direct	exact_protein_coding	ENSPTRG00000023573	1	protein_coding				not_required	
ENSPTRG00000023575	ENSPTRG00000023575	direct	exact_protein_coding	ENSPTRG00000023575	1	protein_coding				not_required	
ENSPTRG00000023609	ENSPTRG00000023609	direct	exact_protein_coding	ENSPTRG00000023609	1	protein_coding				not_required	
ENSPTRG00000023641	ENSPTRG00000023641	direct	exact_protein_coding	ENSPTRG00000023641	1	protein_coding				not_required	
ENSPTRG00000023652	ENSPTRG00000023652	direct	exact_protein_coding	ENSPTRG00000023652	1	protein_coding				not_required	
ENSPTRG00000023661		ensembl_archive	candidate_not_in_local_release115_gtf	ENSPTRG00000023661	1		64	ENSPTRG00000023661.3		success	Archive candidate was not found in the local Ensembl 115 GTF
ENSPTRG00000023687	ENSPTRG00000023687	direct	exact_protein_coding	ENSPTRG00000023687	1	protein_coding				not_required	
ENSPTRG00000023688	ENSPTRG00000023688	direct	exact_protein_coding	ENSPTRG00000023688	1	protein_coding				not_required	
ENSPTRG00000023700	ENSPTRG00000023700	direct	exact_protein_coding	ENSPTRG00000023700	1	protein_coding				not_required	
ENSPTRG00000023726	ENSPTRG00000023726	direct	exact_protein_coding	ENSPTRG00000023726	1	protein_coding				not_required	
ENSPTRG00000023754	ENSPTRG00000023754	direct	exact_protein_coding	ENSPTRG00000023754	1	protein_coding				not_required	
ENSPTRG00000023799		ensembl_archive	candidate_not_in_local_release115_gtf	ENSPTRG00000023799	1		90	ENSPTRG00000023799.3		success	Archive candidate was not found in the local Ensembl 115 GTF
ENSPTRG00000023824	ENSPTRG00000023824	direct	exact_protein_coding	ENSPTRG00000023824	1	protein_coding				not_required	
ENSPTRG00000023826		ensembl_archive	candidate_not_in_local_release115_gtf	ENSPTRG00000023826	1		90	ENSPTRG00000023826.5		success	Archive candidate was not found in the local Ensembl 115 GTF
ENSPTRG00000023841		ensembl_archive	candidate_not_in_local_release115_gtf	ENSPTRG00000023841	1		64	ENSPTRG00000023841.3		success	Archive candidate was not found in the local Ensembl 115 GTF
ENSPTRG00000023848	ENSPTRG00000023848	direct	exact_protein_coding	ENSPTRG00000023848	1	protein_coding				not_required	
ENSPTRG00000023858	ENSPTRG00000023858	direct	exact_protein_coding	ENSPTRG00000023858	1	protein_coding				not_required	
ENSPTRG00000023867		ensembl_archive	candidate_not_in_local_release115_gtf	ENSPTRG00000023867	1		64	ENSPTRG00000023867.1		success	Archive candidate was not found in the local Ensembl 115 GTF
ENSPTRG00000023887		ensembl_archive	candidate_not_in_local_release115_gtf	ENSPTRG00000023887	1		90	ENSPTRG00000023887.4		success	Archive candidate was not found in the local Ensembl 115 GTF
ENSPTRG00000023911	ENSPTRG00000023911	direct	exact_protein_coding	ENSPTRG00000023911	1	protein_coding				not_required	
ENSPTRG00000023925	ENSPTRG00000023925	direct	exact_protein_coding	ENSPTRG00000023925	1	protein_coding				not_required	
ENSPTRG00000023928	ENSPTRG00000023928	direct	exact_protein_coding	ENSPTRG00000023928	1	protein_coding				not_required	
ENSPTRG00000023949		ensembl_archive	candidate_not_in_local_release115_gtf	ENSPTRG00000023949	1		64	ENSPTRG00000023949.2		success	Archive candidate was not found in the local Ensembl 115 GTF
ENSPTRG00000023952	ENSPTRG00000023952	direct	exact_protein_coding	ENSPTRG00000023952	1	protein_coding				not_required	
ENSPTRG00000023965	ENSPTRG00000023965	direct	exact_protein_coding	ENSPTRG00000023965	1	protein_coding				not_required	
ENSPTRG00000023968	ENSPTRG00000023968	direct	exact_protein_coding	ENSPTRG00000023968	1	protein_coding				not_required	
ENSPTRG00000023983		ensembl_archive	candidate_not_in_local_release115_gtf	ENSPTRG00000023983	1		90	ENSPTRG00000023983.4		success	Archive candidate was not found in the local Ensembl 115 GTF
ENSPTRG00000023985	ENSPTRG00000023985	direct	exact_protein_coding	ENSPTRG00000023985	1	protein_coding				not_required	
ENSPTRG00000024013	ENSPTRG00000024013	direct	exact_protein_coding	ENSPTRG00000024013	1	protein_coding				not_required	
ENSPTRG00000024077	ENSPTRG00000024077	direct	exact_protein_coding	ENSPTRG00000024077	1	protein_coding				not_required	
ENSPTRG00000024084	ENSPTRG00000024084	direct	exact_protein_coding	ENSPTRG00000024084	1	protein_coding				not_required	
ENSPTRG00000024118	ENSPTRG00000024118	direct	exact_protein_coding	ENSPTRG00000024118	1	protein_coding				not_required	
ENSPTRG00000024131		ensembl_archive	candidate_not_in_local_release115_gtf	ENSPTRG00000024131	1		90	ENSPTRG00000024131.4		success	Archive candidate was not found in the local Ensembl 115 GTF
ENSPTRG00000024134	ENSPTRG00000024134	direct	exact_protein_coding	ENSPTRG00000024134	1	protein_coding				not_required	
ENSPTRG00000024145		ensembl_archive	replacement_not_protein_coding	ENSPTRG00000024145	1	processed_pseudogene	116	ENSPTRG00000024145.5	1	success	Candidate exists in local Ensembl 115 GTF but is not protein_coding
ENSPTRG00000024148		ensembl_archive	candidate_not_in_local_release115_gtf	ENSPTRG00000024148	1		64	ENSPTRG00000024148.2		success	Archive candidate was not found in the local Ensembl 115 GTF
ENSPTRG00000024152	ENSPTRG00000024152	direct	exact_protein_coding	ENSPTRG00000024152	1	protein_coding				not_required	
ENSPTRG00000024207	ENSPTRG00000024207	direct	exact_protein_coding	ENSPTRG00000024207	1	protein_coding				not_required	
ENSPTRG00000024216	ENSPTRG00000024216	direct	exact_protein_coding	ENSPTRG00000024216	1	protein_coding				not_required	
ENSPTRG00000024219	ENSPTRG00000024219	direct	exact_protein_coding	ENSPTRG00000024219	1	protein_coding				not_required	
ENSPTRG00000024258		ensembl_archive	candidate_not_in_local_release115_gtf	ENSPTRG00000024258	1		64	ENSPTRG00000024258.3		success	Archive candidate was not found in the local Ensembl 115 GTF
ENSPTRG00000024272	ENSPTRG00000024272	direct	exact_protein_coding	ENSPTRG00000024272	1	protein_coding				not_required	
ENSPTRG00000024289		ensembl_archive	candidate_not_in_local_release115_gtf	ENSPTRG00000024289	1		64	ENSPTRG00000024289.3		success	Archive candidate was not found in the local Ensembl 115 GTF
ENSPTRG00000024398	ENSPTRG00000024398	direct	exact_protein_coding	ENSPTRG00000024398	1	protein_coding				not_required	
ENSPTRG00000024418		ensembl_archive	replacement_not_protein_coding	ENSPTRG00000024418	1	snoRNA	116	ENSPTRG00000024418.2	1	success	Candidate exists in local Ensembl 115 GTF but is not protein_coding
ENSPTRG00000025652		ensembl_archive	replacement_not_protein_coding	ENSPTRG00000025652	1	snoRNA	116	ENSPTRG00000025652.2	1	success	Candidate exists in local Ensembl 115 GTF but is not protein_coding
ENSPTRG00000025761		ensembl_archive	candidate_not_in_local_release115_gtf	ENSPTRG00000025761	1		90	ENSPTRG00000025761.1		success	Archive candidate was not found in the local Ensembl 115 GTF
ENSPTRG00000025795		ensembl_archive	replacement_not_protein_coding	ENSPTRG00000025795	1	snoRNA	116	ENSPTRG00000025795.2	1	success	Candidate exists in local Ensembl 115 GTF but is not protein_coding
ENSPTRG00000025837		ensembl_archive	candidate_not_in_local_release115_gtf	ENSPTRG00000025837	1		64	ENSPTRG00000025837.1		success	Archive candidate was not found in the local Ensembl 115 GTF
ENSPTRG00000026086		ensembl_archive	replacement_not_protein_coding	ENSPTRG00000026086	1	snoRNA	116	ENSPTRG00000026086.2	1	success	Candidate exists in local Ensembl 115 GTF but is not protein_coding
ENSPTRG00000026112		ensembl_archive	candidate_not_in_local_release115_gtf	ENSPTRG00000026112	1		64	ENSPTRG00000026112.2		success	Archive candidate was not found in the local Ensembl 115 GTF
ENSPTRG00000026273		ensembl_archive	replacement_not_protein_coding	ENSPTRG00000026273	1	snoRNA	116	ENSPTRG00000026273.2	1	success	Candidate exists in local Ensembl 115 GTF but is not protein_coding
ENSPTRG00000026567		ensembl_archive	candidate_not_in_local_release115_gtf	ENSPTRG00000026567	1		90	ENSPTRG00000026567.4		success	Archive candidate was not found in the local Ensembl 115 GTF
ENSPTRG00000026744		ensembl_archive	candidate_not_in_local_release115_gtf	ENSPTRG00000026744	1		52	ENSPTRG00000026744.1		success	Archive candidate was not found in the local Ensembl 115 GTF
ENSPTRG00000027152		ensembl_archive	replacement_not_protein_coding	ENSPTRG00000027152	1	snoRNA	116	ENSPTRG00000027152.2	1	success	Candidate exists in local Ensembl 115 GTF but is not protein_coding
ENSPTRG00000028025		ensembl_archive	candidate_not_in_local_release115_gtf	ENSPTRG00000028025	1		90	ENSPTRG00000028025.1		success	Archive candidate was not found in the local Ensembl 115 GTF
ENSPTRG00000028129		ensembl_archive	candidate_not_in_local_release115_gtf	ENSPTRG00000028129	1		64	ENSPTRG00000028129.1		success	Archive candidate was not found in the local Ensembl 115 GTF
ENSPTRG00000028131		ensembl_archive	candidate_not_in_local_release115_gtf	ENSPTRG00000028131	1		64	ENSPTRG00000028131.1		success	Archive candidate was not found in the local Ensembl 115 GTF
ENSPTRG00000028132		ensembl_archive	candidate_not_in_local_release115_gtf	ENSPTRG00000028132	1		64	ENSPTRG00000028132.1		success	Archive candidate was not found in the local Ensembl 115 GTF
ENSPTRG00000028133		ensembl_archive	candidate_not_in_local_release115_gtf	ENSPTRG00000028133	1		64	ENSPTRG00000028133.1		success	Archive candidate was not found in the local Ensembl 115 GTF
ENSPTRG00000028134		ensembl_archive	candidate_not_in_local_release115_gtf	ENSPTRG00000028134	1		64	ENSPTRG00000028134.1		success	Archive candidate was not found in the local Ensembl 115 GTF
ENSPTRG00000028136		ensembl_archive	candidate_not_in_local_release115_gtf	ENSPTRG00000028136	1		64	ENSPTRG00000028136.1		success	Archive candidate was not found in the local Ensembl 115 GTF
ENSPTRG00000028137		ensembl_archive	candidate_not_in_local_release115_gtf	ENSPTRG00000028137	1		64	ENSPTRG00000028137.1		success	Archive candidate was not found in the local Ensembl 115 GTF
ENSPTRG00000028138		ensembl_archive	candidate_not_in_local_release115_gtf	ENSPTRG00000028138	1		64	ENSPTRG00000028138.1		success	Archive candidate was not found in the local Ensembl 115 GTF
ENSPTRG00000028139		ensembl_archive	candidate_not_in_local_release115_gtf	ENSPTRG00000028139	1		64	ENSPTRG00000028139.1		success	Archive candidate was not found in the local Ensembl 115 GTF
ENSPTRG00000028140		ensembl_archive	candidate_not_in_local_release115_gtf	ENSPTRG00000028140	1		64	ENSPTRG00000028140.1		success	Archive candidate was not found in the local Ensembl 115 GTF
ENSPTRG00000028141		ensembl_archive	candidate_not_in_local_release115_gtf	ENSPTRG00000028141	1		64	ENSPTRG00000028141.1		success	Archive candidate was not found in the local Ensembl 115 GTF
ENSPTRG00000028142		ensembl_archive	candidate_not_in_local_release115_gtf	ENSPTRG00000028142	1		64	ENSPTRG00000028142.1		success	Archive candidate was not found in the local Ensembl 115 GTF
ENSPTRG00000028158		ensembl_archive	candidate_not_in_local_release115_gtf	ENSPTRG00000028158	1		64	ENSPTRG00000028158.1		success	Archive candidate was not found in the local Ensembl 115 GTF
ENSPTRG00000028160		ensembl_archive	candidate_not_in_local_release115_gtf	ENSPTRG00000028160	1		64	ENSPTRG00000028160.1		success	Archive candidate was not found in the local Ensembl 115 GTF
ENSPTRG00000028162		ensembl_archive	candidate_not_in_local_release115_gtf	ENSPTRG00000028162	1		64	ENSPTRG00000028162.1		success	Archive candidate was not found in the local Ensembl 115 GTF
ENSPTRG00000028165		ensembl_archive	ambiguous_multiple_protein_coding	ENSPTRG00000046305;ENSPTRG00000052307	2		90	ENSPTRG00000028165.3		success	Multiple local protein-coding candidates; not rescued automatically
ENSPTRG00000028174		ensembl_archive	candidate_not_in_local_release115_gtf	ENSPTRG00000028174	1		64	ENSPTRG00000028174.2		success	Archive candidate was not found in the local Ensembl 115 GTF
ENSPTRG00000028238	ENSPTRG00000028238	direct	exact_protein_coding	ENSPTRG00000028238	1	protein_coding				not_required	
ENSPTRG00000028245		ensembl_archive	replacement_not_protein_coding	ENSPTRG00000028245	1	processed_pseudogene	116	ENSPTRG00000028245.2	1	success	Candidate exists in local Ensembl 115 GTF but is not protein_coding
ENSPTRG00000028317	ENSPTRG00000028317	direct	exact_protein_coding	ENSPTRG00000028317	1	protein_coding				not_required	
ENSPTRG00000028323		ensembl_archive	candidate_not_in_local_release115_gtf	ENSPTRG00000028323	1		64	ENSPTRG00000028323.1		success	Archive candidate was not found in the local Ensembl 115 GTF
ENSPTRG00000028324	ENSPTRG00000028324	direct	exact_protein_coding	ENSPTRG00000028324	1	protein_coding				not_required	
ENSPTRG00000028326		ensembl_archive	candidate_not_in_local_release115_gtf	ENSPTRG00000028326	1		64	ENSPTRG00000028326.1		success	Archive candidate was not found in the local Ensembl 115 GTF
ENSPTRG00000028352	ENSPTRG00000028352	direct	exact_protein_coding	ENSPTRG00000028352	1	protein_coding				not_required	
ENSPTRG00000028357	ENSPTRG00000028357	direct	exact_protein_coding	ENSPTRG00000028357	1	protein_coding				not_required	
ENSPTRG00000028360	ENSPTRG00000028360	direct	exact_protein_coding	ENSPTRG00000028360	1	protein_coding				not_required	
ENSPTRG00000028398	ENSPTRG00000028398	direct	exact_protein_coding	ENSPTRG00000028398	1	protein_coding				not_required	
ENSPTRG00000028479		ensembl_archive	candidate_not_in_local_release115_gtf	ENSPTRG00000028479	1		64	ENSPTRG00000028479.1		success	Archive candidate was not found in the local Ensembl 115 GTF
ENSPTRG00000028515	ENSPTRG00000028515	direct	exact_protein_coding	ENSPTRG00000028515	1	protein_coding				not_required	
ENSPTRG00000028538	ENSPTRG00000028538	direct	exact_protein_coding	ENSPTRG00000028538	1	protein_coding				not_required	
ENSPTRG00000028541	ENSPTRG00000028541	direct	exact_protein_coding	ENSPTRG00000028541	1	protein_coding				not_required	
ENSPTRG00000028548		ensembl_archive	candidate_not_in_local_release115_gtf	ENSPTRG00000028548	1		90	ENSPTRG00000028548.1		success	Archive candidate was not found in the local Ensembl 115 GTF
ENSPTRG00000028607	ENSPTRG00000028607	direct	exact_protein_coding	ENSPTRG00000028607	1	protein_coding				not_required	
ENSPTRG00000028611	ENSPTRG00000028611	direct	exact_protein_coding	ENSPTRG00000028611	1	protein_coding				not_required	
ENSPTRG00000028689		ensembl_archive	candidate_not_in_local_release115_gtf	ENSPTRG00000028689	1		64	ENSPTRG00000028689.1		success	Archive candidate was not found in the local Ensembl 115 GTF
ENSPTRG00000028693		ensembl_archive	candidate_not_in_local_release115_gtf	ENSPTRG00000028693	1		64	ENSPTRG00000028693.1		success	Archive candidate was not found in the local Ensembl 115 GTF
ENSPTRG00000028713	ENSPTRG00000028713	direct	exact_protein_coding	ENSPTRG00000028713	1	protein_coding				not_required	
ENSPTRG00000028723		ensembl_archive	candidate_not_in_local_release115_gtf	ENSPTRG00000028723	1		64	ENSPTRG00000028723.1		success	Archive candidate was not found in the local Ensembl 115 GTF
ENSPTRG00000028740		ensembl_archive	candidate_not_in_local_release115_gtf	ENSPTRG00000028740	1		64	ENSPTRG00000028740.2		success	Archive candidate was not found in the local Ensembl 115 GTF
ENSPTRG00000028742	ENSPTRG00000028742	direct	exact_protein_coding	ENSPTRG00000028742	1	protein_coding				not_required	
ENSPTRG00000028747	ENSPTRG00000028747	direct	exact_protein_coding	ENSPTRG00000028747	1	protein_coding				not_required	
ENSPTRG00000028788	ENSPTRG00000028788	direct	exact_protein_coding	ENSPTRG00000028788	1	protein_coding				not_required	
ENSPTRG00000028859	ENSPTRG00000028859	direct	exact_protein_coding	ENSPTRG00000028859	1	protein_coding				not_required	
ENSPTRG00000028890	ENSPTRG00000028890	direct	exact_protein_coding	ENSPTRG00000028890	1	protein_coding				not_required	
ENSPTRG00000028902		ensembl_archive	candidate_not_in_local_release115_gtf	ENSPTRG00000028902	1		64	ENSPTRG00000028902.2		success	Archive candidate was not found in the local Ensembl 115 GTF
ENSPTRG00000028919		ensembl_archive	candidate_not_in_local_release115_gtf	ENSPTRG00000028919	1		90	ENSPTRG00000028919.2		success	Archive candidate was not found in the local Ensembl 115 GTF
ENSPTRG00000028950	ENSPTRG00000028950	direct	exact_protein_coding	ENSPTRG00000028950	1	protein_coding				not_required	
ENSPTRG00000028968	ENSPTRG00000028968	direct	exact_protein_coding	ENSPTRG00000028968	1	protein_coding				not_required	
ENSPTRG00000028973	ENSPTRG00000028973	direct	exact_protein_coding	ENSPTRG00000028973	1	protein_coding				not_required	
ENSPTRG00000028979	ENSPTRG00000028979	direct	exact_protein_coding	ENSPTRG00000028979	1	protein_coding				not_required	
ENSPTRG00000028984	ENSPTRG00000028984	direct	exact_protein_coding	ENSPTRG00000028984	1	protein_coding				not_required	
ENSPTRG00000028987	ENSPTRG00000028987	direct	exact_protein_coding	ENSPTRG00000028987	1	protein_coding				not_required	
ENSPTRG00000028999	ENSPTRG00000028999	direct	exact_protein_coding	ENSPTRG00000028999	1	protein_coding				not_required	
ENSPTRG00000029014	ENSPTRG00000029014	direct	exact_protein_coding	ENSPTRG00000029014	1	protein_coding				not_required	
ENSPTRG00000029024		ensembl_archive	candidate_not_in_local_release115_gtf	ENSPTRG00000029024	1		64	ENSPTRG00000029024.2		success	Archive candidate was not found in the local Ensembl 115 GTF
ENSPTRG00000029029		ensembl_archive	candidate_not_in_local_release115_gtf	ENSPTRG00000029029	1		90	ENSPTRG00000029029.2		success	Archive candidate was not found in the local Ensembl 115 GTF
ENSPTRG00000029035	ENSPTRG00000029035	direct	exact_protein_coding	ENSPTRG00000029035	1	protein_coding				not_required	
ENSPTRG00000029057	ENSPTRG00000029057	direct	exact_protein_coding	ENSPTRG00000029057	1	protein_coding				not_required	
ENSPTRG00000029076	ENSPTRG00000029076	direct	exact_protein_coding	ENSPTRG00000029076	1	protein_coding				not_required	
ENSPTRG00000029085	ENSPTRG00000029085	direct	exact_protein_coding	ENSPTRG00000029085	1	protein_coding				not_required	
ENSPTRG00000029090	ENSPTRG00000029090	direct	exact_protein_coding	ENSPTRG00000029090	1	protein_coding				not_required	
ENSPTRG00000029113		ensembl_archive	replacement_not_protein_coding	ENSPTRG00000029113	1	pseudogene	116	ENSPTRG00000029113.3	1	success	Candidate exists in local Ensembl 115 GTF but is not protein_coding
ENSPTRG00000029115		ensembl_archive	candidate_not_in_local_release115_gtf	ENSPTRG00000029115	1		64	ENSPTRG00000029115.1		success	Archive candidate was not found in the local Ensembl 115 GTF
ENSPTRG00000029123	ENSPTRG00000029123	direct	exact_protein_coding	ENSPTRG00000029123	1	protein_coding				not_required	
ENSPTRG00000029147		ensembl_archive	candidate_not_in_local_release115_gtf	ENSPTRG00000029147	1		64	ENSPTRG00000029147.1		success	Archive candidate was not found in the local Ensembl 115 GTF
ENSPTRG00000029154	ENSPTRG00000029154	direct	exact_protein_coding	ENSPTRG00000029154	1	protein_coding				not_required	
ENSPTRG00000029161	ENSPTRG00000029161	direct	exact_protein_coding	ENSPTRG00000029161	1	protein_coding				not_required	
ENSPTRG00000029240		ensembl_archive	candidate_not_in_local_release115_gtf	ENSPTRG00000029240	1		64	ENSPTRG00000029240.1		success	Archive candidate was not found in the local Ensembl 115 GTF
ENSPTRG00000029334	ENSPTRG00000029334	direct	exact_protein_coding	ENSPTRG00000029334	1	protein_coding				not_required	
ENSPTRG00000029388	ENSPTRG00000029388	direct	exact_protein_coding	ENSPTRG00000029388	1	protein_coding				not_required	
ENSPTRG00000029390		ensembl_archive	candidate_not_in_local_release115_gtf	ENSPTRG00000029390	1		64	ENSPTRG00000029390.1		success	Archive candidate was not found in the local Ensembl 115 GTF
ENSPTRG00000029391	ENSPTRG00000029391	direct	exact_protein_coding	ENSPTRG00000029391	1	protein_coding				not_required	
ENSPTRG00000029404	ENSPTRG00000029404	direct	exact_protein_coding	ENSPTRG00000029404	1	protein_coding				not_required	
ENSPTRG00000029487		ensembl_archive	candidate_not_in_local_release115_gtf	ENSPTRG00000029487	1		90	ENSPTRG00000029487.4		success	Archive candidate was not found in the local Ensembl 115 GTF
ENSPTRG00000029491	ENSPTRG00000029491	direct	exact_protein_coding	ENSPTRG00000029491	1	protein_coding				not_required	
ENSPTRG00000029526		ensembl_archive	candidate_not_in_local_release115_gtf	ENSPTRG00000029526	1		64	ENSPTRG00000029526.2		success	Archive candidate was not found in the local Ensembl 115 GTF
ENSPTRG00000029534		ensembl_archive	candidate_not_in_local_release115_gtf	ENSPTRG00000029534	1		90	ENSPTRG00000029534.2		success	Archive candidate was not found in the local Ensembl 115 GTF
ENSPTRG00000029540	ENSPTRG00000029540	direct	exact_protein_coding	ENSPTRG00000029540	1	protein_coding				not_required	
ENSPTRG00000029559	ENSPTRG00000029559	direct	exact_protein_coding	ENSPTRG00000029559	1	protein_coding				not_required	
ENSPTRG00000029670	ENSPTRG00000029670	direct	exact_protein_coding	ENSPTRG00000029670	1	protein_coding				not_required	
ENSPTRG00000029733	ENSPTRG00000029733	direct	exact_protein_coding	ENSPTRG00000029733	1	protein_coding				not_required	
ENSPTRG00000029751	ENSPTRG00000029751	direct	exact_protein_coding	ENSPTRG00000029751	1	protein_coding				not_required	
ENSPTRG00000029773		ensembl_archive	candidate_not_in_local_release115_gtf	ENSPTRG00000029773	1		90	ENSPTRG00000029773.1		success	Archive candidate was not found in the local Ensembl 115 GTF
ENSPTRG00000029813		ensembl_archive	candidate_not_in_local_release115_gtf	ENSPTRG00000029813	1		90	ENSPTRG00000029813.3		success	Archive candidate was not found in the local Ensembl 115 GTF
ENSPTRG00000029820		ensembl_archive	candidate_not_in_local_release115_gtf	ENSPTRG00000029820	1		90	ENSPTRG00000029820.3		success	Archive candidate was not found in the local Ensembl 115 GTF
ENSPTRG00000029864	ENSPTRG00000029864	direct	exact_protein_coding	ENSPTRG00000029864	1	protein_coding				not_required	
ENSPTRG00000029878		ensembl_archive	replacement_not_protein_coding	ENSPTRG00000029878	1	pseudogene	116	ENSPTRG00000029878.3	1	success	Candidate exists in local Ensembl 115 GTF but is not protein_coding
ENSPTRG00000029920	ENSPTRG00000029920	direct	exact_protein_coding	ENSPTRG00000029920	1	protein_coding				not_required	
ENSPTRG00000029930		ensembl_archive	candidate_not_in_local_release115_gtf	ENSPTRG00000029930	1		90	ENSPTRG00000029930.2		success	Archive candidate was not found in the local Ensembl 115 GTF
ENSPTRG00000030016	ENSPTRG00000030016	direct	exact_protein_coding	ENSPTRG00000030016	1	protein_coding				not_required	
ENSPTRG00000030046	ENSPTRG00000030046	direct	exact_protein_coding	ENSPTRG00000030046	1	protein_coding				not_required	
ENSPTRG00000030086		ensembl_archive	candidate_not_in_local_release115_gtf	ENSPTRG00000030086	1		64	ENSPTRG00000030086.3		success	Archive candidate was not found in the local Ensembl 115 GTF
ENSPTRG00000030114	ENSPTRG00000030114	direct	exact_protein_coding	ENSPTRG00000030114	1	protein_coding				not_required	
ENSPTRG00000030137		ensembl_archive	candidate_not_in_local_release115_gtf	ENSPTRG00000030137	1		64	ENSPTRG00000030137.1		success	Archive candidate was not found in the local Ensembl 115 GTF
ENSPTRG00000030147	ENSPTRG00000030147	direct	exact_protein_coding	ENSPTRG00000030147	1	protein_coding				not_required	
ENSPTRG00000030168	ENSPTRG00000030168	direct	exact_protein_coding	ENSPTRG00000030168	1	protein_coding				not_required	
ENSPTRG00000030221	ENSPTRG00000030221	direct	exact_protein_coding	ENSPTRG00000030221	1	protein_coding				not_required	
ENSPTRG00000030224		ensembl_archive	candidate_not_in_local_release115_gtf	ENSPTRG00000030224	1		90	ENSPTRG00000030224.1		success	Archive candidate was not found in the local Ensembl 115 GTF
ENSPTRG00000030241	ENSPTRG00000030241	direct	exact_protein_coding	ENSPTRG00000030241	1	protein_coding				not_required	
ENSPTRG00000030250	ENSPTRG00000030250	direct	exact_protein_coding	ENSPTRG00000030250	1	protein_coding				not_required	
ENSPTRG00000030269	ENSPTRG00000030269	direct	exact_protein_coding	ENSPTRG00000030269	1	protein_coding				not_required	
ENSPTRG00000030295	ENSPTRG00000030295	direct	exact_protein_coding	ENSPTRG00000030295	1	protein_coding				not_required	
ENSPTRG00000030303		ensembl_archive	candidate_not_in_local_release115_gtf	ENSPTRG00000030303	1		90	ENSPTRG00000030303.3		success	Archive candidate was not found in the local Ensembl 115 GTF
ENSPTRG00000030309		ensembl_archive	candidate_not_in_local_release115_gtf	ENSPTRG00000030309	1		90	ENSPTRG00000030309.2		success	Archive candidate was not found in the local Ensembl 115 GTF
ENSPTRG00000030399	ENSPTRG00000030399	direct	exact_protein_coding	ENSPTRG00000030399	1	protein_coding				not_required	
ENSPTRG00000030400	ENSPTRG00000030400	direct	exact_protein_coding	ENSPTRG00000030400	1	protein_coding				not_required	
ENSPTRG00000030440	ENSPTRG00000030440	direct	exact_protein_coding	ENSPTRG00000030440	1	protein_coding				not_required	
ENSPTRG00000030609	ENSPTRG00000030609	direct	exact_protein_coding	ENSPTRG00000030609	1	protein_coding				not_required	
ENSPTRG00000030660	ENSPTRG00000030660	direct	exact_protein_coding	ENSPTRG00000030660	1	protein_coding				not_required	
ENSPTRG00000030691	ENSPTRG00000030691	direct	exact_protein_coding	ENSPTRG00000030691	1	protein_coding				not_required	
ENSPTRG00000030700	ENSPTRG00000030700	direct	exact_protein_coding	ENSPTRG00000030700	1	protein_coding				not_required	
ENSPTRG00000030724		ensembl_archive	candidate_not_in_local_release115_gtf	ENSPTRG00000030724	1		64	ENSPTRG00000030724.2		success	Archive candidate was not found in the local Ensembl 115 GTF
ENSPTRG00000030738		ensembl_archive	candidate_not_in_local_release115_gtf	ENSPTRG00000030738	1		90	ENSPTRG00000030738.2		success	Archive candidate was not found in the local Ensembl 115 GTF
ENSPTRG00000030740	ENSPTRG00000030740	direct	exact_protein_coding	ENSPTRG00000030740	1	protein_coding				not_required	
ENSPTRG00000030775	ENSPTRG00000030775	direct	exact_protein_coding	ENSPTRG00000030775	1	protein_coding				not_required	
ENSPTRG00000030844	ENSPTRG00000030844	direct	exact_protein_coding	ENSPTRG00000030844	1	protein_coding				not_required	
ENSPTRG00000030856	ENSPTRG00000030856	direct	exact_protein_coding	ENSPTRG00000030856	1	protein_coding				not_required	
ENSPTRG00000030896		ensembl_archive	candidate_not_in_local_release115_gtf	ENSPTRG00000030896	1		64	ENSPTRG00000030896.1		success	Archive candidate was not found in the local Ensembl 115 GTF
ENSPTRG00000030908	ENSPTRG00000030908	direct	exact_protein_coding	ENSPTRG00000030908	1	protein_coding				not_required	
ENSPTRG00000030965	ENSPTRG00000030965	direct	exact_protein_coding	ENSPTRG00000030965	1	protein_coding				not_required	
ENSPTRG00000030979	ENSPTRG00000030979	direct	exact_protein_coding	ENSPTRG00000030979	1	protein_coding				not_required	
ENSPTRG00000030994	ENSPTRG00000030994	direct	exact_protein_coding	ENSPTRG00000030994	1	protein_coding				not_required	
ENSPTRG00000031009	ENSPTRG00000031009	direct	exact_protein_coding	ENSPTRG00000031009	1	protein_coding				not_required	
ENSPTRG00000031076		ensembl_archive	candidate_not_in_local_release115_gtf	ENSPTRG00000031076	1		64	ENSPTRG00000031076.2		success	Archive candidate was not found in the local Ensembl 115 GTF
ENSPTRG00000031104	ENSPTRG00000031104	direct	exact_protein_coding	ENSPTRG00000031104	1	protein_coding				not_required	
ENSPTRG00000031106		ensembl_archive	replacement_not_protein_coding	ENSPTRG00000031106	1	processed_pseudogene	116	ENSPTRG00000031106.2	1	success	Candidate exists in local Ensembl 115 GTF but is not protein_coding
ENSPTRG00000031149		ensembl_archive	candidate_not_in_local_release115_gtf	ENSPTRG00000031149	1		64	ENSPTRG00000031149.1		success	Archive candidate was not found in the local Ensembl 115 GTF
ENSPTRG00000031180	ENSPTRG00000031180	direct	exact_protein_coding	ENSPTRG00000031180	1	protein_coding				not_required	
ENSPTRG00000031188		ensembl_archive	replacement_not_protein_coding	ENSPTRG00000031188	1	pseudogene	116	ENSPTRG00000031188.3	1	success	Candidate exists in local Ensembl 115 GTF but is not protein_coding
ENSPTRG00000031198		ensembl_archive	candidate_not_in_local_release115_gtf	ENSPTRG00000031198	1		90	ENSPTRG00000031198.2		success	Archive candidate was not found in the local Ensembl 115 GTF
ENSPTRG00000031247	ENSPTRG00000031247	direct	exact_protein_coding	ENSPTRG00000031247	1	protein_coding				not_required	
ENSPTRG00000031309		ensembl_archive	candidate_not_in_local_release115_gtf	ENSPTRG00000031309	1		90	ENSPTRG00000031309.1		success	Archive candidate was not found in the local Ensembl 115 GTF
ENSPTRG00000031310	ENSPTRG00000031310	direct	exact_protein_coding	ENSPTRG00000031310	1	protein_coding				not_required	
ENSPTRG00000031332	ENSPTRG00000031332	direct	exact_protein_coding	ENSPTRG00000031332	1	protein_coding				not_required	
ENSPTRG00000031337		ensembl_archive	candidate_not_in_local_release115_gtf	ENSPTRG00000031337	1		64	ENSPTRG00000031337.1		success	Archive candidate was not found in the local Ensembl 115 GTF
ENSPTRG00000031344		ensembl_archive	candidate_not_in_local_release115_gtf	ENSPTRG00000031344	1		64	ENSPTRG00000031344.3		success	Archive candidate was not found in the local Ensembl 115 GTF
ENSPTRG00000031432		ensembl_archive	candidate_not_in_local_release115_gtf	ENSPTRG00000031432	1		90	ENSPTRG00000031432.3		success	Archive candidate was not found in the local Ensembl 115 GTF
ENSPTRG00000031470	ENSPTRG00000031470	direct	exact_protein_coding	ENSPTRG00000031470	1	protein_coding				not_required	
ENSPTRG00000031488		ensembl_archive	candidate_not_in_local_release115_gtf	ENSPTRG00000031488	1		90	ENSPTRG00000031488.3		success	Archive candidate was not found in the local Ensembl 115 GTF
ENSPTRG00000031502		ensembl_archive	candidate_not_in_local_release115_gtf	ENSPTRG00000031502;ENSPTRG00000040209	2		64	ENSPTRG00000031502.1		success	Archive candidate was not found in the local Ensembl 115 GTF
ENSPTRG00000031669		ensembl_archive	candidate_not_in_local_release115_gtf	ENSPTRG00000031669	1		52	ENSPTRG00000031669.1		success	Archive candidate was not found in the local Ensembl 115 GTF
ENSPTRG00000032439	ENSPTRG00000032439	direct	exact_protein_coding	ENSPTRG00000032439	1	protein_coding				not_required	
ENSPTRG00000032462	ENSPTRG00000032462	direct	exact_protein_coding	ENSPTRG00000032462	1	protein_coding				not_required	
ENSPTRG00000032479		ensembl_archive	candidate_not_in_local_release115_gtf	ENSPTRG00000032479	1		64	ENSPTRG00000032479.2		success	Archive candidate was not found in the local Ensembl 115 GTF
ENSPTRG00000032488	ENSPTRG00000032488	direct	exact_protein_coding	ENSPTRG00000032488	1	protein_coding				not_required	
ENSPTRG00000032498		ensembl_archive	candidate_not_in_local_release115_gtf	ENSPTRG00000032498	1		64	ENSPTRG00000032498.1		success	Archive candidate was not found in the local Ensembl 115 GTF
ENSPTRG00000032507		ensembl_archive	candidate_not_in_local_release115_gtf	ENSPTRG00000032507	1		64	ENSPTRG00000032507.1		success	Archive candidate was not found in the local Ensembl 115 GTF
ENSPTRG00000032508	ENSPTRG00000032508	direct	exact_protein_coding	ENSPTRG00000032508	1	protein_coding				not_required	
ENSPTRG00000032571	ENSPTRG00000032571	direct	exact_protein_coding	ENSPTRG00000032571	1	protein_coding				not_required	
ENSPTRG00000032583	ENSPTRG00000032583	direct	exact_protein_coding	ENSPTRG00000032583	1	protein_coding				not_required	
ENSPTRG00000032706		ensembl_archive	replacement_not_protein_coding	ENSPTRG00000032706	1	snoRNA	116	ENSPTRG00000032706.2	1	success	Candidate exists in local Ensembl 115 GTF but is not protein_coding
ENSPTRG00000032916		ensembl_archive	candidate_not_in_local_release115_gtf	ENSPTRG00000032916	1		52	ENSPTRG00000032916.1		success	Archive candidate was not found in the local Ensembl 115 GTF
ENSPTRG00000033099		ensembl_archive	candidate_not_in_local_release115_gtf	ENSPTRG00000033099	1		52	ENSPTRG00000033099.1		success	Archive candidate was not found in the local Ensembl 115 GTF
ENSPTRG00000033518		ensembl_archive	replacement_not_protein_coding	ENSPTRG00000033518	1	miRNA	116	ENSPTRG00000033518.2	1	success	Candidate exists in local Ensembl 115 GTF but is not protein_coding
ENSPTRG00000033674		ensembl_archive	candidate_not_in_local_release115_gtf	ENSPTRG00000033674	1		64	ENSPTRG00000033674.1		success	Archive candidate was not found in the local Ensembl 115 GTF
ENSPTRG00000033679	ENSPTRG00000033679	direct	exact_protein_coding	ENSPTRG00000033679	1	protein_coding				not_required	
ENSPTRG00000033699		ensembl_archive	candidate_not_in_local_release115_gtf	ENSPTRG00000033699	1		90	ENSPTRG00000033699.1		success	Archive candidate was not found in the local Ensembl 115 GTF
ENSPTRG00000033700	ENSPTRG00000033700	direct	exact_protein_coding	ENSPTRG00000033700	1	protein_coding				not_required	
ENSPTRG00000033702	ENSPTRG00000033702	direct	exact_protein_coding	ENSPTRG00000033702	1	protein_coding				not_required	
ENSPTRG00000033709		ensembl_archive	candidate_not_in_local_release115_gtf	ENSPTRG00000033709	1		64	ENSPTRG00000033709.1		success	Archive candidate was not found in the local Ensembl 115 GTF
ENSPTRG00000033722		ensembl_archive	candidate_not_in_local_release115_gtf	ENSPTRG00000033722	1		90	ENSPTRG00000033722.1		success	Archive candidate was not found in the local Ensembl 115 GTF
ENSPTRG00000033737	ENSPTRG00000033737	direct	exact_protein_coding	ENSPTRG00000033737	1	protein_coding				not_required	
ENSPTRG00000033743	ENSPTRG00000033743	direct	exact_protein_coding	ENSPTRG00000033743	1	protein_coding				not_required	
ENSPTRG00000033766	ENSPTRG00000033766	direct	exact_protein_coding	ENSPTRG00000033766	1	protein_coding				not_required	
ENSPTRG00000033769		ensembl_archive	candidate_not_in_local_release115_gtf	ENSPTRG00000033769	1		90	ENSPTRG00000033769.2		success	Archive candidate was not found in the local Ensembl 115 GTF
ENSPTRG00000033802	ENSPTRG00000033802	direct	exact_protein_coding	ENSPTRG00000033802	1	protein_coding				not_required	
ENSPTRG00000033813	ENSPTRG00000033813	direct	exact_protein_coding	ENSPTRG00000033813	1	protein_coding				not_required	
ENSPTRG00000033818	ENSPTRG00000033818	direct	exact_protein_coding	ENSPTRG00000033818	1	protein_coding				not_required	
ENSPTRG00000033819	ENSPTRG00000033819	direct	exact_protein_coding	ENSPTRG00000033819	1	protein_coding				not_required	
ENSPTRG00000033828		ensembl_archive	candidate_not_in_local_release115_gtf	ENSPTRG00000033828	1		90	ENSPTRG00000033828.1		success	Archive candidate was not found in the local Ensembl 115 GTF
ENSPTRG00000033852		ensembl_archive	candidate_not_in_local_release115_gtf	ENSPTRG00000033852	1		64	ENSPTRG00000033852.1		success	Archive candidate was not found in the local Ensembl 115 GTF
ENSPTRG00000033858	ENSPTRG00000033858	direct	exact_protein_coding	ENSPTRG00000033858	1	protein_coding				not_required	
ENSPTRG00000033861	ENSPTRG00000033861	direct	exact_protein_coding	ENSPTRG00000033861	1	protein_coding				not_required	
ENSPTRG00000033865		ensembl_archive	candidate_not_in_local_release115_gtf	ENSPTRG00000033865	1		64	ENSPTRG00000033865.1		success	Archive candidate was not found in the local Ensembl 115 GTF
ENSPTRG00000033875	ENSPTRG00000033875	direct	exact_protein_coding	ENSPTRG00000033875	1	protein_coding				not_required	
ENSPTRG00000033884	ENSPTRG00000033884	direct	exact_protein_coding	ENSPTRG00000033884	1	protein_coding				not_required	
ENSPTRG00000033898	ENSPTRG00000033898	direct	exact_protein_coding	ENSPTRG00000033898	1	protein_coding				not_required	
ENSPTRG00000033921	ENSPTRG00000033921	direct	exact_protein_coding	ENSPTRG00000033921	1	protein_coding				not_required	
ENSPTRG00000033926	ENSPTRG00000033926	direct	exact_protein_coding	ENSPTRG00000033926	1	protein_coding				not_required	
ENSPTRG00000033938	ENSPTRG00000033938	direct	exact_protein_coding	ENSPTRG00000033938	1	protein_coding				not_required	
ENSPTRG00000033939		ensembl_archive	candidate_not_in_local_release115_gtf	ENSPTRG00000033939	1		64	ENSPTRG00000033939.1		success	Archive candidate was not found in the local Ensembl 115 GTF
ENSPTRG00000033943		ensembl_archive	candidate_not_in_local_release115_gtf	ENSPTRG00000033943	1		64	ENSPTRG00000033943.1		success	Archive candidate was not found in the local Ensembl 115 GTF
ENSPTRG00000033947		ensembl_archive	candidate_not_in_local_release115_gtf	ENSPTRG00000033947	1		64	ENSPTRG00000033947.1		success	Archive candidate was not found in the local Ensembl 115 GTF
ENSPTRG00000033967		ensembl_archive	candidate_not_in_local_release115_gtf	ENSPTRG00000033967	1		64	ENSPTRG00000033967.1		success	Archive candidate was not found in the local Ensembl 115 GTF
ENSPTRG00000033974	ENSPTRG00000033974	direct	exact_protein_coding	ENSPTRG00000033974	1	protein_coding				not_required	
ENSPTRG00000033985	ENSPTRG00000033985	direct	exact_protein_coding	ENSPTRG00000033985	1	protein_coding				not_required	
ENSPTRG00000033986		ensembl_archive	candidate_not_in_local_release115_gtf	ENSPTRG00000033986	1		64	ENSPTRG00000033986.1		success	Archive candidate was not found in the local Ensembl 115 GTF
ENSPTRG00000033989	ENSPTRG00000033989	direct	exact_protein_coding	ENSPTRG00000033989	1	protein_coding				not_required	
ENSPTRG00000033993	ENSPTRG00000033993	direct	exact_protein_coding	ENSPTRG00000033993	1	protein_coding				not_required	
ENSPTRG00000034020		ensembl_archive	candidate_not_in_local_release115_gtf	ENSPTRG00000034020	1		90	ENSPTRG00000034020.2		success	Archive candidate was not found in the local Ensembl 115 GTF
ENSPTRG00000034047		ensembl_archive	candidate_not_in_local_release115_gtf	ENSPTRG00000034047	1		64	ENSPTRG00000034047.1		success	Archive candidate was not found in the local Ensembl 115 GTF
ENSPTRG00000034057		ensembl_archive	candidate_not_in_local_release115_gtf	ENSPTRG00000034057	1		64	ENSPTRG00000034057.1		success	Archive candidate was not found in the local Ensembl 115 GTF
ENSPTRG00000034082	ENSPTRG00000034082	direct	exact_protein_coding	ENSPTRG00000034082	1	protein_coding				not_required	
ENSPTRG00000034094		ensembl_archive	candidate_not_in_local_release115_gtf	ENSPTRG00000034094	1		64	ENSPTRG00000034094.1		success	Archive candidate was not found in the local Ensembl 115 GTF
ENSPTRG00000034112		ensembl_archive	candidate_not_in_local_release115_gtf	ENSPTRG00000034112	1		64	ENSPTRG00000034112.1		success	Archive candidate was not found in the local Ensembl 115 GTF
ENSPTRG00000034113	ENSPTRG00000034113	direct	exact_protein_coding	ENSPTRG00000034113	1	protein_coding				not_required	
ENSPTRG00000034115	ENSPTRG00000034115	direct	exact_protein_coding	ENSPTRG00000034115	1	protein_coding				not_required	
ENSPTRG00000034121		ensembl_archive	candidate_not_in_local_release115_gtf	ENSPTRG00000034121	1		64	ENSPTRG00000034121.1		success	Archive candidate was not found in the local Ensembl 115 GTF
ENSPTRG00000034150		ensembl_archive	candidate_not_in_local_release115_gtf	ENSPTRG00000034150	1		64	ENSPTRG00000034150.1		success	Archive candidate was not found in the local Ensembl 115 GTF
ENSPTRG00000034165		ensembl_archive	candidate_not_in_local_release115_gtf	ENSPTRG00000034165	1		64	ENSPTRG00000034165.1		success	Archive candidate was not found in the local Ensembl 115 GTF
ENSPTRG00000034174		ensembl_archive	candidate_not_in_local_release115_gtf	ENSPTRG00000034174	1		90	ENSPTRG00000034174.1		success	Archive candidate was not found in the local Ensembl 115 GTF
ENSPTRG00000034197		ensembl_archive	candidate_not_in_local_release115_gtf	ENSPTRG00000034197	1		64	ENSPTRG00000034197.1		success	Archive candidate was not found in the local Ensembl 115 GTF
ENSPTRG00000034202	ENSPTRG00000034202	direct	exact_protein_coding	ENSPTRG00000034202	1	protein_coding				not_required	
ENSPTRG00000034205	ENSPTRG00000034205	direct	exact_protein_coding	ENSPTRG00000034205	1	protein_coding				not_required	
ENSPTRG00000034217		ensembl_archive	candidate_not_in_local_release115_gtf	ENSPTRG00000034217	1		64	ENSPTRG00000034217.1		success	Archive candidate was not found in the local Ensembl 115 GTF
ENSPTRG00000034246	ENSPTRG00000034246	direct	exact_protein_coding	ENSPTRG00000034246	1	protein_coding				not_required	
ENSPTRG00000034256	ENSPTRG00000034256	direct	exact_protein_coding	ENSPTRG00000034256	1	protein_coding				not_required	
ENSPTRG00000034271		ensembl_archive	candidate_not_in_local_release115_gtf	ENSPTRG00000034271	1		64	ENSPTRG00000034271.1		success	Archive candidate was not found in the local Ensembl 115 GTF
ENSPTRG00000034299		ensembl_archive	candidate_not_in_local_release115_gtf	ENSPTRG00000034299	1		64	ENSPTRG00000034299.1		success	Archive candidate was not found in the local Ensembl 115 GTF
ENSPTRG00000034304	ENSPTRG00000034304	direct	exact_protein_coding	ENSPTRG00000034304	1	protein_coding				not_required	
ENSPTRG00000034313	ENSPTRG00000034313	direct	exact_protein_coding	ENSPTRG00000034313	1	protein_coding				not_required	
ENSPTRG00000034326	ENSPTRG00000034326	direct	exact_protein_coding	ENSPTRG00000034326	1	protein_coding				not_required	
ENSPTRG00000034327		ensembl_archive	candidate_not_in_local_release115_gtf	ENSPTRG00000034327	1		64	ENSPTRG00000034327.1		success	Archive candidate was not found in the local Ensembl 115 GTF
ENSPTRG00000034380		ensembl_archive	candidate_not_in_local_release115_gtf	ENSPTRG00000034380	1		90	ENSPTRG00000034380.1		success	Archive candidate was not found in the local Ensembl 115 GTF
ENSPTRG00000034391		ensembl_archive	candidate_not_in_local_release115_gtf	ENSPTRG00000034391	1		64	ENSPTRG00000034391.1		success	Archive candidate was not found in the local Ensembl 115 GTF
ENSPTRG00000034403		ensembl_archive	candidate_not_in_local_release115_gtf	ENSPTRG00000034403	1		64	ENSPTRG00000034403.1		success	Archive candidate was not found in the local Ensembl 115 GTF
ENSPTRG00000034422		ensembl_archive	candidate_not_in_local_release115_gtf	ENSPTRG00000034422	1		90	ENSPTRG00000034422.1		success	Archive candidate was not found in the local Ensembl 115 GTF
ENSPTRG00000034429		ensembl_archive	candidate_not_in_local_release115_gtf	ENSPTRG00000034429	1		64	ENSPTRG00000034429.1		success	Archive candidate was not found in the local Ensembl 115 GTF
ENSPTRG00000034443	ENSPTRG00000034443	direct	exact_protein_coding	ENSPTRG00000034443	1	protein_coding				not_required	
ENSPTRG00000034447		ensembl_archive	candidate_not_in_local_release115_gtf	ENSPTRG00000034447	1		90	ENSPTRG00000034447.2		success	Archive candidate was not found in the local Ensembl 115 GTF
ENSPTRG00000034450		ensembl_archive	candidate_not_in_local_release115_gtf	ENSPTRG00000034450	1		64	ENSPTRG00000034450.1		success	Archive candidate was not found in the local Ensembl 115 GTF
ENSPTRG00000034457		ensembl_archive	candidate_not_in_local_release115_gtf	ENSPTRG00000034457	1		64	ENSPTRG00000034457.1		success	Archive candidate was not found in the local Ensembl 115 GTF
ENSPTRG00000034458	ENSPTRG00000034458	direct	exact_protein_coding	ENSPTRG00000034458	1	protein_coding				not_required	
ENSPTRG00000034465	ENSPTRG00000034465	direct	exact_protein_coding	ENSPTRG00000034465	1	protein_coding				not_required	
ENSPTRG00000034469	ENSPTRG00000034469	direct	exact_protein_coding	ENSPTRG00000034469	1	protein_coding				not_required	
ENSPTRG00000034472	ENSPTRG00000034472	direct	exact_protein_coding	ENSPTRG00000034472	1	protein_coding				not_required	
ENSPTRG00000034496	ENSPTRG00000034496	direct	exact_protein_coding	ENSPTRG00000034496	1	protein_coding				not_required	
ENSPTRG00000034510	ENSPTRG00000034510	direct	exact_protein_coding	ENSPTRG00000034510	1	protein_coding				not_required	
ENSPTRG00000034545		ensembl_archive	candidate_not_in_local_release115_gtf	ENSPTRG00000034545	1		64	ENSPTRG00000034545.1		success	Archive candidate was not found in the local Ensembl 115 GTF
ENSPTRG00000034547	ENSPTRG00000034547	direct	exact_protein_coding	ENSPTRG00000034547	1	protein_coding				not_required	
ENSPTRG00000034559	ENSPTRG00000034559	direct	exact_protein_coding	ENSPTRG00000034559	1	protein_coding				not_required	
ENSPTRG00000034629		ensembl_archive	replacement_not_protein_coding	ENSPTRG00000034629	1	miRNA	116	ENSPTRG00000034629.2	1	success	Candidate exists in local Ensembl 115 GTF but is not protein_coding
ENSPTRG00000034734		ensembl_archive	candidate_not_in_local_release115_gtf	ENSPTRG00000034734	1		64	ENSPTRG00000034734.1		success	Archive candidate was not found in the local Ensembl 115 GTF
ENSPTRG00000035024		ensembl_archive	replacement_not_protein_coding	ENSPTRG00000043121;ENSPTRG00000051909	2	miRNA	90	ENSPTRG00000035024.1		success	Candidate exists in local Ensembl 115 GTF but is not protein_coding
ENSPTRG00000035985		ensembl_archive	candidate_not_in_local_release115_gtf	ENSPTRG00000035985	1		52	ENSPTRG00000035985.1		success	Archive candidate was not found in the local Ensembl 115 GTF
ENSPTRG00000036006		ensembl_archive	candidate_not_in_local_release115_gtf	ENSPTRG00000036006	1		52	ENSPTRG00000036006.1		success	Archive candidate was not found in the local Ensembl 115 GTF
ENSPTRG00000036255		ensembl_archive	candidate_not_in_local_release115_gtf	ENSPTRG00000036255	1		52	ENSPTRG00000036255.1		success	Archive candidate was not found in the local Ensembl 115 GTF
