Gene stable ID	Gene start (bp)	Gene end (bp)	Chromosome/scaffold name
ENSG00000198888	3307	4262	MT
ENSG00000198763	4470	5511	MT
ENSG00000198804	5904	7445	MT
ENSG00000198712	7586	8269	MT
ENSG00000228253	8366	8572	MT
ENSG00000198899	8527	9207	MT
ENSG00000198938	9207	9990	MT
ENSG00000198840	10059	10404	MT
ENSG00000212907	10470	10766	MT
ENSG00000198886	10760	12137	MT
ENSG00000198786	12337	14148	MT
ENSG00000198695	14149	14673	MT
ENSG00000198727	14747	15887	MT
ENSG00000278704	56140	58376	GL000009.2
ENSG00000271254	4612	29626	KI270711.1
ENSG00000281486	1209102	1269668	CHR_HSCHR2_3_CTG1
ENSG00000262826	153745298	153792039	CHR_HSCHR1_1_CTG31
ENSG00000273735	54864204	54872914	CHR_HSCHR19KIR_RP5_B_HAP_CTG3_1
ENSG00000280663	64259386	64278487	CHR_HSCHR20_1_CTG3
ENSG00000276433	54724498	54736060	CHR_HSCHR19KIR_RP5_B_HAP_CTG3_1
ENSG00000276379	54816496	54820397	CHR_HSCHR19KIR_ABC08_AB_HAP_C_P_CTG3_1
ENSG00000278788	1107635	1156979	CHR_HSCHR19_4_CTG2
ENSG00000273947	54738538	54753053	CHR_HSCHR19KIR_FH08_A_HAP_CTG3_1
ENSG00000276595	27445487	27461668	CHR_HSCHR10_1_CTG1
ENSG00000276518	54771247	54784650	CHR_HSCHR19KIR_RP5_B_HAP_CTG3_1
ENSG00000276779	54803599	54814548	CHR_HSCHR19KIR_FH08_A_HAP_CTG3_1
ENSG00000278152	54738439	54769215	CHR_HSCHR19KIR_RP5_B_HAP_CTG3_1
ENSG00000277484	54738471	54753005	CHR_HSCHR19KIR_ABC08_AB_HAP_C_P_CTG3_1
ENSG00000277044	64097802	64100643	CHR_HSCHR20_1_CTG3
ENSG00000273775	54816442	54830745	CHR_HSCHR19KIR_FH13_A_HAP_CTG3_1
ENSG00000276858	54874219	54890443	CHR_HSCHR19KIR_FH06_A_HAP_CTG3_1
ENSG00000277339	64105820	64107171	CHR_HSCHR20_1_CTG3
ENSG00000276534	54802839	54817200	CHR_HSCHR19KIR_RP5_B_HAP_CTG3_1
ENSG00000276044	54833799	54844782	CHR_HSCHR19KIR_FH08_BAX_HAP_CTG3_1
ENSG00000276876	64155437	64245898	CHR_HSCHR20_1_CTG3
ENSG00000275717	54816473	54830785	CHR_HSCHR19KIR_ABC08_A1_HAP_CTG3_1
ENSG00000277554	54738470	54752993	CHR_HSCHR19KIR_RSH_A_HAP_CTG3_1
ENSG00000277272	54816451	54830756	CHR_HSCHR19KIR_T7526_A_HAP_CTG3_1
ENSG00000278074	54803565	54814279	CHR_HSCHR19KIR_RSH_A_HAP_CTG3_1
ENSG00000275974	144592865	144593524	CHR_HSCHR1_4_CTG31
ENSG00000276885	54832710	54847746	CHR_HSCHR19KIR_FH05_A_HAP_CTG3_1
ENSG00000273510	54769838	54784324	CHR_HSCHR19KIR_FH08_A_HAP_CTG3_1
ENSG00000275786	54816499	54830812	CHR_HSCHR19KIR_FH05_A_HAP_CTG3_1
ENSG00000274714	54819131	54834528	CHR_HSCHR19KIR_FH06_BA1_HAP_CTG3_1
ENSG00000261992	153821956	153845579	CHR_HSCHR1_1_CTG31
ENSG00000277334	54892528	54896443	CHR_HSCHR19KIR_FH06_BA1_HAP_CTG3_1
ENSG00000277650	54830903	54845777	CHR_HSCHR19KIR_RP5_B_HAP_CTG3_1
ENSG00000273661	54754679	54769001	CHR_HSCHR19KIR_RP5_B_HAP_CTG3_1
ENSG00000277355	54789806	54800882	CHR_HSCHR19KIR_T7526_BDEL_HAP_CTG3_1
ENSG00000275047	54830927	54845947	CHR_HSCHR19KIR_LUCE_BDEL_HAP_CTG3_1
ENSG00000274807	54832788	54848156	CHR_HSCHR19KIR_FH15_A_HAP_CTG3_1
ENSG00000274696	54724453	54767462	CHR_HSCHR19KIR_ABC08_AB_HAP_C_P_CTG3_1
ENSG00000275511	54864251	54881045	CHR_HSCHR19KIR_LUCE_BDEL_HAP_CTG3_1
ENSG00000276333	1913487	1920464	CHR_HSCHR16_4_CTG1
ENSG00000274676	54819459	54828923	CHR_HSCHR19KIR_RP5_B_HAP_CTG3_1
ENSG00000275237	54789912	54800893	CHR_HSCHR19KIR_FH06_BA1_HAP_CTG3_1
ENSG00000277078	54863003	54878657	CHR_HSCHR19KIR_FH08_BAX_HAP_CTG3_1
ENSG00000275659	54814901	54878560	CHR_HSCHR19KIR_FH08_BAX_HAP_CTG3_1
ENSG00000273575	54803379	54814527	CHR_HSCHR19KIR_FH15_A_HAP_CTG3_1
ENSG00000263163	153791585	153797388	CHR_HSCHR1_1_CTG31
ENSG00000275407	54754722	54769049	CHR_HSCHR19KIR_FH13_BA2_HAP_CTG3_1
ENSG00000278805	54814475	54828769	CHR_HSCHR19KIR_FH13_BA2_HAP_CTG3_1
ENSG00000275699	54803535	54814517	CHR_HSCHR19KIR_ABC08_AB_HAP_T_P_CTG3_1
ENSG00000277345	54877376	54892982	CHR_HSCHR19KIR_FH13_BA2_HAP_CTG3_1
ENSG00000274324	54877320	54892899	CHR_HSCHR19KIR_RSH_BA2_HAP_CTG3_1
ENSG00000276820	54813971	54828213	CHR_HSCHR19KIR_FH05_B_HAP_CTG3_1
ENSG00000276423	54802859	54817155	CHR_HSCHR19KIR_FH06_BA1_HAP_CTG3_1
ENSG00000276424	54895138	54911932	CHR_HSCHR19KIR_FH13_BA2_HAP_CTG3_1
ENSG00000273526	54832771	54848624	CHR_HSCHR19KIR_FH08_A_HAP_CTG3_1
ENSG00000274193	54789815	54800891	CHR_HSCHR19KIR_RP5_B_HAP_CTG3_1
ENSG00000278306	54782354	54796789	CHR_HSCHR19KIR_FH05_B_HAP_CTG3_1
ENSG00000276328	54724453	54736091	CHR_HSCHR19KIR_RSH_A_HAP_CTG3_1
ENSG00000278731	54754673	54769220	CHR_HSCHR19KIR_RSH_BA2_HAP_CTG3_1
ENSG00000274782	54769765	54784000	CHR_HSCHR19KIR_ABC08_AB_HAP_C_P_CTG3_1
ENSG00000275080	54798381	54812886	CHR_HSCHR19KIR_FH08_BAX_HAP_CTG3_1
ENSG00000275433	54726054	54736537	CHR_HSCHR19KIR_FH08_A_HAP_CTG3_1
ENSG00000275732	54847612	54858688	CHR_HSCHR19KIR_FH05_B_HAP_CTG3_1
ENSG00000277620	54724450	54736092	CHR_HSCHR19KIR_RSH_BA2_HAP_CTG3_1
ENSG00000273738	54874290	54891462	CHR_HSCHR19KIR_FH08_A_HAP_CTG3_1
ENSG00000280830	3498728	3502360	CHR_HSCHR2_1_CTG1
ENSG00000274891	3401777	3486461	CHR_HSCHR2_1_CTG1
ENSG00000274948	54816448	54830767	CHR_HSCHR19KIR_FH15_A_HAP_CTG3_1
ENSG00000262647	56753901	56754885	CHR_HG151_NOVEL_TEST
ENSG00000281107	56830655	56831590	CHR_HG151_NOVEL_TEST
ENSG00000275018	64211718	64278487	CHR_HSCHR20_1_CTG3
ENSG00000261958	56700386	56701303	CHR_HG151_NOVEL_TEST
ENSG00000262191	56711466	56712383	CHR_HG151_NOVEL_TEST
ENSG00000274955	54803541	54814525	CHR_HSCHR19KIR_ABC08_AB_HAP_C_P_CTG3_1
ENSG00000277317	54738506	54752764	CHR_HSCHR19KIR_ABC08_AB_HAP_T_P_CTG3_1
ENSG00000269823	153789602	153791310	CHR_HSCHR1_1_CTG31
ENSG00000276676	54782658	54797195	CHR_HSCHR19KIR_FH13_BA2_HAP_CTG3_1
ENSG00000276930	54724479	54736536	CHR_HSCHR19KIR_ABC08_AB_HAP_T_P_CTG3_1
ENSG00000277616	54814388	54828892	CHR_HSCHR19KIR_RSH_BA2_HAP_CTG3_1
ENSG00000276258	54738568	54752475	CHR_HSCHR19KIR_FH13_BA2_HAP_CTG3_1
ENSG00000276086	54724481	54736671	CHR_HSCHR19KIR_LUCE_BDEL_HAP_CTG3_1
ENSG00000275946	54771241	54780725	CHR_HSCHR19KIR_FH13_BA2_HAP_CTG3_1
ENSG00000278369	54738530	54753070	CHR_HSCHR19KIR_FH08_BAX_HAP_CTG3_1
ENSG00000274406	54832654	54848284	CHR_HSCHR19KIR_RSH_A_HAP_CTG3_1
ENSG00000274189	54848193	54859216	CHR_HSCHR19KIR_FH13_BA2_HAP_CTG3_1
ENSG00000277725	54754632	54769000	CHR_HSCHR19KIR_FH06_BA1_HAP_CTG3_1
ENSG00000275276	54769704	54783960	CHR_HSCHR19KIR_RSH_A_HAP_CTG3_1
ENSG00000274722	54836820	54853592	CHR_HSCHR19KIR_FH06_BA1_HAP_CTG3_1
ENSG00000278850	54849551	54866326	CHR_HSCHR19KIR_FH13_A_HAP_CTG3_1
ENSG00000276501	54861074	54875379	CHR_HSCHR19KIR_RSH_BA2_HAP_CTG3_1
ENSG00000276329	54861173	54875478	CHR_HSCHR19KIR_FH13_BA2_HAP_CTG3_1
ENSG00000274707	54755098	54764695	CHR_HSCHR19KIR_FH08_BAX_HAP_CTG3_1
ENSG00000275521	54906121	54910036	CHR_HSCHR19KIR_FH06_A_HAP_CTG3_1
ENSG00000275288	54816438	54830737	CHR_HSCHR19KIR_ABC08_AB_HAP_T_P_CTG3_1
ENSG00000278710	54850408	54867186	CHR_HSCHR19KIR_FH06_A_HAP_CTG3_1
ENSG00000274429	77790791	77926526	CHR_HSCHR10_1_CTG4
ENSG00000276425	54738476	54752501	CHR_HSCHR19KIR_T7526_BDEL_HAP_CTG3_1
ENSG00000275421	54847678	54861692	CHR_HSCHR19KIR_T7526_BDEL_HAP_CTG3_1
ENSG00000273603	54847887	54862123	CHR_HSCHR19KIR_LUCE_BDEL_HAP_CTG3_1
ENSG00000275172	54724485	54736504	CHR_HSCHR19KIR_T7526_BDEL_HAP_CTG3_1
ENSG00000274830	54738514	54753065	CHR_HSCHR19KIR_FH15_A_HAP_CTG3_1
ENSG00000275596	54819506	54828970	CHR_HSCHR19KIR_LUCE_BDEL_HAP_CTG3_1
ENSG00000277964	54803571	54814487	CHR_HSCHR19KIR_T7526_A_HAP_CTG3_1
ENSG00000279566	21814429	21818511	CHR_HSCHR19_2_CTG2
ENSG00000281763	154275723	154284039	CHR_HSCHR3_2_CTG2_1
ENSG00000276004	54850300	54867064	CHR_HSCHR19KIR_FH15_A_HAP_CTG3_1
ENSG00000274746	21732245	21777028	CHR_HSCHR19_2_CTG2
ENSG00000275608	54802886	54817473	CHR_HSCHR19KIR_LUCE_BDEL_HAP_CTG3_1
ENSG00000273518	54816451	54830756	CHR_HSCHR19KIR_RSH_A_HAP_CTG3_1
ENSG00000278474	54880532	54897308	CHR_HSCHR19KIR_FH08_BAX_HAP_CTG3_1
ENSG00000275051	130337887	130372618	CHR_HSCHR12_5_CTG2_1
ENSG00000278780	21027036	21043218	CHR_HSCHR19_1_CTG2
ENSG00000273517	54847867	54861881	CHR_HSCHR19KIR_RP5_B_HAP_CTG3_1
ENSG00000276985	54945648	54961872	CHR_HSCHR19KIR_FH05_B_HAP_CTG3_1
ENSG00000277193	54830865	54845301	CHR_HSCHR19KIR_T7526_BDEL_HAP_CTG3_1
ENSG00000276392	54819505	54829001	CHR_HSCHR19KIR_T7526_BDEL_HAP_CTG3_1
ENSG00000278755	54769814	54784135	CHR_HSCHR19KIR_ABC08_AB_HAP_T_P_CTG3_1
ENSG00000277101	154121003	154261004	CHR_HSCHR3_2_CTG2_1
ENSG00000273578	54754600	54768961	CHR_HSCHR19KIR_T7526_BDEL_HAP_CTG3_1
ENSG00000278091	20929638	20957113	CHR_HSCHR19_1_CTG2
ENSG00000273502	54724478	54736594	CHR_HSCHR19KIR_FH13_A_HAP_CTG3_1
ENSG00000273887	54738479	54753050	CHR_HSCHR19KIR_FH05_A_HAP_CTG3_1
ENSG00000276498	54802804	54817417	CHR_HSCHR19KIR_T7526_BDEL_HAP_CTG3_1
ENSG00000276450	54905329	54909244	CHR_HSCHR19KIR_FH05_A_HAP_CTG3_1
ENSG00000274480	54724486	54736514	CHR_HSCHR19KIR_FH06_BA1_HAP_CTG3_1
ENSG00000274518	54738519	54752638	CHR_HSCHR19KIR_RSH_BA2_HAP_CTG3_1
ENSG00000275970	54873427	54889651	CHR_HSCHR19KIR_FH05_A_HAP_CTG3_1
ENSG00000276806	54724507	54736522	CHR_HSCHR19KIR_ABC08_A1_HAP_CTG3_1
ENSG00000274945	54848094	54859121	CHR_HSCHR19KIR_RSH_BA2_HAP_CTG3_1
ENSG00000274724	54724448	54736134	CHR_HSCHR19KIR_FH13_BA2_HAP_CTG3_1
ENSG00000276218	54738484	54752990	CHR_HSCHR19KIR_FH13_A_HAP_CTG3_1
ENSG00000277362	54803533	54814482	CHR_HSCHR19KIR_FH13_A_HAP_CTG3_1
ENSG00000276590	54738496	54752881	CHR_HSCHR19KIR_T7526_A_HAP_CTG3_1
ENSG00000267728	41255319	41256311	CHR_HSCHR17_5_CTG4
ENSG00000275750	54769705	54783961	CHR_HSCHR19KIR_T7526_A_HAP_CTG3_1
ENSG00000263090	41226648	41227652	CHR_HSCHR17_5_CTG4
ENSG00000262512	41249619	41250585	CHR_HSCHR17_5_CTG4
ENSG00000262749	41232462	41233453	CHR_HSCHR17_5_CTG4
ENSG00000267635	41265358	41265882	CHR_HSCHR17_5_CTG4
ENSG00000278726	54850439	54867235	CHR_HSCHR19KIR_ABC08_AB_HAP_T_P_CTG3_1
ENSG00000262218	41291504	41292529	CHR_HSCHR17_5_CTG4
ENSG00000274108	54738481	54752986	CHR_HSCHR19KIR_FH06_A_HAP_CTG3_1
ENSG00000275452	54738501	54769226	CHR_HSCHR19KIR_FH06_BA1_HAP_CTG3_1
ENSG00000277356	54769746	54783981	CHR_HSCHR19KIR_FH06_A_HAP_CTG3_1
ENSG00000275050	20776304	20807420	CHR_HSCHR19_1_CTG2
ENSG00000278079	54816470	54830813	CHR_HSCHR19KIR_FH08_A_HAP_CTG3_1
ENSG00000277596	54727609	54736462	CHR_HSCHR19KIR_FH08_BAX_HAP_CTG3_1
ENSG00000278327	54738499	54753027	CHR_HSCHR19KIR_ABC08_A1_HAP_CTG3_1
ENSG00000274610	54771258	54784662	CHR_HSCHR19KIR_FH06_BA1_HAP_CTG3_1
ENSG00000274243	54782617	54797414	CHR_HSCHR19KIR_RSH_BA2_HAP_CTG3_1
ENSG00000274563	54766539	54781397	CHR_HSCHR19KIR_FH08_BAX_HAP_CTG3_1
ENSG00000278414	54771198	54780682	CHR_HSCHR19KIR_RSH_BA2_HAP_CTG3_1
ENSG00000281020	1316265	1365970	CHR_HSCHR2_4_CTG1
ENSG00000275136	54874257	54890481	CHR_HSCHR19KIR_ABC08_A1_HAP_CTG3_1
ENSG00000275269	54860626	54876850	CHR_HSCHR19KIR_FH06_BA1_HAP_CTG3_1
ENSG00000274556	54724447	54736132	CHR_HSCHR19KIR_FH15_A_HAP_CTG3_1
ENSG00000277603	1372594	1540021	CHR_HSCHR2_4_CTG1
ENSG00000278442	54850442	54867200	CHR_HSCHR19KIR_T7526_A_HAP_CTG3_1
ENSG00000277196	138082	161852	KI270734.1
ENSG00000273498	54789862	54800938	CHR_HSCHR19KIR_LUCE_BDEL_HAP_CTG3_1
ENSG00000277750	54803572	54814476	CHR_HSCHR19KIR_FH06_A_HAP_CTG3_1
ENSG00000276395	54832694	54847510	CHR_HSCHR19KIR_FH13_A_HAP_CTG3_1
ENSG00000276310	54769748	54784069	CHR_HSCHR19KIR_FH13_A_HAP_CTG3_1
ENSG00000277630	108007	139659	GL000213.1
ENSG00000273794	54769825	54784337	CHR_HSCHR19KIR_FH15_A_HAP_CTG3_1
ENSG00000278758	54864015	54880809	CHR_HSCHR19KIR_T7526_BDEL_HAP_CTG3_1
ENSG00000281935	123826687	123935766	CHR_HSCHR12_6_CTG2_1
ENSG00000278817	131494	137392	KI270734.1
ENSG00000276017	72411	74814	KI270734.1
ENSG00000275262	54850443	54867215	CHR_HSCHR19KIR_RSH_A_HAP_CTG3_1
ENSG00000274786	54724451	54736098	CHR_HSCHR19KIR_T7526_A_HAP_CTG3_1
ENSG00000274382	177992545	177996421	CHR_HSCHR5_3_CTG5
ENSG00000262573	41226627	41227631	CHR_HSCHR17_6_CTG4
ENSG00000276465	54832686	54848263	CHR_HSCHR19KIR_FH06_A_HAP_CTG3_1
ENSG00000262896	41238317	41239283	CHR_HSCHR17_6_CTG4
ENSG00000263263	41253969	41255271	CHR_HSCHR17_6_CTG4
ENSG00000275914	54754693	54769187	CHR_HSCHR19KIR_G248_BA2_HAP_CTG3_1
ENSG00000262221	41264289	41265327	CHR_HSCHR17_6_CTG4
ENSG00000277392	54724479	54736494	CHR_HSCHR19KIR_FH06_A_HAP_CTG3_1
ENSG00000262542	41290456	41291481	CHR_HSCHR17_6_CTG4
ENSG00000282665	731140	738106	CHR_HSCHR8_4_CTG1
ENSG00000278229	82615842	82619653	CHR_HSCHR15_5_CTG8
ENSG00000262594	41244014	41244994	CHR_HSCHR17_6_CTG4
ENSG00000275937	54770973	54780252	CHR_HSCHR19KIR_FH05_B_HAP_CTG3_1
ENSG00000278207	54814235	54828734	CHR_HSCHR19KIR_G248_BA2_HAP_CTG3_1
ENSG00000277885	54738243	54752150	CHR_HSCHR19KIR_FH05_B_HAP_CTG3_1
ENSG00000276011	54754397	54768727	CHR_HSCHR19KIR_FH05_B_HAP_CTG3_1
ENSG00000275629	54849620	54866390	CHR_HSCHR19KIR_FH05_A_HAP_CTG3_1
ENSG00000277552	54724203	54736221	CHR_HSCHR19KIR_FH05_B_HAP_CTG3_1
ENSG00000281775	46142109	46155567	CHR_HSCHR21_5_CTG2
ENSG00000278277	54771294	54784697	CHR_HSCHR19KIR_LUCE_BDEL_HAP_CTG3_1
ENSG00000282752	79685555	79723770	CHR_HSCHR18_3_CTG2_1
ENSG00000278692	54754729	54769262	CHR_HSCHR19KIR_LUCE_BDEL_HAP_CTG3_1
ENSG00000275735	54738547	54752855	CHR_HSCHR19KIR_LUCE_BDEL_HAP_CTG3_1
ENSG00000280635	177996182	177996994	CHR_HSCHR5_2_CTG5
ENSG00000274947	54832654	54848283	CHR_HSCHR19KIR_T7526_A_HAP_CTG3_1
ENSG00000275035	123918723	123946006	CHR_HSCHR12_6_CTG2_1
ENSG00000275848	54848033	54858928	CHR_HSCHR19KIR_G248_BA2_HAP_CTG3_1
ENSG00000276256	42939	49164	GL000195.1
ENSG00000275416	54850500	54867258	CHR_HSCHR19KIR_FH08_A_HAP_CTG3_1
ENSG00000277354	36361959	36362656	CHR_HSCHR2_1_CTG5
ENSG00000277445	82622289	82720771	CHR_HSCHR15_5_CTG8
ENSG00000278368	54816432	54830744	CHR_HSCHR19KIR_FH06_A_HAP_CTG3_1
ENSG00000277850	54803411	54814521	CHR_HSCHR19KIR_ABC08_A1_HAP_CTG3_1
ENSG00000278025	54977550	54981465	CHR_HSCHR19KIR_FH05_B_HAP_CTG3_1
ENSG00000281289	46190452	46221883	CHR_HSCHR21_5_CTG2
ENSG00000276459	54738512	54753028	CHR_HSCHR19KIR_LUCE_A_HAP_CTG3_1
ENSG00000278248	54769801	54784302	CHR_HSCHR19KIR_LUCE_A_HAP_CTG3_1
ENSG00000274465	54860636	54875223	CHR_HSCHR19KIR_FH05_B_HAP_CTG3_1
ENSG00000279389	34261710	34308123	CHR_HSCHR19_1_CTG3_1
ENSG00000275517	11351822	11356402	CHR_HSCHR12_5_CTG2
ENSG00000262634	50374995	50394173	CHR_HSCHR18_1_CTG1_1
ENSG00000274957	54832707	54848622	CHR_HSCHR19KIR_G248_A_HAP_CTG3_1
ENSG00000262102	67576031	67586429	CHR_HSCHR18_2_CTG2
ENSG00000262860	34172447	34229322	CHR_HSCHR19_1_CTG3_1
ENSG00000278430	54803354	54814544	CHR_HSCHR19KIR_G248_A_HAP_CTG3_1
ENSG00000280618	22903706	22981018	CHR_HSCHR15_1_CTG3
ENSG00000277028	54724486	54736500	CHR_HSCHR19KIR_FH05_A_HAP_CTG3_1
ENSG00000275353	54832684	54848599	CHR_HSCHR19KIR_ABC08_A1_HAP_CTG3_1
ENSG00000277442	54906159	54910074	CHR_HSCHR19KIR_ABC08_A1_HAP_CTG3_1
ENSG00000282302	77292191	77306525	CHR_HSCHR17_3_CTG4
ENSG00000280807	23036897	23039673	CHR_HSCHR15_2_CTG3
ENSG00000275436	54771163	54780643	CHR_HSCHR19KIR_G248_BA2_HAP_CTG3_1
ENSG00000278809	54850485	54867216	CHR_HSCHR19KIR_ABC08_A1_HAP_CTG3_1
ENSG00000275637	54906192	54910107	CHR_HSCHR19KIR_FH08_A_HAP_CTG3_1
ENSG00000276357	54850475	54867233	CHR_HSCHR19KIR_LUCE_A_HAP_CTG3_1
ENSG00000274679	46161526	46186787	CHR_HSCHR21_5_CTG2
ENSG00000278247	23133045	23141599	CHR_HSCHR15_2_CTG3
ENSG00000278495	54769810	54784323	CHR_HSCHR19KIR_FH05_A_HAP_CTG3_1
ENSG00000274920	54860886	54875194	CHR_HSCHR19KIR_G248_BA2_HAP_CTG3_1
ENSG00000262156	38952742	38962839	CHR_HSCHR22_1_CTG2
ENSG00000275009	23131736	23140290	CHR_HSCHR15_1_CTG3
ENSG00000276882	54921821	54938615	CHR_HSCHR19KIR_FH05_B_HAP_CTG3_1
ENSG00000278728	148217288	148419466	CHR_HSCHR7_3_CTG6
ENSG00000281919	33946602	33956490	CHR_HSCHR5_6_CTG1
ENSG00000276856	22983146	23039654	CHR_HSCHR15_1_CTG3
ENSG00000273772	70070287	70099184	CHR_HSCHR5_1_CTG1_1
ENSG00000277069	33938372	33940223	CHR_HSCHR5_6_CTG1
ENSG00000281690	33842143	33894178	CHR_HSCHR5_6_CTG1
ENSG00000282152	1487682	1552210	CHR_HSCHR8_1_CTG1
ENSG00000280759	940735	1012239	CHR_HSCHR11_2_CTG1
ENSG00000276625	54769794	54784109	CHR_HSCHR19KIR_ABC08_A1_HAP_CTG3_1
ENSG00000274639	54724479	54736534	CHR_HSCHR19KIR_LUCE_A_HAP_CTG3_1
ENSG00000276582	168939927	168953422	CHR_HSCHR2_1_CTG7_2
ENSG00000275306	54905771	54920219	CHR_HSCHR19KIR_FH15_B_HAP_CTG3_1
ENSG00000278403	54922093	54938887	CHR_HSCHR19KIR_FH15_B_HAP_CTG3_1
ENSG00000275317	54803627	54814543	CHR_HSCHR19KIR_FH05_A_HAP_CTG3_1
ENSG00000278373	168918229	168926984	CHR_HSCHR2_1_CTG7_2
ENSG00000261846	151744454	151770036	CHR_HSCHR3_1_CTG2_1
ENSG00000276154	54832687	54848602	CHR_HSCHR19KIR_LUCE_A_HAP_CTG3_1
ENSG00000277909	168834132	168930360	CHR_HSCHR2_1_CTG7_2
ENSG00000275031	83077507	83097050	CHR_HSCHR17_1_CTG9
ENSG00000278856	54816482	54830789	CHR_HSCHR19KIR_LUCE_A_HAP_CTG3_1
ENSG00000278116	54877311	54886807	CHR_HSCHR19KIR_FH05_B_HAP_CTG3_1
ENSG00000274320	82509086	82518216	CHR_HSCHR15_5_CTG8
ENSG00000275500	54888671	54903107	CHR_HSCHR19KIR_FH05_B_HAP_CTG3_1
ENSG00000262473	33508081	33521016	CHR_HSCHR21_4_CTG1_1
ENSG00000276327	54905478	54919948	CHR_HSCHR19KIR_FH05_B_HAP_CTG3_1
ENSG00000274296	401826	412487	CHR_HSCHR16_CTG2
ENSG00000278759	82923652	82946138	CHR_HSCHR17_1_CTG9
ENSG00000275326	168831472	168865516	CHR_HSCHR2_1_CTG7_2
ENSG00000278821	54769815	54784318	CHR_HSCHR19KIR_G248_A_HAP_CTG3_1
ENSG00000282755	82619121	82635020	CHR_HSCHR15_5_CTG8
ENSG00000277518	1012821	1043528	CHR_HSCHR11_2_CTG1
ENSG00000276910	70376388	70411404	CHR_HSCHR5_1_CTG1_1
ENSG00000274042	82342783	82349497	CHR_HSCHR15_5_CTG8
ENSG00000262911	33495087	33501278	CHR_HSCHR21_4_CTG1_1
ENSG00000275049	82403250	82412947	CHR_HSCHR15_5_CTG8
ENSG00000274166	82418974	82428498	CHR_HSCHR15_5_CTG8
ENSG00000262795	33410836	33488905	CHR_HSCHR21_4_CTG1_1
ENSG00000277657	54782575	54796808	CHR_HSCHR19KIR_G248_BA2_HAP_CTG3_1
ENSG00000275513	54724485	54736502	CHR_HSCHR19KIR_G248_BA2_HAP_CTG3_1
ENSG00000275737	54738502	54752797	CHR_HSCHR19KIR_FH15_B_HAP_CTG3_1
ENSG00000278481	54771247	54780763	CHR_HSCHR19KIR_FH15_B_HAP_CTG3_1
ENSG00000277163	54782627	54797062	CHR_HSCHR19KIR_FH15_B_HAP_CTG3_1
ENSG00000273831	537527	554915	CHR_HSCHR11_1_CTG8
ENSG00000278086	54888943	54903379	CHR_HSCHR19KIR_FH15_B_HAP_CTG3_1
ENSG00000277540	54837484	54858960	CHR_HSCHR19KIR_FH15_B_HAP_CTG3_1
ENSG00000278361	54850495	54867253	CHR_HSCHR19KIR_G248_A_HAP_CTG3_1
ENSG00000274692	54769275	54783790	CHR_HSCHR19KIR_GRC212_AB_HAP_CTG3_1
ENSG00000274438	54738507	54752802	CHR_HSCHR19KIR_G248_BA2_HAP_CTG3_1
ENSG00000263057	40875941	40885227	CHR_HSCHR17_4_CTG4
ENSG00000274780	576501	612474	CHR_HSCHR11_1_CTG8
ENSG00000274404	22461390	22471066	CHR_HSCHR15_3_CTG3
ENSG00000275062	54723963	54736023	CHR_HSCHR19KIR_GRC212_AB_HAP_CTG3_1
ENSG00000275338	425619	526533	CHR_HSCHR16_CTG2
ENSG00000262068	41008648	41019451	CHR_HSCHR17_4_CTG4
ENSG00000277389	1694414	1694974	CHR_HSCHR11_2_CTG1_1
ENSG00000263296	40999320	41000021	CHR_HSCHR17_4_CTG4
ENSG00000280585	1584352	1585293	CHR_HSCHR11_2_CTG1_1
ENSG00000278620	1620988	1622346	CHR_HSCHR11_2_CTG1_1
ENSG00000262121	41105751	41106907	CHR_HSCHR17_4_CTG4
ENSG00000263160	33432485	33489568	CHR_HSCHR21_4_CTG1_1
ENSG00000263091	41065346	41066109	CHR_HSCHR17_4_CTG4
ENSG00000277033	82942371	83050530	CHR_HSCHR17_1_CTG9
ENSG00000278302	1629984	1630868	CHR_HSCHR11_2_CTG1_1
ENSG00000263309	40922696	40937634	CHR_HSCHR17_4_CTG4
ENSG00000275037	54860882	54875495	CHR_HSCHR19KIR_FH15_B_HAP_CTG3_1
ENSG00000278165	1554044	1571920	CHR_HSCHR11_2_CTG1_1
ENSG00000281216	245353678	245713153	CHR_HSCHR1_1_CTG32_1
ENSG00000281618	1729629	1732648	CHR_HSCHR11_2_CTG1_1
ENSG00000277982	54877123	54893917	CHR_HSCHR19KIR_GRC212_AB_HAP_CTG3_1
ENSG00000281191	1607591	1608489	CHR_HSCHR11_2_CTG1_1
ENSG00000281533	1597193	1598310	CHR_HSCHR11_2_CTG1_1
ENSG00000275456	54803616	54814523	CHR_HSCHR19KIR_LUCE_A_HAP_CTG3_1
ENSG00000277175	54816466	54830808	CHR_HSCHR19KIR_G248_A_HAP_CTG3_1
ENSG00000262845	40977843	40987262	CHR_HSCHR17_4_CTG4
ENSG00000268674	35407	35916	KI270713.1
ENSG00000277475	31698	32528	KI270713.1
ENSG00000263141	32769814	32771858	CHR_HSCHR21_3_CTG1_1
ENSG00000278633	10598	13001	KI270731.1
ENSG00000262808	41040684	41041586	CHR_HSCHR17_4_CTG4
ENSG00000262731	41054623	41055489	CHR_HSCHR17_4_CTG4
ENSG00000262938	32793564	32813728	CHR_HSCHR21_3_CTG1_1
ENSG00000263229	41117663	41118842	CHR_HSCHR17_4_CTG4
ENSG00000262347	41034011	41034982	CHR_HSCHR17_4_CTG4
ENSG00000262520	41101921	41102628	CHR_HSCHR17_4_CTG4
ENSG00000263243	40861303	40867210	CHR_HSCHR17_4_CTG4
ENSG00000281758	21544390	21737314	CHR_HSCHR4_1_CTG4
ENSG00000275008	54738018	54752516	CHR_HSCHR19KIR_GRC212_AB_HAP_CTG3_1
ENSG00000261862	41026153	41027329	CHR_HSCHR17_4_CTG4
ENSG00000275599	54843950	54858409	CHR_HSCHR19KIR_GRC212_AB_HAP_CTG3_1
ENSG00000262164	40958544	40967019	CHR_HSCHR17_4_CTG4
ENSG00000274283	54815911	54830525	CHR_HSCHR19KIR_GRC212_AB_HAP_CTG3_1
ENSG00000276731	54754688	54769216	CHR_HSCHR19KIR_FH15_B_HAP_CTG3_1
ENSG00000261852	41046666	41047441	CHR_HSCHR17_4_CTG4
ENSG00000277848	65909030	66265884	CHR_HSCHR15_2_CTG8
ENSG00000263101	40993557	40994260	CHR_HSCHR17_4_CTG4
ENSG00000262862	41059470	41060344	CHR_HSCHR17_4_CTG4
ENSG00000276177	54877583	54887079	CHR_HSCHR19KIR_FH15_B_HAP_CTG3_1
ENSG00000263236	41123559	41124635	CHR_HSCHR17_4_CTG4
ENSG00000263242	41029824	41030231	CHR_HSCHR17_4_CTG4
ENSG00000266286	41084386	41085542	CHR_HSCHR17_4_CTG4
ENSG00000274394	54724479	54736497	CHR_HSCHR19KIR_FH15_B_HAP_CTG3_1
ENSG00000261968	41097371	41098544	CHR_HSCHR17_4_CTG4
ENSG00000276016	1003519	1116206	CHR_HSCHR17_3_CTG2
ENSG00000277251	54754680	54769221	CHR_HSCHR19KIR_GRC212_BA1_HAP_CTG3_1
ENSG00000275522	54814247	54828575	CHR_HSCHR19KIR_FH15_B_HAP_CTG3_1
ENSG00000274763	54724452	54736131	CHR_HSCHR19KIR_G248_A_HAP_CTG3_1
ENSG00000277429	70045915	70063796	CHR_HSCHR5_1_CTG1_1
ENSG00000278304	54860710	54875253	CHR_HSCHR19KIR_GRC212_AB_HAP_CTG3_1
ENSG00000276686	54832558	54842109	CHR_HSCHR19KIR_GRC212_AB_HAP_CTG3_1
ENSG00000275873	554854	560793	CHR_HSCHR11_1_CTG8
ENSG00000278201	54802913	54813989	CHR_HSCHR19KIR_GRC212_AB_HAP_CTG3_1
ENSG00000276896	28378587	28391990	CHR_HSCHR15_1_CTG8
ENSG00000275623	54738461	54752744	CHR_HSCHR19KIR_G248_A_HAP_CTG3_1
ENSG00000276068	70312214	70368830	CHR_HSCHR5_1_CTG1_1
ENSG00000277365	42085525	42090955	CHR_HSCHR22_3_CTG1
ENSG00000278427	54802842	54817184	CHR_HSCHR19KIR_GRC212_BA1_HAP_CTG3_1
ENSG00000273936	2555639	2565622	CHR_HSCHR1_1_CTG3
ENSG00000275430	195721575	195741387	CHR_HSCHR3_8_CTG3
ENSG00000274112	42079691	42084284	CHR_HSCHR22_3_CTG1
ENSG00000276230	494512	507300	CHR_HSCHR11_1_CTG8
ENSG00000272835	42079691	42084284	CHR_HSCHR22_2_CTG1
ENSG00000273651	28531231	28544591	CHR_HSCHR15_1_CTG8
ENSG00000275211	42126495	42130902	CHR_HSCHR22_3_CTG1
ENSG00000273397	42085525	42090955	CHR_HSCHR22_2_CTG1
ENSG00000276613	195747140	195791872	CHR_HSCHR3_8_CTG3
ENSG00000272000	42138640	42143020	CHR_HSCHR22_2_CTG1
ENSG00000275428	31111652	31208427	CHR_HSCHR12_4_CTG2
ENSG00000281742	70912599	70929779	CHR_HSCHR5_1_CTG1_1
ENSG00000272532	42126481	42130888	CHR_HSCHR22_2_CTG1
ENSG00000272765	42085525	42090955	CHR_HSCHR22_1_CTG1
ENSG00000262024	42147859	42203293	CHR_HSCHR22_1_CTG1
ENSG00000276371	31282857	31329331	CHR_HSCHR12_4_CTG2
ENSG00000276461	42160013	42215442	CHR_HSCHR22_3_CTG1
ENSG00000272901	42079691	42124100	CHR_HSCHR22_1_CTG1
ENSG00000281151	63414903	63466150	CHR_HSCHR20_1_CTG4
ENSG00000275253	54738498	54752702	CHR_HSCHR19KIR_GRC212_BA1_HAP_CTG3_1
ENSG00000277278	28320122	28322152	CHR_HSCHR15_1_CTG8
ENSG00000275626	54835435	54852194	CHR_HSCHR19KIR_GRC212_BA1_HAP_CTG3_1
ENSG00000274803	70780935	70893131	CHR_HSCHR5_1_CTG1_1
ENSG00000274700	28315693	28315770	CHR_HSCHR15_1_CTG8
ENSG00000278606	54803296	54814484	CHR_HSCHR19KIR_G085_A_HAP_CTG3_1
ENSG00000273822	195744429	195789161	CHR_HSCHR3_3_CTG3
ENSG00000263181	42128051	42132423	CHR_HSCHR22_1_CTG1
ENSG00000275571	2635571	2801699	CHR_HSCHR1_1_CTG3
ENSG00000278088	42140208	42144570	CHR_HSCHR22_3_CTG1
ENSG00000277131	2590639	2632987	CHR_HSCHR1_1_CTG3
ENSG00000276825	637525	640936	CHR_HSCHR11_1_CTG8
ENSG00000276084	54724447	54736085	CHR_HSCHR19KIR_G085_A_HAP_CTG3_1
ENSG00000223898	29425980	29457549	CHR_HSCHR6_MHC_SSTO_CTG1
ENSG00000282712	646472	677067	CHR_HSCHR11_1_CTG8
ENSG00000226832	29087135	29088141	CHR_HSCHR6_MHC_SSTO_CTG1
ENSG00000233095	29824463	29828635	CHR_HSCHR6_MHC_SSTO_CTG1
ENSG00000278501	997117	1003671	CHR_HSCHR17_3_CTG2
ENSG00000278271	54789822	54800920	CHR_HSCHR19KIR_GRC212_BA1_HAP_CTG3_1
ENSG00000281300	978299	979770	CHR_HSCHR17_3_CTG2
ENSG00000276561	612805	616257	CHR_HSCHR11_1_CTG8
ENSG00000278114	195720882	195741123	CHR_HSCHR3_4_CTG3
ENSG00000275351	54832726	54848250	CHR_HSCHR19KIR_G085_A_HAP_CTG3_1
ENSG00000277833	54769756	54784259	CHR_HSCHR19KIR_G085_A_HAP_CTG3_1
ENSG00000278659	248387949	248388875	CHR_HSCHR1_ALT2_1_CTG32_1
ENSG00000275754	248455242	248456216	CHR_HSCHR1_ALT2_1_CTG32_1
ENSG00000233636	29111857	29112792	CHR_HSCHR6_MHC_MANN_CTG1
ENSG00000275617	248361581	248362627	CHR_HSCHR1_ALT2_1_CTG32_1
ENSG00000243441	29355241	29431509	CHR_HSCHR6_MHC_MANN_CTG1
ENSG00000281489	248443651	248444577	CHR_HSCHR1_ALT2_1_CTG32_1
ENSG00000273508	248408227	248409336	CHR_HSCHR1_ALT2_1_CTG32_1
ENSG00000277113	248475795	248476751	CHR_HSCHR1_ALT2_1_CTG32_1
ENSG00000278468	195746774	195792809	CHR_HSCHR3_4_CTG3
ENSG00000276798	54315894	54346149	CHR_HSCHR19LRC_COX2_CTG3_1
ENSG00000234100	29306699	29307664	CHR_HSCHR6_MHC_MANN_CTG1
ENSG00000275102	248491033	248491980	CHR_HSCHR1_ALT2_1_CTG32_1
ENSG00000275349	70268827	70296783	CHR_HSCHR5_1_CTG1_1
ENSG00000237258	29425047	29456602	CHR_HSCHR6_MHC_MANN_CTG1
ENSG00000239741	31746341	31750054	CHR_HSCHR6_MHC_MANN_CTG1
ENSG00000274254	54724478	54736626	CHR_HSCHR19KIR_GRC212_BA1_HAP_CTG3_1
ENSG00000276163	54360692	54377679	CHR_HSCHR19LRC_COX2_CTG3_1
ENSG00000231094	31159671	31184970	CHR_HSCHR6_MHC_MANN_CTG1
ENSG00000277753	195719644	195739354	CHR_HSCHR3_5_CTG3
ENSG00000281038	56383230	56384159	CHR_HG142_HG150_NOVEL_TEST
ENSG00000263150	56210873	56211820	CHR_HG142_HG150_NOVEL_TEST
ENSG00000262315	56375625	56376584	CHR_HG142_HG150_NOVEL_TEST
ENSG00000261897	56252200	56253222	CHR_HG142_HG150_NOVEL_TEST
ENSG00000274402	54738465	54752989	CHR_HSCHR19KIR_G085_A_HAP_CTG3_1
ENSG00000228652	29044178	29045205	CHR_HSCHR6_MHC_MANN_CTG1
ENSG00000261893	155278272	155293895	CHR_HSCHR1_2_CTG31
ENSG00000262851	56232106	56233185	CHR_HG142_HG150_NOVEL_TEST
ENSG00000236560	30061865	30065490	CHR_HSCHR6_MHC_MANN_CTG1
ENSG00000262755	56318307	56319245	CHR_HG142_HG150_NOVEL_TEST
ENSG00000262611	56290053	56291090	CHR_HG142_HG150_NOVEL_TEST
ENSG00000275581	70244409	70262299	CHR_HSCHR5_1_CTG1_1
ENSG00000274971	54771253	54784657	CHR_HSCHR19KIR_GRC212_BA1_HAP_CTG3_1
ENSG00000275731	54819083	54833565	CHR_HSCHR19KIR_GRC212_BA1_HAP_CTG3_1
ENSG00000278303	195744993	195789727	CHR_HSCHR3_5_CTG3
ENSG00000262784	56275639	56276619	CHR_HG142_HG150_NOVEL_TEST
ENSG00000278489	1602887	1604004	CHR_HSCHR11_1_CTG6
ENSG00000275486	54816441	54830746	CHR_HSCHR19KIR_G085_A_HAP_CTG3_1
ENSG00000273494	2508533	2526600	CHR_HSCHR1_1_CTG3
ENSG00000263328	56346039	56346998	CHR_HG142_HG150_NOVEL_TEST
ENSG00000262796	56360215	56361288	CHR_HG142_HG150_NOVEL_TEST
ENSG00000275920	1613275	1614173	CHR_HSCHR11_1_CTG6
ENSG00000277068	1626668	1627848	CHR_HSCHR11_1_CTG6
ENSG00000184494	31848038	31853285	CHR_HSCHR6_MHC_QBL_CTG1
ENSG00000278210	1590052	1590993	CHR_HSCHR11_1_CTG6
ENSG00000277291	1635485	1636417	CHR_HSCHR11_1_CTG6
ENSG00000276536	532242	537287	CHR_HSCHR11_1_CTG8
ENSG00000223687	28991375	29001915	CHR_HSCHR6_MHC_COX_CTG1
ENSG00000273748	54224	83311	GL000219.1
ENSG00000273793	1559754	1577630	CHR_HSCHR11_1_CTG6
ENSG00000206470	29486547	29487683	CHR_HSCHR6_MHC_MCF_CTG1
ENSG00000223448	31620003	31621970	CHR_HSCHR6_MHC_MANN_CTG1
ENSG00000206467	29587257	29588840	CHR_HSCHR6_MHC_MCF_CTG1
ENSG00000276565	1586202	1591699	CHR_HSCHR11_1_CTG6
ENSG00000237634	28940401	28941061	CHR_HSCHR6_MHC_COX_CTG1
ENSG00000231257	30705297	30725280	CHR_HSCHR6_MHC_MCF_CTG1
ENSG00000235487	31107244	31132550	CHR_HSCHR6_MHC_COX_CTG1
ENSG00000235754	31643159	31648952	CHR_HSCHR6_MHC_SSTO_CTG1
ENSG00000276848	54464632	54477600	CHR_HSCHR19LRC_COX1_CTG3_1
ENSG00000223852	29672345	29681055	CHR_HSCHR6_MHC_DBB_CTG1
ENSG00000232178	29108558	29109493	CHR_HSCHR6_MHC_COX_CTG1
ENSG00000274513	54274450	54281944	CHR_HSCHR19LRC_PGF2_CTG3_1
ENSG00000274646	54201241	54249371	CHR_HSCHR19LRC_COX1_CTG3_1
ENSG00000229470	30531607	30547405	CHR_HSCHR6_MHC_DBB_CTG1
ENSG00000230995	30590243	30608455	CHR_HSCHR6_MHC_COX_CTG1
ENSG00000262785	155305243	155316838	CHR_HSCHR1_2_CTG31
ENSG00000231319	29086272	29087278	CHR_HSCHR6_MHC_MANN_CTG1
ENSG00000273984	195745705	195790439	CHR_HSCHR3_7_CTG3
ENSG00000231041	28943846	28944506	CHR_HSCHR6_MHC_MANN_CTG1
ENSG00000137394	30141481	30150469	CHR_HSCHR6_MHC_QBL_CTG1
ENSG00000239836	32997896	33033347	CHR_HSCHR6_MHC_MANN_CTG1
ENSG00000276066	54040833	54063953	CHR_HSCHR19LRC_LRC_I_CTG3_1
ENSG00000275118	54173853	54190413	CHR_HSCHR19_4_CTG3_1
ENSG00000260873	69187122	69187739	CHR_HSCHR16_2_CTG3_1
ENSG00000276429	2467459	2505530	CHR_HSCHR1_1_CTG3
ENSG00000262788	69142116	69169025	CHR_HSCHR16_2_CTG3_1
ENSG00000273859	560418	564036	CHR_HSCHR11_1_CTG8
ENSG00000233312	31974678	31995335	CHR_HSCHR6_MHC_SSTO_CTG1
ENSG00000275083	54850406	54867200	CHR_HSCHR19KIR_G085_A_HAP_CTG3_1
ENSG00000276139	54738560	54752721	CHR_HSCHR19KIR_G085_BA1_HAP_CTG3_1
ENSG00000274146	54802891	54817199	CHR_HSCHR19KIR_G085_BA1_HAP_CTG3_1
ENSG00000278384	51867	54893	GL000218.1
ENSG00000263290	155271383	155277834	CHR_HSCHR1_2_CTG31
ENSG00000206450	31259328	31347305	CHR_HSCHR6_MHC_QBL_CTG1
ENSG00000237051	29555178	29632716	CHR_HSCHR6_MHC_MANN_CTG1
ENSG00000274084	54429706	54442942	CHR_HSCHR19LRC_COX1_CTG3_1
ENSG00000273572	616823	626336	CHR_HSCHR11_1_CTG8
ENSG00000233813	30607946	30616632	CHR_HSCHR6_MHC_DBB_CTG1
ENSG00000226858	29668984	29677737	CHR_HSCHR6_MHC_COX_CTG1
ENSG00000273529	2528745	2530245	CHR_HSCHR1_1_CTG3
ENSG00000278555	54594151	54602395	CHR_HSCHR19LRC_COX1_CTG3_1
ENSG00000274638	54970903	55006759	CHR_HSCHR19LRC_LRC_I_CTG3_1
ENSG00000278300	54476196	54520909	CHR_HSCHR19LRC_PGF2_CTG3_1
ENSG00000275125	2586491	2591469	CHR_HSCHR1_1_CTG3
ENSG00000263238	155924118	155953911	CHR_HSCHR4_1_CTG12
ENSG00000262446	155249852	155260266	CHR_HSCHR1_2_CTG31
ENSG00000278216	68810840	68834168	CHR_HSCHR4_1_CTG9
ENSG00000236843	30678308	30681681	CHR_HSCHR6_MHC_DBB_CTG1
ENSG00000274941	54138182	54156191	CHR_HSCHR19LRC_LRC_I_CTG3_1
ENSG00000276979	54446939	54458015	CHR_HSCHR19LRC_COX2_CTG3_1
ENSG00000262505	155836689	155866273	CHR_HSCHR4_1_CTG12
ENSG00000275333	170290703	170416388	CHR_HSCHR6_1_CTG5
ENSG00000262635	155854738	155920406	CHR_HSCHR4_1_CTG12
ENSG00000276061	54102782	54108779	CHR_HSCHR19_4_CTG3_1
ENSG00000275190	68698370	68713573	CHR_HSCHR4_1_CTG9
ENSG00000231325	31664094	31671449	CHR_HSCHR6_MHC_COX_CTG1
ENSG00000275584	54238892	54243172	CHR_HSCHR19LRC_COX1_CTG3_1
ENSG00000277132	68529322	68553341	CHR_HSCHR4_1_CTG9
ENSG00000277400	53590	115018	GL000194.1
ENSG00000237724	31802834	31805316	CHR_HSCHR6_MHC_COX_CTG1
ENSG00000274058	68447498	68497649	CHR_HSCHR4_1_CTG9
ENSG00000274847	53594	115055	GL000194.1
ENSG00000276628	54156127	54160192	CHR_HSCHR19LRC_LRC_I_CTG3_1
ENSG00000276766	54102906	54107026	CHR_HSCHR19LRC_LRC_I_CTG3_1
ENSG00000278490	54724454	54736547	CHR_HSCHR19KIR_G085_BA1_HAP_CTG3_1
ENSG00000273506	54911759	54918698	CHR_HSCHR19LRC_LRC_I_CTG3_1
ENSG00000236251	31796990	31802435	CHR_HSCHR6_MHC_COX_CTG1
ENSG00000231488	31669120	31685587	CHR_HSCHR6_MHC_DBB_CTG1
ENSG00000233490	32139234	32143991	CHR_HSCHR6_MHC_COX_CTG1
ENSG00000236250	31963829	31974100	CHR_HSCHR6_MHC_SSTO_CTG1
ENSG00000278270	54201357	54249609	CHR_HSCHR19_4_CTG3_1
ENSG00000276452	54388712	54389685	CHR_HSCHR19LRC_PGF2_CTG3_1
ENSG00000275272	68310387	68350089	CHR_HSCHR4_1_CTG9
ENSG00000274473	626689	627401	CHR_HSCHR11_1_CTG8
ENSG00000274511	54476178	54488196	CHR_HSCHR19LRC_PGF2_CTG3_1
ENSG00000282367	473895	491399	CHR_HSCHR11_1_CTG8
ENSG00000274905	54160649	54173691	CHR_HSCHR19LRC_LRC_I_CTG3_1
ENSG00000275555	170282206	170306565	CHR_HSCHR6_1_CTG5
ENSG00000278355	54314055	54320118	CHR_HSCHR19LRC_COX2_CTG3_1
ENSG00000234101	29040820	29041847	CHR_HSCHR6_MHC_COX_CTG1
ENSG00000277076	54789863	54800933	CHR_HSCHR19KIR_G085_BA1_HAP_CTG3_1
ENSG00000236826	31784754	31794345	CHR_HSCHR6_MHC_COX_CTG1
ENSG00000276341	55049943	55068836	CHR_HSCHR19LRC_LRC_I_CTG3_1
ENSG00000274078	54190866	54195141	CHR_HSCHR19LRC_LRC_I_CTG3_1
ENSG00000226463	29044245	29045272	CHR_HSCHR6_MHC_APD_CTG1
ENSG00000274185	54316049	54346292	CHR_HSCHR19LRC_PGF2_CTG3_1
ENSG00000263324	155292987	155305252	CHR_HSCHR1_2_CTG31
ENSG00000236927	29306763	29307728	CHR_HSCHR6_MHC_APD_CTG1
ENSG00000234495	28902993	28923981	CHR_HSCHR6_MHC_APD_CTG1
ENSG00000248496	28573507	28587330	CHR_HSCHR6_MHC_COX_CTG1
ENSG00000277359	54201473	54208260	CHR_HSCHR19LRC_LRC_I_CTG3_1
ENSG00000274000	54504943	54519583	CHR_HSCHR19LRC_COX1_CTG3_1
ENSG00000235966	29393135	29394203	CHR_HSCHR6_MHC_COX_CTG1
ENSG00000262666	155262609	155270887	CHR_HSCHR1_2_CTG31
ENSG00000233046	29351939	29428535	CHR_HSCHR6_MHC_COX_CTG1
ENSG00000278154	54361220	54378234	CHR_HSCHR19LRC_PGF2_CTG3_1
ENSG00000278362	54576966	54586961	CHR_HSCHR19LRC_COX2_CTG3_1
ENSG00000229071	32096815	32102831	CHR_HSCHR6_MHC_COX_CTG1
ENSG00000282185	158291152	158424386	CHR_HSCHR7_1_CTG7
ENSG00000229861	30696164	30704850	CHR_HSCHR6_MHC_MCF_CTG1
ENSG00000278519	54173854	54190480	CHR_HSCHR19LRC_LRC_I_CTG3_1
ENSG00000239927	30319231	30336806	CHR_HSCHR6_MHC_SSTO_CTG1
ENSG00000262599	141656728	141702156	CHR_HSCHR7_1_CTG6
ENSG00000277179	54929128	54953124	CHR_HSCHR19LRC_LRC_I_CTG3_1
ENSG00000276920	1008829	1038943	CHR_HSCHR5_4_CTG1
ENSG00000224708	31699739	31701215	CHR_HSCHR6_MHC_COX_CTG1
ENSG00000227420	30607552	30616238	CHR_HSCHR6_MHC_COX_CTG1
ENSG00000225351	28994816	29005348	CHR_HSCHR6_MHC_APD_CTG1
ENSG00000204692	29373343	29449876	CHR_HSCHR6_MHC_MCF_CTG1
ENSG00000196231	29173447	29174718	CHR_HSCHR6_MHC_MCF_CTG1
ENSG00000279552	22294615	22294762	CHR_HSCHR19_3_CTG2
ENSG00000276219	22179091	22215686	CHR_HSCHR19_3_CTG2
ENSG00000233687	29086444	29087450	CHR_HSCHR6_MHC_MCF_CTG1
ENSG00000238289	31574447	31587478	CHR_HSCHR6_MHC_MCF_CTG1
ENSG00000278613	69602550	69659159	CHR_HSCHR5_2_CTG1_1
ENSG00000278533	54094681	54102740	CHR_HSCHR19LRC_LRC_I_CTG3_1
ENSG00000233054	29086337	29087343	CHR_HSCHR6_MHC_APD_CTG1
ENSG00000235915	31653110	31655895	CHR_HSCHR6_MHC_APD_CTG1
ENSG00000262771	141744329	141752534	CHR_HSCHR7_1_CTG6
ENSG00000241863	30319108	30336684	CHR_HSCHR6_MHC_COX_CTG1
ENSG00000230791	31576870	31579655	CHR_HSCHR6_MHC_SSTO_CTG1
ENSG00000276482	1050378	1111210	CHR_HSCHR5_4_CTG1
ENSG00000276146	54274195	54281689	CHR_HSCHR19LRC_COX1_CTG3_1
ENSG00000224472	31237108	31242737	CHR_HSCHR6_MHC_MCF_CTG1
ENSG00000276504	54107066	54115801	CHR_HSCHR19_4_CTG3_1
ENSG00000233439	31108521	31133775	CHR_HSCHR6_MHC_DBB_CTG1
ENSG00000278670	55019324	55043883	CHR_HSCHR19LRC_LRC_I_CTG3_1
ENSG00000275546	54754663	54769262	CHR_HSCHR19KIR_G085_BA1_HAP_CTG3_1
ENSG00000234343	31839844	31845091	CHR_HSCHR6_MHC_DBB_CTG1
ENSG00000277006	7462290	7467065	CHR_HSCHR8_3_CTG1
ENSG00000112459	29306920	29307885	CHR_HSCHR6_MHC_MCF_CTG1
ENSG00000275196	54426396	54427817	CHR_HSCHR19LRC_COX2_CTG3_1
ENSG00000274729	7479647	7481569	CHR_HSCHR8_3_CTG1
ENSG00000262217	101161669	101216388	CHR_HSCHR12_3_CTG2_1
ENSG00000273884	54294043	54306352	CHR_HSCHR19LRC_COX2_CTG3_1
ENSG00000225845	32470120	32483292	CHR_HSCHR6_MHC_MCF_CTG1
ENSG00000274540	7531604	7534426	CHR_HSCHR8_3_CTG1
ENSG00000276263	54107066	54115801	CHR_HSCHR19LRC_LRC_I_CTG3_1
ENSG00000275444	7406786	7408809	CHR_HSCHR8_3_CTG1
ENSG00000234951	31839095	31841147	CHR_HSCHR6_MHC_MCF_CTG1
ENSG00000274651	54115536	54131896	CHR_HSCHR19LRC_LRC_I_CTG3_1
ENSG00000262139	101111599	101128641	CHR_HSCHR12_3_CTG2_1
ENSG00000273641	7420832	7422292	CHR_HSCHR8_3_CTG1
ENSG00000278634	54503437	54518077	CHR_HSCHR19LRC_PGF1_CTG3_1
ENSG00000274174	54594345	54618340	CHR_HSCHR19LRC_COX2_CTG3_1
ENSG00000237403	30145206	30148830	CHR_HSCHR6_MHC_MCF_CTG1
ENSG00000276209	54819179	54834168	CHR_HSCHR19KIR_G085_BA1_HAP_CTG3_1
ENSG00000275918	54540656	54553413	CHR_HSCHR19_4_CTG3_1
ENSG00000274195	7348669	7377169	CHR_HSCHR8_3_CTG1
ENSG00000224544	31130046	31131862	CHR_HSCHR6_MHC_COX_CTG1
ENSG00000277530	7487822	7501287	CHR_HSCHR8_3_CTG1
ENSG00000278656	54836668	54853397	CHR_HSCHR19KIR_G085_BA1_HAP_CTG3_1
ENSG00000262327	141633901	141655244	CHR_HSCHR7_1_CTG6
ENSG00000274405	7434631	7455657	CHR_HSCHR8_3_CTG1
ENSG00000231543	31879966	31927861	CHR_HSCHR6_MHC_DBB_CTG1
ENSG00000224994	30316275	30333529	CHR_HSCHR6_MHC_COX_CTG1
ENSG00000277178	54069947	54081380	CHR_HSCHR19LRC_LRC_I_CTG3_1
ENSG00000275583	54746804	54761173	CHR_HSCHR19LRC_LRC_I_CTG3_1
ENSG00000274131	41627313	41635416	CHR_HSCHR19_3_CTG3_1
ENSG00000263042	141714361	141737279	CHR_HSCHR7_1_CTG6
ENSG00000275434	54459987	54474463	CHR_HSCHR19LRC_COX2_CTG3_1
ENSG00000204690	29396336	29397404	CHR_HSCHR6_MHC_MCF_CTG1
ENSG00000278565	41557860	41595186	CHR_HSCHR19_3_CTG3_1
ENSG00000276463	69364756	69370027	CHR_HSCHR5_2_CTG1_1
ENSG00000231021	32611143	32626106	CHR_HSCHR6_MHC_MCF_CTG1
ENSG00000275463	54274422	54281786	CHR_HSCHR19_4_CTG3_1
ENSG00000275658	54746977	54761521	CHR_HSCHR19LRC_LRC_T_CTG3_1
ENSG00000277114	54138182	54156190	CHR_HSCHR19LRC_COX1_CTG3_1
ENSG00000275794	7474484	7478378	CHR_HSCHR8_3_CTG1
ENSG00000273953	7949167	7950227	CHR_HSCHR11_1_CTG5
ENSG00000236808	30137399	30143406	CHR_HSCHR6_MHC_MCF_CTG1
ENSG00000276387	54778277	54792578	CHR_HSCHR19LRC_LRC_T_CTG3_1
ENSG00000276025	7795905	7796973	CHR_HSCHR11_1_CTG5
ENSG00000278253	7825037	7825972	CHR_HSCHR11_1_CTG5
ENSG00000276451	7938266	7939295	CHR_HSCHR11_1_CTG5
ENSG00000276618	69369307	69415042	CHR_HSCHR5_2_CTG1_1
ENSG00000276780	7970057	7976059	CHR_HSCHR11_1_CTG5
ENSG00000226271	29111918	29112853	CHR_HSCHR6_MHC_APD_CTG1
ENSG00000231179	31561856	31578081	CHR_HSCHR6_MHC_APD_CTG1
ENSG00000277263	32446915	32452117	CHR_HSCHR6_8_CTG1
ENSG00000280501	41681649	41685845	CHR_HSCHR19_3_CTG3_1
ENSG00000275798	32402558	32414973	CHR_HSCHR6_8_CTG1
ENSG00000275838	54794614	54811438	CHR_HSCHR19LRC_LRC_T_CTG3_1
ENSG00000243958	32934853	32970271	CHR_HSCHR6_MHC_SSTO_CTG1
ENSG00000274739	54488004	54503024	CHR_HSCHR19LRC_COX2_CTG3_1
ENSG00000278415	54545136	54562282	CHR_HSCHR19LRC_COX2_CTG3_1
ENSG00000276464	76597802	76615077	CHR_HSCHR7_2_CTG4_4
ENSG00000277816	54217107	54223520	CHR_HSCHR19LRC_COX1_CTG3_1
ENSG00000277807	54547681	54568080	CHR_HSCHR19LRC_PGF1_CTG3_1
ENSG00000226634	31714445	31718024	CHR_HSCHR6_MHC_COX_CTG1
ENSG00000237703	30144448	30153436	CHR_HSCHR6_MHC_APD_CTG1
ENSG00000226437	30371111	30388367	CHR_HSCHR6_MHC_MANN_CTG1
ENSG00000277177	54216894	54243483	CHR_HSCHR19LRC_PGF2_CTG3_1
ENSG00000234549	30619065	30639047	CHR_HSCHR6_MHC_SSTO_CTG1
ENSG00000274412	54763061	54777585	CHR_HSCHR19LRC_LRC_I_CTG3_1
ENSG00000276184	76510496	76515744	CHR_HSCHR7_2_CTG4_4
ENSG00000282147	195290	199896	CHR_HSCHR7_2_CTG1
ENSG00000235769	31788620	31790096	CHR_HSCHR6_MHC_MCF_CTG1
ENSG00000262145	57941541	57957269	CHR_HSCHR12_1_CTG2_1
ENSG00000223757	31841886	31853590	CHR_HSCHR6_MHC_MCF_CTG1
ENSG00000281950	76519194	76529340	CHR_HSCHR7_2_CTG4_4
ENSG00000236967	30062765	30068386	CHR_HSCHR6_MHC_APD_CTG1
ENSG00000278120	54504993	54518921	CHR_HSCHR19LRC_COX2_CTG3_1
ENSG00000278707	54521328	54538122	CHR_HSCHR19LRC_COX2_CTG3_1
ENSG00000282379	76501267	76505995	CHR_HSCHR7_2_CTG4_4
ENSG00000276572	54733008	54744567	CHR_HSCHR19LRC_LRC_T_CTG3_1
ENSG00000231350	31047625	31053805	CHR_HSCHR6_MHC_APD_CTG1
ENSG00000274571	54931624	54974427	CHR_HSCHR19_4_CTG3_1
ENSG00000274921	54763075	54854081	CHR_HSCHR19LRC_LRC_I_CTG3_1
ENSG00000228978	31643520	31645322	CHR_HSCHR6_MHC_APD_CTG1
ENSG00000276420	13272778	13282015	CHR_HSCHR1_2_CTG3
ENSG00000232289	29425576	29457138	CHR_HSCHR6_MHC_APD_CTG1
ENSG00000206471	29456962	29464109	CHR_HSCHR6_MHC_MCF_CTG1
ENSG00000234096	29657097	29672487	CHR_HSCHR6_MHC_APD_CTG1
ENSG00000276345	2585	11802	KI270721.1
ENSG00000277853	13241912	13244686	CHR_HSCHR1_2_CTG3
ENSG00000223680	30959531	30970646	CHR_HSCHR6_MHC_MCF_CTG1
ENSG00000278021	13299884	13303717	CHR_HSCHR1_2_CTG3
ENSG00000277800	80027033	80044046	CHR_HSCHRX_2_CTG12
ENSG00000273943	54138182	54156191	CHR_HSCHR19LRC_LRC_T_CTG3_1
ENSG00000274109	13136151	13137509	CHR_HSCHR1_2_CTG3
ENSG00000276299	13169610	13178799	CHR_HSCHR1_2_CTG3
ENSG00000273911	54855924	54864640	CHR_HSCHR19LRC_LRC_I_CTG3_1
ENSG00000273865	13185268	13186628	CHR_HSCHR1_2_CTG3
ENSG00000276370	13322112	13327566	CHR_HSCHR1_2_CTG3
ENSG00000281573	13191011	13198026	CHR_HSCHR1_2_CTG3
ENSG00000206455	31150981	31156655	CHR_HSCHR6_MHC_QBL_CTG1
ENSG00000274843	195719081	195738792	CHR_HSCHR3_3_CTG3
ENSG00000231321	33347482	33354568	CHR_HSCHR6_MHC_MANN_CTG1
ENSG00000274889	54069947	54081380	CHR_HSCHR19LRC_LRC_S_CTG3_1
ENSG00000278426	54156127	54160192	CHR_HSCHR19LRC_LRC_T_CTG3_1
ENSG00000276159	54040833	54063953	CHR_HSCHR19LRC_LRC_S_CTG3_1
ENSG00000259101	31689075	31700087	CHR_HSCHR6_MHC_DBB_CTG1
ENSG00000274143	54476583	54485924	CHR_HSCHR19LRC_COX2_CTG3_1
ENSG00000276342	104474682	104612791	CHR_HSCHR14_2_CTG1
ENSG00000277071	54867507	54891503	CHR_HSCHR19LRC_LRC_T_CTG3_1
ENSG00000232367	32767527	32776296	CHR_HSCHR6_MHC_COX_CTG1
ENSG00000172850	31787629	31797209	CHR_HSCHR6_MHC_QBL_CTG1
ENSG00000235155	33255053	33256746	CHR_HSCHR6_MHC_DBB_CTG1
ENSG00000229300	31816794	31821951	CHR_HSCHR6_MHC_DBB_CTG1
ENSG00000278466	1086525	1116069	CHR_HSCHR11_3_CTG1
ENSG00000274126	104586828	104597659	CHR_HSCHR14_2_CTG1
ENSG00000274348	142969288	142994995	CHR_HSCHR7_2_CTG6
ENSG00000275577	54040833	54063953	CHR_HSCHR19LRC_COX2_CTG3_1
ENSG00000206372	31888164	31936056	CHR_HSCHR6_MHC_QBL_CTG1
ENSG00000274953	54040833	54063953	CHR_HSCHR19LRC_LRC_T_CTG3_1
ENSG00000278046	54294418	54306726	CHR_HSCHR19LRC_PGF2_CTG3_1
ENSG00000274161	1501879	1707457	CHR_HSCHR8_5_CTG1
ENSG00000274538	2928201	2929383	CHR_HSCHR11_1_CTG7
ENSG00000226651	31770035	31779217	CHR_HSCHR6_MHC_MANN_CTG1
ENSG00000278191	2999797	3056458	CHR_HSCHR11_1_CTG7
ENSG00000230855	29112037	29112810	CHR_HSCHR6_MHC_MCF_CTG1
ENSG00000277414	54250781	54257977	CHR_HSCHR19LRC_COX1_CTG3_1
ENSG00000275404	54314236	54320273	CHR_HSCHR19LRC_PGF2_CTG3_1
ENSG00000282291	72837800	72849806	CHR_HSCHR17_9_CTG4
ENSG00000275885	54115536	54131896	CHR_HSCHR19_4_CTG3_1
ENSG00000227715	30021043	30024386	CHR_HSCHR6_MHC_MCF_CTG1
ENSG00000242038	32113054	32116752	CHR_HSCHR6_MHC_COX_CTG1
ENSG00000281385	940735	1019087	CHR_HSCHR11_3_CTG1
ENSG00000275399	54972989	55008845	CHR_HSCHR19LRC_LRC_S_CTG3_1
ENSG00000262607	70780	175481	CHR_HSCHR12_1_CTG1
ENSG00000242386	32968079	32986577	CHR_HSCHR6_MHC_MCF_CTG1
ENSG00000274311	54251046	54258245	CHR_HSCHR19LRC_PGF2_CTG3_1
ENSG00000274566	55021410	55045969	CHR_HSCHR19LRC_LRC_S_CTG3_1
ENSG00000275644	54094681	54102740	CHR_HSCHR19LRC_COX2_CTG3_1
ENSG00000275821	143000530	143002052	CHR_HSCHR7_2_CTG6
ENSG00000274332	45505209	45550562	CHR_HSCHR17_1_CTG5
ENSG00000274050	54957703	54982262	CHR_HSCHR19LRC_LRC_T_CTG3_1
ENSG00000272803	10929236	10932341	CHR_HSCHR12_2_CTG2
ENSG00000281630	195720361	195740062	CHR_HSCHR3_7_CTG3
ENSG00000276971	142932365	142946922	CHR_HSCHR7_2_CTG6
ENSG00000234218	31485545	31498583	CHR_HSCHR6_MHC_COX_CTG1
ENSG00000230332	30148763	30154384	CHR_HSCHR6_MHC_MCF_CTG1
ENSG00000277824	54913845	54920784	CHR_HSCHR19LRC_LRC_S_CTG3_1
ENSG00000230293	31722164	31744857	CHR_HSCHR6_MHC_DBB_CTG1
ENSG00000277281	1019669	1048356	CHR_HSCHR11_3_CTG1
ENSG00000282676	70780	73513	CHR_HSCHR12_1_CTG1
ENSG00000262111	11164906	11166592	CHR_HSCHR12_2_CTG2
ENSG00000263028	11021619	11022620	CHR_HSCHR12_2_CTG2
ENSG00000272712	10806051	10807293	CHR_HSCHR12_2_CTG2
ENSG00000273326	10801532	10802627	CHR_HSCHR12_2_CTG2
ENSG00000282013	281768	388309	CHR_HSCHR17_2_CTG1
ENSG00000235692	33459645	33468744	CHR_HSCHR6_MHC_MCF_CTG1
ENSG00000273431	10985913	10986912	CHR_HSCHR12_2_CTG2
ENSG00000262612	11091308	11092334	CHR_HSCHR12_2_CTG2
ENSG00000261984	10937406	11203521	CHR_HSCHR12_2_CTG2
ENSG00000277923	54173854	54190480	CHR_HSCHR19LRC_LRC_T_CTG3_1
ENSG00000274796	54190866	54195141	CHR_HSCHR19LRC_COX2_CTG3_1
ENSG00000273086	10809137	10810168	CHR_HSCHR12_2_CTG2
ENSG00000263097	11030387	11031407	CHR_HSCHR12_2_CTG2
ENSG00000273457	10907926	10909562	CHR_HSCHR12_2_CTG2
ENSG00000262525	11061365	11062294	CHR_HSCHR12_2_CTG2
ENSG00000273092	10996495	10997875	CHR_HSCHR12_2_CTG2
ENSG00000275724	54102906	54107026	CHR_HSCHR19LRC_LRC_T_CTG3_1
ENSG00000263247	10824960	11203561	CHR_HSCHR12_2_CTG2
ENSG00000278081	54201473	54208260	CHR_HSCHR19LRC_LRC_S_CTG3_1
ENSG00000275551	54094681	54102740	CHR_HSCHR19LRC_LRC_T_CTG3_1
ENSG00000275633	54684540	54709099	CHR_HSCHR19LRC_COX2_CTG3_1
ENSG00000235986	30531215	30547013	CHR_HSCHR6_MHC_COX_CTG1
ENSG00000282181	141439731	141455651	CHR_HSCHR8_5_CTG7
ENSG00000227357	32542598	32557561	CHR_HSCHR6_MHC_SSTO_CTG1
ENSG00000276155	46069784	46203150	CHR_HSCHR17_1_CTG5
ENSG00000275474	55052029	55070922	CHR_HSCHR19LRC_LRC_S_CTG3_1
ENSG00000278608	70043581	70176862	CHR_HSCHR9_1_CTG3
ENSG00000274914	54314131	54327636	CHR_HSCHR19LRC_COX1_CTG3_1
ENSG00000275575	141391991	141438356	CHR_HSCHR8_5_CTG7
ENSG00000281484	17604145	17612947	CHR_HSCHR21_6_CTG1_1
ENSG00000239463	32982065	33004180	CHR_HSCHR6_MHC_MCF_CTG1
ENSG00000206245	32332098	32411315	CHR_HSCHR6_MHC_MANN_CTG1
ENSG00000233618	29112720	29113655	CHR_HSCHR6_MHC_SSTO_CTG1
ENSG00000282049	142832063	142835652	CHR_HSCHR7_2_CTG6
ENSG00000277776	54931214	54955210	CHR_HSCHR19LRC_LRC_S_CTG3_1
ENSG00000230279	31562799	31565069	CHR_HSCHR6_MHC_SSTO_CTG1
ENSG00000276323	54107066	54115801	CHR_HSCHR19LRC_COX2_CTG3_1
ENSG00000274247	142790185	142793793	CHR_HSCHR7_2_CTG6
ENSG00000276220	54102906	54107026	CHR_HSCHR19LRC_COX2_CTG3_1
ENSG00000276826	54715159	54734052	CHR_HSCHR19LRC_COX2_CTG3_1
ENSG00000277751	54274438	54278995	CHR_HSCHR19LRC_PGF1_CTG3_1
ENSG00000278789	54909282	54945138	CHR_HSCHR19LRC_LRC_T_CTG3_1
ENSG00000272805	10825317	10826358	CHR_HSCHR12_2_CTG2
ENSG00000278322	54173854	54190480	CHR_HSCHR19LRC_COX2_CTG3_1
ENSG00000275181	141356500	141367267	CHR_HSCHR8_5_CTG7
ENSG00000233795	30049286	30055293	CHR_HSCHR6_MHC_SSTO_CTG1
ENSG00000276033	54463149	54476118	CHR_HSCHR19LRC_PGF1_CTG3_1
ENSG00000277733	54173854	54190480	CHR_HSCHR19LRC_LRC_S_CTG3_1
ENSG00000274669	54548949	54569575	CHR_HSCHR19LRC_COX1_CTG3_1
ENSG00000273564	29260596	29720617	CHR_HSCHR15_4_CTG8
ENSG00000277667	54160649	54173691	CHR_HSCHR19LRC_LRC_T_CTG3_1
ENSG00000275796	54636119	54671975	CHR_HSCHR19LRC_COX2_CTG3_1
ENSG00000277439	55021820	55046379	CHR_HSCHR19_4_CTG3_1
ENSG00000227858	29672598	29673248	CHR_HSCHR6_MHC_APD_CTG1
ENSG00000224587	30689666	30707748	CHR_HSCHR6_MHC_COX_CTG1
ENSG00000225550	29173336	29174607	CHR_HSCHR6_MHC_APD_CTG1
ENSG00000224264	31853814	31872249	CHR_HSCHR6_MHC_MCF_CTG1
ENSG00000275539	54239108	54243457	CHR_HSCHR19LRC_PGF1_CTG3_1
ENSG00000264619	31825184	31831870	CHR_HSCHR6_MHC_APD_CTG1
ENSG00000275165	54190866	54195141	CHR_HSCHR19LRC_LRC_S_CTG3_1
ENSG00000275960	54476158	54520914	CHR_HSCHR19LRC_PGF2_CTG3_1
ENSG00000277378	143113507	143114534	CHR_HSCHR7_2_CTG6
ENSG00000278563	142111749	142222324	CHR_HSCHR7_2_CTG6
ENSG00000276495	29060035	29259075	CHR_HSCHR15_4_CTG8
ENSG00000274005	54201473	54208260	CHR_HSCHR19LRC_LRC_T_CTG3_1
ENSG00000278624	825097	832018	CHR_HSCHR19_5_CTG2
ENSG00000275117	54115536	54131896	CHR_HSCHR19LRC_COX2_CTG3_1
ENSG00000206461	31103629	31104965	CHR_HSCHR6_MHC_QBL_CTG1
ENSG00000206409	31642642	31648435	CHR_HSCHR6_MHC_QBL_CTG1
ENSG00000276051	29826986	29831158	CHR_HSCHR6_MHC_APD_CTG1
ENSG00000276296	54107066	54115801	CHR_HSCHR19LRC_LRC_S_CTG3_1
ENSG00000282019	34359480	34381539	CHR_HSCHR19_2_CTG3_1
ENSG00000275979	54138182	54156191	CHR_HSCHR19LRC_LRC_S_CTG3_1
ENSG00000273833	54107066	54115801	CHR_HSCHR19LRC_LRC_T_CTG3_1
ENSG00000277804	840960	848175	CHR_HSCHR19_5_CTG2
ENSG00000273579	23764087	23765861	CHR_HSCHR22_1_CTG7
ENSG00000277273	69234793	69277413	CHR_HSCHR5_2_CTG1_1
ENSG00000277953	54115536	54131896	CHR_HSCHR19LRC_LRC_T_CTG3_1
ENSG00000274176	54138182	54156191	CHR_HSCHR19LRC_COX2_CTG3_1
ENSG00000234704	33122451	33135290	CHR_HSCHR6_MHC_MANN_CTG1
ENSG00000275837	23786963	23834516	CHR_HSCHR22_1_CTG7
ENSG00000273914	143087345	143088382	CHR_HSCHR7_2_CTG6
ENSG00000230780	29422072	29453643	CHR_HSCHR6_MHC_COX_CTG1
ENSG00000273992	54961245	55009257	CHR_HSCHR19_4_CTG3_1
ENSG00000275482	142916237	142932255	CHR_HSCHR7_2_CTG6
ENSG00000206256	32101899	32112151	CHR_HSCHR6_MHC_COX_CTG1
ENSG00000282813	103086630	103099764	CHR_HSCHR7_1_CTG4_4
ENSG00000282283	821485	821977	CHR_HSCHR19_5_CTG2
ENSG00000276421	54115536	54131896	CHR_HSCHR19LRC_LRC_S_CTG3_1
ENSG00000282092	868013	881626	CHR_HSCHR19_5_CTG2
ENSG00000206383	31799855	31805300	CHR_HSCHR6_MHC_QBL_CTG1
ENSG00000278723	54655800	54667814	CHR_HSCHR19LRC_COX1_CTG3_1
ENSG00000273896	54190866	54195141	CHR_HSCHR19LRC_LRC_T_CTG3_1
ENSG00000274273	79074837	79074964	CHR_HSCHR18_2_CTG2_1
ENSG00000263310	78980275	79002678	CHR_HSCHR18_2_CTG2_1
ENSG00000215641	28902991	28923978	CHR_HSCHR6_MHC_QBL_CTG1
ENSG00000276774	54156127	54160192	CHR_HSCHR19LRC_COX2_CTG3_1
ENSG00000227222	30723385	30736950	CHR_HSCHR6_MHC_APD_CTG1
ENSG00000277730	137526	139067	CHR_HSCHR17_1_CTG1
ENSG00000275384	54069947	54081380	CHR_HSCHR19LRC_COX2_CTG3_1
ENSG00000274626	54201473	54208260	CHR_HSCHR19LRC_COX2_CTG3_1
ENSG00000276458	54380864	54394163	CHR_HSCHR19LRC_COX1_CTG3_1
ENSG00000238134	31956231	31974166	CHR_HSCHR6_MHC_MCF_CTG1
ENSG00000275123	54069947	54081380	CHR_HSCHR19LRC_LRC_T_CTG3_1
ENSG00000275723	103099776	103149564	CHR_HSCHR7_1_CTG4_4
ENSG00000274703	54094681	54102740	CHR_HSCHR19LRC_LRC_S_CTG3_1
ENSG00000273916	54850138	54857077	CHR_HSCHR19LRC_LRC_T_CTG3_1
ENSG00000262334	217541	419308	CHR_HSCHR17_1_CTG1
ENSG00000239974	32172254	32175953	CHR_HSCHR6_MHC_SSTO_CTG1
ENSG00000276260	54160649	54173691	CHR_HSCHR19LRC_COX2_CTG3_1
ENSG00000278279	54414251	54422496	CHR_HSCHR19LRC_PGF2_CTG3_1
ENSG00000232804	31894767	31897281	CHR_HSCHR6_MHC_APD_CTG1
ENSG00000232569	29555714	29633284	CHR_HSCHR6_MHC_APD_CTG1
ENSG00000228520	33186401	33190628	CHR_HSCHR6_MHC_DBB_CTG1
ENSG00000277571	851006	856290	CHR_HSCHR19_5_CTG2
ENSG00000276802	28110217	28435080	CHR_HSCHR15_4_CTG8
ENSG00000274504	54988322	55007215	CHR_HSCHR19LRC_LRC_T_CTG3_1
ENSG00000274926	54699775	54714233	CHR_HSCHR19LRC_PGF1_CTG3_1
ENSG00000263014	198534710	198552432	CHR_HSCHR1_3_CTG31
ENSG00000276537	54347370	54369057	CHR_HSCHR19LRC_COX1_CTG3_1
ENSG00000206430	31579125	31583213	CHR_HSCHR6_MHC_QBL_CTG1
ENSG00000277457	54156127	54160192	CHR_HSCHR19LRC_LRC_S_CTG3_1
ENSG00000274619	859680	863666	CHR_HSCHR19_5_CTG2
ENSG00000277996	54160649	54173691	CHR_HSCHR19LRC_LRC_S_CTG3_1
ENSG00000262418	198650158	198733963	CHR_HSCHR1_3_CTG31
ENSG00000235067	30710458	30715683	CHR_HSCHR6_MHC_DBB_CTG1
ENSG00000277090	28661119	28674479	CHR_HSCHR15_4_CTG8
ENSG00000273607	23765834	23768443	CHR_HSCHR22_1_CTG7
ENSG00000278365	54102906	54107026	CHR_HSCHR19LRC_LRC_S_CTG3_1
ENSG00000275365	23768226	23784316	CHR_HSCHR22_1_CTG7
ENSG00000282017	142706945	142708391	CHR_HSCHR7_2_CTG6
ENSG00000274533	54845266	54856124	CHR_HSCHR19LRC_LRC_S_CTG3_1
ENSG00000276739	54857994	54874788	CHR_HSCHR19LRC_LRC_S_CTG3_1
ENSG00000235441	29439782	29441453	CHR_HSCHR6_MHC_SSTO_CTG1
ENSG00000276887	54345546	54367221	CHR_HSCHR19LRC_PGF1_CTG3_1
ENSG00000226165	32847708	32855144	CHR_HSCHR6_MHC_SSTO_CTG1
ENSG00000282735	34351514	34355586	CHR_HSCHR19_2_CTG3_1
ENSG00000277722	54102906	54107026	CHR_HSCHR19LRC_PGF2_CTG3_1
ENSG00000282607	142038524	142106747	CHR_HSCHR7_2_CTG6
ENSG00000277615	54138182	54156191	CHR_HSCHR19LRC_PGF2_CTG3_1
ENSG00000277361	27871154	28099370	CHR_HSCHR15_4_CTG8
ENSG00000255419	31748922	31755608	CHR_HSCHR6_MHC_SSTO_CTG1
ENSG00000206495	30315961	30333218	CHR_HSCHR6_MHC_QBL_CTG1
ENSG00000282307	1760880	1765915	CHR_HSCHR17_1_CTG2
ENSG00000275045	69559974	69592641	CHR_HSCHR5_2_CTG1_1
ENSG00000267954	23782283	23783958	CHR_HSCHR22_1_CTG7
ENSG00000228859	31700817	31704014	CHR_HSCHR6_MHC_DBB_CTG1
ENSG00000274437	23834503	23839128	CHR_HSCHR22_1_CTG7
ENSG00000276336	1633858	1645747	CHR_HSCHR17_1_CTG2
ENSG00000272670	142789	180568	CHR_HSCHR17_1_CTG1
ENSG00000278257	54156127	54160192	CHR_HSCHR19LRC_PGF2_CTG3_1
ENSG00000277111	45435832	45490687	CHR_HSCHR17_1_CTG5
ENSG00000276022	54107066	54115801	CHR_HSCHR19LRC_PGF2_CTG3_1
ENSG00000282076	2768844	2849088	CHR_HSCHR11_1_CTG7
ENSG00000243009	30319559	30337137	CHR_HSCHR6_MHC_DBB_CTG1
ENSG00000279643	11817080	11846919	CHR_HSCHR3_1_CTG1
ENSG00000274144	54115536	54131896	CHR_HSCHR19LRC_PGF2_CTG3_1
ENSG00000282604	36210948	36212918	CHR_HSCHR17_10_CTG4
ENSG00000229006	28903869	28924846	CHR_HSCHR6_MHC_SSTO_CTG1
ENSG00000276785	142252163	142258078	CHR_HSCHR7_2_CTG6
ENSG00000273562	2943292	2991260	CHR_HSCHR11_1_CTG7
ENSG00000278284	54782118	54801011	CHR_HSCHR19LRC_PGF2_CTG3_1
ENSG00000275483	54661303	54685299	CHR_HSCHR19LRC_PGF2_CTG3_1
ENSG00000275861	36355285	36366216	CHR_HSCHR17_10_CTG4
ENSG00000277015	78980275	79002677	CHR_HSCHR18_ALT2_CTG2_1
ENSG00000276836	45393920	45434353	CHR_HSCHR17_1_CTG5
ENSG00000275744	23856703	23886309	CHR_HSCHR22_1_CTG7
ENSG00000282130	29409413	29411093	CHR_HSCHR15_4_CTG8
ENSG00000275917	30511927	30544252	CHR_HSCHR15_4_CTG8
ENSG00000276615	143002301	143023868	CHR_HSCHR7_2_CTG6
ENSG00000278718	143553207	143563062	CHR_HSCHR8_3_CTG7
ENSG00000274053	54643934	54650873	CHR_HSCHR19LRC_PGF2_CTG3_1
ENSG00000282035	11844908	11846845	CHR_HSCHR3_1_CTG1
ENSG00000231002	30229518	30258487	CHR_HSCHR6_MHC_MANN_CTG1
ENSG00000204487	31567961	31569928	CHR_HSCHR6_MHC_COX_CTG1
ENSG00000278062	144724139	144759649	CHR_HSCHR8_2_CTG7
ENSG00000276196	54732699	54744341	CHR_HSCHR19_4_CTG3_1
ENSG00000277421	22493526	22518259	CHR_HSCHR22_1_CTG3
ENSG00000226492	33556632	33558507	CHR_HSCHR6_MHC_SSTO_CTG1
ENSG00000282266	79072883	79091276	CHR_HSCHR18_ALT2_CTG2_1
ENSG00000275499	22522841	22529375	CHR_HSCHR22_1_CTG3
ENSG00000229353	31998796	32043729	CHR_HSCHR6_MHC_QBL_CTG1
ENSG00000274734	30776860	30837039	CHR_HSCHR15_4_CTG8
ENSG00000275013	22556806	22568466	CHR_HSCHR22_1_CTG3
ENSG00000275568	32695437	32720246	CHR_HSCHR15_4_CTG8
ENSG00000274036	54824676	54838980	CHR_HSCHR19_4_CTG3_1
ENSG00000278682	54703078	54738934	CHR_HSCHR19LRC_PGF2_CTG3_1
ENSG00000276468	54852887	54865626	CHR_HSCHR19LRC_LRC_J_CTG3_1
ENSG00000280688	614020	626253	CHR_HSCHR5_5_CTG1
ENSG00000229524	31626429	31640114	CHR_HSCHR6_MHC_COX_CTG1
ENSG00000281861	524112	524332	CHR_HSCHR5_5_CTG1
ENSG00000275246	1702790	1710438	CHR_HSCHR17_1_CTG2
ENSG00000278363	54160649	54173691	CHR_HSCHR19LRC_PGF2_CTG3_1
ENSG00000276021	1716523	1738610	CHR_HSCHR17_1_CTG2
ENSG00000275501	195720882	195741123	CHR_HSCHR3_6_CTG3
ENSG00000274952	54669793	54684345	CHR_HSCHR19LRC_COX1_CTG3_1
ENSG00000278712	54190866	54195141	CHR_HSCHR19LRC_PGF2_CTG3_1
ENSG00000277709	54883911	54885779	CHR_HSCHR19LRC_LRC_J_CTG3_1
ENSG00000276875	54838897	54850914	CHR_HSCHR19LRC_LRC_J_CTG3_1
ENSG00000274194	54173854	54190480	CHR_HSCHR19LRC_PGF2_CTG3_1
ENSG00000225589	30690066	30708147	CHR_HSCHR6_MHC_DBB_CTG1
ENSG00000277796	36194906	36196795	CHR_HSCHR17_10_CTG4
ENSG00000226347	29173273	29174544	CHR_HSCHR6_MHC_MANN_CTG1
ENSG00000277079	54201473	54208260	CHR_HSCHR19LRC_PGF2_CTG3_1
ENSG00000236221	32104206	32137613	CHR_HSCHR6_MHC_MANN_CTG1
ENSG00000273991	54251026	54258210	CHR_HSCHR19LRC_PGF1_CTG3_1
ENSG00000275921	54867554	54882047	CHR_HSCHR19LRC_LRC_J_CTG3_1
ENSG00000168452	32192849	32211366	CHR_HSCHR6_MHC_MANN_CTG1
ENSG00000274965	31152534	31312750	CHR_HSCHR15_4_CTG8
ENSG00000278006	36064280	36072032	CHR_HSCHR17_10_CTG4
ENSG00000273875	54069947	54081380	CHR_HSCHR19LRC_PGF2_CTG3_1
ENSG00000275931	54751499	54776058	CHR_HSCHR19LRC_PGF2_CTG3_1
ENSG00000274148	54237215	54243458	CHR_HSCHR19_4_CTG3_1
ENSG00000276145	54069947	54081380	CHR_HSCHR19LRC_LRC_J_CTG3_1
ENSG00000277025	54173854	54190480	CHR_HSCHR19LRC_LRC_J_CTG3_1
ENSG00000275313	36312669	36314484	CHR_HSCHR17_10_CTG4
ENSG00000277390	35717872	35729483	CHR_HSCHR22_1_CTG4
ENSG00000206500	30059837	30065413	CHR_HSCHR6_MHC_QBL_CTG1
ENSG00000277564	35744967	35945128	CHR_HSCHR22_1_CTG4
ENSG00000276082	54138182	54156191	CHR_HSCHR19LRC_LRC_J_CTG3_1
ENSG00000278378	54094681	54102740	CHR_HSCHR19LRC_PGF2_CTG3_1
ENSG00000235960	30153514	30163004	CHR_HSCHR6_MHC_DBB_CTG1
ENSG00000282684	143536257	143541453	CHR_HSCHR8_3_CTG7
ENSG00000206493	30478970	30483708	CHR_HSCHR6_MHC_QBL_CTG1
ENSG00000276657	143603913	143609773	CHR_HSCHR8_3_CTG7
ENSG00000280938	1201029	1203765	CHR_HSCHR17_2_CTG2
ENSG00000278312	54393938	54395858	CHR_HSCHR19LRC_COX1_CTG3_1
ENSG00000280563	978299	979770	CHR_HSCHR17_2_CTG2
ENSG00000278622	54190368	54194965	CHR_HSCHR19LRC_COX1_CTG3_1
ENSG00000274474	1247054	1303157	CHR_HSCHR17_2_CTG2
ENSG00000224168	30093294	30103494	CHR_HSCHR6_MHC_SSTO_CTG1
ENSG00000273944	55077480	55096373	CHR_HSCHR19LRC_LRC_J_CTG3_1
ENSG00000274672	54190866	54195141	CHR_HSCHR19LRC_LRC_J_CTG3_1
ENSG00000278632	36253723	36264678	CHR_HSCHR17_10_CTG4
ENSG00000278550	1569973	1628886	CHR_HSCHR17_1_CTG2
ENSG00000226384	30898895	30904817	CHR_HSCHR6_MHC_DBB_CTG1
ENSG00000275867	45871009	46068204	CHR_HSCHR17_1_CTG5
ENSG00000277607	54040833	54063953	CHR_HSCHR19LRC_PGF2_CTG3_1
ENSG00000225635	31803320	31806899	CHR_HSCHR6_MHC_MCF_CTG1
ENSG00000278741	1003519	1192547	CHR_HSCHR17_2_CTG2
ENSG00000276065	55046861	55071420	CHR_HSCHR19LRC_LRC_J_CTG3_1
ENSG00000254899	31520968	31537331	CHR_HSCHR6_MHC_SSTO_CTG1
ENSG00000206526	28943865	28944525	CHR_HSCHR6_MHC_QBL_CTG1
ENSG00000206522	29111883	29112818	CHR_HSCHR6_MHC_QBL_CTG1
ENSG00000206505	29930625	29999286	CHR_HSCHR6_MHC_QBL_CTG1
ENSG00000229346	30142335	30151326	CHR_HSCHR6_MHC_SSTO_CTG1
ENSG00000277808	54156104	54160226	CHR_HSCHR19LRC_COX1_CTG3_1
ENSG00000275990	36860995	36880544	CHR_HSCHR22_1_CTG5
ENSG00000273594	143579697	143597744	CHR_HSCHR8_3_CTG7
ENSG00000274305	54379038	54392337	CHR_HSCHR19LRC_PGF1_CTG3_1
ENSG00000277789	54160591	54173655	CHR_HSCHR19LRC_COX1_CTG3_1
ENSG00000277629	54939296	54946235	CHR_HSCHR19LRC_LRC_J_CTG3_1
ENSG00000274665	36800684	36819479	CHR_HSCHR22_1_CTG5
ENSG00000278567	36088256	36090169	CHR_HSCHR17_10_CTG4
ENSG00000237918	31753556	31755608	CHR_HSCHR6_MHC_SSTO_CTG1
ENSG00000233566	28944738	28945398	CHR_HSCHR6_MHC_SSTO_CTG1
ENSG00000274616	54138182	54156191	CHR_HSCHR19LRC_PGF1_CTG3_1
ENSG00000274873	54160649	54173691	CHR_HSCHR19LRC_LRC_J_CTG3_1
ENSG00000226000	29174136	29175407	CHR_HSCHR6_MHC_SSTO_CTG1
ENSG00000226171	30645335	30665285	CHR_HSCHR6_MHC_SSTO_CTG1
ENSG00000278742	45723122	45768499	CHR_HSCHR17_1_CTG5
ENSG00000275300	70802600	70819771	CHR_HSCHR5_2_CTG1_1
ENSG00000277768	36296480	36298369	CHR_HSCHR17_10_CTG4
ENSG00000275935	54156127	54160192	CHR_HSCHR19LRC_LRC_J_CTG3_1
ENSG00000276363	54040833	54063953	CHR_HSCHR19LRC_LRC_J_CTG3_1
ENSG00000277943	36103827	36105621	CHR_HSCHR17_10_CTG4
ENSG00000278516	54156107	54160227	CHR_HSCHR19LRC_PGF1_CTG3_1
ENSG00000276187	169751622	169781584	CHR_HSCHR6_1_CTG4
ENSG00000273707	2883205	2885904	CHR_HSCHR11_1_CTG7
ENSG00000276175	54294163	54306461	CHR_HSCHR19LRC_COX1_CTG3_1
ENSG00000278545	45470650	45480390	CHR_HSCHR10_1_CTG2
ENSG00000274110	54283996	54300924	CHR_HSCHR19LRC_PGF1_CTG3_1
ENSG00000277495	45302654	45315608	CHR_HSCHR10_1_CTG2
ENSG00000275565	45390239	45462182	CHR_HSCHR10_1_CTG2
ENSG00000274675	70182128	70214752	CHR_HSCHR5_2_CTG1_1
ENSG00000275621	46805899	46851260	CHR_HSCHR17_1_CTG5
ENSG00000276130	2899745	2925175	CHR_HSCHR11_1_CTG7
ENSG00000273633	54397172	54405337	CHR_HSCHR19LRC_COX1_CTG3_1
ENSG00000234487	29719887	29722948	CHR_HSCHR6_MHC_MCF_CTG1
ENSG00000276935	54173818	54190312	CHR_HSCHR19LRC_COX1_CTG3_1
ENSG00000232127	31131271	31133087	CHR_HSCHR6_MHC_DBB_CTG1
ENSG00000096171	31759699	31778134	CHR_HSCHR6_MHC_DBB_CTG1
ENSG00000274145	1646145	1650077	CHR_HSCHR17_1_CTG2
ENSG00000277401	29850002	29972346	CHR_HSCHR15_4_CTG8
ENSG00000275323	54201473	54208260	CHR_HSCHR19LRC_LRC_J_CTG3_1
ENSG00000276776	91783410	91840185	CHR_HSCHR14_1_CTG1
ENSG00000223666	32205134	32206718	CHR_HSCHR6_MHC_MCF_CTG1
ENSG00000275949	46812294	46875243	CHR_HSCHR17_1_CTG5
ENSG00000228581	30619830	30635627	CHR_HSCHR6_MHC_MCF_CTG1
ENSG00000276982	54094681	54102740	CHR_HSCHR19LRC_LRC_J_CTG3_1
ENSG00000277335	54505847	54518644	CHR_HSCHR19_4_CTG3_1
ENSG00000262993	41401024	41404892	CHR_HSCHR17_1_CTG4
ENSG00000235307	33059372	33122227	CHR_HSCHR6_MHC_SSTO_CTG1
ENSG00000261986	41346092	41350812	CHR_HSCHR17_1_CTG4
ENSG00000278194	46250606	46252843	CHR_HSCHR17_1_CTG5
ENSG00000172524	30125643	30138271	CHR_HSCHR6_MHC_QBL_CTG1
ENSG00000275748	45699087	45820912	CHR_HSCHR17_1_CTG5
ENSG00000263022	41428078	41431848	CHR_HSCHR17_1_CTG4
ENSG00000276684	55047223	55079406	CHR_HSCHR19_4_CTG3_1
ENSG00000206433	31576352	31579139	CHR_HSCHR6_MHC_QBL_CTG1
ENSG00000263186	41307700	41309253	CHR_HSCHR17_1_CTG4
ENSG00000262045	41377665	41382400	CHR_HSCHR17_1_CTG4
ENSG00000224941	31203494	31209123	CHR_HSCHR6_MHC_MANN_CTG1
ENSG00000278738	54701102	54715618	CHR_HSCHR19LRC_COX1_CTG3_1
ENSG00000263341	41314917	41315695	CHR_HSCHR17_1_CTG4
ENSG00000274442	1650629	1684882	CHR_HSCHR17_1_CTG2
ENSG00000263012	41363494	41369800	CHR_HSCHR17_1_CTG4
ENSG00000223367	33249931	33254431	CHR_HSCHR6_MHC_DBB_CTG1
ENSG00000274935	54525581	54534404	CHR_HSCHR19LRC_COX1_CTG3_1
ENSG00000243612	32852194	32856479	CHR_HSCHR6_MHC_APD_CTG1
ENSG00000276804	54956665	54980661	CHR_HSCHR19LRC_LRC_J_CTG3_1
ENSG00000262748	41384972	41389707	CHR_HSCHR17_1_CTG4
ENSG00000230885	29656505	29671893	CHR_HSCHR6_MHC_MANN_CTG1
ENSG00000236399	30214604	30227224	CHR_HSCHR6_MHC_MCF_CTG1
ENSG00000274580	54882451	54899533	CHR_HSCHR19_4_CTG3_1
ENSG00000275086	54107066	54115801	CHR_HSCHR19LRC_LRC_J_CTG3_1
ENSG00000237495	31752963	31760319	CHR_HSCHR6_MHC_MCF_CTG1
ENSG00000274894	54115536	54131896	CHR_HSCHR19LRC_LRC_J_CTG3_1
ENSG00000273642	54102906	54107026	CHR_HSCHR19LRC_LRC_J_CTG3_1
ENSG00000224319	29587555	29589138	CHR_HSCHR6_MHC_APD_CTG1
ENSG00000275843	54998440	55034296	CHR_HSCHR19LRC_LRC_J_CTG3_1
ENSG00000230463	32558296	32572041	CHR_HSCHR6_MHC_APD_CTG1
ENSG00000276734	148937284	149030199	CHR_HSCHR2_2_CTG7_2
ENSG00000240957	31783165	31786875	CHR_HSCHR6_MHC_MCF_CTG1
ENSG00000278174	46886236	47052838	CHR_HSCHR17_1_CTG5
ENSG00000230514	32257394	32260750	CHR_HSCHR6_MHC_MCF_CTG1
ENSG00000276604	54069947	54081380	CHR_HSCHR19LRC_COX1_CTG3_1
ENSG00000273993	127968779	128524810	CHR_HSCHR6_1_CTG8
ENSG00000275330	54040833	54063953	CHR_HSCHR19LRC_COX1_CTG3_1
ENSG00000232839	30316726	30333982	CHR_HSCHR6_MHC_DBB_CTG1
ENSG00000281287	23862188	23895223	CHR_HSCHR22_1_CTG7
ENSG00000276701	23894004	23895227	CHR_HSCHR22_1_CTG7
ENSG00000274338	91580696	91784366	CHR_HSCHR14_1_CTG1
ENSG00000278119	30233872	30247618	CHR_HSCHR15_4_CTG8
ENSG00000276583	195720882	195741123	CHR_HSCHR3_1_CTG3
ENSG00000276886	32798311	32814964	CHR_HSCHR15_4_CTG8
ENSG00000276438	336496	389645	CHR_HSCHRX_1_CTG3
ENSG00000274542	32181324	32319966	CHR_HSCHR15_4_CTG8
ENSG00000278695	23957418	23961206	CHR_HSCHR22_1_CTG7
ENSG00000277585	195746765	195819600	CHR_HSCHR3_1_CTG3
ENSG00000274137	2044989	2165303	CHR_HSCHR8_8_CTG1
ENSG00000277649	997117	1003671	CHR_HSCHR17_2_CTG2
ENSG00000274671	69415353	69444141	CHR_HSCHR5_2_CTG1_1
ENSG00000276126	241799063	241804208	CHR_HSCHR2_3_CTG15
ENSG00000276787	31055318	31094547	CHR_HSCHR15_4_CTG8
ENSG00000275368	169740114	169751587	CHR_HSCHR6_1_CTG4
ENSG00000275758	23966902	23972534	CHR_HSCHR22_1_CTG7
ENSG00000275003	23971367	23980473	CHR_HSCHR22_1_CTG7
ENSG00000277926	241808825	241817413	CHR_HSCHR2_3_CTG15
ENSG00000273511	54094681	54102740	CHR_HSCHR19LRC_COX1_CTG3_1
ENSG00000281139	46098193	46098637	CHR_HSCHR17_1_CTG5
ENSG00000277614	32721966	32777405	CHR_HSCHR15_4_CTG8
ENSG00000278232	46261820	46313387	CHR_HSCHR17_1_CTG5
ENSG00000277897	23980152	23983919	CHR_HSCHR22_1_CTG7
ENSG00000277086	31092912	31142971	CHR_HSCHR15_4_CTG8
ENSG00000275746	31478417	31529455	CHR_HSCHR15_4_CTG8
ENSG00000273622	54395351	54403578	CHR_HSCHR19LRC_PGF1_CTG3_1
ENSG00000236315	31655881	31659971	CHR_HSCHR6_MHC_APD_CTG1
ENSG00000276253	30361040	30361438	CHR_HSCHR15_4_CTG8
ENSG00000277924	54668491	54683019	CHR_HSCHR19LRC_PGF1_CTG3_1
ENSG00000273873	70670918	70783123	CHR_HSCHR5_2_CTG1_1
ENSG00000206403	31677180	31693655	CHR_HSCHR6_MHC_QBL_CTG1
ENSG00000281748	23998411	24005163	CHR_HSCHR22_1_CTG7
ENSG00000277398	54524093	54532898	CHR_HSCHR19LRC_PGF1_CTG3_1
ENSG00000276286	39588691	39683242	CHR_HSCHR8_9_CTG1
ENSG00000274073	54107066	54115801	CHR_HSCHR19LRC_COX1_CTG3_1
ENSG00000234475	31797650	31800132	CHR_HSCHR6_MHC_DBB_CTG1
ENSG00000278401	24022930	24023387	CHR_HSCHR22_1_CTG7
ENSG00000276838	1741760	1754189	CHR_HSCHR17_1_CTG2
ENSG00000277154	54115536	54131896	CHR_HSCHR19LRC_COX1_CTG3_1
ENSG00000231608	32016970	32093383	CHR_HSCHR6_MHC_DBB_CTG1
ENSG00000277656	24033952	24042493	CHR_HSCHR22_1_CTG7
ENSG00000282705	15448713	15463457	CHR_HSCHR16_1_CTG1
ENSG00000235030	30735460	30736815	CHR_HSCHR6_MHC_SSTO_CTG1
ENSG00000274779	15317897	15380303	CHR_HSCHR16_1_CTG1
ENSG00000276725	243124428	243255321	CHR_HSCHR1_3_CTG32_1
ENSG00000282612	10996484	10997864	CHR_HSCHR12_3_CTG2
ENSG00000278605	54190536	54194332	CHR_HSCHR19_4_CTG3_1
ENSG00000275082	54894315	54930171	CHR_HSCHR19LRC_COX1_CTG3_1
ENSG00000274699	11129613	11130572	CHR_HSCHR12_3_CTG2
ENSG00000282673	11348080	11351848	CHR_HSCHR12_3_CTG2
ENSG00000280529	61950345	62005079	CHR_HSCHR20_1_CTG2
ENSG00000227794	33412156	33415676	CHR_HSCHR6_MHC_SSTO_CTG1
ENSG00000276167	10985900	10986899	CHR_HSCHR12_3_CTG2
ENSG00000234195	29307588	29308553	CHR_HSCHR6_MHC_SSTO_CTG1
ENSG00000236873	32235221	32245105	CHR_HSCHR6_MHC_APD_CTG1
ENSG00000278307	11021607	11022608	CHR_HSCHR12_3_CTG2
ENSG00000278149	54973355	54992248	CHR_HSCHR19LRC_COX1_CTG3_1
ENSG00000235588	31605935	31607772	CHR_HSCHR6_MHC_SSTO_CTG1
ENSG00000275624	11262181	11266062	CHR_HSCHR12_3_CTG2
ENSG00000280641	61894910	61940574	CHR_HSCHR20_1_CTG2
ENSG00000276211	54942736	54967295	CHR_HSCHR19LRC_COX1_CTG3_1
ENSG00000281310	24052465	24059615	CHR_HSCHR22_1_CTG7
ENSG00000275819	54428232	54441459	CHR_HSCHR19LRC_PGF1_CTG3_1
ENSG00000274587	54217271	54223706	CHR_HSCHR19_4_CTG3_1
ENSG00000273505	11182250	11183194	CHR_HSCHR12_3_CTG2
ENSG00000273713	10809137	10810168	CHR_HSCHR12_3_CTG2
ENSG00000275679	10929236	10932341	CHR_HSCHR12_3_CTG2
ENSG00000275822	54835171	54842110	CHR_HSCHR19LRC_COX1_CTG3_1
ENSG00000277949	241869600	241873823	CHR_HSCHR2_3_CTG15
ENSG00000274327	10801532	10802627	CHR_HSCHR12_3_CTG2
ENSG00000276977	241849881	241858908	CHR_HSCHR2_3_CTG15
ENSG00000282269	10845849	11167847	CHR_HSCHR12_3_CTG2
ENSG00000273645	1973878	2006936	CHR_HSCHR8_8_CTG1
ENSG00000278211	44729020	44767863	CHR_HSCHR15_3_CTG8
ENSG00000274495	54392112	54394035	CHR_HSCHR19LRC_PGF1_CTG3_1
ENSG00000227317	31709206	31712785	CHR_HSCHR6_MHC_DBB_CTG1
ENSG00000277060	54894717	54929555	CHR_HSCHR19LRC_PGF1_CTG3_1
ENSG00000273814	69492007	69556424	CHR_HSCHR5_2_CTG1_1
ENSG00000274726	1823976	1958641	CHR_HSCHR8_8_CTG1
ENSG00000274359	54102906	54107026	CHR_HSCHR19LRC_COX1_CTG3_1
ENSG00000277786	54852540	54876536	CHR_HSCHR19LRC_COX1_CTG3_1
ENSG00000275063	41444	41876	KI270726.1
ENSG00000277856	26241	26534	KI270726.1
ENSG00000227137	29356146	29432443	CHR_HSCHR6_MHC_SSTO_CTG1
ENSG00000261972	55843031	55952925	CHR_HSCHR16_1_CTG3_1
ENSG00000282256	11030686	11031706	CHR_HSCHR12_3_CTG2
ENSG00000277316	10806051	10807293	CHR_HSCHR12_3_CTG2
ENSG00000232957	33144838	33150271	CHR_HSCHR6_MHC_SSTO_CTG1
ENSG00000278839	69709074	69726961	CHR_HSCHR5_2_CTG1_1
ENSG00000277254	10907926	10909562	CHR_HSCHR12_3_CTG2
ENSG00000274839	11303340	11306692	CHR_HSCHR12_3_CTG2
ENSG00000282537	11093151	11094080	CHR_HSCHR12_3_CTG2
ENSG00000277823	10824960	11167778	CHR_HSCHR12_3_CTG2
ENSG00000277454	10845849	11167832	CHR_HSCHR12_3_CTG2
ENSG00000227639	29045035	29046062	CHR_HSCHR6_MHC_SSTO_CTG1
ENSG00000233831	28995715	29006139	CHR_HSCHR6_MHC_SSTO_CTG1
ENSG00000277238	10825317	10826358	CHR_HSCHR12_3_CTG2
ENSG00000276541	10937405	11167807	CHR_HSCHR12_3_CTG2
ENSG00000281429	196274	199037	CHR_HSCHR7_1_CTG1
ENSG00000278111	11063523	11064452	CHR_HSCHR12_3_CTG2
ENSG00000276559	101371093	101381063	CHR_HSCHR9_1_CTG5
ENSG00000228080	32670593	32703817	CHR_HSCHR6_MHC_SSTO_CTG1
ENSG00000234794	32446450	32451660	CHR_HSCHR6_MHC_SSTO_CTG1
ENSG00000276539	101028709	101325135	CHR_HSCHR9_1_CTG5
ENSG00000277868	69281282	69332741	CHR_HSCHR5_2_CTG1_1
ENSG00000206517	29425381	29456943	CHR_HSCHR6_MHC_QBL_CTG1
ENSG00000206395	31717256	31720835	CHR_HSCHR6_MHC_QBL_CTG1
ENSG00000275962	54040829	54063953	CHR_HSCHR19_4_CTG3_1
ENSG00000278729	54654506	54666521	CHR_HSCHR19LRC_PGF1_CTG3_1
ENSG00000273686	44711489	44718888	CHR_HSCHR15_3_CTG8
ENSG00000226882	30533598	30549394	CHR_HSCHR6_MHC_SSTO_CTG1
ENSG00000282693	143085735	143088278	CHR_HSCHR8_4_CTG7
ENSG00000274488	143163211	143166008	CHR_HSCHR8_4_CTG7
ENSG00000275199	243488233	243855434	CHR_HSCHR1_3_CTG32_1
ENSG00000235680	29823861	29828018	CHR_HSCHR6_MHC_MANN_CTG1
ENSG00000277626	47057885	47113984	CHR_HSCHR17_1_CTG5
ENSG00000251394	29370147	29446668	CHR_HSCHR6_MHC_COX_CTG1
ENSG00000204490	31562973	31565742	CHR_HSCHR6_MHC_COX_CTG1
ENSG00000274870	248361581	248362627	CHR_HSCHR1_2_CTG32_1
ENSG00000276821	248458842	248459895	CHR_HSCHR1_2_CTG32_1
ENSG00000275244	248412061	248413170	CHR_HSCHR1_2_CTG32_1
ENSG00000278689	248387950	248388876	CHR_HSCHR1_2_CTG32_1
ENSG00000281395	248447273	248448199	CHR_HSCHR1_2_CTG32_1
ENSG00000276042	54592642	54600251	CHR_HSCHR19LRC_PGF1_CTG3_1
ENSG00000278377	248479392	248480399	CHR_HSCHR1_2_CTG32_1
ENSG00000273827	248494630	248495663	CHR_HSCHR1_2_CTG32_1
ENSG00000234058	30056599	30060223	CHR_HSCHR6_MHC_COX_CTG1
ENSG00000231555	31809921	31812441	CHR_HSCHR6_MHC_DBB_CTG1
ENSG00000225141	32124129	32130145	CHR_HSCHR6_MHC_DBB_CTG1
ENSG00000275079	1460716	1505839	CHR_HSCHR5_3_CTG1
ENSG00000277106	45856453	45858690	CHR_HSCHR17_2_CTG5
ENSG00000277641	46591415	46662074	CHR_HSCHR17_2_CTG5
ENSG00000230700	31647414	31654461	CHR_HSCHR6_MHC_DBB_CTG1
ENSG00000226187	31703097	31704573	CHR_HSCHR6_MHC_SSTO_CTG1
ENSG00000279247	69350995	69370027	CHR_HSCHR5_2_CTG1_1
ENSG00000233314	30059208	30062832	CHR_HSCHR6_MHC_APD_CTG1
ENSG00000278494	15002502	15036801	CHR_HSCHR16_1_CTG1
ENSG00000242335	31938304	31944738	CHR_HSCHR6_MHC_SSTO_CTG1
ENSG00000282318	1627028	1708042	CHR_HSCHR8_7_CTG1
ENSG00000278032	143017982	143023832	CHR_HSCHR8_4_CTG7
ENSG00000276907	45393902	45434423	CHR_HSCHR17_2_CTG5
ENSG00000233180	29082970	29083976	CHR_HSCHR6_MHC_COX_CTG1
ENSG00000228913	29552212	29556525	CHR_HSCHR6_MHC_COX_CTG1
ENSG00000278220	1755340	1786132	CHR_HSCHR8_7_CTG1
ENSG00000274811	1318299	1345099	CHR_HSCHR5_3_CTG1
ENSG00000276053	54359738	54378912	CHR_HSCHR19_4_CTG3_1
ENSG00000230685	31717988	31727162	CHR_HSCHR6_MHC_COX_CTG1
ENSG00000277773	69673667	69702549	CHR_HSCHR5_2_CTG1_1
ENSG00000282230	39101863	39105144	CHR_HSCHR8_9_CTG1
ENSG00000229341	32140675	32153125	CHR_HSCHR6_MHC_APD_CTG1
ENSG00000233049	30697750	30717697	CHR_HSCHR6_MHC_MANN_CTG1
ENSG00000235259	30155693	30165183	CHR_HSCHR6_MHC_APD_CTG1
ENSG00000137384	30152741	30162231	CHR_HSCHR6_MHC_QBL_CTG1
ENSG00000274384	54160592	54173661	CHR_HSCHR19LRC_PGF1_CTG3_1
ENSG00000276111	243256056	243500091	CHR_HSCHR1_3_CTG32_1
ENSG00000262243	55799704	55830035	CHR_HSCHR16_1_CTG3_1
ENSG00000241779	30393209	30410787	CHR_HSCHR6_MHC_APD_CTG1
ENSG00000276114	36013092	36018001	CHR_HSCHR17_7_CTG4
ENSG00000206428	31605413	31607250	CHR_HSCHR6_MHC_QBL_CTG1
ENSG00000275544	197506664	197557450	CHR_HSCHR3_2_CTG3
ENSG00000275594	39106990	39284943	CHR_HSCHR8_9_CTG1
ENSG00000273850	333240	385935	CHR_HSCHRX_2_CTG3
ENSG00000275760	36324256	36335131	CHR_HSCHR17_7_CTG4
ENSG00000273592	54173824	54190479	CHR_HSCHR19LRC_PGF1_CTG3_1
ENSG00000236346	31537619	31549575	CHR_HSCHR6_MHC_SSTO_CTG1
ENSG00000223952	31651872	31654641	CHR_HSCHR6_MHC_MCF_CTG1
ENSG00000240433	31709833	31713000	CHR_HSCHR6_MHC_MANN_CTG1
ENSG00000278461	69217760	69230127	CHR_HSCHR5_2_CTG1_1
ENSG00000229074	32723350	32757450	CHR_HSCHR6_MHC_MANN_CTG1
ENSG00000228163	33218673	33234885	CHR_HSCHR6_MHC_MANN_CTG1
ENSG00000236353	32261167	32266609	CHR_HSCHR6_MHC_MCF_CTG1
ENSG00000274829	14435701	14632727	CHR_HSCHR16_1_CTG1
ENSG00000229802	33178351	33182345	CHR_HSCHR6_MHC_DBB_CTG1
ENSG00000280514	69557495	69559073	CHR_HSCHR5_2_CTG1_1
ENSG00000206511	29555518	29633080	CHR_HSCHR6_MHC_QBL_CTG1
ENSG00000275095	35976525	35981528	CHR_HSCHR17_7_CTG4
ENSG00000276996	1392790	1449666	CHR_HSCHR5_3_CTG1
ENSG00000226704	31876648	31882094	CHR_HSCHR6_MHC_APD_CTG1
ENSG00000276799	46662121	46715644	CHR_HSCHR17_2_CTG5
ENSG00000235708	33333046	33362862	CHR_HSCHR6_MHC_MCF_CTG1
ENSG00000228760	31678475	31692158	CHR_HSCHR6_MHC_MANN_CTG1
ENSG00000238056	32215364	32221379	CHR_HSCHR6_MHC_APD_CTG1
ENSG00000225989	30563598	30589402	CHR_HSCHR6_MHC_SSTO_CTG1
ENSG00000277594	37614320	37648026	CHR_HSCHR17_7_CTG4
ENSG00000236149	30561217	30587022	CHR_HSCHR6_MHC_COX_CTG1
ENSG00000276262	46419843	46586373	CHR_HSCHR17_2_CTG5
ENSG00000225228	31595673	31597188	CHR_HSCHR6_MHC_APD_CTG1
ENSG00000274205	143703266	143709465	CHR_HSCHR8_3_CTG7
ENSG00000223654	30791619	30794413	CHR_HSCHR6_MHC_APD_CTG1
ENSG00000230505	29439377	29441048	CHR_HSCHR6_MHC_APD_CTG1
ENSG00000230675	32796644	32804081	CHR_HSCHR6_MHC_APD_CTG1
ENSG00000224378	31480101	31493317	CHR_HSCHR6_MHC_DBB_CTG1
ENSG00000275865	112360163	112418533	CHR_HSCHR13_1_CTG1
ENSG00000230341	30740303	30751809	CHR_HSCHR6_MHC_APD_CTG1
ENSG00000274129	54190535	54195132	CHR_HSCHR19LRC_PGF1_CTG3_1
ENSG00000282003	112468853	112488558	CHR_HSCHR13_1_CTG1
ENSG00000273889	143710940	143720808	CHR_HSCHR8_3_CTG7
ENSG00000223887	30547117	30553954	CHR_HSCHR6_MHC_DBB_CTG1
ENSG00000228691	31924682	31929929	CHR_HSCHR6_MHC_APD_CTG1
ENSG00000278243	143612618	143618048	CHR_HSCHR8_3_CTG7
ENSG00000278548	39429440	39575001	CHR_HSCHR8_9_CTG1
ENSG00000276358	45435902	45490401	CHR_HSCHR17_2_CTG5
ENSG00000274636	4314761	4339597	CHR_HSCHR16_3_CTG1
ENSG00000275153	37928493	37939442	CHR_HSCHR17_7_CTG4
ENSG00000278178	21659028	21660224	CHR_HSCHR15_1_CTG1
ENSG00000278776	21645163	21646246	CHR_HSCHR15_1_CTG1
ENSG00000274334	4373807	4385487	CHR_HSCHR16_3_CTG1
ENSG00000274950	54201424	54249604	CHR_HSCHR19LRC_PGF1_CTG3_1
ENSG00000241394	32926550	32931062	CHR_HSCHR6_MHC_DBB_CTG1
ENSG00000278699	21408280	21440481	CHR_HSCHR15_1_CTG1
ENSG00000278760	4340251	4422453	CHR_HSCHR16_3_CTG1
ENSG00000227861	31829818	31831870	CHR_HSCHR6_MHC_APD_CTG1
ENSG00000276191	45795888	45847447	CHR_HSCHR17_2_CTG5
ENSG00000227816	32884481	32893250	CHR_HSCHR6_MHC_APD_CTG1
ENSG00000226060	30174734	30203710	CHR_HSCHR6_MHC_DBB_CTG1
ENSG00000277042	35934518	35943699	CHR_HSCHR17_7_CTG4
ENSG00000276870	14672547	14694674	CHR_HSCHR16_1_CTG1
ENSG00000275730	54671018	54678557	CHR_HSCHR19_4_CTG3_1
ENSG00000275019	54217293	54223789	CHR_HSCHR19LRC_PGF1_CTG3_1
ENSG00000274684	4463639	4497722	CHR_HSCHR16_3_CTG1
ENSG00000274081	143803351	143816310	CHR_HSCHR8_3_CTG7
ENSG00000276709	15241230	15297417	CHR_HSCHR16_1_CTG1
ENSG00000275122	127708072	127918597	CHR_HSCHR6_1_CTG8
ENSG00000277936	38097522	38123634	CHR_HSCHR17_7_CTG4
ENSG00000231003	31709355	31717471	CHR_HSCHR6_MHC_SSTO_CTG1
ENSG00000276497	69435727	69484339	CHR_HSCHR9_1_CTG2
ENSG00000238130	31559460	31561730	CHR_HSCHR6_MHC_COX_CTG1
ENSG00000226898	29555714	29560028	CHR_HSCHR6_MHC_APD_CTG1
ENSG00000276349	37982250	37993199	CHR_HSCHR17_7_CTG4
ENSG00000231314	31647541	31649508	CHR_HSCHR6_MHC_APD_CTG1
ENSG00000275176	37086456	37411442	CHR_HSCHR17_7_CTG4
ENSG00000224120	30725496	30731566	CHR_HSCHR6_MHC_MCF_CTG1
ENSG00000230060	31706001	31714117	CHR_HSCHR6_MHC_COX_CTG1
ENSG00000281988	113731864	113738248	CHR_HSCHR13_1_CTG5
ENSG00000281877	26529761	26575030	CHR_HG2058_PATCH
ENSG00000226127	32460601	32473766	CHR_HSCHR6_MHC_APD_CTG1
ENSG00000282107	113760262	113760337	CHR_HSCHR13_1_CTG5
ENSG00000235744	32982126	32987559	CHR_HSCHR6_MHC_DBB_CTG1
ENSG00000231116	31844536	31862971	CHR_HSCHR6_MHC_APD_CTG1
ENSG00000277424	4476649	4512306	CHR_HSCHR16_3_CTG1
ENSG00000276914	15950862	15973769	CHR_HSCHR16_1_CTG1
ENSG00000206355	31136168	31151940	CHR_HSCHR6_MHC_DBB_CTG1
ENSG00000235712	33363951	33371048	CHR_HSCHR6_MHC_MCF_CTG1
ENSG00000223980	29930538	29999232	CHR_HSCHR6_MHC_SSTO_CTG1
ENSG00000275498	15058498	15122225	CHR_HSCHR16_1_CTG1
ENSG00000232632	29552212	29629760	CHR_HSCHR6_MHC_COX_CTG1
ENSG00000223767	32245363	32247802	CHR_HSCHR6_MHC_APD_CTG1
ENSG00000224455	33420661	33442416	CHR_HSCHR6_MHC_MCF_CTG1
ENSG00000224143	31872446	31882289	CHR_HSCHR6_MHC_SSTO_CTG1
ENSG00000224979	31864414	31874003	CHR_HSCHR6_MHC_APD_CTG1
ENSG00000277600	54138190	54156165	CHR_HSCHR19_4_CTG3_1
ENSG00000275806	54069947	54081380	CHR_HSCHR19LRC_PGF1_CTG3_1
ENSG00000274887	54040833	54063953	CHR_HSCHR19LRC_PGF1_CTG3_1
ENSG00000229125	29457248	29464396	CHR_HSCHR6_MHC_APD_CTG1
ENSG00000235941	31882493	31884975	CHR_HSCHR6_MHC_APD_CTG1
ENSG00000169789	22490397	22514637	Y
ENSG00000240389	32231591	32235290	CHR_HSCHR6_MHC_APD_CTG1
ENSG00000114374	12537650	12860839	Y
ENSG00000275605	54102906	54107026	CHR_HSCHR19LRC_PGF1_CTG3_1
ENSG00000281230	210232796	210246631	CHR_HG1832_PATCH
ENSG00000276276	46286670	46408885	CHR_HSCHR17_2_CTG5
ENSG00000277088	54094681	54102740	CHR_HSCHR19LRC_PGF1_CTG3_1
ENSG00000242726	30318794	30336373	CHR_HSCHR6_MHC_QBL_CTG1
ENSG00000280680	210328252	210679653	CHR_HG1832_PATCH
ENSG00000278488	143574785	143578649	CHR_HSCHR8_3_CTG7
ENSG00000234623	29656933	29672325	CHR_HSCHR6_MHC_DBB_CTG1
ENSG00000224156	30784111	30789336	CHR_HSCHR6_MHC_APD_CTG1
ENSG00000274418	54972739	54991632	CHR_HSCHR19LRC_PGF1_CTG3_1
ENSG00000278161	54107066	54115801	CHR_HSCHR19LRC_PGF1_CTG3_1
ENSG00000274410	54746721	54761251	CHR_HSCHR19_4_CTG3_1
ENSG00000277707	54115536	54131896	CHR_HSCHR19LRC_PGF1_CTG3_1
ENSG00000282228	4331549	4356579	CHR_HSCHR16_3_CTG1
ENSG00000273574	54469723	54471641	CHR_HSCHR19_4_CTG3_1
ENSG00000275290	54581134	54595774	CHR_HSCHR19_4_CTG3_1
ENSG00000277956	45906010	46039943	CHR_HSCHR17_2_CTG5
ENSG00000278749	143693701	143695116	CHR_HSCHR8_3_CTG7
ENSG00000203624	30607204	30615890	CHR_HSCHR6_MHC_QBL_CTG1
ENSG00000274352	143671459	143700905	CHR_HSCHR8_3_CTG7
ENSG00000236672	32383385	32438560	CHR_HSCHR6_MHC_APD_CTG1
ENSG00000278316	54942120	54966679	CHR_HSCHR19LRC_PGF1_CTG3_1
ENSG00000242092	32973881	32992379	CHR_HSCHR6_MHC_APD_CTG1
ENSG00000169807	22071756	22096007	Y
ENSG00000274609	54733566	54744515	CHR_HSCHR19LRC_PGF1_CTG3_1
ENSG00000206258	32117595	32194037	CHR_HSCHR6_MHC_MCF_CTG1
ENSG00000276726	4427764	4458734	CHR_HSCHR16_3_CTG1
ENSG00000206398	31708869	31712066	CHR_HSCHR6_MHC_QBL_CTG1
ENSG00000198692	20575776	20593154	Y
ENSG00000224496	30128631	30141238	CHR_HSCHR6_MHC_APD_CTG1
ENSG00000206513	29555518	29559832	CHR_HSCHR6_MHC_QBL_CTG1
ENSG00000239497	31659867	31664295	CHR_HSCHR6_MHC_SSTO_CTG1
ENSG00000206412	30605288	30617469	CHR_HSCHR6_MHC_APD_CTG1
ENSG00000169260	28994770	29005301	CHR_HSCHR6_MHC_QBL_CTG1
ENSG00000183753	22973819	23005465	Y
ENSG00000233450	33531696	33550087	CHR_HSCHR6_MHC_SSTO_CTG1
ENSG00000206480	30717229	30732250	CHR_HSCHR6_MHC_QBL_CTG1
ENSG00000275650	54423352	54444827	CHR_HSCHR19_4_CTG3_1
ENSG00000230669	32879989	32883975	CHR_HSCHR6_MHC_APD_CTG1
ENSG00000275545	54746462	54760779	CHR_HSCHR19LRC_PGF1_CTG3_1
ENSG00000237814	31009891	31010713	CHR_HSCHR6_MHC_MCF_CTG1
ENSG00000228628	32191691	32204680	CHR_HSCHR6_MHC_MCF_CTG1
ENSG00000227600	32160569	32179650	CHR_HSCHR6_MHC_SSTO_CTG1
ENSG00000281614	233059967	233207903	CHR_HG2232_PATCH
ENSG00000236424	9527880	9530682	Y
ENSG00000233345	31823611	31830163	CHR_HSCHR6_MHC_APD_CTG1
ENSG00000274336	4512634	4526261	CHR_HSCHR16_3_CTG1
ENSG00000275736	54094679	54102746	CHR_HSCHR19_4_CTG3_1
ENSG00000274175	17234	19833	KI270728.1
ENSG00000278016	143597835	143603224	CHR_HSCHR8_3_CTG7
ENSG00000276340	143621803	143641845	CHR_HSCHR8_3_CTG7
ENSG00000273554	1139577	1147868	KI270728.1
ENSG00000237508	29719844	29735599	CHR_HSCHR6_MHC_MANN_CTG1
ENSG00000277781	143566187	143572971	CHR_HSCHR8_3_CTG7
ENSG00000258992	9466955	9469749	Y
ENSG00000275869	933862	936467	KI270728.1
ENSG00000277836	1270984	1271271	KI270728.1
ENSG00000229684	30798683	30803908	CHR_HSCHR6_MHC_MCF_CTG1
ENSG00000244395	21880076	21894526	Y
ENSG00000276634	54762712	54778593	CHR_HSCHR19LRC_PGF1_CTG3_1
ENSG00000274287	143777927	143802386	CHR_HSCHR8_3_CTG7
ENSG00000275566	54780466	54797223	CHR_HSCHR19LRC_PGF1_CTG3_1
ENSG00000230678	32955787	32959446	CHR_HSCHR6_MHC_DBB_CTG1
ENSG00000206281	33228522	33243221	CHR_HSCHR6_MHC_QBL_CTG1
ENSG00000226467	32116683	32126567	CHR_HSCHR6_MHC_COX_CTG1
ENSG00000228662	31605067	31606582	CHR_HSCHR6_MHC_MCF_CTG1
ENSG00000233948	28903164	28924151	CHR_HSCHR6_MHC_MCF_CTG1
ENSG00000275331	16233991	16308660	CHR_HSCHR16_1_CTG1
ENSG00000274972	190028329	190031235	CHR_HSCHR4_6_CTG12
ENSG00000282725	4356503	4427664	CHR_HSCHR16_3_CTG1
ENSG00000229685	33042507	33058713	CHR_HSCHR6_MHC_DBB_CTG1
ENSG00000276681	54456812	54469943	CHR_HSCHR19_4_CTG3_1
ENSG00000234012	30763719	30781800	CHR_HSCHR6_MHC_APD_CTG1
ENSG00000275564	54804243	54821411	CHR_HSCHR19LRC_PGF1_CTG3_1
ENSG00000241910	32846263	32850548	CHR_HSCHR6_MHC_MCF_CTG1
ENSG00000278458	46041525	46237041	CHR_HSCHR17_2_CTG5
ENSG00000275145	189944765	189967182	CHR_HSCHR4_6_CTG12
ENSG00000227044	29587046	29588629	CHR_HSCHR6_MHC_MANN_CTG1
ENSG00000169953	18731440	18773735	Y
ENSG00000231624	31156133	31157469	CHR_HSCHR6_MHC_MANN_CTG1
ENSG00000229058	32220356	32223712	CHR_HSCHR6_MHC_MANN_CTG1
ENSG00000234836	31597358	31599195	CHR_HSCHR6_MHC_DBB_CTG1
ENSG00000234651	31715314	31728984	CHR_HSCHR6_MHC_MCF_CTG1
ENSG00000236693	33114995	33126260	CHR_HSCHR6_MHC_APD_CTG1
ENSG00000281089	233210051	233295674	CHR_HG2232_PATCH
ENSG00000206366	31889987	31892374	CHR_HSCHR6_MHC_QBL_CTG1
ENSG00000096155	31629248	31642931	CHR_HSCHR6_MHC_QBL_CTG1
ENSG00000274232	54811737	54822719	CHR_HSCHR19_4_CTG3_1
ENSG00000278503	54778013	54792334	CHR_HSCHR19_4_CTG3_1
ENSG00000223493	31941262	31951933	CHR_HSCHR6_MHC_DBB_CTG1
ENSG00000277221	46339497	46384852	CHR_HSCHR17_2_CTG5
ENSG00000275841	54294391	54301485	CHR_HSCHR19_4_CTG3_1
ENSG00000012817	19703865	19744939	Y
ENSG00000275156	54914255	54924255	CHR_HSCHR19_4_CTG3_1
ENSG00000275543	15480860	15498390	CHR_HSCHR16_1_CTG1
ENSG00000238104	30592623	30610835	CHR_HSCHR6_MHC_SSTO_CTG1
ENSG00000242361	32987867	32992379	CHR_HSCHR6_MHC_APD_CTG1
ENSG00000273535	54836140	54846123	CHR_HSCHR19LRC_PGF1_CTG3_1
ENSG00000275779	15040743	15058977	CHR_HSCHR16_1_CTG1
ENSG00000224859	30048795	30054799	CHR_HSCHR6_MHC_COX_CTG1
ENSG00000278444	54472957	54481158	CHR_HSCHR19_4_CTG3_1
ENSG00000275525	54601794	54610302	CHR_HSCHR19_4_CTG3_1
ENSG00000235443	30051404	30057408	CHR_HSCHR6_MHC_APD_CTG1
ENSG00000234669	29672889	29681605	CHR_HSCHR6_MHC_SSTO_CTG1
ENSG00000237825	33269579	33277249	CHR_HSCHR6_MHC_DBB_CTG1
ENSG00000232326	32912700	32929495	CHR_HSCHR6_MHC_SSTO_CTG1
ENSG00000278437	54251016	54257914	CHR_HSCHR19_4_CTG3_1
ENSG00000278308	14708949	14726344	CHR_HSCHR16_1_CTG1
ENSG00000278173	54853492	54877496	CHR_HSCHR19LRC_PGF1_CTG3_1
ENSG00000278823	15519415	15710184	CHR_HSCHR16_1_CTG1
ENSG00000228186	30546725	30553562	CHR_HSCHR6_MHC_COX_CTG1
ENSG00000278372	36496005	36543807	CHR_HSCHR17_7_CTG4
ENSG00000276355	54069895	54081380	CHR_HSCHR19_4_CTG3_1
ENSG00000158270	316737	500722	18
ENSG00000277134	54638682	54645767	CHR_HSCHR19_4_CTG3_1
ENSG00000224542	30102946	30105603	CHR_HSCHR6_MHC_APD_CTG1
ENSG00000273807	16418201	16436927	CHR_HSCHR16_1_CTG1
ENSG00000230708	32997896	33009106	CHR_HSCHR6_MHC_COX_CTG1
ENSG00000232045	31946781	31964716	CHR_HSCHR6_MHC_APD_CTG1
ENSG00000232541	33302792	33329578	CHR_HSCHR6_MHC_SSTO_CTG1
ENSG00000275618	14632814	14669237	CHR_HSCHR16_1_CTG1
ENSG00000172468	18546691	18588963	Y
ENSG00000141401	11981025	12030877	18
ENSG00000176679	3579067	3580041	Y
ENSG00000169800	22168542	22182982	Y
ENSG00000282074	15480860	15600484	CHR_HSCHR16_1_CTG1
ENSG00000275911	15728421	15811507	CHR_HSCHR16_1_CTG1
ENSG00000198445	16590751	16592810	22
ENSG00000277140	15679520	15728320	CHR_HSCHR16_1_CTG1
ENSG00000236428	30668637	30671637	CHR_HSCHR6_MHC_SSTO_CTG1
ENSG00000168461	9708275	9862551	18
ENSG00000235956	32156028	32162042	CHR_HSCHR6_MHC_SSTO_CTG1
ENSG00000226589	31764879	31783312	CHR_HSCHR6_MHC_COX_CTG1
ENSG00000236418	32606510	32628863	CHR_HSCHR6_MHC_DBB_CTG1
ENSG00000182415	18025787	18027746	Y
ENSG00000229929	30316398	30333651	CHR_HSCHR6_MHC_SSTO_CTG1
ENSG00000099917	20495913	20587632	22
ENSG00000185894	25030901	25062548	Y
ENSG00000225890	32780908	32803273	CHR_HSCHR6_MHC_MANN_CTG1
ENSG00000205916	24833843	24907040	Y
ENSG00000229741	32369461	32382615	CHR_HSCHR6_MHC_DBB_CTG1
ENSG00000225454	30922062	30922884	CHR_HSCHR6_MHC_DBB_CTG1
ENSG00000223766	30601522	30608359	CHR_HSCHR6_MHC_MANN_CTG1
ENSG00000206268	31934274	31941274	CHR_HSCHR6_MHC_DBB_CTG1
ENSG00000278644	38534684	38550604	CHR_HSCHR17_7_CTG4
ENSG00000281857	233307816	233347055	CHR_HG2232_PATCH
ENSG00000234154	32856943	32875441	CHR_HSCHR6_MHC_COX_CTG1
ENSG00000206435	31262172	31265564	CHR_HSCHR6_MHC_SSTO_CTG1
ENSG00000223590	31028368	31034648	CHR_HSCHR6_MHC_MANN_CTG1
ENSG00000176105	721588	812546	18
ENSG00000278183	16034690	16228109	CHR_HSCHR16_1_CTG1
ENSG00000224654	29555178	29559492	CHR_HSCHR6_MHC_MANN_CTG1
ENSG00000228001	30126032	30138662	CHR_HSCHR6_MHC_COX_CTG1
ENSG00000223932	31700683	31705737	CHR_HSCHR6_MHC_MANN_CTG1
ENSG00000274113	54315100	54321156	CHR_HSCHR19_4_CTG3_1
ENSG00000224320	29879141	29999464	CHR_HSCHR6_MHC_COX_CTG1
ENSG00000275851	38506329	38530590	CHR_HSCHR17_7_CTG4
ENSG00000235336	31930215	31946068	CHR_HSCHR6_MHC_APD_CTG1
ENSG00000166974	34976928	35143470	18
ENSG00000273722	54160592	54173691	CHR_HSCHR19_4_CTG3_1
ENSG00000280873	233354507	233472104	CHR_HG2232_PATCH
ENSG00000278574	36487001	36499682	CHR_HSCHR17_7_CTG4
ENSG00000235220	29720256	29736008	CHR_HSCHR6_MHC_DBB_CTG1
ENSG00000224552	31726403	31742871	CHR_HSCHR6_MHC_MANN_CTG1
ENSG00000206481	30689327	30707408	CHR_HSCHR6_MHC_QBL_CTG1
ENSG00000227246	31216078	31217894	CHR_HSCHR6_MHC_MCF_CTG1
ENSG00000231268	32247977	32251333	CHR_HSCHR6_MHC_APD_CTG1
ENSG00000233734	31193274	31218582	CHR_HSCHR6_MHC_MCF_CTG1
ENSG00000276959	54156123	54160192	CHR_HSCHR19_4_CTG3_1
ENSG00000223858	29672173	29680888	CHR_HSCHR6_MHC_MCF_CTG1
ENSG00000277104	37411498	37484368	CHR_HSCHR17_7_CTG4
ENSG00000273931	54840878	54856485	CHR_HSCHR19_4_CTG3_1
ENSG00000277092	54341203	54347168	CHR_HSCHR19_4_CTG3_1
ENSG00000206301	32775123	32780991	CHR_HSCHR6_MHC_MCF_CTG1
ENSG00000237459	31794876	31802992	CHR_HSCHR6_MHC_MCF_CTG1
ENSG00000206291	32993608	33009820	CHR_HSCHR6_MHC_QBL_CTG1
ENSG00000129873	17878260	17880220	Y
ENSG00000277181	54858645	54875417	CHR_HSCHR19_4_CTG3_1
ENSG00000184895	2786855	2787682	Y
ENSG00000224200	32104478	32106062	CHR_HSCHR6_MHC_DBB_CTG1
ENSG00000129824	2841602	2932000	Y
ENSG00000233890	31152269	31157938	CHR_HSCHR6_MHC_DBB_CTG1
ENSG00000237155	30733058	30734413	CHR_HSCHR6_MHC_COX_CTG1
ENSG00000197705	32672673	32773023	18
ENSG00000281994	15144756	15171447	CHR_HSCHR16_1_CTG1
ENSG00000137397	30092451	30102654	CHR_HSCHR6_MHC_QBL_CTG1
ENSG00000233641	30636880	30642942	CHR_HSCHR6_MHC_COX_CTG1
ENSG00000229866	29111900	29112835	CHR_HSCHR6_MHC_DBB_CTG1
ENSG00000228849	31557707	31560476	CHR_HSCHR6_MHC_DBB_CTG1
ENSG00000067646	2935281	2982506	Y
ENSG00000235925	31709409	31712606	CHR_HSCHR6_MHC_SSTO_CTG1
ENSG00000278087	16317633	16379962	CHR_HSCHR16_1_CTG1
ENSG00000244672	31652558	31655955	CHR_HSCHR6_MHC_DBB_CTG1
ENSG00000184792	30693782	30907824	22
ENSG00000237284	29487242	29488378	CHR_HSCHR6_MHC_SSTO_CTG1
ENSG00000241296	33025327	33043825	CHR_HSCHR6_MHC_SSTO_CTG1
ENSG00000235178	28994795	29005326	CHR_HSCHR6_MHC_DBB_CTG1
ENSG00000236183	31706055	31709252	CHR_HSCHR6_MHC_COX_CTG1
ENSG00000067048	12904108	12920478	Y
ENSG00000227458	30126433	30139059	CHR_HSCHR6_MHC_DBB_CTG1
ENSG00000206488	30616337	30636318	CHR_HSCHR6_MHC_QBL_CTG1
ENSG00000231617	33488900	33499609	CHR_HSCHR6_MHC_MCF_CTG1
ENSG00000227171	30060156	30065777	CHR_HSCHR6_MHC_COX_CTG1
ENSG00000235022	30060589	30066210	CHR_HSCHR6_MHC_DBB_CTG1
ENSG00000228128	31717799	31721378	CHR_HSCHR6_MHC_SSTO_CTG1
ENSG00000231737	30645036	30663248	CHR_HSCHR6_MHC_MANN_CTG1
ENSG00000236759	31867303	31885231	CHR_HSCHR6_MHC_COX_CTG1
ENSG00000241534	31927837	31934271	CHR_HSCHR6_MHC_DBB_CTG1
ENSG00000178127	9102630	9134345	18
ENSG00000274853	36602534	36609940	CHR_HSCHR17_7_CTG4
ENSG00000275099	36545260	36590811	CHR_HSCHR17_7_CTG4
ENSG00000234370	30986738	30992660	CHR_HSCHR6_MHC_MCF_CTG1
ENSG00000235589	28994750	29005281	CHR_HSCHR6_MHC_MANN_CTG1
ENSG00000183878	13234577	13480673	Y
ENSG00000154889	11882622	11908366	18
ENSG00000226173	32998969	33007738	CHR_HSCHR6_MHC_MANN_CTG1
ENSG00000231526	32832954	32838824	CHR_HSCHR6_MHC_SSTO_CTG1
ENSG00000284476	7784186	7784434	CHR_HSCHR11_1_CTG1_2
ENSG00000280931	7795905	7796973	CHR_HSCHR11_1_CTG1_2
ENSG00000280808	7834940	7840960	CHR_HSCHR11_1_CTG1_2
ENSG00000280899	7934718	7941394	CHR_HSCHR11_1_CTG1_2
ENSG00000228964	31262912	31350932	CHR_HSCHR6_MHC_SSTO_CTG1
ENSG00000281680	7947297	7951834	CHR_HSCHR11_1_CTG1_2
ENSG00000275528	35996472	36002080	CHR_HSCHR17_7_CTG4
ENSG00000281166	7967663	7975552	CHR_HSCHR11_1_CTG1_2
ENSG00000277292	38566476	38600913	CHR_HSCHR17_7_CTG4
ENSG00000281813	74826984	75034681	CHR_HG2191_PATCH
ENSG00000276072	36950708	37058704	CHR_HSCHR17_7_CTG4
ENSG00000233210	31643407	31648462	CHR_HSCHR6_MHC_DBB_CTG1
ENSG00000232960	31704690	31711736	CHR_HSCHR6_MHC_MANN_CTG1
ENSG00000277974	36377903	36388795	CHR_HSCHR17_7_CTG4
ENSG00000227122	32224781	32230795	CHR_HSCHR6_MHC_MCF_CTG1
ENSG00000225201	30567930	30572668	CHR_HSCHR6_MHC_MCF_CTG1
ENSG00000275824	36103979	36106010	CHR_HSCHR17_7_CTG4
ENSG00000281277	118971712	118981287	CHR_HG2217_PATCH
ENSG00000206454	31156777	31163150	CHR_HSCHR6_MHC_QBL_CTG1
ENSG00000237112	29555562	29633117	CHR_HSCHR6_MHC_DBB_CTG1
ENSG00000276913	38635875	38642242	CHR_HSCHR17_7_CTG4
ENSG00000280975	118998138	119015793	CHR_HG2217_PATCH
ENSG00000274229	38152644	38206380	CHR_HSCHR17_7_CTG4
ENSG00000238196	32261849	32271406	CHR_HSCHR6_MHC_APD_CTG1
ENSG00000236063	31763228	31779696	CHR_HSCHR6_MHC_MCF_CTG1
ENSG00000225967	32861254	32878050	CHR_HSCHR6_MHC_APD_CTG1
ENSG00000234137	30973408	30979603	CHR_HSCHR6_MHC_COX_CTG1
ENSG00000277303	38472490	38476208	CHR_HSCHR17_7_CTG4
ENSG00000232280	30717565	30732592	CHR_HSCHR6_MHC_COX_CTG1
ENSG00000243189	33102388	33124507	CHR_HSCHR6_MHC_MANN_CTG1
ENSG00000276432	35918066	35930773	CHR_HSCHR17_7_CTG4
ENSG00000276480	15788326	15942169	CHR_HSCHR16_1_CTG1
ENSG00000280831	119015712	119018691	CHR_HG2217_PATCH
ENSG00000206235	32975593	32992541	CHR_HSCHR6_MHC_MANN_CTG1
ENSG00000185666	32507820	33058381	22
ENSG00000280495	119018763	119025454	CHR_HG2217_PATCH
ENSG00000235844	33103656	33119850	CHR_HSCHR6_MHC_APD_CTG1
ENSG00000229215	29881755	30002076	CHR_HSCHR6_MHC_APD_CTG1
ENSG00000237095	30778290	30796371	CHR_HSCHR6_MHC_MCF_CTG1
ENSG00000099985	30262829	30266851	22
ENSG00000260861	1540144	1620009	20
ENSG00000171873	4220630	4249287	20
ENSG00000101282	958452	1002311	20
ENSG00000185721	31399604	31530634	22
ENSG00000125903	227258	229886	20
ENSG00000234280	32241266	32320157	CHR_HSCHR6_MHC_COX_CTG1
ENSG00000101280	869900	916334	20
ENSG00000101489	37243040	37565827	18
ENSG00000276986	35854946	35868891	CHR_HSCHR17_7_CTG4
ENSG00000281500	119024112	119030905	CHR_HG2217_PATCH
ENSG00000237808	31576297	31580387	CHR_HSCHR6_MHC_COX_CTG1
ENSG00000154620	13703899	13706024	Y
ENSG00000280682	119044187	119057226	CHR_HG2217_PATCH
ENSG00000227746	32091205	32111862	CHR_HSCHR6_MHC_MCF_CTG1
ENSG00000129864	13985772	13986473	Y
ENSG00000089012	1629152	1657779	20
ENSG00000187191	24763069	24813492	Y
ENSG00000232397	29438848	29440519	CHR_HSCHR6_MHC_MANN_CTG1
ENSG00000231408	31611502	31613772	CHR_HSCHR6_MHC_MANN_CTG1
ENSG00000176635	30080464	30177075	22
ENSG00000206237	32582490	32590101	CHR_HSCHR6_MHC_COX_CTG1
ENSG00000236979	31628343	31632433	CHR_HSCHR6_MHC_MANN_CTG1
ENSG00000171984	5750393	5864395	20
ENSG00000240008	31694294	31698004	CHR_HSCHR6_MHC_COX_CTG1
ENSG00000188120	23129355	23199010	Y
ENSG00000125827	7977346	8019805	20
ENSG00000100225	32474676	32498829	22
ENSG00000232308	30930703	30943914	CHR_HSCHR6_MHC_COX_CTG1
ENSG00000149346	10435305	10636829	20
ENSG00000236178	30904070	30916176	CHR_HSCHR6_MHC_COX_CTG1
ENSG00000228177	31697751	31700226	CHR_HSCHR6_MHC_MANN_CTG1
ENSG00000178591	87250	97094	20
ENSG00000125820	21511017	21514064	20
ENSG00000225859	31569699	31586038	CHR_HSCHR6_MHC_MANN_CTG1
ENSG00000125845	6767686	6780246	20
ENSG00000228881	30176913	30205889	CHR_HSCHR6_MHC_APD_CTG1
ENSG00000278167	36064636	36072388	CHR_HSCHR17_7_CTG4
ENSG00000101327	1978757	1994285	20
ENSG00000099721	6865918	6911752	Y
ENSG00000235439	31520968	31533197	CHR_HSCHR6_MHC_SSTO_CTG1
ENSG00000100365	36860988	36878017	22
ENSG00000276194	37690967	37749771	CHR_HSCHR17_7_CTG4
ENSG00000092377	6910686	7101970	Y
ENSG00000125898	833715	857463	20
ENSG00000254875	32111446	32129586	CHR_HSCHR6_MHC_QBL_CTG1
ENSG00000173404	20368104	20370949	20
ENSG00000185982	187853	189711	20
ENSG00000243594	32772831	32808281	CHR_HSCHR6_MHC_QBL_CTG1
ENSG00000243496	32790888	32795173	CHR_HSCHR6_MHC_DBB_CTG1
ENSG00000234728	31901630	31906788	CHR_HSCHR6_MHC_APD_CTG1
ENSG00000125788	142590	145751	20
ENSG00000132640	11890723	11926609	20
ENSG00000233418	30643349	30663298	CHR_HSCHR6_MHC_DBB_CTG1
ENSG00000205944	23219447	23291356	Y
ENSG00000206285	33205959	33207652	CHR_HSCHR6_MHC_QBL_CTG1
ENSG00000206516	29457053	29464201	CHR_HSCHR6_MHC_QBL_CTG1
ENSG00000241386	32735083	32739368	CHR_HSCHR6_MHC_COX_CTG1
ENSG00000231824	5142911	5197503	18
ENSG00000275600	36535392	36539682	CHR_HSCHR17_7_CTG4
ENSG00000206489	30589896	30608107	CHR_HSCHR6_MHC_QBL_CTG1
ENSG00000132874	45212995	45683688	18
ENSG00000274233	35871491	35880793	CHR_HSCHR17_7_CTG4
ENSG00000227314	31816274	31839440	CHR_HSCHR6_MHC_MCF_CTG1
ENSG00000198089	31488688	31618588	22
ENSG00000230413	29820648	29824817	CHR_HSCHR6_MHC_COX_CTG1
ENSG00000273608	38330785	38406717	CHR_HSCHR17_7_CTG4
ENSG00000233192	32781927	32787758	CHR_HSCHR6_MHC_APD_CTG1
ENSG00000017797	9475009	9538114	18
ENSG00000125816	21395365	21397526	20
ENSG00000089063	5068232	5113103	20
ENSG00000238203	31832609	31844312	CHR_HSCHR6_MHC_APD_CTG1
ENSG00000206406	31655467	31663777	CHR_HSCHR6_MHC_QBL_CTG1
ENSG00000237123	31108861	31114200	CHR_HSCHR6_MHC_DBB_CTG1
ENSG00000234433	31756347	31768050	CHR_HSCHR6_MHC_SSTO_CTG1
ENSG00000223481	32799958	32816755	CHR_HSCHR6_MHC_DBB_CTG1
ENSG00000225073	31517671	31534027	CHR_HSCHR6_MHC_COX_CTG1
ENSG00000234954	29486834	29487970	CHR_HSCHR6_MHC_APD_CTG1
ENSG00000225987	32251742	32257192	CHR_HSCHR6_MHC_APD_CTG1
ENSG00000237046	30181237	30193864	CHR_HSCHR6_MHC_MANN_CTG1
ENSG00000141380	26016253	26091217	18
ENSG00000228357	33358522	33360715	CHR_HSCHR6_MHC_MANN_CTG1
ENSG00000224242	32401346	32414522	CHR_HSCHR6_MHC_SSTO_CTG1
ENSG00000275932	37494470	37518136	CHR_HSCHR17_7_CTG4
ENSG00000233801	31944741	31951746	CHR_HSCHR6_MHC_SSTO_CTG1
ENSG00000276469	38126026	38144226	CHR_HSCHR17_7_CTG4
ENSG00000168757	6246223	6249019	Y
ENSG00000274768	38531022	38535831	CHR_HSCHR17_7_CTG4
ENSG00000274577	36938617	36946445	CHR_HSCHR17_7_CTG4
ENSG00000242711	32883408	32918836	CHR_HSCHR6_MHC_APD_CTG1
ENSG00000226260	32478466	32483677	CHR_HSCHR6_MHC_MANN_CTG1
ENSG00000125851	17226107	17484578	20
ENSG00000237482	31694505	31695981	CHR_HSCHR6_MHC_DBB_CTG1
ENSG00000280616	119067691	119081977	CHR_HG2217_PATCH
ENSG00000229549	9357797	9360599	Y
ENSG00000226892	32268544	32347428	CHR_HSCHR6_MHC_DBB_CTG1
ENSG00000274221	36088598	36090511	CHR_HSCHR17_7_CTG4
ENSG00000225993	31754813	31757257	CHR_HSCHR6_MHC_MANN_CTG1
ENSG00000274047	37519433	37614077	CHR_HSCHR17_7_CTG4
ENSG00000237889	31597175	31606140	CHR_HSCHR6_MHC_APD_CTG1
ENSG00000233164	30691675	30697740	CHR_HSCHR6_MHC_MANN_CTG1
ENSG00000277983	16467435	16482129	CHR_HSCHR16_1_CTG1
ENSG00000228927	9398421	9401223	Y
ENSG00000088876	2481817	2524702	20
ENSG00000231370	31602891	31619942	CHR_HSCHR6_MHC_DBB_CTG1
ENSG00000230128	30787857	30789212	CHR_HSCHR6_MHC_MANN_CTG1
ENSG00000242389	21903618	21918042	Y
ENSG00000237165	31193614	31198966	CHR_HSCHR6_MHC_MCF_CTG1
ENSG00000206331	32105963	32111974	CHR_HSCHR6_MHC_QBL_CTG1
ENSG00000229493	32909857	32917296	CHR_HSCHR6_MHC_MANN_CTG1
ENSG00000228250	31794930	31798127	CHR_HSCHR6_MHC_MCF_CTG1
ENSG00000236632	30534109	30538847	CHR_HSCHR6_MHC_MANN_CTG1
ENSG00000243570	32022093	32028527	CHR_HSCHR6_MHC_MCF_CTG1
ENSG00000225553	33550562	33556643	CHR_HSCHR6_MHC_SSTO_CTG1
ENSG00000206501	30056276	30059900	CHR_HSCHR6_MHC_QBL_CTG1
ENSG00000125815	23491101	23496010	20
ENSG00000101230	13221274	13300651	20
ENSG00000165246	14522573	14845654	Y
ENSG00000170367	23875934	23879748	20
ENSG00000206440	31537129	31549080	CHR_HSCHR6_MHC_QBL_CTG1
ENSG00000281518	41361434	41383813	CHR_HG986_PATCH
ENSG00000225130	30098021	30108223	CHR_HSCHR6_MHC_MANN_CTG1
ENSG00000284776	18567453	18744216	20
ENSG00000101463	24469629	24666616	20
ENSG00000101323	7882985	7940458	20
ENSG00000234539	32063716	32076703	CHR_HSCHR6_MHC_COX_CTG1
ENSG00000196101	32449765	32462852	CHR_HSCHR6_MHC_QBL_CTG1
ENSG00000088930	21303331	21389825	20
ENSG00000229767	30949136	30953340	CHR_HSCHR6_MHC_APD_CTG1
ENSG00000281917	112911847	112957013	CHR_HG2104_PATCH
ENSG00000281660	75039893	75060571	CHR_HG2191_PATCH
ENSG00000236271	30772367	30787391	CHR_HSCHR6_MHC_MANN_CTG1
ENSG00000129862	14056227	14056958	Y
ENSG00000139910	26443090	26598033	14
ENSG00000283864	18405408	18407072	CHR_HG2291_PATCH
ENSG00000234920	31535211	31537597	CHR_HSCHR6_MHC_SSTO_CTG1
ENSG00000258589	31648058	31654629	CHR_HSCHR6_MHC_DBB_CTG1
ENSG00000100346	39570753	39689735	22
ENSG00000280969	20756108	20781032	Y
ENSG00000237052	32257772	32262529	CHR_HSCHR6_MHC_APD_CTG1
ENSG00000227333	31861940	31879868	CHR_HSCHR6_MHC_DBB_CTG1
ENSG00000226841	31519466	31520981	CHR_HSCHR6_MHC_SSTO_CTG1
ENSG00000226103	31649040	31651514	CHR_HSCHR6_MHC_SSTO_CTG1
ENSG00000224313	32046253	32048735	CHR_HSCHR6_MHC_MCF_CTG1
ENSG00000237405	32188640	32191996	CHR_HSCHR6_MHC_SSTO_CTG1
ENSG00000206288	33129256	33133250	CHR_HSCHR6_MHC_QBL_CTG1
ENSG00000286022	2207328	2341059	20
ENSG00000282873	122019422	122062044	CHR_HG2247_PATCH
ENSG00000230308	30390376	30407632	CHR_HSCHR6_MHC_APD_CTG1
ENSG00000099715	5000226	5742224	Y
ENSG00000125870	16729961	16742564	20
ENSG00000228582	32744153	32761098	CHR_HSCHR6_MHC_COX_CTG1
ENSG00000101745	9136228	9285985	18
ENSG00000231558	33157934	33163367	CHR_HSCHR6_MHC_MANN_CTG1
ENSG00000206280	33243252	33246776	CHR_HSCHR6_MHC_QBL_CTG1
ENSG00000281178	122078746	122143107	CHR_HG2247_PATCH
ENSG00000137345	29656888	29672280	CHR_HSCHR6_MHC_QBL_CTG1
ENSG00000172352	24045229	24048019	Y
ENSG00000235291	30678854	30697067	CHR_HSCHR6_MHC_MCF_CTG1
ENSG00000077984	24949269	24959928	20
ENSG00000231834	29930208	29934849	CHR_HSCHR6_MHC_MANN_CTG1
ENSG00000183795	24607560	24639207	Y
ENSG00000151413	31489956	31861224	14
ENSG00000101474	24962925	24992751	20
ENSG00000236649	32220447	32238987	CHR_HSCHR6_MHC_APD_CTG1
ENSG00000281013	42085526	42090894	CHR_HSCHR22_4_CTG1
ENSG00000280774	39776595	39786167	CHR_HG2021_PATCH
ENSG00000172288	25622117	25624902	Y
ENSG00000281320	39825350	39834201	CHR_HG2021_PATCH
ENSG00000152242	46173553	46266992	18
ENSG00000281757	42129815	42131435	CHR_HSCHR22_4_CTG1
ENSG00000233803	9337464	9340284	Y
ENSG00000125864	17493905	17569220	20
ENSG00000280467	42147866	42343616	CHR_HSCHR22_4_CTG1
ENSG00000223355	32271266	32300513	CHR_HSCHR6_MHC_MCF_CTG1
ENSG00000129515	34561093	34630160	14
ENSG00000283034	44431705	44477670	CHR_HG2066_PATCH
ENSG00000227322	33115214	33122477	CHR_HSCHR6_MHC_COX_CTG1
ENSG00000226941	22403410	22417881	Y
ENSG00000154839	50375040	50394168	18
ENSG00000227402	33354325	33358319	CHR_HSCHR6_MHC_MANN_CTG1
ENSG00000276761	38601221	38626268	CHR_HSCHR17_7_CTG4
ENSG00000281626	44494847	44510636	CHR_HG2066_PATCH
ENSG00000149435	23985050	23988779	20
ENSG00000281894	44555193	44594173	CHR_HG2066_PATCH
ENSG00000280905	42126481	42130863	CHR_HSCHR22_5_CTG1
ENSG00000234196	31976089	31978474	CHR_HSCHR6_MHC_MCF_CTG1
ENSG00000225060	30754873	30766379	CHR_HSCHR6_MHC_MCF_CTG1
ENSG00000239865	30373944	30391525	CHR_HSCHR6_MHC_MANN_CTG1
ENSG00000278145	37377461	37394195	CHR_HSCHR17_7_CTG4
ENSG00000238074	9487267	9490081	Y
ENSG00000141425	35984387	36067576	18
ENSG00000242875	21511338	21525786	Y
ENSG00000235985	31691477	31693314	CHR_HSCHR6_MHC_MCF_CTG1
ENSG00000277236	35983323	35987036	CHR_HSCHR17_7_CTG4
ENSG00000170369	23823769	23826729	20
ENSG00000227315	31845195	31850443	CHR_HSCHR6_MHC_COX_CTG1
ENSG00000100354	40044817	40335808	22
ENSG00000280548	39834458	39846379	CHR_HG2021_PATCH
ENSG00000237777	29306740	29307705	CHR_HSCHR6_MHC_DBB_CTG1
ENSG00000125868	17570075	17609919	20
ENSG00000228333	33171494	33178594	CHR_HSCHR6_MHC_DBB_CTG1
ENSG00000278843	35765873	35795707	CHR_HSCHR17_7_CTG4
ENSG00000087301	52430596	52552522	14
ENSG00000229488	32187767	32193781	CHR_HSCHR6_MHC_MANN_CTG1
ENSG00000234414	21534879	21549326	Y
ENSG00000125834	2101827	2177038	20
ENSG00000206292	32932859	32938293	CHR_HSCHR6_MHC_QBL_CTG1
ENSG00000228854	30751961	30755334	CHR_HSCHR6_MHC_APD_CTG1
ENSG00000227147	30153123	30162613	CHR_HSCHR6_MHC_COX_CTG1
ENSG00000226618	31660168	31677219	CHR_HSCHR6_MHC_MANN_CTG1
ENSG00000152214	42743227	43115691	18
ENSG00000233564	30635339	30642176	CHR_HSCHR6_MHC_MCF_CTG1
ENSG00000215397	661596	675802	20
ENSG00000280661	44578223	44599694	CHR_HG2066_PATCH
ENSG00000232948	12310962	12318316	8
ENSG00000206320	32138576	32141932	CHR_HSCHR6_MHC_QBL_CTG1
ENSG00000198646	34689097	34825651	20
ENSG00000281709	44584888	44648471	CHR_HG2066_PATCH
ENSG00000281897	42173715	42343616	CHR_HSCHR22_5_CTG1
ENSG00000281123	39863324	39949893	CHR_HG2021_PATCH
ENSG00000253958	8701937	8704096	8
ENSG00000274939	36166057	36176992	CHR_HSCHR17_7_CTG4
ENSG00000164821	6935820	6938306	8
ENSG00000281221	39986432	39997031	CHR_HG2021_PATCH
ENSG00000225682	31957356	31959838	CHR_HSCHR6_MHC_COX_CTG1
ENSG00000212710	22413599	22417915	18
ENSG00000173281	9136255	9151574	8
ENSG00000240508	32877612	32913027	CHR_HSCHR6_MHC_MCF_CTG1
ENSG00000231502	31779577	31789166	CHR_HSCHR6_MHC_DBB_CTG1
ENSG00000134489	24460637	24479961	18
ENSG00000175329	35066136	35087387	22
ENSG00000154646	18269116	18485879	21
ENSG00000224748	32935926	32944695	CHR_HSCHR6_MHC_SSTO_CTG1
ENSG00000173273	9555912	9782346	8
ENSG00000168229	52267698	52276724	14
ENSG00000101773	22798261	23026488	18
ENSG00000100294	43132209	43143398	22
ENSG00000281306	44648732	44660791	CHR_HG2066_PATCH
ENSG00000276833	35809455	35864615	CHR_HSCHR17_7_CTG4
ENSG00000227231	30733457	30734812	CHR_HSCHR6_MHC_DBB_CTG1
ENSG00000189139	44504149	44507283	14
ENSG00000073712	52857268	52952435	14
ENSG00000100170	32043261	32113029	22
ENSG00000234852	31881788	31884173	CHR_HSCHR6_MHC_DBB_CTG1
ENSG00000228116	32129213	32134104	CHR_HSCHR6_MHC_DBB_CTG1
ENSG00000281526	39999401	40036305	CHR_HG2021_PATCH
ENSG00000235222	31727390	31750052	CHR_HSCHR6_MHC_COX_CTG1
ENSG00000281448	44712639	44723827	CHR_HG2066_PATCH
ENSG00000226560	31974264	32022117	CHR_HSCHR6_MHC_MCF_CTG1
ENSG00000281934	12824605	12831410	CHR_HG1342_HG2282_PATCH
ENSG00000237100	30639263	30645325	CHR_HSCHR6_MHC_SSTO_CTG1
ENSG00000282175	12847408	12848725	CHR_HG1342_HG2282_PATCH
ENSG00000282817	12857086	12861909	CHR_HG1342_HG2282_PATCH
ENSG00000176177	39743044	39893864	22
ENSG00000088782	157454	159163	20
ENSG00000154639	17513043	17593579	21
ENSG00000282584	12879212	12886201	CHR_HG1342_HG2282_PATCH
ENSG00000128342	30240453	30246759	22
ENSG00000281661	44729592	44737079	CHR_HG2066_PATCH
ENSG00000172296	13008972	13169103	20
ENSG00000281601	40043527	40071498	CHR_HG2021_PATCH
ENSG00000282663	12892896	12898270	CHR_HG1342_HG2282_PATCH
ENSG00000223618	33404140	33405839	CHR_HSCHR6_MHC_MANN_CTG1
ENSG00000285404	31754899	31956243	22
ENSG00000279195	12916610	12920482	CHR_HG1342_HG2282_PATCH
ENSG00000100307	39120167	39152680	22
ENSG00000236177	33205017	33221223	CHR_HSCHR6_MHC_SSTO_CTG1
ENSG00000281665	44737657	44761615	CHR_HG2066_PATCH
ENSG00000229998	30721049	30732555	CHR_HSCHR6_MHC_MANN_CTG1
ENSG00000280610	44761717	44873372	CHR_HG2066_PATCH
ENSG00000282119	12938472	12947580	CHR_HG1342_HG2282_PATCH
ENSG00000280568	40084419	40106205	CHR_HG2021_PATCH
ENSG00000131069	34872146	34927962	20
ENSG00000100344	43923792	43964488	22
ENSG00000228454	32007416	32028073	CHR_HSCHR6_MHC_SSTO_CTG1
ENSG00000228883	31716138	31723494	CHR_HSCHR6_MHC_MANN_CTG1
ENSG00000282437	13022303	13029318	CHR_HG1342_HG2282_PATCH
ENSG00000154359	12721906	12756073	8
ENSG00000282559	13033696	13035056	CHR_HG1342_HG2282_PATCH
ENSG00000282566	13041504	13050711	CHR_HG1342_HG2282_PATCH
ENSG00000228321	31615015	31617784	CHR_HSCHR6_MHC_MANN_CTG1
ENSG00000282521	35983688	36001656	CHR_HSCHR17_7_CTG4
ENSG00000236210	31751793	31753269	CHR_HSCHR6_MHC_MANN_CTG1
ENSG00000186976	43528744	43812337	22
ENSG00000156253	29004384	29019360	21
ENSG00000275397	36592761	36601768	CHR_HSCHR17_7_CTG4
ENSG00000229061	30617079	30637059	CHR_HSCHR6_MHC_DBB_CTG1
ENSG00000282530	13088315	13089681	CHR_HG1342_HG2282_PATCH
ENSG00000235452	31758101	31761298	CHR_HSCHR6_MHC_MANN_CTG1
ENSG00000168234	23992773	24135610	18
ENSG00000281987	13121732	13128788	CHR_HG1342_HG2282_PATCH
ENSG00000233076	31766492	31770071	CHR_HSCHR6_MHC_MANN_CTG1
ENSG00000282095	13137413	13138294	CHR_HG1342_HG2282_PATCH
ENSG00000129480	31446036	31457506	14
ENSG00000282298	13145282	13152291	CHR_HG1342_HG2282_PATCH
ENSG00000100519	52707178	52728590	14
ENSG00000282741	13169015	13174236	CHR_HG1342_HG2282_PATCH
ENSG00000282212	13195532	13198933	CHR_HG1342_HG2282_PATCH
ENSG00000282424	13227039	13236141	CHR_HG1342_HG2282_PATCH
ENSG00000226033	32047618	32057890	CHR_HSCHR6_MHC_MCF_CTG1
ENSG00000175806	10054292	10428891	8
ENSG00000282583	13253862	13258001	CHR_HG1342_HG2282_PATCH
ENSG00000156265	29077471	29175889	21
ENSG00000273780	38229196	38313162	CHR_HSCHR17_7_CTG4
ENSG00000237834	29653572	29668964	CHR_HSCHR6_MHC_COX_CTG1
ENSG00000187323	52340197	53535903	18
ENSG00000282125	13276366	13281734	CHR_HG1342_HG2282_PATCH
ENSG00000206408	31651454	31656514	CHR_HSCHR6_MHC_QBL_CTG1
ENSG00000054611	46762617	47175699	22
ENSG00000236227	33002124	33012662	CHR_HSCHR6_MHC_MCF_CTG1
ENSG00000204364	31959563	31985058	CHR_HSCHR6_MHC_MANN_CTG1
ENSG00000134020	22713251	23000000	8
ENSG00000282144	36254011	36264925	CHR_HSCHR17_7_CTG4
ENSG00000141639	50560087	50731826	18
ENSG00000184647	10525532	10554166	8
ENSG00000206380	31824855	31830009	CHR_HSCHR6_MHC_QBL_CTG1
ENSG00000275591	6808517	6835524	8
ENSG00000180998	52552836	52637713	14
ENSG00000280516	44861900	44865666	CHR_HG2066_PATCH
ENSG00000141622	46326809	46463140	18
ENSG00000288148	30085788	30090449	CHR_HSCHR15_6_CTG8
ENSG00000281886	44874604	44914986	CHR_HG2066_PATCH
ENSG00000126773	60091911	60169133	14
ENSG00000253649	10482878	10547585	8
ENSG00000232357	33375002	33377191	CHR_HSCHR6_MHC_MCF_CTG1
ENSG00000275342	8317736	8386439	8
ENSG00000284076	30135046	30148832	CHR_HSCHR15_6_CTG8
ENSG00000134042	50795120	50825402	18
ENSG00000275903	38553523	38565018	CHR_HSCHR17_7_CTG4
ENSG00000282088	30371954	30510022	CHR_HSCHR15_6_CTG8
ENSG00000286139	31891116	31914762	CHR_HSCHR15_6_CTG8
ENSG00000168546	21690398	21812357	8
ENSG00000231286	32690241	32699289	CHR_HSCHR6_MHC_MCF_CTG1
ENSG00000230254	30481701	30486439	CHR_HSCHR6_MHC_SSTO_CTG1
ENSG00000282984	235328570	235452743	CHR_HSCHR1_5_CTG32_1
ENSG00000282087	36428990	36439938	CHR_HSCHR17_7_CTG4
ENSG00000282773	31975928	31986353	CHR_HSCHR15_6_CTG8
ENSG00000142207	32311018	32393012	21
ENSG00000225312	33182548	33184737	CHR_HSCHR6_MHC_DBB_CTG1
ENSG00000276125	36211296	36213250	CHR_HSCHR17_7_CTG4
ENSG00000206476	30903778	30916043	CHR_HSCHR6_MHC_QBL_CTG1
ENSG00000282880	235450981	235508243	CHR_HSCHR1_5_CTG32_1
ENSG00000126778	60643421	60658259	14
ENSG00000236196	31529043	31540993	CHR_HSCHR6_MHC_DBB_CTG1
ENSG00000283589	32124112	32137984	CHR_HSCHR15_6_CTG8
ENSG00000224145	30153602	30163092	CHR_HSCHR6_MHC_SSTO_CTG1
ENSG00000282168	32146220	32159477	CHR_HSCHR15_6_CTG8
ENSG00000281931	32172366	32227841	CHR_HSCHR15_6_CTG8
ENSG00000154001	63371364	63543377	14
ENSG00000237881	32392894	32448091	CHR_HSCHR6_MHC_MCF_CTG1
ENSG00000277336	36195241	36197130	CHR_HSCHR17_7_CTG4
ENSG00000233141	29483337	29484473	CHR_HSCHR6_MHC_COX_CTG1
ENSG00000215547	31257664	31259632	20
ENSG00000270299	646626	675800	20
ENSG00000164741	13083361	13604610	8
ENSG00000234032	30992759	31005022	CHR_HSCHR6_MHC_MCF_CTG1
ENSG00000232263	30289145	30289514	21
ENSG00000277005	38528620	38528985	CHR_HSCHR17_7_CTG4
ENSG00000282972	235551476	235650754	CHR_HSCHR1_5_CTG32_1
ENSG00000258635	31746360	31757371	CHR_HSCHR6_MHC_MANN_CTG1
ENSG00000154721	25639258	25717562	21
ENSG00000067900	20946906	21111813	18
ENSG00000232414	32014113	32017485	CHR_HSCHR6_MHC_DBB_CTG1
ENSG00000238238	31568197	31569712	CHR_HSCHR6_MHC_MANN_CTG1
ENSG00000229202	30549106	30555943	CHR_HSCHR6_MHC_SSTO_CTG1
ENSG00000232339	32234228	32263476	CHR_HSCHR6_MHC_MANN_CTG1
ENSG00000232962	32926465	32931899	CHR_HSCHR6_MHC_COX_CTG1
ENSG00000224501	31815107	31817630	CHR_HSCHR6_MHC_COX_CTG1
ENSG00000231939	32748163	32755410	CHR_HSCHR6_MHC_SSTO_CTG1
ENSG00000282046	32248744	32275846	CHR_HSCHR15_6_CTG8
ENSG00000234729	32129439	32132795	CHR_HSCHR6_MHC_COX_CTG1
ENSG00000281459	17205128	17246007	CHR_HG2095_PATCH
ENSG00000156256	29024629	29054488	21
ENSG00000100426	49853844	49890080	22
ENSG00000056487	44881162	45010005	22
ENSG00000239457	32903640	32907925	CHR_HSCHR6_MHC_SSTO_CTG1
ENSG00000228575	30744466	30762547	CHR_HSCHR6_MHC_MANN_CTG1
ENSG00000266027	31722193	31747032	CHR_HSCHR6_MHC_DBB_CTG1
ENSG00000078804	34704339	34713439	20
ENSG00000177511	57352557	57371731	18
ENSG00000280549	17249098	17284233	CHR_HG2095_PATCH
ENSG00000203623	31648523	31650997	CHR_HSCHR6_MHC_QBL_CTG1
ENSG00000206353	31949457	31960128	CHR_HSCHR6_MHC_QBL_CTG1
ENSG00000176641	61808067	61894247	18
ENSG00000101384	10637684	10673999	20
ENSG00000235696	31912644	31938328	CHR_HSCHR6_MHC_SSTO_CTG1
ENSG00000166510	54901509	54959461	18
ENSG00000280908	17310905	17366713	CHR_HG2095_PATCH
ENSG00000224395	29456712	29463860	CHR_HSCHR6_MHC_MANN_CTG1
ENSG00000240592	32241011	32244709	CHR_HSCHR6_MHC_MCF_CTG1
ENSG00000282932	8314246	10612723	CHR_HSCHR9_1_CTG6
ENSG00000283024	87751512	87841343	CHR_HG2334_PATCH
ENSG00000281449	12049844	12211084	CHR_HG1362_PATCH
ENSG00000231048	31625572	31628357	CHR_HSCHR6_MHC_MANN_CTG1
ENSG00000175387	47808957	47931146	18
ENSG00000198252	52730166	52774989	14
ENSG00000164151	5420664	5490220	5
ENSG00000100316	39312882	39320389	22
ENSG00000280949	17374905	17404408	CHR_HG2095_PATCH
ENSG00000283059	87861956	87862489	CHR_HG2334_PATCH
ENSG00000284792	87863440	87966341	CHR_HG2334_PATCH
ENSG00000185053	14084845	15238431	8
ENSG00000281540	17409469	17442386	CHR_HG2095_PATCH
ENSG00000231968	29555562	29559875	CHR_HSCHR6_MHC_DBB_CTG1
ENSG00000126790	59460363	59484408	14
ENSG00000266442	31816303	31841147	CHR_HSCHR6_MHC_MCF_CTG1
ENSG00000156282	30165565	30166805	21
ENSG00000166265	26466209	26573286	21
ENSG00000089057	4852356	5010293	20
ENSG00000206329	32111042	32121288	CHR_HSCHR6_MHC_QBL_CTG1
ENSG00000145536	5140330	5320304	5
ENSG00000147324	8783354	8893630	8
ENSG00000243927	34073224	34143034	21
ENSG00000179008	60396469	60515543	14
ENSG00000281324	12116025	12267044	CHR_HG1362_PATCH
ENSG00000254093	10764961	10839884	8
ENSG00000229698	29720539	29736235	CHR_HSCHR6_MHC_SSTO_CTG1
ENSG00000230985	30904916	30917183	CHR_HSCHR6_MHC_DBB_CTG1
ENSG00000188694	30281309	30282950	21
ENSG00000198743	34073578	34106260	21
ENSG00000204359	31985034	31990148	CHR_HSCHR6_MHC_MANN_CTG1
ENSG00000159259	36385392	36419015	21
ENSG00000198791	17224966	17246878	8
ENSG00000184302	60509146	60512850	14
ENSG00000171421	1798385	1801366	5
ENSG00000281766	72378406	72447301	CHR_HG126_PATCH
ENSG00000100625	60709539	60724351	14
ENSG00000041353	54717860	54895516	18
ENSG00000124279	7859159	7869037	5
ENSG00000232641	29656787	29672153	CHR_HSCHR6_MHC_MCF_CTG1
ENSG00000101435	23564732	23568484	20
ENSG00000231225	31393526	31409981	CHR_HSCHR6_MHC_SSTO_CTG1
ENSG00000156304	31671000	31732118	21
ENSG00000075218	46296870	46330810	22
ENSG00000091164	56597209	56651600	18
ENSG00000234078	30925624	30944801	CHR_HSCHR6_MHC_MANN_CTG1
ENSG00000282838	2817180	2826304	CHR_HSCHR16_5_CTG1
ENSG00000100614	60245752	60299087	14
ENSG00000234508	32198436	32203193	CHR_HSCHR6_MHC_SSTO_CTG1
ENSG00000281818	12326056	12350242	CHR_HG1362_PATCH
ENSG00000078295	7396138	7830081	5
ENSG00000089123	13389392	13638932	20
ENSG00000184708	31436977	31496108	22
ENSG00000244444	32122191	32125889	CHR_HSCHR6_MHC_QBL_CTG1
ENSG00000280689	12357078	12471238	CHR_HG1362_PATCH
ENSG00000179388	22687659	22693480	8
ENSG00000151838	59504539	59576812	14
ENSG00000234046	30174807	30203783	CHR_HSCHR6_MHC_SSTO_CTG1
ENSG00000132792	37693955	37872129	20
ENSG00000134030	48539031	48863217	18
ENSG00000280962	12473287	12562868	CHR_HG1362_PATCH
ENSG00000168384	33098041	33114235	CHR_HSCHR6_MHC_MCF_CTG1
ENSG00000221818	25841725	26045413	8
ENSG00000230907	32077157	32078741	CHR_HSCHR6_MHC_COX_CTG1
ENSG00000206379	30717966	30732991	CHR_HSCHR6_MHC_DBB_CTG1
ENSG00000280584	133205277	133209250	CHR_HG2030_PATCH
ENSG00000226603	31694313	31705325	CHR_HSCHR6_MHC_COX_CTG1
ENSG00000283056	2830169	2839582	CHR_HSCHR16_5_CTG1
ENSG00000100612	60144119	60169856	14
ENSG00000224105	31189747	31191083	CHR_HSCHR6_MHC_MCF_CTG1
ENSG00000237313	28944039	28944699	CHR_HSCHR6_MHC_MCF_CTG1
ENSG00000257473	32565603	32671108	CHR_HSCHR6_MHC_COX_CTG1
ENSG00000173503	31562278	31564550	CHR_HSCHR6_MHC_QBL_CTG1
ENSG00000206466	29555423	29632960	CHR_HSCHR6_MHC_MCF_CTG1
ENSG00000234507	32890988	32903839	CHR_HSCHR6_MHC_COX_CTG1
ENSG00000183654	16067139	16180762	5
ENSG00000282937	2852743	2858163	CHR_HSCHR16_5_CTG1
ENSG00000206282	33220485	33228152	CHR_HSCHR6_MHC_QBL_CTG1
ENSG00000104714	614746	738106	8
ENSG00000281879	133255585	133275349	CHR_HG2030_PATCH
ENSG00000236561	29657481	29672869	CHR_HSCHR6_MHC_SSTO_CTG1
ENSG00000113430	1877413	1887236	5
ENSG00000281309	133328924	133336336	CHR_HG2030_PATCH
ENSG00000100731	70907405	71115382	14
ENSG00000155975	17246931	17302427	8
ENSG00000082212	50879080	50954257	18
ENSG00000281022	133338460	133348279	CHR_HG2030_PATCH
ENSG00000156261	29055805	29073797	21
ENSG00000282956	65353525	66038834	CHR_HG2235_PATCH
ENSG00000248405	44702233	44862706	22
ENSG00000232945	29173317	29174588	CHR_HSCHR6_MHC_DBB_CTG1
ENSG00000164743	13566869	13568288	8
ENSG00000226916	33257029	33267452	CHR_HSCHR6_MHC_DBB_CTG1
ENSG00000112902	9035033	9546075	5
ENSG00000248235	22589274	22602084	8
ENSG00000159167	23841929	23854806	8
ENSG00000180205	45607939	45631284	20
ENSG00000280858	133348366	133351574	CHR_HG2030_PATCH
ENSG00000104228	27284886	27311272	8
ENSG00000282928	38587641	38618882	CHR_HG26_PATCH
ENSG00000149639	36777447	36863538	20
ENSG00000229253	33236020	33239546	CHR_HSCHR6_MHC_COX_CTG1
ENSG00000224103	32986539	33002744	CHR_HSCHR6_MHC_COX_CTG1
ENSG00000198042	33485182	33501262	8
ENSG00000231679	32444128	32457245	CHR_HSCHR6_MHC_COX_CTG1
ENSG00000236925	31562695	31564662	CHR_HSCHR6_MHC_DBB_CTG1
ENSG00000224487	29373120	29449634	CHR_HSCHR6_MHC_MANN_CTG1
ENSG00000145555	16661907	16936288	5
ENSG00000230072	30975998	30976820	CHR_HSCHR6_MHC_MANN_CTG1
ENSG00000180305	45629739	45631196	20
ENSG00000175445	19901717	19967259	8
ENSG00000215328	31805699	31808181	CHR_HSCHR6_MHC_QBL_CTG1
ENSG00000233481	29396107	29397175	CHR_HSCHR6_MHC_MANN_CTG1
ENSG00000206342	31961552	31971824	CHR_HSCHR6_MHC_QBL_CTG1
ENSG00000226257	31953357	31965001	CHR_HSCHR6_MHC_DBB_CTG1
ENSG00000233149	30952827	30958749	CHR_HSCHR6_MHC_MANN_CTG1
ENSG00000141441	32124877	32470882	18
ENSG00000188064	45920366	45977162	22
ENSG00000179600	63312835	63318935	14
ENSG00000154654	20998409	21543329	21
ENSG00000101445	38805697	38923024	20
ENSG00000283984	133350829	133351541	CHR_HG2030_PATCH
ENSG00000280627	133351906	133356824	CHR_HG2030_PATCH
ENSG00000020426	60734742	60969965	14
ENSG00000100347	43955442	44010531	22
ENSG00000233151	31986739	31990111	CHR_HSCHR6_MHC_COX_CTG1
ENSG00000147421	28890395	29064764	8
ENSG00000184828	48026672	48410752	18
ENSG00000226826	33216374	33227649	CHR_HSCHR6_MHC_SSTO_CTG1
ENSG00000198862	28928144	28992956	21
ENSG00000149633	38210503	38260772	20
ENSG00000281024	133356698	133361306	CHR_HG2030_PATCH
ENSG00000206460	31107496	31112855	CHR_HSCHR6_MHC_QBL_CTG1
ENSG00000267909	69569799	69574871	14
ENSG00000206402	31697128	31708139	CHR_HSCHR6_MHC_QBL_CTG1
ENSG00000235657	29879362	29999797	CHR_HSCHR6_MHC_DBB_CTG1
ENSG00000179476	44897275	44907257	14
ENSG00000280951	133361598	133376314	CHR_HG2030_PATCH
ENSG00000206401	31702563	31704039	CHR_HSCHR6_MHC_QBL_CTG1
ENSG00000220550	29439182	29440853	CHR_HSCHR6_MHC_QBL_CTG1
ENSG00000119599	72926377	72959703	14
ENSG00000206427	31610949	31627996	CHR_HSCHR6_MHC_QBL_CTG1
ENSG00000101452	38962299	39039723	20
ENSG00000075234	46267961	46294008	22
ENSG00000223494	30958848	30971104	CHR_HSCHR6_MHC_MANN_CTG1
ENSG00000237900	31887151	31889536	CHR_HSCHR6_MHC_COX_CTG1
ENSG00000233561	30642952	30662900	CHR_HSCHR6_MHC_COX_CTG1
ENSG00000282986	38619082	38636955	CHR_HG26_PATCH
ENSG00000156006	18391282	18401218	8
ENSG00000230143	30719960	30734994	CHR_HSCHR6_MHC_SSTO_CTG1
ENSG00000171056	10723768	10730511	8
ENSG00000156284	30214006	30216097	21
ENSG00000228075	57147087	57150410	18
ENSG00000282966	42126481	42130863	CHR_HSCHR22_7_CTG1
ENSG00000222018	34400112	34401072	21
ENSG00000101782	23453287	23486603	18
ENSG00000036565	20144855	20183206	8
ENSG00000100372	40769630	40819399	22
ENSG00000228736	33461997	33469667	CHR_HSCHR6_MHC_MCF_CTG1
ENSG00000281245	133376514	133406244	CHR_HG2030_PATCH
ENSG00000227144	31752967	31764655	CHR_HSCHR6_MHC_COX_CTG1
ENSG00000142149	31873020	32044633	21
ENSG00000280706	133406207	133418244	CHR_HG2030_PATCH
ENSG00000050130	59484443	59505410	14
ENSG00000282739	66133610	66388212	CHR_HG2235_PATCH
ENSG00000154642	17788974	17819386	21
ENSG00000254778	32102303	32120449	CHR_HSCHR6_MHC_COX_CTG1
ENSG00000227472	30142269	30151257	CHR_HSCHR6_MHC_DBB_CTG1
ENSG00000141665	74073353	74147843	18
ENSG00000124191	43914852	44069616	20
ENSG00000223752	30616685	30636664	CHR_HSCHR6_MHC_COX_CTG1
ENSG00000241253	31936032	31942466	CHR_HSCHR6_MHC_QBL_CTG1
ENSG00000100106	37697048	37776556	22
ENSG00000229295	33230030	33241311	CHR_HSCHR6_MHC_MANN_CTG1
ENSG00000133398	6371874	6378571	5
ENSG00000159256	36320189	36386148	21
ENSG00000283008	42167604	42176857	CHR_HSCHR22_7_CTG1
ENSG00000282844	38647649	38731589	CHR_HG26_PATCH
ENSG00000229680	29587411	29588994	CHR_HSCHR6_MHC_DBB_CTG1
ENSG00000281244	133414506	133459550	CHR_HG2030_PATCH
ENSG00000225543	31104994	31106330	CHR_HSCHR6_MHC_DBB_CTG1
ENSG00000223833	31579641	31583730	CHR_HSCHR6_MHC_SSTO_CTG1
ENSG00000223919	31554192	31556464	CHR_HSCHR6_MHC_DBB_CTG1
ENSG00000284283	17521801	17522397	5
ENSG00000141458	23506184	23586506	18
ENSG00000124275	7851186	7906025	5
ENSG00000064655	46894624	47188844	20
ENSG00000226404	31658863	31666220	CHR_HSCHR6_MHC_DBB_CTG1
ENSG00000126785	63204114	63293508	14
ENSG00000227772	31488846	31501875	CHR_HSCHR6_MHC_SSTO_CTG1
ENSG00000159086	32733899	32771792	21
ENSG00000231975	31510897	31512412	CHR_HSCHR6_MHC_DBB_CTG1
ENSG00000227804	30590637	30608849	CHR_HSCHR6_MHC_DBB_CTG1
ENSG00000180008	55027230	55049489	14
ENSG00000232575	30764859	30770084	CHR_HSCHR6_MHC_MANN_CTG1
ENSG00000140015	62699464	63102037	14
ENSG00000282958	23311235	23351800	CHR_HSCHR1_4_CTG3
ENSG00000230705	32878685	32887454	CHR_HSCHR6_MHC_MCF_CTG1
ENSG00000282892	42187414	42343616	CHR_HSCHR22_7_CTG1
ENSG00000233931	30126512	30139132	CHR_HSCHR6_MHC_SSTO_CTG1
ENSG00000141437	31759584	31760880	18
ENSG00000206346	31960187	31962669	CHR_HSCHR6_MHC_QBL_CTG1
ENSG00000229408	29457659	29464806	CHR_HSCHR6_MHC_SSTO_CTG1
ENSG00000172466	35332227	35345482	18
ENSG00000282902	38770969	38773523	CHR_HG26_PATCH
ENSG00000244207	31964204	31984862	CHR_HSCHR6_MHC_DBB_CTG1
ENSG00000243215	33039313	33061428	CHR_HSCHR6_MHC_SSTO_CTG1
ENSG00000228090	31758047	31766164	CHR_HSCHR6_MHC_MANN_CTG1
ENSG00000283082	38789280	38791794	CHR_HG26_PATCH
ENSG00000172728	33370824	33473146	8
ENSG00000282992	38801718	38812981	CHR_HG26_PATCH
ENSG00000100304	43166622	43187134	22
ENSG00000100647	69611596	69715144	14
ENSG00000166562	59139866	59158832	18
ENSG00000258989	61529128	61657964	14
ENSG00000258724	10725399	10839847	8
ENSG00000234514	31662426	31665209	CHR_HSCHR6_MHC_MCF_CTG1
ENSG00000156687	35235475	35796550	8
ENSG00000215217	7830378	7851151	5
ENSG00000236515	33594767	33597736	CHR_HSCHR6_MHC_SSTO_CTG1
ENSG00000238114	31571300	31573267	CHR_HSCHR6_MHC_SSTO_CTG1
ENSG00000215522	30870550	30889733	CHR_HSCHR6_MHC_QBL_CTG1
ENSG00000081138	65750252	65890337	18
ENSG00000225412	32433363	32446554	CHR_HSCHR6_MHC_MANN_CTG1
ENSG00000129521	33924227	34462774	14
ENSG00000180083	45648563	45670270	20
ENSG00000186654	44668547	44737681	22
ENSG00000283510	205993721	206086303	CHR_HSCHR2_6_CTG7_2
ENSG00000282853	38815458	38831877	CHR_HG26_PATCH
ENSG00000258543	31705334	31711904	CHR_HSCHR6_MHC_MANN_CTG1
ENSG00000235302	31706117	31708565	CHR_HSCHR6_MHC_SSTO_CTG1
ENSG00000235396	32143311	32172533	CHR_HSCHR6_MHC_COX_CTG1
ENSG00000062598	46366050	46432985	20
ENSG00000113569	37288137	37371106	5
ENSG00000224952	32192405	32197856	CHR_HSCHR6_MHC_SSTO_CTG1
ENSG00000232005	32224129	32229571	CHR_HSCHR6_MHC_MANN_CTG1
ENSG00000283447	206114817	206159509	CHR_HSCHR2_6_CTG7_2
ENSG00000205929	32790673	32813743	21
ENSG00000283009	23366912	23377300	CHR_HSCHR1_4_CTG3
ENSG00000203546	31334312	31457441	14
ENSG00000134779	36777647	36829216	18
ENSG00000232421	30712452	30717677	CHR_HSCHR6_MHC_SSTO_CTG1
ENSG00000236697	32230151	32234908	CHR_HSCHR6_MHC_MANN_CTG1
ENSG00000165389	34432788	34462240	14
ENSG00000282941	23388373	23432212	CHR_HSCHR1_4_CTG3
ENSG00000170345	75278826	75282230	14
ENSG00000205726	33642400	33899861	21
ENSG00000282832	38817507	38840214	CHR_HG26_PATCH
ENSG00000226710	31821974	31827129	CHR_HSCHR6_MHC_COX_CTG1
ENSG00000223699	33316561	33346378	CHR_HSCHR6_MHC_MANN_CTG1
ENSG00000282947	38836424	38852383	CHR_HG26_PATCH
ENSG00000231631	32931434	32935368	CHR_HSCHR6_MHC_SSTO_CTG1
ENSG00000231618	32229863	32248406	CHR_HSCHR6_MHC_MCF_CTG1
ENSG00000038945	16107878	16567490	8
ENSG00000175985	69484692	69531551	14
ENSG00000282854	23436027	23492032	CHR_HSCHR1_4_CTG3
ENSG00000224393	31700763	31708879	CHR_HSCHR6_MHC_DBB_CTG1
ENSG00000119681	74498183	74612378	14
ENSG00000230467	30060650	30066271	CHR_HSCHR6_MHC_SSTO_CTG1
ENSG00000232180	31855884	31871733	CHR_HSCHR6_MHC_SSTO_CTG1
ENSG00000100150	31753867	31908033	22
ENSG00000280479	133460113	133470996	CHR_HG2030_PATCH
ENSG00000233323	31989596	32066062	CHR_HSCHR6_MHC_COX_CTG1
ENSG00000233573	30093221	30103423	CHR_HSCHR6_MHC_DBB_CTG1
ENSG00000282895	38867866	38878311	CHR_HG26_PATCH
ENSG00000092964	26514031	26658178	8
ENSG00000281165	133471242	133479275	CHR_HG2030_PATCH
ENSG00000283100	38878591	38899898	CHR_HG26_PATCH
ENSG00000183580	15500180	15939795	5
ENSG00000234000	30666650	30678156	CHR_HSCHR6_MHC_DBB_CTG1
ENSG00000236014	33390441	33412193	CHR_HSCHR6_MHC_SSTO_CTG1
ENSG00000282899	23513902	23538697	CHR_HSCHR1_4_CTG3
ENSG00000166603	60371062	60372775	18
ENSG00000283060	23565390	23566965	CHR_HSCHR1_4_CTG3
ENSG00000236895	30898049	30903971	CHR_HSCHR6_MHC_COX_CTG1
ENSG00000236490	33277619	33292309	CHR_HSCHR6_MHC_DBB_CTG1
ENSG00000166479	68673688	68715108	18
ENSG00000164236	10564070	10657816	5
ENSG00000165898	74493756	74497106	14
ENSG00000241674	32863344	32881839	CHR_HSCHR6_MHC_QBL_CTG1
ENSG00000152582	35617844	35814611	5
ENSG00000224608	31312948	31400264	CHR_HSCHR6_MHC_MANN_CTG1
ENSG00000140044	75427716	75474111	14
ENSG00000226931	29100753	29102025	CHR_HSCHR6_MHC_MCF_CTG1
ENSG00000257232	31019512	31029672	CHR_HSCHR6_MHC_MCF_CTG1
ENSG00000225748	31697009	31714058	CHR_HSCHR6_MHC_MCF_CTG1
ENSG00000164825	6870592	6877936	8
ENSG00000206447	31518986	31520501	CHR_HSCHR6_MHC_QBL_CTG1
ENSG00000206315	32142341	32147792	CHR_HSCHR6_MHC_QBL_CTG1
ENSG00000042317	88384924	88470350	14
ENSG00000078902	1274371	1309654	11
ENSG00000198959	38127385	38166578	20
ENSG00000232169	30561610	30587416	CHR_HSCHR6_MHC_DBB_CTG1
ENSG00000147454	23528956	23575463	8
ENSG00000141452	23503470	23531822	18
ENSG00000206299	32750528	32767476	CHR_HSCHR6_MHC_QBL_CTG1
ENSG00000283302	113953705	113974077	CHR_HG2288_HG2289_PATCH
ENSG00000280477	113977784	114128689	CHR_HG2288_HG2289_PATCH
ENSG00000230230	30174354	30203317	CHR_HSCHR6_MHC_COX_CTG1
ENSG00000104626	9002147	9116746	8
ENSG00000042062	50586108	50691542	20
ENSG00000283391	206159585	206162928	CHR_HSCHR2_6_CTG7_2
ENSG00000283068	82169986	82247754	CHR_HG2072_PATCH
ENSG00000284438	4338660	4339244	11
ENSG00000284546	4329865	4330449	11
ENSG00000177669	30131671	30144665	8
ENSG00000284018	4233288	4233872	11
ENSG00000117983	1223066	1262172	11
ENSG00000147459	25184689	25418082	8
ENSG00000158480	49903391	49915529	20
ENSG00000101447	38926312	38953106	20
ENSG00000197496	46709649	46736347	20
ENSG00000231825	31611467	31628517	CHR_HSCHR6_MHC_SSTO_CTG1
ENSG00000158445	49293394	49484297	20
ENSG00000237192	30141872	30150859	CHR_HSCHR6_MHC_COX_CTG1
ENSG00000206468	29555423	29559736	CHR_HSCHR6_MHC_MCF_CTG1
ENSG00000206340	31972402	31993060	CHR_HSCHR6_MHC_QBL_CTG1
ENSG00000229363	32028530	32035535	CHR_HSCHR6_MHC_MCF_CTG1
ENSG00000124249	44745865	44752313	20
ENSG00000149654	46173739	46308498	20
ENSG00000283448	206175316	206218047	CHR_HSCHR2_6_CTG7_2
ENSG00000101542	61333430	61555779	18
ENSG00000237335	33210906	33220005	CHR_HSCHR6_MHC_COX_CTG1
ENSG00000174672	1389899	1462689	11
ENSG00000282905	38899736	38908929	CHR_HG26_PATCH
ENSG00000164327	38937920	39074399	5
ENSG00000124226	49936336	49953885	20
ENSG00000283649	206279283	206319047	CHR_HSCHR2_6_CTG7_2
ENSG00000228813	32735261	32742700	CHR_HSCHR6_MHC_DBB_CTG1
ENSG00000167393	333933	386955	X
ENSG00000283099	38909016	38912194	CHR_HG26_PATCH
ENSG00000112493	33221298	33235989	CHR_HSCHR6_MHC_COX_CTG1
ENSG00000283104	38915302	38930932	CHR_HG26_PATCH
ENSG00000104660	30095408	30177208	8
ENSG00000225736	29086315	29087321	CHR_HSCHR6_MHC_DBB_CTG1
ENSG00000235346	29824187	29828345	CHR_HSCHR6_MHC_DBB_CTG1
ENSG00000175354	12785478	12929643	18
ENSG00000080189	46345980	46364458	20
ENSG00000198718	44962190	45074431	14
ENSG00000120907	26748150	26867278	8
ENSG00000183943	3604340	3713649	X
ENSG00000236625	31996944	32011233	CHR_HSCHR6_MHC_DBB_CTG1
ENSG00000228977	29044362	29045389	CHR_HSCHR6_MHC_MCF_CTG1
ENSG00000236237	31656860	31658827	CHR_HSCHR6_MHC_MCF_CTG1
ENSG00000133878	33591330	33600023	8
ENSG00000177504	8169944	8171267	X
ENSG00000230475	31677699	31694178	CHR_HSCHR6_MHC_SSTO_CTG1
ENSG00000231044	31939633	31946638	CHR_HSCHR6_MHC_COX_CTG1
ENSG00000284468	108134010	108200843	CHR_HSCHR1_6_CTG3
ENSG00000185291	1336616	1382689	X
ENSG00000167034	23678697	23682938	8
ENSG00000232616	32035523	32046194	CHR_HSCHR6_MHC_MCF_CTG1
ENSG00000147416	20197381	20226819	8
ENSG00000053770	57268924	57298742	14
ENSG00000283030	69955256	69961007	CHR_HSCHR4_9_CTG12
ENSG00000182162	1462581	1537185	X
ENSG00000282835	38915440	38949891	CHR_HG26_PATCH
ENSG00000169100	1386152	1392113	X
ENSG00000283018	38930584	38933198	CHR_HG26_PATCH
ENSG00000282891	69995931	70002570	CHR_HSCHR4_9_CTG12
ENSG00000165548	77116568	77259495	14
ENSG00000104756	25427847	25458476	8
ENSG00000282954	38941437	38975778	CHR_HG26_PATCH
ENSG00000125363	11293413	11300761	X
ENSG00000183311	30709720	30714946	CHR_HSCHR6_MHC_QBL_CTG1
ENSG00000282967	70028413	70036538	CHR_HSCHR4_9_CTG12
ENSG00000196433	1615059	1643081	X
ENSG00000284227	154238835	154498892	CHR_HSCHR4_12_CTG12
ENSG00000151812	57563920	57982194	14
ENSG00000224740	30806191	30820021	CHR_HSCHR6_MHC_MCF_CTG1
ENSG00000198768	58459101	58515399	20
ENSG00000134013	23296897	23425328	8
ENSG00000206357	31942469	31949469	CHR_HSCHR6_MHC_QBL_CTG1
ENSG00000186496	35366694	35377337	18
ENSG00000088298	35115364	35147336	20
ENSG00000283046	70050438	70058848	CHR_HSCHR4_9_CTG12
ENSG00000284017	16802651	17090582	CHR_HG2236_PATCH
ENSG00000125378	53949736	53958761	14
ENSG00000081913	62715541	62980433	18
ENSG00000229252	30479706	30484444	CHR_HSCHR6_MHC_DBB_CTG1
ENSG00000198457	32030953	32034322	CHR_HSCHR6_MHC_SSTO_CTG1
ENSG00000229185	29584054	29585637	CHR_HSCHR6_MHC_COX_CTG1
ENSG00000229432	31103717	31105053	CHR_HSCHR6_MHC_COX_CTG1
ENSG00000226923	31516169	31517684	CHR_HSCHR6_MHC_COX_CTG1
ENSG00000061337	20246165	20303963	8
ENSG00000229176	31750175	31752228	CHR_HSCHR6_MHC_COX_CTG1
ENSG00000236011	31648638	31653693	CHR_HSCHR6_MHC_COX_CTG1
ENSG00000226850	31583922	31586304	CHR_HSCHR6_MHC_MANN_CTG1
ENSG00000184661	25459199	25507911	8
ENSG00000169084	2219506	2502805	X
ENSG00000112461	29355463	29431743	CHR_HSCHR6_MHC_MCF_CTG1
ENSG00000230141	33037640	33043074	CHR_HSCHR6_MHC_MCF_CTG1
ENSG00000226111	30662345	30671031	CHR_HSCHR6_MHC_MANN_CTG1
ENSG00000124151	47501887	47656877	20
ENSG00000282868	70138066	70181249	CHR_HSCHR4_9_CTG12
ENSG00000071991	66501083	66604138	18
ENSG00000232126	31346626	31433637	CHR_HSCHR6_MHC_MCF_CTG1
ENSG00000224212	32823186	32831955	CHR_HSCHR6_MHC_DBB_CTG1
ENSG00000146950	9786429	9949443	X
ENSG00000221996	4367263	4368386	11
ENSG00000283740	17604177	17605377	5
ENSG00000053918	2444684	2849105	11
ENSG00000182836	41306952	41510628	5
ENSG00000100650	69726900	69772005	14
ENSG00000283085	82373409	82381031	CHR_HG2072_PATCH
ENSG00000283963	21522076	21527875	CHR_HSCHR5_8_CTG1
ENSG00000284036	21542357	21548155	CHR_HSCHR5_8_CTG1
ENSG00000283989	21561834	21567636	CHR_HSCHR5_8_CTG1
ENSG00000284287	21582121	21587921	CHR_HSCHR5_8_CTG1
ENSG00000235107	33362379	33366606	CHR_HSCHR6_MHC_MANN_CTG1
ENSG00000284434	21592308	21594398	CHR_HSCHR5_8_CTG1
ENSG00000284230	21601596	21607404	CHR_HSCHR5_8_CTG1
ENSG00000284151	21621899	21627692	CHR_HSCHR5_8_CTG1
ENSG00000011201	8528874	8732137	X
ENSG00000104219	17156482	17224799	8
ENSG00000224290	31639825	31645618	CHR_HSCHR6_MHC_COX_CTG1
ENSG00000223533	31187361	31203155	CHR_HSCHR6_MHC_MANN_CTG1
ENSG00000236236	32033807	32060653	CHR_HSCHR6_MHC_SSTO_CTG1
ENSG00000250305	12945642	13031503	8
ENSG00000282825	48539031	48867468	CHR_HG2213_PATCH
ENSG00000206509	29720222	29735978	CHR_HSCHR6_MHC_QBL_CTG1
ENSG00000283802	179110853	179345461	CHR_HG30_PATCH
ENSG00000224841	33213258	33220928	CHR_HSCHR6_MHC_COX_CTG1
ENSG00000229328	29044223	29045250	CHR_HSCHR6_MHC_DBB_CTG1
ENSG00000234668	31526639	31529021	CHR_HSCHR6_MHC_DBB_CTG1
ENSG00000169093	1403139	1453762	X
ENSG00000206026	75409476	75427703	18
ENSG00000223793	32720520	32726372	CHR_HSCHR6_MHC_DBB_CTG1
ENSG00000228425	33228191	33249968	CHR_HSCHR6_MHC_DBB_CTG1
ENSG00000168300	51817575	51899186	8
ENSG00000132109	4384897	4393702	11
ENSG00000141428	35972625	35979286	18
ENSG00000149054	6926404	7001004	11
ENSG00000033170	65410592	65744121	14
ENSG00000104765	26383054	26505636	8
ENSG00000056097	32354350	32444740	5
ENSG00000205755	1187549	1212723	X
ENSG00000137313	30173958	30202936	CHR_HSCHR6_MHC_QBL_CTG1
ENSG00000134504	26454910	26657401	18
ENSG00000284260	179550489	179611566	CHR_HG30_PATCH
ENSG00000151240	274190	689668	10
ENSG00000256206	14493783	14520344	11
ENSG00000110328	11270877	11622005	11
ENSG00000177138	9024232	9295682	X
ENSG00000283425	13049476	13056491	CHR_HSCHR1_5_CTG3
ENSG00000227460	33560260	33593877	CHR_HSCHR6_MHC_SSTO_CTG1
ENSG00000124089	56248732	56249815	20
ENSG00000283292	13060869	13062229	CHR_HSCHR1_5_CTG3
ENSG00000141424	36108531	36129385	18
ENSG00000283348	13068677	13077884	CHR_HSCHR1_5_CTG3
ENSG00000101425	38304150	38337505	20
ENSG00000196139	5035354	5107686	10
ENSG00000283022	70802084	71230718	CHR_HSCHR16_4_CTG3_1
ENSG00000004961	11111301	11123086	X
ENSG00000197892	29067278	29263124	8
ENSG00000175868	14904997	15082342	11
ENSG00000283370	13115488	13116854	CHR_HSCHR1_5_CTG3
ENSG00000283781	7380534	7389774	CHR_HG2046_PATCH
ENSG00000283216	13148905	13155961	CHR_HSCHR1_5_CTG3
ENSG00000283873	4287499	4288083	11
ENSG00000096150	33200834	33205337	CHR_HSCHR6_MHC_QBL_CTG1
ENSG00000284306	4242056	4242640	11
ENSG00000177054	19117099	19176422	11
ENSG00000283231	13164586	13165467	CHR_HSCHR1_5_CTG3
ENSG00000146938	5840637	6228867	X
ENSG00000283139	13172455	13179464	CHR_HSCHR1_5_CTG3
ENSG00000198081	5289019	5297053	18
ENSG00000283150	13224452	13233554	CHR_HSCHR1_5_CTG3
ENSG00000235658	30671478	30691459	CHR_HSCHR6_MHC_MANN_CTG1
ENSG00000283387	13251275	13255414	CHR_HSCHR1_5_CTG3
ENSG00000223775	30609932	30618618	CHR_HSCHR6_MHC_SSTO_CTG1
ENSG00000124126	48624252	48827999	20
ENSG00000233904	30479321	30484059	CHR_HSCHR6_MHC_COX_CTG1
ENSG00000166573	77249848	77277900	18
ENSG00000284009	7389727	7394842	CHR_HG2046_PATCH
ENSG00000283488	13273779	13279147	CHR_HSCHR1_5_CTG3
ENSG00000234746	29173300	29174571	CHR_HSCHR6_MHC_QBL_CTG1
ENSG00000227686	31781844	31786187	CHR_HSCHR6_MHC_QBL_CTG1
ENSG00000227720	30057032	30060656	CHR_HSCHR6_MHC_DBB_CTG1
ENSG00000178462	5393101	5404828	10
ENSG00000284254	179615760	179636304	CHR_HG30_PATCH
ENSG00000177058	55625845	55773194	5
ENSG00000198795	25061924	25352190	18
ENSG00000183304	8790795	8801383	X
ENSG00000284445	179649036	179651563	CHR_HG30_PATCH
ENSG00000283718	179679544	179682019	CHR_HG30_PATCH
ENSG00000206510	29672300	29681010	CHR_HSCHR6_MHC_QBL_CTG1
ENSG00000283777	179679612	179732514	CHR_HG30_PATCH
ENSG00000223639	31721342	31730525	CHR_HSCHR6_MHC_SSTO_CTG1
ENSG00000185736	1177313	1737525	10
ENSG00000235569	31730217	31751987	CHR_HSCHR6_MHC_QBL_CTG1
ENSG00000235650	33193610	33198110	CHR_HSCHR6_MHC_COX_CTG1
ENSG00000226264	32912565	32931062	CHR_HSCHR6_MHC_DBB_CTG1
ENSG00000197930	52639915	52695900	14
ENSG00000149050	6997085	7020346	11
ENSG00000104613	19817391	19852083	8
ENSG00000283630	189940870	189963202	CHR_HSCHR4_11_CTG12
ENSG00000154059	24426634	24453531	18
ENSG00000134463	11742366	11764070	10
ENSG00000215182	1157953	1201138	11
ENSG00000101955	38149336	38220924	X
ENSG00000230624	31512399	31528755	CHR_HSCHR6_MHC_DBB_CTG1
ENSG00000137403	29716754	29732497	CHR_HSCHR6_MHC_COX_CTG1
ENSG00000151465	12195965	12250589	10
ENSG00000285202	190024025	190026913	CHR_HSCHR4_11_CTG12
ENSG00000284483	7389734	7404097	CHR_HG2046_PATCH
ENSG00000284475	190070926	190072197	CHR_HSCHR4_11_CTG12
ENSG00000284002	190074232	190075503	CHR_HSCHR4_11_CTG12
ENSG00000283830	190077538	190078809	CHR_HSCHR4_11_CTG12
ENSG00000283898	190080844	190082115	CHR_HSCHR4_11_CTG12
ENSG00000284502	190084150	190085421	CHR_HSCHR4_11_CTG12
ENSG00000283893	190087456	190088727	CHR_HSCHR4_11_CTG12
ENSG00000284156	190090762	190092033	CHR_HSCHR4_11_CTG12
ENSG00000284507	190094068	190095339	CHR_HSCHR4_11_CTG12
ENSG00000284066	190097374	190098645	CHR_HSCHR4_11_CTG12
ENSG00000284174	190100680	190101951	CHR_HSCHR4_11_CTG12
ENSG00000284298	190107292	190108563	CHR_HSCHR4_11_CTG12
ENSG00000126010	16123565	16153518	X
ENSG00000170748	7088998	7091148	11
ENSG00000141668	72536680	72638521	18
ENSG00000164822	6924697	6926076	8
ENSG00000177324	18162931	18220886	X
ENSG00000283771	7402975	7404097	CHR_HG2046_PATCH
ENSG00000134343	26188842	26663289	11
ENSG00000104671	30156319	30183639	8
ENSG00000124212	49503874	49568137	20
ENSG00000283859	7404874	7419860	CHR_HG2046_PATCH
ENSG00000228605	31651971	31657032	CHR_HSCHR6_MHC_SSTO_CTG1
ENSG00000147027	34627075	34657285	X
ENSG00000139977	57390544	57415906	14
ENSG00000137332	30870863	30890046	CHR_HSCHR6_MHC_COX_CTG1
ENSG00000185915	21654690	21658330	X
ENSG00000197976	1591604	1602520	X
ENSG00000284598	7420324	7421632	CHR_HG2046_PATCH
ENSG00000283350	1012823	1036718	CHR_HG107_PATCH
ENSG00000283714	7425616	7427568	CHR_HG2046_PATCH
ENSG00000176435	38254000	38256093	14
ENSG00000221914	26291508	26372680	8
ENSG00000284090	7428857	7432820	CHR_HG2046_PATCH
ENSG00000182732	71932429	72566530	14
ENSG00000182621	8077251	8968360	20
ENSG00000286184	7428861	7436278	CHR_HG2046_PATCH
ENSG00000284228	7435435	7437679	CHR_HG2046_PATCH
ENSG00000206472	29425279	29456852	CHR_HSCHR6_MHC_MCF_CTG1
ENSG00000178473	5364966	5374692	10
ENSG00000230900	31620808	31623190	CHR_HSCHR6_MHC_MCF_CTG1
ENSG00000067082	3775996	3785281	10
ENSG00000283903	7438273	7444937	CHR_HG2046_PATCH
ENSG00000091482	21705978	21758116	X
ENSG00000040731	24487100	24644978	5
ENSG00000232312	31737508	31742562	CHR_HSCHR6_MHC_MCF_CTG1
ENSG00000235025	30197074	30206062	CHR_HSCHR6_MHC_MANN_CTG1
ENSG00000284971	1075018	1112365	CHR_HG107_PATCH
ENSG00000282830	71363481	71395224	CHR_HSCHR16_4_CTG3_1
ENSG00000237582	31159218	31165590	CHR_HSCHR6_MHC_SSTO_CTG1
ENSG00000283158	1159911	1203106	CHR_HG107_PATCH
ENSG00000149970	21372801	21654695	X
ENSG00000165629	7788147	7807815	10
ENSG00000283946	7445061	7457710	CHR_HG2046_PATCH
ENSG00000284439	17518367	17518963	5
ENSG00000206525	29044198	29045225	CHR_HSCHR6_MHC_QBL_CTG1
ENSG00000228377	29486298	29487434	CHR_HSCHR6_MHC_MANN_CTG1
ENSG00000206298	32769412	32773398	CHR_HSCHR6_MHC_QBL_CTG1
ENSG00000129170	19182030	19210571	11
ENSG00000231372	31545102	31550607	CHR_HSCHR6_MHC_MANN_CTG1
ENSG00000164294	55160167	55167297	5
ENSG00000283780	179733695	179778170	CHR_HG30_PATCH
ENSG00000197971	76978827	77133683	18
ENSG00000283887	179794850	179797517	CHR_HG30_PATCH
ENSG00000016082	51383448	51394730	5
ENSG00000235233	31442784	31459233	CHR_HSCHR6_MHC_MANN_CTG1
ENSG00000235134	32114742	32118110	CHR_HSCHR6_MHC_MCF_CTG1
ENSG00000206515	29486639	29487775	CHR_HSCHR6_MHC_QBL_CTG1
ENSG00000206324	32125820	32135704	CHR_HSCHR6_MHC_QBL_CTG1
ENSG00000170743	7238778	7469043	11
ENSG00000284501	179798463	179807814	CHR_HG30_PATCH
ENSG00000237022	31312208	31315579	CHR_HSCHR6_MHC_MANN_CTG1
ENSG00000154122	14704800	14871778	5
ENSG00000283868	7459366	7484263	CHR_HG2046_PATCH
ENSG00000283530	85955666	86838884	CHR_HG2063_PATCH
ENSG00000282841	22413599	22417915	CHR_HSCHR18_5_CTG1_1
ENSG00000284515	7481332	7483496	CHR_HG2046_PATCH
ENSG00000284832	7484366	7514614	CHR_HG2046_PATCH
ENSG00000065665	12129637	12169961	10
ENSG00000254598	11351942	11353250	11
ENSG00000113593	65563236	65587549	5
ENSG00000183161	22622533	22625823	11
ENSG00000159261	36460621	36576569	21
ENSG00000197217	23385783	23457695	8
ENSG00000167333	4598672	4608231	11
ENSG00000226225	33442379	33446883	CHR_HSCHR6_MHC_MCF_CTG1
ENSG00000157542	37607373	38121345	21
ENSG00000241837	33903453	33915814	21
ENSG00000282837	42128127	42141929	CHR_HSCHR22_6_CTG1
ENSG00000227074	31744980	31747032	CHR_HSCHR6_MHC_DBB_CTG1
ENSG00000152219	30323104	30338223	11
ENSG00000234258	31791805	31797251	CHR_HSCHR6_MHC_DBB_CTG1
ENSG00000283026	42157475	42343616	CHR_HSCHR22_6_CTG1
ENSG00000229094	31158060	31164434	CHR_HSCHR6_MHC_DBB_CTG1
ENSG00000129158	17788048	18013047	11
ENSG00000236802	33447505	33449198	CHR_HSCHR6_MHC_MCF_CTG1
ENSG00000225452	32254782	32257219	CHR_HSCHR6_MHC_MCF_CTG1
ENSG00000206283	33218133	33227229	CHR_HSCHR6_MHC_QBL_CTG1
ENSG00000284126	99027438	99144100	CHR_HG2088_PATCH
ENSG00000283966	54724479	54736502	CHR_HSCHR19KIR_CA01-TB04_CTG3_1
ENSG00000164808	47260878	47736306	8
ENSG00000236222	33449481	33459870	CHR_HSCHR6_MHC_MCF_CTG1
ENSG00000154645	17901263	18267373	21
ENSG00000206486	30642608	30662557	CHR_HSCHR6_MHC_QBL_CTG1
ENSG00000283790	54738477	54753006	CHR_HSCHR19KIR_CA01-TB04_CTG3_1
ENSG00000284169	54788172	54790295	CHR_HSCHR19KIR_CA01-TB04_CTG3_1
ENSG00000151876	41925254	41941743	5
ENSG00000283902	54803584	54814500	CHR_HSCHR19KIR_CA01-TB04_CTG3_1
ENSG00000225590	33171888	33193647	CHR_HSCHR6_MHC_COX_CTG1
ENSG00000283153	189940870	189963202	CHR_HG2023_PATCH
ENSG00000284099	179821758	179838931	CHR_HG30_PATCH
ENSG00000283918	179835986	179863026	CHR_HG30_PATCH
ENSG00000151655	7703316	7749520	10
ENSG00000235125	31623212	31635161	CHR_HSCHR6_MHC_MCF_CTG1
ENSG00000284068	99173574	99207506	CHR_HG2088_PATCH
ENSG00000113389	32689070	32791724	5
ENSG00000285063	190024025	190026913	CHR_HG2023_PATCH
ENSG00000284383	190070926	190072197	CHR_HG2023_PATCH
ENSG00000284496	190074232	190075503	CHR_HG2023_PATCH
ENSG00000284262	190077538	190078809	CHR_HG2023_PATCH
ENSG00000283767	190080844	190082115	CHR_HG2023_PATCH
ENSG00000284210	190084150	190085421	CHR_HG2023_PATCH
ENSG00000283884	190087456	190088727	CHR_HG2023_PATCH
ENSG00000160307	46598604	46605208	21
ENSG00000283955	190090762	190092033	CHR_HG2023_PATCH
ENSG00000284025	190094068	190095339	CHR_HG2023_PATCH
ENSG00000283878	190097374	190098645	CHR_HG2023_PATCH
ENSG00000284181	190100680	190101951	CHR_HG2023_PATCH
ENSG00000283820	190103986	190105257	CHR_HG2023_PATCH
ENSG00000283949	190107292	190108563	CHR_HG2023_PATCH
ENSG00000156273	29194071	29630751	21
ENSG00000101493	76357682	76495242	18
ENSG00000284301	54816484	54830352	CHR_HSCHR19KIR_CA01-TB04_CTG3_1
ENSG00000206290	33091492	33121309	CHR_HSCHR6_MHC_QBL_CTG1
ENSG00000234809	30766531	30769904	CHR_HSCHR6_MHC_MCF_CTG1
ENSG00000154080	26906481	27185308	18
ENSG00000284255	49981473	49982535	CHR_HG1708_PATCH
ENSG00000288487	54833122	54858674	CHR_HSCHR19KIR_CA01-TB04_CTG3_1
ENSG00000186812	35241030	35267133	18
ENSG00000288593	43939919	43959673	21
ENSG00000228907	32217742	32220181	CHR_HSCHR6_MHC_MANN_CTG1
ENSG00000283284	42126498	42130880	CHR_HSCHR22_8_CTG1
ENSG00000288650	54876141	54890110	CHR_HSCHR19KIR_CA01-TB04_CTG3_1
ENSG00000283784	54908995	54919911	CHR_HSCHR19KIR_CA01-TB04_CTG3_1
ENSG00000283967	17590364	17590960	5
ENSG00000283988	17593798	17594394	5
ENSG00000169271	54455699	54456377	5
ENSG00000121691	34438934	34472060	11
ENSG00000157557	38805183	38824955	21
ENSG00000234605	31182466	31184282	CHR_HSCHR6_MHC_MANN_CTG1
ENSG00000134363	53480626	53487134	5
ENSG00000230961	31779445	31786880	CHR_HSCHR6_MHC_MANN_CTG1
ENSG00000206208	33470037	33484728	CHR_HSCHR6_MHC_MCF_CTG1
ENSG00000165609	12165330	12196144	10
ENSG00000283985	410325	431062	CHR_HG2285_HG106_HG2252_PATCH
ENSG00000284465	17585162	17585758	5
ENSG00000198355	49960768	49964072	22
ENSG00000284373	17498231	17498827	5
ENSG00000283979	439978	445939	CHR_HG2285_HG106_HG2252_PATCH
ENSG00000112996	44808947	44820428	5
ENSG00000230108	31566312	31569081	CHR_HSCHR6_MHC_SSTO_CTG1
ENSG00000134490	23197144	23437961	18
ENSG00000283883	470782	683831	CHR_HG2285_HG106_HG2252_PATCH
ENSG00000093000	45163925	45188017	22
ENSG00000283889	54921895	54935763	CHR_HSCHR19KIR_CA01-TB04_CTG3_1
ENSG00000231945	31768274	31785735	CHR_HSCHR6_MHC_SSTO_CTG1
ENSG00000237071	28903816	28924807	CHR_HSCHR6_MHC_COX_CTG1
ENSG00000112964	42423439	42721878	5
ENSG00000284400	179862919	179907859	CHR_HG30_PATCH
ENSG00000149100	32583798	32606264	11
ENSG00000288206	54938533	54964264	CHR_HSCHR19KIR_CA01-TB04_CTG3_1
ENSG00000230336	31209245	31215620	CHR_HSCHR6_MHC_MANN_CTG1
ENSG00000283373	42153945	42158119	CHR_HSCHR22_8_CTG1
ENSG00000225998	31873692	31883281	CHR_HSCHR6_MHC_MCF_CTG1
ENSG00000284120	54966899	54980727	CHR_HSCHR19KIR_CA01-TB04_CTG3_1
ENSG00000054803	55997357	56005519	20
ENSG00000151468	12896625	13099652	10
ENSG00000283681	42173689	42343616	CHR_HSCHR22_8_CTG1
ENSG00000054793	51596514	51768390	20
ENSG00000157551	38155549	38307357	21
ENSG00000224774	31655985	31664295	CHR_HSCHR6_MHC_SSTO_CTG1
ENSG00000151657	7750962	7787993	10
ENSG00000234243	32267189	32271946	CHR_HSCHR6_MHC_MCF_CTG1
ENSG00000171044	10896045	11201833	8
ENSG00000225291	29303399	29304364	CHR_HSCHR6_MHC_COX_CTG1
ENSG00000284101	54983256	54988720	CHR_HSCHR19KIR_CA01-TB04_CTG3_1
ENSG00000166478	9460319	9528524	11
ENSG00000224305	32679790	32687227	CHR_HSCHR6_MHC_COX_CTG1
ENSG00000205593	50309030	50327012	22
ENSG00000225737	31946626	31957297	CHR_HSCHR6_MHC_COX_CTG1
ENSG00000147437	25419258	25424654	8
ENSG00000224398	31741515	31749825	CHR_HSCHR6_MHC_MCF_CTG1
ENSG00000125970	33993646	34108308	20
ENSG00000151461	11920022	12043170	10
ENSG00000272295	31962758	31973199	CHR_HSCHR6_MHC_QBL_CTG1
ENSG00000283243	50721436	50733232	CHR_HG1311_PATCH
ENSG00000112474	33133453	33135646	CHR_HSCHR6_MHC_QBL_CTG1
ENSG00000283539	50738219	50745356	CHR_HG1311_PATCH
ENSG00000205758	33589341	33643926	21
ENSG00000130638	45671798	45845307	22
ENSG00000215048	33004965	33016242	CHR_HSCHR6_MHC_QBL_CTG1
ENSG00000284371	54724479	54736535	CHR_HSCHR19KIR_7191059-1_CTG3_1
ENSG00000070778	88465778	88555007	14
ENSG00000284333	54738511	54753035	CHR_HSCHR19KIR_7191059-1_CTG3_1
ENSG00000231676	29169965	29171236	CHR_HSCHR6_MHC_COX_CTG1
ENSG00000227761	31621198	31634883	CHR_HSCHR6_MHC_DBB_CTG1
ENSG00000234947	31958721	31968992	CHR_HSCHR6_MHC_COX_CTG1
ENSG00000284347	54769776	54784305	CHR_HSCHR19KIR_7191059-1_CTG3_1
ENSG00000183379	74405894	74426210	14
ENSG00000100422	46684410	46738252	22
ENSG00000134759	36129444	36180557	18
ENSG00000113100	26880597	27121150	5
ENSG00000100523	53036745	53153323	14
ENSG00000176244	15075475	15088776	10
ENSG00000284096	107044705	107161811	CHR_HG2266_PATCH
ENSG00000152464	15097180	15139818	10
ENSG00000089101	20052514	20360703	20
ENSG00000123243	7559270	7666998	10
ENSG00000242685	32877327	32899448	CHR_HSCHR6_MHC_QBL_CTG1
ENSG00000100239	50343304	50445090	22
ENSG00000151388	33523535	33892019	5
ENSG00000234876	32202513	32231740	CHR_HSCHR6_MHC_SSTO_CTG1
ENSG00000284555	54758122	54760232	CHR_HSCHR19KIR_HG2396_CTG3_1
ENSG00000283847	107168961	107202522	CHR_HG2266_PATCH
ENSG00000284013	54789901	54800883	CHR_HSCHR19KIR_HG2396_CTG3_1
ENSG00000284460	54803507	54814530	CHR_HSCHR19KIR_7191059-1_CTG3_1
ENSG00000156239	28872191	28885371	21
ENSG00000226614	33122069	33126063	CHR_HSCHR6_MHC_COX_CTG1
ENSG00000229077	31939669	31955518	CHR_HSCHR6_MHC_MCF_CTG1
ENSG00000036473	38352586	38421446	X
ENSG00000147041	38006553	38128819	X
ENSG00000249209	33584687	33931607	21
ENSG00000225247	29397025	29398093	CHR_HSCHR6_MHC_SSTO_CTG1
ENSG00000234602	55219564	55227315	5
ENSG00000206502	30048487	30054477	CHR_HSCHR6_MHC_QBL_CTG1
ENSG00000227277	32186026	32188465	CHR_HSCHR6_MHC_SSTO_CTG1
ENSG00000239754	31933196	31939630	CHR_HSCHR6_MHC_COX_CTG1
ENSG00000154736	26917922	26967088	21
ENSG00000260314	17809348	17911164	10
ENSG00000145626	35951006	36001028	5
ENSG00000168575	42416475	42541926	8
ENSG00000232062	32730753	32736617	CHR_HSCHR6_MHC_SSTO_CTG1
ENSG00000284369	107201555	107564647	CHR_HG2266_PATCH
ENSG00000214943	31482875	31488039	14
ENSG00000224960	27460207	27463341	X
ENSG00000139921	51240162	51257655	14
ENSG00000236342	30649829	30675633	CHR_HSCHR6_MHC_MCF_CTG1
ENSG00000157617	41885112	41954018	21
ENSG00000173698	18989307	19122637	X
ENSG00000237333	31730753	31753433	CHR_HSCHR6_MHC_SSTO_CTG1
ENSG00000145526	19471296	20575873	5
ENSG00000206314	32148372	32153129	CHR_HSCHR6_MHC_QBL_CTG1
ENSG00000124216	49982980	49988886	20
ENSG00000104611	19313693	19396218	8
ENSG00000109851	20156155	20160475	11
ENSG00000129151	27040725	27127809	11
ENSG00000198894	77098126	77117287	14
ENSG00000206338	31850614	31999312	CHR_HSCHR6_MHC_QBL_CTG1
ENSG00000284342	54802834	54817144	CHR_HSCHR19KIR_HG2396_CTG3_1
ENSG00000283827	54816481	54830792	CHR_HSCHR19KIR_7191059-1_CTG3_1
ENSG00000107611	16823966	17129811	10
ENSG00000101194	62952707	62969585	20
ENSG00000284104	54724479	54736542	CHR_HSCHR19KIR_0019-4656-A_CTG3_1
ENSG00000173276	41986831	42010387	21
ENSG00000227642	32207600	32217484	CHR_HSCHR6_MHC_MANN_CTG1
ENSG00000237727	31602592	31604429	CHR_HSCHR6_MHC_COX_CTG1
ENSG00000206579	55102028	55542054	8
ENSG00000283812	107470143	107475810	CHR_HG2266_PATCH
ENSG00000087302	51989514	52010694	14
ENSG00000187398	24496970	25082638	11
ENSG00000039560	34656328	34832612	5
ENSG00000284103	107563617	107578656	CHR_HG2266_PATCH
ENSG00000284504	54738518	54753046	CHR_HSCHR19KIR_0019-4656-A_CTG3_1
ENSG00000183638	10606349	10712187	8
ENSG00000159228	36069941	36073166	21
ENSG00000132825	59936663	59940305	20
ENSG00000240694	26504701	26514092	8
ENSG00000283723	54769802	54784331	CHR_HSCHR19KIR_0019-4656-A_CTG3_1
ENSG00000101132	54208087	54228052	20
ENSG00000228896	31951734	31962405	CHR_HSCHR6_MHC_SSTO_CTG1
ENSG00000179431	35618460	35620865	11
ENSG00000206452	31258588	31261959	CHR_HSCHR6_MHC_QBL_CTG1
ENSG00000228254	32789880	32797319	CHR_HSCHR6_MHC_MCF_CTG1
ENSG00000159231	36135079	36146562	21
ENSG00000243719	32870929	32893044	CHR_HSCHR6_MHC_COX_CTG1
ENSG00000241132	31745397	31749825	CHR_HSCHR6_MHC_MCF_CTG1
ENSG00000101182	62136733	62143440	20
ENSG00000183530	31676256	31750140	22
ENSG00000258817	49952391	49953419	11
ENSG00000159216	34787801	36004667	21
ENSG00000254087	55879835	56014169	8
ENSG00000235905	30241686	30251176	CHR_HSCHR6_MHC_MCF_CTG1
ENSG00000283852	107580906	107618493	CHR_HG2266_PATCH
ENSG00000151320	32329298	32837684	14
ENSG00000283846	54832690	54848582	CHR_HSCHR19KIR_7191059-1_CTG3_1
ENSG00000284244	54819042	54834935	CHR_HSCHR19KIR_HG2396_CTG3_1
ENSG00000184937	32387775	32435564	11
ENSG00000107614	17137336	17202054	10
ENSG00000188636	44492583	44498233	22
ENSG00000283951	54850452	54867240	CHR_HSCHR19KIR_7191059-1_CTG3_1
ENSG00000284381	54836809	54853573	CHR_HSCHR19KIR_HG2396_CTG3_1
ENSG00000124215	59958423	60034011	20
ENSG00000231479	31850729	31866590	CHR_HSCHR6_MHC_COX_CTG1
ENSG00000133477	39994954	40043534	22
ENSG00000283961	54803543	54814528	CHR_HSCHR19KIR_0019-4656-A_CTG3_1
ENSG00000228284	32663658	32684403	CHR_HSCHR6_MHC_MCF_CTG1
ENSG00000100362	36800684	36819479	22
ENSG00000166979	32412006	32515397	21
ENSG00000182858	49900229	49918438	22
ENSG00000147481	49909789	50796692	8
ENSG00000197586	25195693	25228075	20
ENSG00000232143	30586013	30601810	CHR_HSCHR6_MHC_MANN_CTG1
ENSG00000283997	21158377	21180616	CHR_HG926_PATCH
ENSG00000234674	31153422	31159096	CHR_HSCHR6_MHC_SSTO_CTG1
ENSG00000139874	38207904	38213067	14
ENSG00000227506	31062263	31068453	CHR_HSCHR6_MHC_MCF_CTG1
ENSG00000150637	69831158	69961803	18
ENSG00000226531	31734577	31737051	CHR_HSCHR6_MHC_MCF_CTG1
ENSG00000100629	80476983	80959517	14
ENSG00000230726	32515215	32520425	CHR_HSCHR6_MHC_MCF_CTG1
ENSG00000233348	31629769	31643448	CHR_HSCHR6_MHC_SSTO_CTG1
ENSG00000235132	29453753	29460899	CHR_HSCHR6_MHC_COX_CTG1
ENSG00000284588	21197450	21214510	CHR_HG926_PATCH
ENSG00000100321	39349925	39385575	22
ENSG00000235758	32244640	32254524	CHR_HSCHR6_MHC_MCF_CTG1
ENSG00000235360	31645706	31648178	CHR_HSCHR6_MHC_COX_CTG1
ENSG00000241713	31656528	31660956	CHR_HSCHR6_MHC_COX_CTG1
ENSG00000228867	30732707	30736080	CHR_HSCHR6_MHC_MANN_CTG1
ENSG00000165985	16513734	16521879	10
ENSG00000159079	32592079	32612603	21
ENSG00000226402	30092809	30103024	CHR_HSCHR6_MHC_COX_CTG1
ENSG00000260811	50032874	50033794	11
ENSG00000101695	32018825	32073219	18
ENSG00000148481	15778170	15860507	10
ENSG00000221954	49981473	49982535	11
ENSG00000133818	14277922	14364506	11
ENSG00000100095	26169462	26383597	22
ENSG00000197563	61905255	62187118	18
ENSG00000235017	31885329	31933220	CHR_HSCHR6_MHC_COX_CTG1
ENSG00000235176	30054063	30060065	CHR_HSCHR6_MHC_MANN_CTG1
ENSG00000284290	21233699	21253850	CHR_HG926_PATCH
ENSG00000283954	54816479	54830810	CHR_HSCHR19KIR_0019-4656-A_CTG3_1
ENSG00000283738	21402110	21424449	CHR_HG926_PATCH
ENSG00000139971	57999735	58298139	14
ENSG00000165309	22928024	23038523	10
ENSG00000283892	21472115	21478634	CHR_HG926_PATCH
ENSG00000265590	32402511	32612865	21
ENSG00000284218	21744964	21767544	CHR_HG926_PATCH
ENSG00000206492	30530868	30546666	CHR_HSCHR6_MHC_QBL_CTG1
ENSG00000288373	21815465	21821981	CHR_HG926_PATCH
ENSG00000284282	21946243	21983930	CHR_HG926_PATCH
ENSG00000070367	57200507	57268905	14
ENSG00000284161	21992621	22075070	CHR_HG926_PATCH
ENSG00000285317	28199456	28233029	CHR_HSCHR1_8_CTG3
ENSG00000284487	22200470	22273045	CHR_HG926_PATCH
ENSG00000284316	22280232	22297482	CHR_HG926_PATCH
ENSG00000284493	22321945	22327924	CHR_HG926_PATCH
ENSG00000283826	22369984	22376491	CHR_HG926_PATCH
ENSG00000283855	22423969	22446363	CHR_HG926_PATCH
ENSG00000284559	22520552	22559704	CHR_HG926_PATCH
ENSG00000284548	22625708	22681332	CHR_HG926_PATCH
ENSG00000283934	22628529	22641587	CHR_HG926_PATCH
ENSG00000285390	28236109	28246906	CHR_HSCHR1_8_CTG3
ENSG00000284330	22801555	22808047	CHR_HG926_PATCH
ENSG00000262655	13962723	14268133	11
ENSG00000284454	22855983	22878913	CHR_HG926_PATCH
ENSG00000242220	32497967	32587373	21
ENSG00000243897	32203996	32207669	CHR_HSCHR6_MHC_MANN_CTG1
ENSG00000133872	30063003	30083208	8
ENSG00000285069	28259518	28282491	CHR_HSCHR1_8_CTG3
ENSG00000206478	30732716	30734071	CHR_HSCHR6_MHC_QBL_CTG1
ENSG00000226417	31806863	31816046	CHR_HSCHR6_MHC_MCF_CTG1
ENSG00000206206	33296480	33307190	CHR_HSCHR6_MHC_DBB_CTG1
ENSG00000284944	28329002	28335965	CHR_HSCHR1_8_CTG3
ENSG00000206524	29086195	29087300	CHR_HSCHR6_MHC_QBL_CTG1
ENSG00000285005	207821288	208025527	CHR_HSCHR2_8_CTG7_2
ENSG00000243627	34418715	34423951	21
ENSG00000154640	17593653	17612945	21
ENSG00000229597	32351409	32364583	CHR_HSCHR6_MHC_QBL_CTG1
ENSG00000284307	54832708	54848388	CHR_HSCHR19KIR_0019-4656-A_CTG3_1
ENSG00000284384	54850262	54867032	CHR_HSCHR19KIR_0019-4656-A_CTG3_1
ENSG00000206490	30560870	30586674	CHR_HSCHR6_MHC_QBL_CTG1
ENSG00000226788	33130117	33134342	CHR_HSCHR6_MHC_COX_CTG1
ENSG00000285434	208127748	208130665	CHR_HSCHR2_8_CTG7_2
ENSG00000225824	32811324	32820618	CHR_HSCHR6_MHC_MANN_CTG1
ENSG00000285011	208134278	208135969	CHR_HSCHR2_8_CTG7_2
ENSG00000172817	64587763	64798737	8
ENSG00000184900	44805617	44818779	21
ENSG00000234530	31534315	31546261	CHR_HSCHR6_MHC_COX_CTG1
ENSG00000119720	90267860	90331969	14
ENSG00000178538	60185412	60281400	8
ENSG00000154719	25585656	25607517	21
ENSG00000150867	22534854	22714578	10
ENSG00000133874	33547754	33567128	8
ENSG00000226936	33198732	33200425	CHR_HSCHR6_MHC_COX_CTG1
ENSG00000231823	32895064	32900625	CHR_HSCHR6_MHC_MANN_CTG1
ENSG00000137197	31107584	31112941	CHR_HSCHR6_MHC_COX_CTG1
ENSG00000205476	99500190	99604207	14
ENSG00000230456	30871677	30890873	CHR_HSCHR6_MHC_DBB_CTG1
ENSG00000231377	30731576	30751521	CHR_HSCHR6_MHC_MCF_CTG1
ENSG00000284137	18225635	18244875	CHR_HSCHR17_3_CTG1
ENSG00000225164	31608127	31625177	CHR_HSCHR6_MHC_COX_CTG1
ENSG00000236443	32994477	32998463	CHR_HSCHR6_MHC_MANN_CTG1
ENSG00000285222	10492223	10629368	CHR_HG2057_PATCH
ENSG00000155307	14485228	14658821	21
ENSG00000179133	23202696	23344845	10
ENSG00000237462	28914742	28923955	CHR_HSCHR6_MHC_MANN_CTG1
ENSG00000080823	102224500	102305190	14
ENSG00000198610	5195462	5218949	10
ENSG00000237114	31160057	31165363	CHR_HSCHR6_MHC_MANN_CTG1
ENSG00000233599	30208315	30217805	CHR_HSCHR6_MHC_MANN_CTG1
ENSG00000206445	31534725	31537107	CHR_HSCHR6_MHC_QBL_CTG1
ENSG00000229381	30230427	30239418	CHR_HSCHR6_MHC_MCF_CTG1
ENSG00000115705	1374066	1543711	2
ENSG00000130701	62410237	62427539	20
ENSG00000141934	281040	291403	19
ENSG00000212866	31817974	31820498	CHR_HSCHR6_MHC_QBL_CTG1
ENSG00000221974	30897757	30903679	CHR_HSCHR6_MHC_QBL_CTG1
ENSG00000284571	18244815	18258738	CHR_HSCHR17_3_CTG1
ENSG00000165061	40530590	40897833	8
ENSG00000284510	54738510	54753036	CHR_HSCHR19KIR_CA01-TB01_CTG3_1
ENSG00000205670	34375480	34416961	21
ENSG00000231129	30616012	30641816	CHR_HSCHR6_MHC_MANN_CTG1
ENSG00000285312	10671418	10694797	CHR_HG2057_PATCH
ENSG00000100360	36758202	36776256	22
ENSG00000283763	54758593	54767076	CHR_HSCHR19KIR_CA01-TB01_CTG3_1
ENSG00000101439	23626706	23638473	20
ENSG00000284896	144048948	144058845	CHR_HSCHR7_3_CTG4_4
ENSG00000284401	54769779	54784308	CHR_HSCHR19KIR_CA01-TB01_CTG3_1
ENSG00000285496	144074223	144075152	CHR_HSCHR7_3_CTG4_4
ENSG00000284949	144095100	144096029	CHR_HSCHR7_3_CTG4_4
ENSG00000285071	144109569	144110522	CHR_HSCHR7_3_CTG4_4
ENSG00000204740	19048801	19790401	10
ENSG00000284891	144129097	144130023	CHR_HSCHR7_3_CTG4_4
ENSG00000236902	31783184	31794200	CHR_HSCHR6_MHC_MCF_CTG1
ENSG00000288370	144183495	144185825	CHR_HSCHR7_3_CTG4_4
ENSG00000288422	144186923	144188374	CHR_HSCHR7_3_CTG4_4
ENSG00000284836	144231943	144232863	CHR_HSCHR7_3_CTG4_4
ENSG00000285059	144251330	144251623	CHR_HSCHR7_3_CTG4_4
ENSG00000284749	144258719	144259648	CHR_HSCHR7_3_CTG4_4
ENSG00000288181	144266940	144269270	CHR_HSCHR7_3_CTG4_4
ENSG00000288136	144285553	144286986	CHR_HSCHR7_3_CTG4_4
ENSG00000285362	144299403	144299696	CHR_HSCHR7_3_CTG4_4
ENSG00000285105	144318162	144319082	CHR_HSCHR7_3_CTG4_4
ENSG00000285408	144360650	144373656	CHR_HSCHR7_3_CTG4_4
ENSG00000284912	144378365	144380695	CHR_HSCHR7_3_CTG4_4
ENSG00000284827	144387992	144388921	CHR_HSCHR7_3_CTG4_4
ENSG00000159263	36699115	36749917	21
ENSG00000285226	10694972	10709782	CHR_HG2057_PATCH
ENSG00000285013	144396023	144396316	CHR_HSCHR7_3_CTG4_4
ENSG00000285154	144414782	144415702	CHR_HSCHR7_3_CTG4_4
ENSG00000284933	144450317	144475530	CHR_HSCHR7_3_CTG4_4
ENSG00000223531	30181379	30191586	CHR_HSCHR6_MHC_MCF_CTG1
ENSG00000121005	74984505	75034558	8
ENSG00000285328	144492136	144505111	CHR_HSCHR7_3_CTG4_4
ENSG00000148488	17315421	17454595	10
ENSG00000154162	21750673	22853344	5
ENSG00000284936	10722915	10731129	CHR_HG2057_PATCH
ENSG00000101193	62938147	62948475	20
ENSG00000099812	751112	764318	19
ENSG00000288119	144718185	144718358	CHR_HSCHR7_3_CTG4_4
ENSG00000224234	29435874	29437545	CHR_HSCHR6_MHC_COX_CTG1
ENSG00000227046	33240162	33250873	CHR_HSCHR6_MHC_COX_CTG1
ENSG00000136750	26216665	26304558	10
ENSG00000100311	39223359	39244982	22
ENSG00000183145	37006150	37019662	21
ENSG00000124225	57648392	57711536	20
ENSG00000230763	33109380	33120645	CHR_HSCHR6_MHC_MCF_CTG1
ENSG00000284562	54803603	54814519	CHR_HSCHR19KIR_CA01-TB01_CTG3_1
ENSG00000160208	43659560	43696079	21
ENSG00000284234	17525235	17525831	5
ENSG00000070193	44300247	44389706	5
ENSG00000206302	32587742	32595353	CHR_HSCHR6_MHC_QBL_CTG1
ENSG00000152932	58582221	58859394	5
ENSG00000160209	43719094	43762307	21
ENSG00000186732	43411196	43507848	22
ENSG00000101365	2658395	2664219	20
ENSG00000223957	31897282	31902529	CHR_HSCHR6_MHC_MANN_CTG1
ENSG00000205030	55827219	55828154	11
ENSG00000243804	31697109	31700820	CHR_HSCHR6_MHC_QBL_CTG1
ENSG00000138964	44172956	44219533	22
ENSG00000284111	54816504	54830372	CHR_HSCHR19KIR_CA01-TB01_CTG3_1
ENSG00000086205	49145092	49208638	11
ENSG00000172244	43486709	43515148	5
ENSG00000196610	32684806	32692245	CHR_HSCHR6_MHC_QBL_CTG1
ENSG00000104679	23270120	23296279	8
ENSG00000237056	33484759	33488283	CHR_HSCHR6_MHC_MCF_CTG1
ENSG00000237216	29823845	29828003	CHR_HSCHR6_MHC_MCF_CTG1
ENSG00000215425	31520488	31536841	CHR_HSCHR6_MHC_QBL_CTG1
ENSG00000227739	30710059	30715284	CHR_HSCHR6_MHC_COX_CTG1
ENSG00000064687	1039997	1065572	19
ENSG00000213231	95686426	95692628	14
ENSG00000231974	31691869	31697663	CHR_HSCHR6_MHC_MANN_CTG1
ENSG00000285262	6406596	6648508	CHR_HG76_PATCH
ENSG00000288357	54833142	54858873	CHR_HSCHR19KIR_CA01-TB01_CTG3_1
ENSG00000196663	102362941	102502477	14
ENSG00000170571	50396192	50443248	5
ENSG00000150051	27672874	27746060	10
ENSG00000236765	31951992	31954474	CHR_HSCHR6_MHC_DBB_CTG1
ENSG00000283937	54861549	54875377	CHR_HSCHR19KIR_CA01-TB01_CTG3_1
ENSG00000204221	33200708	33211131	CHR_HSCHR6_MHC_COX_CTG1
ENSG00000104722	24913758	24919098	8
ENSG00000232099	29671913	29680622	CHR_HSCHR6_MHC_MANN_CTG1
ENSG00000232106	32300437	32379326	CHR_HSCHR6_MHC_SSTO_CTG1
ENSG00000131831	17800049	17861337	X
ENSG00000263761	47322454	47327588	10
ENSG00000227826	32574846	32589794	CHR_HSCHR6_MHC_MANN_CTG1
ENSG00000284466	54877873	54894659	CHR_HSCHR19KIR_CA01-TB01_CTG3_1
ENSG00000169126	27775186	27999079	10
ENSG00000164181	60751791	60844274	5
ENSG00000047230	16587999	16712936	X
ENSG00000284980	6708642	6761503	CHR_HG76_PATCH
ENSG00000164751	76980258	77001044	8
ENSG00000237733	30065423	30071044	CHR_HSCHR6_MHC_MANN_CTG1
ENSG00000234443	31697525	31699973	CHR_HSCHR6_MHC_DBB_CTG1
ENSG00000239329	33088404	33106898	CHR_HSCHR6_MHC_MANN_CTG1
ENSG00000124164	58389229	58451101	20
ENSG00000226248	31712749	31721936	CHR_HSCHR6_MHC_DBB_CTG1
ENSG00000285327	6811203	6835487	CHR_HG76_PATCH
ENSG00000147485	51319577	51809445	8
ENSG00000100290	43110750	43129712	22
ENSG00000231641	30262891	30291774	CHR_HSCHR6_MHC_MCF_CTG1
ENSG00000284881	6870569	6877898	CHR_HG76_PATCH
ENSG00000285136	6924551	6925929	CHR_HG76_PATCH
ENSG00000231247	30666252	30677758	CHR_HSCHR6_MHC_COX_CTG1
ENSG00000100271	43039516	43089419	22
ENSG00000213949	52787916	52959209	5
ENSG00000285318	6935673	6938159	CHR_HG76_PATCH
ENSG00000100764	90256527	90275429	14
ENSG00000227565	31586326	31598283	CHR_HSCHR6_MHC_MANN_CTG1
ENSG00000160213	43772511	43776330	21
ENSG00000116017	925781	975939	19
ENSG00000182463	52972358	53495330	20
ENSG00000237829	30057093	30060717	CHR_HSCHR6_MHC_SSTO_CTG1
ENSG00000284495	18260597	18266552	CHR_HSCHR17_3_CTG1
ENSG00000284983	6977491	6979922	CHR_HG76_PATCH
ENSG00000284913	6987258	6988100	CHR_HG76_PATCH
ENSG00000228712	33126266	33128451	CHR_HSCHR6_MHC_COX_CTG1
ENSG00000285176	6996733	6997594	CHR_HG76_PATCH
ENSG00000160214	43789513	43805293	21
ENSG00000091656	76681239	76867281	8
ENSG00000284924	7006376	7007219	CHR_HG76_PATCH
ENSG00000284835	7015719	7018151	CHR_HG76_PATCH
ENSG00000132821	37903111	37945350	20
ENSG00000286905	3532008	3558333	2
ENSG00000283750	54901684	54918869	CHR_HSCHR19KIR_CA01-TB01_CTG3_1
ENSG00000171853	3379675	3485094	2
ENSG00000284113	54933637	54940317	CHR_HSCHR19KIR_CA01-TB01_CTG3_1
ENSG00000125977	34088309	34112243	20
ENSG00000285251	7055160	7056595	CHR_HG76_PATCH
ENSG00000226215	31728695	31734489	CHR_HSCHR6_MHC_MCF_CTG1
ENSG00000228267	31969570	31983859	CHR_HSCHR6_MHC_COX_CTG1
ENSG00000125384	52314305	52328598	14
ENSG00000241822	31697642	31701354	CHR_HSCHR6_MHC_SSTO_CTG1
ENSG00000064932	1107637	1174268	19
ENSG00000285832	7264368	7267379	CHR_HG76_PATCH
ENSG00000284870	7281632	7284454	CHR_HG76_PATCH
ENSG00000277403	29063961	29076488	CHR_HSCHR6_MHC_MANN_CTG1
ENSG00000228892	32175884	32185768	CHR_HSCHR6_MHC_SSTO_CTG1
ENSG00000284979	7314775	7328172	CHR_HG76_PATCH
ENSG00000169906	16650158	16654670	X
ENSG00000077943	15513954	15719922	10
ENSG00000285015	7334489	7336403	CHR_HG76_PATCH
ENSG00000257215	31215489	31217512	CHR_HSCHR6_MHC_MANN_CTG1
ENSG00000284238	18271428	18315007	CHR_HSCHR17_3_CTG1
ENSG00000177182	61057158	61501645	8
ENSG00000285617	7337700	7341475	CHR_HG76_PATCH
ENSG00000285034	7348998	7353771	CHR_HG76_PATCH
ENSG00000259164	77098311	77225462	14
ENSG00000235068	31242859	31249234	CHR_HSCHR6_MHC_MCF_CTG1
ENSG00000187516	37990779	37991314	X
ENSG00000203883	64047582	64049639	20
ENSG00000285507	7360575	7376076	CHR_HG76_PATCH
ENSG00000102218	46837043	46882358	X
ENSG00000206378	31853571	31869426	CHR_HSCHR6_MHC_QBL_CTG1
ENSG00000285376	7393965	7395109	CHR_HG76_PATCH
ENSG00000154930	25006230	25058980	20
ENSG00000285433	7407233	7409249	CHR_HG76_PATCH
ENSG00000236884	32548950	32583052	CHR_HSCHR6_MHC_DBB_CTG1
ENSG00000228435	31640476	31642950	CHR_HSCHR6_MHC_DBB_CTG1
ENSG00000130943	46255663	46263343	22
ENSG00000243003	31689056	31692766	CHR_HSCHR6_MHC_DBB_CTG1
ENSG00000012174	21839617	21885423	X
ENSG00000284958	7446613	7450965	CHR_HG76_PATCH
ENSG00000285120	7462876	7466132	CHR_HG76_PATCH
ENSG00000284480	54724485	54736499	CHR_HSCHR19KIR_HG2394_CTG3_1
ENSG00000100124	37830855	37849327	22
ENSG00000284781	7485404	7486996	CHR_HG76_PATCH
ENSG00000171060	10672628	10700590	8
ENSG00000230930	33140587	33170405	CHR_HSCHR6_MHC_DBB_CTG1
ENSG00000284806	7490130	7491722	CHR_HG76_PATCH
ENSG00000066739	96279195	96363341	14
ENSG00000160216	43865223	43987592	21
ENSG00000285795	7545459	7548469	CHR_HG76_PATCH
ENSG00000182551	3497366	3519531	2
ENSG00000284947	7715430	7715600	CHR_HG76_PATCH
ENSG00000182798	16167481	16171464	X
ENSG00000285316	7755882	7766294	CHR_HG76_PATCH
ENSG00000104442	65602458	65634217	8
ENSG00000285070	1688574	1788674	CHR_HG1815_PATCH
ENSG00000035499	60596912	60700190	5
ENSG00000148482	17951839	18043292	10
ENSG00000285124	7833826	7837080	CHR_HG76_PATCH
ENSG00000189132	34942796	34944915	X
ENSG00000285249	7874916	7882269	CHR_HG76_PATCH
ENSG00000102098	18239313	18354688	X
ENSG00000284236	54738477	54753024	CHR_HSCHR19KIR_HG2394_CTG3_1
ENSG00000284754	7956435	7959574	CHR_HG76_PATCH
ENSG00000285365	7968158	7970427	CHR_HG76_PATCH
ENSG00000284953	1791963	1918666	CHR_HG1815_PATCH
ENSG00000285087	7978152	7978814	CHR_HG76_PATCH
ENSG00000284551	54769766	54784293	CHR_HSCHR19KIR_HG2394_CTG3_1
ENSG00000275249	372322	373405	KI270727.1
ENSG00000274792	386278	387620	KI270727.1
ENSG00000276760	136160	167571	KI270727.1
ENSG00000285132	8084702	8110299	CHR_HG76_PATCH
ENSG00000284967	8113504	8150080	CHR_HG76_PATCH
ENSG00000284811	8166558	8166788	CHR_HG76_PATCH
ENSG00000100784	90847861	91060641	14
ENSG00000285217	8190710	8191399	CHR_HG76_PATCH
ENSG00000285109	8192811	8275840	CHR_HG76_PATCH
ENSG00000183186	405445	409147	19
ENSG00000206512	29587374	29588957	CHR_HSCHR6_MHC_QBL_CTG1
ENSG00000205922	1753506	1780988	19
ENSG00000225103	32670013	32675872	CHR_HSCHR6_MHC_QBL_CTG1
ENSG00000116032	1000419	1009732	19
ENSG00000101134	54475593	54651169	20
ENSG00000158526	54440404	54448032	X
ENSG00000198168	22813799	22830299	11
ENSG00000206306	32513411	32544028	CHR_HSCHR6_MHC_QBL_CTG1
ENSG00000100300	43151547	43163242	22
ENSG00000183690	44147872	44343672	X
ENSG00000172554	950849	1367613	2
ENSG00000170946	31369840	31432835	11
ENSG00000049860	74640023	74722647	5
ENSG00000221947	70669339	70790371	8
ENSG00000064666	1026586	1039068	19
ENSG00000172671	45615500	45672780	10
ENSG00000234846	31850351	31855624	CHR_HSCHR6_MHC_SSTO_CTG1
ENSG00000284206	54803569	54814519	CHR_HSCHR19KIR_HG2394_CTG3_1
ENSG00000158470	49632945	49713878	20
ENSG00000180182	40648305	40735858	X
ENSG00000283741	18315293	18328056	CHR_HSCHR17_3_CTG1
ENSG00000186113	55795556	55796500	11
ENSG00000284320	18327881	18363567	CHR_HSCHR17_3_CTG1
ENSG00000284166	18387383	18399252	CHR_HSCHR17_3_CTG1
ENSG00000285369	8388247	8409603	CHR_HG76_PATCH
ENSG00000205213	27365961	27472790	11
ENSG00000160218	44012309	44106552	21
ENSG00000285072	8508887	8509267	CHR_HG76_PATCH
ENSG00000172404	40859549	40862113	22
ENSG00000076641	80967810	81112068	8
ENSG00000020256	52051663	52204308	20
ENSG00000284798	8528676	8528930	CHR_HG76_PATCH
ENSG00000100105	31325804	31346346	22
ENSG00000111971	31667433	31674786	CHR_HSCHR6_MHC_SSTO_CTG1
ENSG00000171865	3541430	3558333	2
ENSG00000284021	18486342	18504550	CHR_HSCHR17_3_CTG1
ENSG00000137573	69466624	69660915	8
ENSG00000182512	95533503	95544724	14
ENSG00000235676	31674358	31690824	CHR_HSCHR6_MHC_COX_CTG1
ENSG00000140057	96392128	96489427	14
ENSG00000231135	30692058	30710140	CHR_HSCHR6_MHC_SSTO_CTG1
ENSG00000285084	8619367	8620687	CHR_HG76_PATCH
ENSG00000284589	54816470	54830783	CHR_HSCHR19KIR_HG2394_CTG3_1
ENSG00000283875	54724479	54736533	CHR_HSCHR19KIR_CA01-TA01_1_CTG3_1
ENSG00000285032	8628793	8666765	CHR_HG76_PATCH
ENSG00000279761	55773438	55774382	11
ENSG00000284927	8750316	8756526	CHR_HG76_PATCH
ENSG00000186509	58023881	58181616	11
ENSG00000095777	25934229	26212532	10
ENSG00000138944	44243665	44312951	22
ENSG00000279514	55572128	55573060	11
ENSG00000152380	80487969	80542563	5
ENSG00000151353	663877	677406	2
ENSG00000284764	9112146	9226509	CHR_HG76_PATCH
ENSG00000183134	60850933	60855950	11
ENSG00000196236	40857077	40932815	22
ENSG00000183574	32135962	32138401	CHR_HSCHR6_MHC_QBL_CTG1
ENSG00000166326	35662775	35818007	11
ENSG00000285438	9221397	9228140	CHR_HG76_PATCH
ENSG00000088808	103733195	103847575	14
ENSG00000285147	9251333	9279211	CHR_HG76_PATCH
ENSG00000164853	1232872	1237326	7
ENSG00000237012	30637275	30643339	CHR_HSCHR6_MHC_DBB_CTG1
ENSG00000284132	54738510	54753069	CHR_HSCHR19KIR_CA01-TA01_1_CTG3_1
ENSG00000110048	59574398	59615774	11
ENSG00000198865	42756818	42802439	5
ENSG00000250364	29374013	29450575	CHR_HSCHR6_MHC_SSTO_CTG1
ENSG00000234798	31962464	31964946	CHR_HSCHR6_MHC_SSTO_CTG1
ENSG00000239857	876554	896436	7
ENSG00000241945	44107373	44131181	21
ENSG00000147119	46573765	46598496	X
ENSG00000284514	54769810	54784338	CHR_HSCHR19KIR_CA01-TA01_1_CTG3_1
ENSG00000171863	3575260	3580920	2
ENSG00000273820	49879484	49882558	X
ENSG00000101115	51782331	51802521	20
ENSG00000285141	9397615	9426245	CHR_HG76_PATCH
ENSG00000206286	33179079	33200871	CHR_HSCHR6_MHC_QBL_CTG1
ENSG00000104953	2977538	2995179	19
ENSG00000183579	28883572	29057488	22
ENSG00000171365	49922596	50099235	X
ENSG00000039123	55307989	55425579	5
ENSG00000230048	31747771	31759475	CHR_HSCHR6_MHC_DBB_CTG1
ENSG00000176555	48306223	48307152	11
ENSG00000101144	57168753	57266641	20
ENSG00000172772	58266792	58268260	11
ENSG00000197786	58358124	58359069	11
ENSG00000285250	9522867	9898846	CHR_HG76_PATCH
ENSG00000221840	54706832	54707902	11
ENSG00000157540	37365573	37526358	21
ENSG00000223465	31568266	31571053	CHR_HSCHR6_MHC_DBB_CTG1
ENSG00000167996	61959718	61967634	11
ENSG00000164880	1470277	1504389	7
ENSG00000100266	42835412	43015149	22
ENSG00000284264	54832712	54848602	CHR_HSCHR19KIR_HG2394_CTG3_1
ENSG00000284365	54803554	54814536	CHR_HSCHR19KIR_CA01-TA01_1_CTG3_1
ENSG00000258880	31697661	31708679	CHR_HSCHR6_MHC_SSTO_CTG1
ENSG00000284046	54850469	54867221	CHR_HSCHR19KIR_HG2394_CTG3_1
ENSG00000278450	29064823	29077352	CHR_HSCHR6_MHC_SSTO_CTG1
ENSG00000151379	17816460	17817798	2
ENSG00000101407	37983007	38033461	20
ENSG00000075643	36187497	36272157	18
ENSG00000163029	17663812	17800242	2
ENSG00000066455	92794305	92839947	14
ENSG00000099864	708935	748329	19
ENSG00000228405	32126831	32129264	CHR_HSCHR6_MHC_COX_CTG1
ENSG00000285372	10177060	10400259	CHR_HG76_PATCH
ENSG00000184735	22999960	23003589	X
ENSG00000174695	83052846	83077863	5
ENSG00000070269	56488354	56650606	14
ENSG00000177689	27807990	27823014	X
ENSG00000166342	72742314	72868146	18
ENSG00000132631	18813783	18814378	20
ENSG00000125533	63005927	63007035	20
ENSG00000102313	54748918	54798255	X
ENSG00000148450	23095579	23122013	10
ENSG00000149503	62123998	62153169	11
ENSG00000235715	32763034	32767021	CHR_HSCHR6_MHC_COX_CTG1
ENSG00000179242	61252261	61940617	20
ENSG00000157927	4797055	4883716	7
ENSG00000145681	83637805	83720855	5
ENSG00000229496	31606569	31622924	CHR_HSCHR6_MHC_MCF_CTG1
ENSG00000165186	23334849	23404374	X
ENSG00000256574	45302298	45315608	10
ENSG00000169895	16719612	16765340	X
ENSG00000168267	23192312	23194245	10
ENSG00000099256	24848614	24952606	10
ENSG00000086232	6022247	6059175	7
ENSG00000102043	64268081	64395452	X
ENSG00000125910	3172346	3180332	19
ENSG00000227993	32388087	32393254	CHR_HSCHR6_MHC_COX_CTG1
ENSG00000038427	83471618	83582303	5
ENSG00000125912	3185563	3209575	19
ENSG00000168468	32091037	32104024	CHR_HSCHR6_MHC_DBB_CTG1
ENSG00000008086	18425583	18653629	X
ENSG00000284127	54724479	54736532	CHR_HSCHR19KIR_7191059-2_CTG3_1
ENSG00000229284	30930561	30943780	CHR_HSCHR6_MHC_QBL_CTG1
ENSG00000285343	10804785	10820105	CHR_HG76_PATCH
ENSG00000148426	11823339	11872277	10
ENSG00000215077	32897392	32910230	CHR_HSCHR6_MHC_QBL_CTG1
ENSG00000133313	74495816	74523454	18
ENSG00000227801	33084308	33114125	CHR_HSCHR6_MHC_COX_CTG1
ENSG00000285022	11063643	11170702	CHR_HG76_PATCH
ENSG00000284044	54738494	54753018	CHR_HSCHR19KIR_CA04_CTG3_1
ENSG00000284100	54769582	54784118	CHR_HSCHR19KIR_502960008-2_CTG3_1
ENSG00000285098	11252761	11254920	CHR_HG76_PATCH
ENSG00000101079	36651766	36746090	20
ENSG00000283722	54769770	54786707	CHR_HSCHR19KIR_CA04_CTG3_1
ENSG00000284426	54816487	54830797	CHR_HSCHR19KIR_CA01-TA01_1_CTG3_1
ENSG00000135362	36296288	36465204	11
ENSG00000284004	54793733	54810918	CHR_HSCHR19KIR_CA04_CTG3_1
ENSG00000284241	54738509	54753057	CHR_HSCHR19KIR_7191059-2_CTG3_1
ENSG00000151023	24981979	25062279	10
ENSG00000178381	1152071	1160759	7
ENSG00000054983	87837820	87993665	14
ENSG00000288316	54773339	54775455	CHR_HSCHR19KIR_7191059-2_CTG3_1
ENSG00000284340	54803544	54814494	CHR_HSCHR19KIR_7191059-2_CTG3_1
ENSG00000136770	21756548	22003769	10
ENSG00000285962	11925041	11928051	CHR_HG76_PATCH
ENSG00000285432	12013695	12017701	CHR_HG76_PATCH
ENSG00000285411	12023992	12025826	CHR_HG76_PATCH
ENSG00000284937	12027161	12030974	CHR_HG76_PATCH
ENSG00000285356	12038494	12043266	CHR_HG76_PATCH
ENSG00000288309	12050031	12065549	CHR_HG76_PATCH
ENSG00000162981	14632700	14650814	2
ENSG00000128276	32354885	32361161	22
ENSG00000276418	79918860	80080775	8
ENSG00000164654	7566875	7608932	7
ENSG00000284978	12083409	12084681	CHR_HG76_PATCH
ENSG00000165084	68330955	68819023	8
ENSG00000233209	32634703	32644644	CHR_HSCHR6_MHC_DBB_CTG1
ENSG00000283986	54803392	54814342	CHR_HSCHR19KIR_502960008-2_CTG3_1
ENSG00000285181	12096694	12098729	CHR_HG76_PATCH
ENSG00000110442	36269284	36289449	11
ENSG00000122912	68477998	68527523	10
ENSG00000284907	12136093	12140452	CHR_HG76_PATCH
ENSG00000285286	12152311	12155567	CHR_HG76_PATCH
ENSG00000285497	12174834	12176855	CHR_HG76_PATCH
ENSG00000151693	9206765	9405683	2
ENSG00000284990	12179565	12181474	CHR_HG76_PATCH
ENSG00000284093	54816446	54830759	CHR_HSCHR19KIR_7191059-2_CTG3_1
ENSG00000100220	32387582	32412248	22
ENSG00000285397	12225889	12236336	CHR_HG76_PATCH
ENSG00000141956	41798225	41879482	21
ENSG00000285186	12276938	12277108	CHR_HG76_PATCH
ENSG00000124935	62242239	62244812	11
ENSG00000165443	59176643	59247774	10
ENSG00000285283	31812391	32104665	11
ENSG00000285360	12521983	12556166	CHR_HG76_PATCH
ENSG00000186660	58579063	58621550	11
ENSG00000283727	54832695	54848588	CHR_HSCHR19KIR_CA01-TA01_1_CTG3_1
ENSG00000106511	15611212	15686683	7
ENSG00000174227	499210	540200	4
ENSG00000284295	54850462	54867223	CHR_HSCHR19KIR_CA01-TA01_1_CTG3_1
ENSG00000230034	32818694	32822680	CHR_HSCHR6_MHC_DBB_CTG1
ENSG00000011132	3750772	3761692	19
ENSG00000177706	192571	260772	7
ENSG00000164879	85373436	85449040	8
ENSG00000138303	72096032	72217134	10
ENSG00000225997	54682877	54683821	11
ENSG00000225211	31665195	31669285	CHR_HSCHR6_MHC_MCF_CTG1
ENSG00000283729	54816294	54830607	CHR_HSCHR19KIR_502960008-2_CTG3_1
ENSG00000149124	58640426	58731974	11
ENSG00000164916	4682295	4771442	7
ENSG00000206465	30920912	30921734	CHR_HSCHR6_MHC_QBL_CTG1
ENSG00000083720	41730065	41870425	5
ENSG00000164749	75407914	75566834	8
ENSG00000128245	31944522	31957603	22
ENSG00000146540	996986	1138260	7
ENSG00000206463	30973281	30979676	CHR_HSCHR6_MHC_QBL_CTG1
ENSG00000105289	3708362	3750813	19
ENSG00000171858	62387103	62388520	20
ENSG00000150244	55262155	55271114	11
ENSG00000227780	33292340	33295864	CHR_HSCHR6_MHC_DBB_CTG1
ENSG00000267140	35443871	35497940	18
ENSG00000228263	31845377	31861227	CHR_HSCHR6_MHC_DBB_CTG1
ENSG00000150656	74534500	74587212	18
ENSG00000255359	22846922	22860474	11
ENSG00000128203	26429260	26445015	22
ENSG00000206404	31666915	31674267	CHR_HSCHR6_MHC_QBL_CTG1
ENSG00000169006	11658178	11670195	2
ENSG00000226275	31648357	31650629	CHR_HSCHR6_MHC_MCF_CTG1
ENSG00000087510	56629306	56639283	20
ENSG00000185238	20387558	20509338	11
ENSG00000284033	54724503	54752350	CHR_HSCHR19KIR_HG2393_CTG3_1
ENSG00000100104	26483877	26494658	22
ENSG00000104331	56957931	56993867	8
ENSG00000284872	12806341	12822192	CHR_HG76_PATCH
ENSG00000288673	12886135	12915978	CHR_HG76_PATCH
ENSG00000196368	51490011	51496592	X
ENSG00000283882	54832688	54848578	CHR_HSCHR19KIR_7191059-2_CTG3_1
ENSG00000183214	31389818	31406373	CHR_HSCHR6_MHC_QBL_CTG1
ENSG00000165164	35919734	36385317	X
ENSG00000176731	85214048	85220421	8
ENSG00000100109	26491225	26512505	22
ENSG00000184402	62143769	62182514	20
ENSG00000100739	96256210	96268967	14
ENSG00000284192	54850445	54867195	CHR_HSCHR19KIR_7191059-2_CTG3_1
ENSG00000084674	21001429	21044073	2
ENSG00000226182	31573530	31576311	CHR_HSCHR6_MHC_COX_CTG1
ENSG00000101361	2652593	2658393	20
ENSG00000170779	105009573	105021083	14
ENSG00000204689	29439082	29440753	CHR_HSCHR6_MHC_MCF_CTG1
ENSG00000226201	32874193	32878179	CHR_HSCHR6_MHC_MCF_CTG1
ENSG00000285383	1820267	1836753	CHR_HG1815_PATCH
ENSG00000206279	33247394	33258105	CHR_HSCHR6_MHC_QBL_CTG1
ENSG00000284225	54758126	54760236	CHR_HSCHR19KIR_HG2393_CTG3_1
ENSG00000164828	816615	896435	7
ENSG00000283742	54771254	54780267	CHR_HSCHR19KIR_HG2393_CTG3_1
ENSG00000284217	54782674	54797009	CHR_HSCHR19KIR_HG2393_CTG3_1
ENSG00000186814	35251058	35290245	18
ENSG00000283870	54832536	54847547	CHR_HSCHR19KIR_502960008-2_CTG3_1
ENSG00000167825	55935456	55936400	11
ENSG00000187612	55913650	55914582	11
ENSG00000162174	62337448	62393412	11
ENSG00000100600	92703807	92748679	14
ENSG00000284850	1946053	2004535	CHR_HG1815_PATCH
ENSG00000268994	72781865	72782660	X
ENSG00000284213	54849415	54866185	CHR_HSCHR19KIR_502960008-2_CTG3_1
ENSG00000237962	30974428	30980608	CHR_HSCHR6_MHC_DBB_CTG1
ENSG00000124479	43948776	43973395	X
ENSG00000284560	54799641	54813469	CHR_HSCHR19KIR_HG2393_CTG3_1
ENSG00000232251	30931715	30944934	CHR_HSCHR6_MHC_DBB_CTG1
ENSG00000113387	32531633	32604079	5
ENSG00000237710	33053864	33065131	CHR_HSCHR6_MHC_DBB_CTG1
ENSG00000224180	31220974	31236769	CHR_HSCHR6_MHC_MCF_CTG1
ENSG00000230797	21855987	21858740	X
ENSG00000165169	37836757	37847571	X
ENSG00000040341	73420369	73747708	8
ENSG00000128791	9334767	9402420	18
ENSG00000100122	26599278	26618027	22
ENSG00000284528	54815973	54832763	CHR_HSCHR19KIR_HG2393_CTG3_1
ENSG00000283823	54724488	54736506	CHR_HSCHR19KIR_CA01-TA01_2_CTG3_1
ENSG00000196431	26621963	26630669	22
ENSG00000206052	69400888	69849087	18
ENSG00000147081	50190777	50201007	X
ENSG00000285479	1970786	2703922	CHR_HG1815_PATCH
ENSG00000109911	31509755	31790324	11
ENSG00000265203	47348363	47357881	10
ENSG00000133466	37180166	37199385	22
ENSG00000150477	36829106	37232172	18
ENSG00000165322	31805398	31928876	10
ENSG00000283996	54738483	54753037	CHR_HSCHR19KIR_CA01-TA01_2_CTG3_1
ENSG00000095932	3473986	3480525	19
ENSG00000284530	54769779	54784306	CHR_HSCHR19KIR_CA01-TA01_2_CTG3_1
ENSG00000278195	37204237	37212477	22
ENSG00000206485	30665910	30677416	CHR_HSCHR6_MHC_QBL_CTG1
ENSG00000167476	2252252	2269759	19
ENSG00000187045	37065436	37109713	22
ENSG00000069535	43766610	43882450	X
ENSG00000284245	54873209	54890394	CHR_HSCHR19KIR_502960008-2_CTG3_1
ENSG00000285137	85955666	86838904	CHR_HSCHR12_8_CTG2_1
ENSG00000105428	5455417	5456856	19
ENSG00000084754	26190635	26244672	2
ENSG00000206491	30546378	30553215	CHR_HSCHR6_MHC_QBL_CTG1
ENSG00000141905	3314403	3469217	19
ENSG00000224246	30921066	30921888	CHR_HSCHR6_MHC_COX_CTG1
ENSG00000224770	32342174	32355327	CHR_HSCHR6_MHC_COX_CTG1
ENSG00000109667	9771153	10054936	4
ENSG00000284061	54839791	54856976	CHR_HSCHR19KIR_HG2393_CTG3_1
ENSG00000240118	32822113	32857517	CHR_HSCHR6_MHC_DBB_CTG1
ENSG00000227587	31531911	31534293	CHR_HSCHR6_MHC_COX_CTG1
ENSG00000101096	51386957	51562831	20
ENSG00000152611	35904288	35938779	5
ENSG00000206487	30636534	30642598	CHR_HSCHR6_MHC_QBL_CTG1
ENSG00000154065	23598926	23662911	18
ENSG00000254405	31727419	31752228	CHR_HSCHR6_MHC_COX_CTG1
ENSG00000155659	66021738	66040125	X
ENSG00000284509	54803507	54814530	CHR_HSCHR19KIR_CA01-TA01_2_CTG3_1
ENSG00000236949	30049228	30055232	CHR_HSCHR6_MHC_DBB_CTG1
ENSG00000206459	31129969	31131783	CHR_HSCHR6_MHC_QBL_CTG1
ENSG00000239285	31659349	31663777	CHR_HSCHR6_MHC_QBL_CTG1
ENSG00000113597	65625004	65666233	5
ENSG00000090061	99481169	99535044	14
ENSG00000206297	32773904	32782673	CHR_HSCHR6_MHC_QBL_CTG1
ENSG00000284901	128064778	128160821	CHR_HSCHR3_9_CTG2_1
ENSG00000288668	121652732	121669478	CHR_HG2047_PATCH
ENSG00000109606	24517441	24584554	4
ENSG00000102221	46912276	47061242	X
ENSG00000160199	42974510	43033931	21
ENSG00000272602	53286	88208	4
ENSG00000227129	31934136	31939383	CHR_HSCHR6_MHC_MCF_CTG1
ENSG00000078043	46803218	46920160	18
ENSG00000237103	31571039	31575129	CHR_HSCHR6_MHC_DBB_CTG1
ENSG00000140104	104985775	105010482	14
ENSG00000214866	3703575	3848008	2
ENSG00000237344	32133204	32138654	CHR_HSCHR6_MHC_COX_CTG1
ENSG00000206394	31720799	31729989	CHR_HSCHR6_MHC_QBL_CTG1
ENSG00000189299	55623400	55626192	X
ENSG00000288651	54871744	54878424	CHR_HSCHR19KIR_HG2393_CTG3_1
ENSG00000176887	5692384	5701385	2
ENSG00000065923	46599251	46759118	X
ENSG00000109625	8592660	8619759	4
ENSG00000031823	5916139	5978142	19
ENSG00000277893	31522480	31580938	2
ENSG00000100014	24270817	24417739	22
ENSG00000143867	19351485	19358623	2
ENSG00000235773	30677910	30681283	CHR_HSCHR6_MHC_COX_CTG1
ENSG00000228987	32414554	32419764	CHR_HSCHR6_MHC_DBB_CTG1
ENSG00000183576	99397748	99480889	14
ENSG00000284086	54724485	54736499	CHR_HSCHR19KIR_0010-5217-AB_CTG3_1
ENSG00000284869	128160388	128415576	CHR_HSCHR3_9_CTG2_1
ENSG00000160200	43053191	43076943	21
ENSG00000183891	19896631	19901983	2
ENSG00000225691	31345885	31349256	CHR_HSCHR6_MHC_MCF_CTG1
ENSG00000113088	55024256	55034570	5
ENSG00000157851	26847747	26950351	2
ENSG00000228299	31260956	31264327	CHR_HSCHR6_MHC_DBB_CTG1
ENSG00000166016	34150987	34358010	11
ENSG00000113273	78777209	78986087	5
ENSG00000167220	47107408	47150500	18
ENSG00000283702	54738476	54753016	CHR_HSCHR19KIR_0010-5217-AB_CTG3_1
ENSG00000152953	5051480	5500994	4
ENSG00000187601	55452127	55453566	X
ENSG00000284177	54816481	54830792	CHR_HSCHR19KIR_CA01-TA01_2_CTG3_1
ENSG00000274588	50365409	50470825	X
ENSG00000196074	59863564	59933655	20
ENSG00000288389	54786172	54787996	CHR_HSCHR19KIR_0010-5217-AB_CTG3_1
ENSG00000283953	54794996	54812181	CHR_HSCHR19KIR_0010-5217-AB_CTG3_1
ENSG00000243067	32766454	32801905	CHR_HSCHR6_MHC_COX_CTG1
ENSG00000172289	59712916	59713845	11
ENSG00000123219	65517766	65563168	5
ENSG00000285301	144262045	144291438	CHR_HG2419_PATCH
ENSG00000166889	59636716	59669037	11
ENSG00000003147	8113184	8262687	7
ENSG00000206312	32152449	32181676	CHR_HSCHR6_MHC_QBL_CTG1
ENSG00000072401	58334979	58370751	10
ENSG00000267228	47108188	47176345	18
ENSG00000285387	47565336	47584562	CHR_HG2114_PATCH
ENSG00000087842	15384799	15493564	X
ENSG00000134827	59852800	59866489	11
ENSG00000134049	47152834	47176364	18
ENSG00000206240	32508164	32538771	CHR_HSCHR6_MHC_COX_CTG1
ENSG00000215474	47206169	47251660	18
ENSG00000185567	104937244	104978374	14
ENSG00000163132	4859665	4863936	4
ENSG00000266524	47300197	47313577	10
ENSG00000152270	14643804	14872044	11
ENSG00000177426	3411608	3459978	18
ENSG00000170891	5014586	5019458	4
ENSG00000100865	102341102	102362916	14
ENSG00000258555	24270898	24442356	22
ENSG00000128271	24417879	24442357	22
ENSG00000196693	42574185	42638570	10
ENSG00000284408	54832690	54848582	CHR_HSCHR19KIR_CA01-TA01_2_CTG3_1
ENSG00000084710	25042076	25159135	2
ENSG00000131080	66595637	66639298	X
ENSG00000155275	8436140	8493531	4
ENSG00000284063	54850452	54867238	CHR_HSCHR19KIR_CA01-TA01_2_CTG3_1
ENSG00000206287	33137310	33141537	CHR_HSCHR6_MHC_QBL_CTG1
ENSG00000165914	90524564	90816479	14
ENSG00000285206	47565430	47573461	CHR_HG2114_PATCH
ENSG00000099250	33177492	33336262	10
ENSG00000258677	73688691	73878854	8
ENSG00000206396	31708815	31716928	CHR_HSCHR6_MHC_QBL_CTG1
ENSG00000100024	24494107	24528390	22
ENSG00000104327	90058608	90095475	8
ENSG00000173198	78271468	78327691	X
ENSG00000284900	47572197	47578976	CHR_HG2114_PATCH
ENSG00000169676	9781634	9784009	4
ENSG00000284774	144291591	144314720	CHR_HG2419_PATCH
ENSG00000169744	16501541	16898678	4
ENSG00000130702	62307955	62367312	20
ENSG00000182220	40579372	40606848	X
ENSG00000149516	60056587	60071115	11
ENSG00000100028	24555958	24582052	22
ENSG00000284938	47586693	47589194	CHR_HG2114_PATCH
ENSG00000141384	26226445	26391685	18
ENSG00000284838	47589667	47594411	CHR_HG2114_PATCH
ENSG00000133401	31639131	32110932	5
ENSG00000228875	31652646	31660956	CHR_HSCHR6_MHC_COX_CTG1
ENSG00000285121	47617315	47647147	CHR_HG2114_PATCH
ENSG00000286070	24556007	24628987	22
ENSG00000284807	23953734	24011760	CHR_HG1_PATCH
ENSG00000178026	24585620	24593208	22
ENSG00000224399	33370805	33374799	CHR_HSCHR6_MHC_MCF_CTG1
ENSG00000123119	90791741	90959393	8
ENSG00000284511	54724500	54738318	CHR_HSCHR19KIR_0019-4656-B_CTG3_1
ENSG00000176533	2511219	2702694	19
ENSG00000206484	30677568	30680941	CHR_HSCHR6_MHC_QBL_CTG1
ENSG00000285482	144314584	144326910	CHR_HG2419_PATCH
ENSG00000105248	4247080	4269088	19
ENSG00000119714	91232532	91253925	14
ENSG00000255073	58579172	58624639	11
ENSG00000100031	24594811	24629005	22
ENSG00000124942	62433542	62556235	11
ENSG00000060558	3136033	3163749	19
ENSG00000106537	16753755	16784536	7
ENSG00000258691	96204844	96263929	14
ENSG00000152315	90061994	90185853	14
ENSG00000231115	33378855	33383082	CHR_HSCHR6_MHC_MCF_CTG1
ENSG00000160202	43169008	43172805	21
ENSG00000141682	59899996	59904305	18
ENSG00000283915	54724485	54736500	CHR_HSCHR19KIR_502960008-1_CTG3_1
ENSG00000164949	94249253	94262350	8
ENSG00000283716	54744096	54746206	CHR_HSCHR19KIR_0019-4656-B_CTG3_1
ENSG00000175065	31376777	31414912	18
ENSG00000285501	47664132	47719930	CHR_HG2114_PATCH
ENSG00000284089	54757172	54766181	CHR_HSCHR19KIR_0019-4656-B_CTG3_1
ENSG00000042088	89954939	90044764	14
ENSG00000106399	7636518	7718607	7
ENSG00000196208	11482341	11642788	2
ENSG00000160633	5623035	5668478	19
ENSG00000149657	62122461	62135374	20
ENSG00000284039	54768588	54782745	CHR_HSCHR19KIR_0019-4656-B_CTG3_1
ENSG00000160201	43092956	43107570	21
ENSG00000237599	32855328	32872254	CHR_HSCHR6_MHC_MCF_CTG1
ENSG00000134480	87318416	87412930	5
ENSG00000284580	54800209	54814178	CHR_HSCHR19KIR_0019-4656-B_CTG3_1
ENSG00000284457	54833970	54844886	CHR_HSCHR19KIR_0019-4656-B_CTG3_1
ENSG00000206439	31565793	31568564	CHR_HSCHR6_MHC_QBL_CTG1
ENSG00000148948	40114203	41459773	11
ENSG00000122584	8433609	8752961	7
ENSG00000205189	80485619	80526265	8
ENSG00000283708	54738475	54752995	CHR_HSCHR19KIR_502960008-1_CTG3_1
ENSG00000167995	61950063	61965515	11
ENSG00000206437	31570783	31572750	CHR_HSCHR6_MHC_QBL_CTG1
ENSG00000215612	8846076	8871839	4
ENSG00000218823	4857738	4862030	7
ENSG00000284145	54769736	54784266	CHR_HSCHR19KIR_502960008-1_CTG3_1
ENSG00000106392	7156934	7248616	7
ENSG00000087495	59577509	59847711	20
ENSG00000152990	22345071	22516066	4
ENSG00000206376	31870139	31888078	CHR_HSCHR6_MHC_QBL_CTG1
ENSG00000134757	31447741	31478702	18
ENSG00000227567	31634594	31640388	CHR_HSCHR6_MHC_DBB_CTG1
ENSG00000156103	88032011	88328025	8
ENSG00000157954	5190196	5233840	7
ENSG00000283719	54846871	54860739	CHR_HSCHR19KIR_0019-4656-B_CTG3_1
ENSG00000284765	24052008	24069728	CHR_HG1_PATCH
ENSG00000284923	144330565	144336482	CHR_HG2419_PATCH
ENSG00000285272	144352219	144354914	CHR_HG2419_PATCH
ENSG00000118271	31557009	31598833	18
ENSG00000168515	62190216	62193539	11
ENSG00000288381	54863509	54889060	CHR_HSCHR19KIR_0019-4656-B_CTG3_1
ENSG00000283869	54803469	54814492	CHR_HSCHR19KIR_502960008-1_CTG3_1
ENSG00000257770	28526012	28534951	CHR_HSCHR6_MHC_COX_CTG1
ENSG00000285182	47721035	47771984	CHR_HG2114_PATCH
ENSG00000285047	144353228	144355609	CHR_HG2419_PATCH
ENSG00000274733	29064147	29076673	CHR_HSCHR6_MHC_MCF_CTG1
ENSG00000011347	61513714	61581148	11
ENSG00000285112	144354135	144361272	CHR_HG2419_PATCH
ENSG00000170558	27932879	28177946	18
ENSG00000224782	33267227	33276326	CHR_HSCHR6_MHC_DBB_CTG1
ENSG00000284150	54891695	54905523	CHR_HSCHR19KIR_0019-4656-B_CTG3_1
ENSG00000258002	31249103	31251125	CHR_HSCHR6_MHC_MCF_CTG1
ENSG00000281185	28510773	28515743	CHR_HSCHR6_MHC_COX_CTG1
ENSG00000147613	86047109	86088621	8
ENSG00000274063	29060593	29073129	CHR_HSCHR6_MHC_COX_CTG1
ENSG00000147596	70051651	70071693	8
ENSG00000285221	24070836	24078099	CHR_HG1_PATCH
ENSG00000185917	36034541	36079389	21
ENSG00000284053	54908052	54913516	CHR_HSCHR19KIR_0019-4656-B_CTG3_1
ENSG00000234114	31134989	31150760	CHR_HSCHR6_MHC_COX_CTG1
ENSG00000164687	81280536	81284777	8
ENSG00000155269	8558725	8619761	4
ENSG00000178295	17753858	17788946	2
ENSG00000130449	61332258	61546172	5
ENSG00000275606	29064006	29076532	CHR_HSCHR6_MHC_DBB_CTG1
ENSG00000269167	31988350	31989286	CHR_HSCHR6_MHC_DBB_CTG1
ENSG00000242022	29373478	29450027	CHR_HSCHR6_MHC_DBB_CTG1
ENSG00000227446	29396471	29397539	CHR_HSCHR6_MHC_DBB_CTG1
ENSG00000234347	29425439	29457001	CHR_HSCHR6_MHC_DBB_CTG1
ENSG00000229412	29439235	29440906	CHR_HSCHR6_MHC_DBB_CTG1
ENSG00000232984	29457111	29464258	CHR_HSCHR6_MHC_DBB_CTG1
ENSG00000164171	52989340	53094779	5
ENSG00000163032	17539126	17657018	2
ENSG00000242802	4775615	4794397	7
ENSG00000154274	37453925	37623495	4
ENSG00000285443	143381295	143391111	CHR_HG708_PATCH
ENSG00000228515	29486696	29487832	CHR_HSCHR6_MHC_DBB_CTG1
ENSG00000171703	64049836	64072347	20
ENSG00000109680	26576437	26756223	4
ENSG00000285442	144355431	144359376	CHR_HG2419_PATCH
ENSG00000120594	19816239	20289856	10
ENSG00000124900	55883297	55891810	11
ENSG00000219438	48489553	48850912	22
ENSG00000249103	29414851	29418842	CHR_HSCHR6_MHC_DBB_CTG1
ENSG00000138061	38066973	38109902	2
ENSG00000148942	26667020	26723427	11
ENSG00000100030	21759657	21867680	22
ENSG00000164951	93857807	93926068	8
ENSG00000165496	46651010	46651781	14
ENSG00000131966	58200080	58235636	14
ENSG00000118961	20684014	20823130	2
ENSG00000104321	72019917	72075584	8
ENSG00000285344	228407935	228416861	CHR_HG2002_PATCH
ENSG00000285451	144373101	144393242	CHR_HG2419_PATCH
ENSG00000215472	49481681	49492479	18
ENSG00000283731	54816443	54830754	CHR_HSCHR19KIR_502960008-1_CTG3_1
ENSG00000148484	16590611	16817463	10
ENSG00000285493	24080106	24115013	CHR_HG1_PATCH
ENSG00000149021	62405103	62423195	11
ENSG00000100330	29883169	30030868	22
ENSG00000189043	10931943	10940153	7
ENSG00000284816	143390289	143408856	CHR_HG708_PATCH
ENSG00000147100	74421493	74533917	X
ENSG00000105519	5912339	5916211	19
ENSG00000129173	19224063	19241620	11
ENSG00000173638	45493572	45573365	21
ENSG00000101670	49560699	49599185	18
ENSG00000006747	12570577	12660182	7
ENSG00000285241	24094052	24110597	CHR_HG1_PATCH
ENSG00000206289	33122398	33129499	CHR_HSCHR6_MHC_QBL_CTG1
ENSG00000102302	54445454	54496234	X
ENSG00000285435	228424845	228425325	CHR_HG2002_PATCH
ENSG00000284841	228456979	228457873	CHR_HG2002_PATCH
ENSG00000285049	144393229	144409335	CHR_HG2419_PATCH
ENSG00000285449	228458107	228460470	CHR_HG2002_PATCH
ENSG00000171105	7112255	7294414	19
ENSG00000285426	228487382	228496188	CHR_HG2002_PATCH
ENSG00000227877	59736692	59756041	10
ENSG00000130700	62463497	62475995	20
ENSG00000079112	94127162	94217303	8
ENSG00000224379	31151089	31156758	CHR_HSCHR6_MHC_COX_CTG1
ENSG00000132031	19992052	20012668	2
ENSG00000157570	44726465	44932423	11
ENSG00000129988	38346482	38377013	20
ENSG00000102316	54807599	54816015	X
ENSG00000165757	30012803	30115494	10
ENSG00000284984	228721284	228732469	CHR_HG2002_PATCH
ENSG00000285341	143443453	143444409	CHR_HG708_PATCH
ENSG00000100744	96363452	96387288	14
ENSG00000182871	45405165	45513720	21
ENSG00000284982	143477873	143478796	CHR_HG708_PATCH
ENSG00000285252	143509256	143519469	CHR_HG708_PATCH
ENSG00000165655	75397830	75401764	10
ENSG00000233911	31156880	31163254	CHR_HSCHR6_MHC_COX_CTG1
ENSG00000164877	1428465	1459470	7
ENSG00000285172	143571801	143574387	CHR_HG708_PATCH
ENSG00000285123	143680046	143682653	CHR_HG708_PATCH
ENSG00000206449	31488393	31501409	CHR_HSCHR6_MHC_QBL_CTG1
ENSG00000283779	54832652	54848544	CHR_HSCHR19KIR_502960008-1_CTG3_1
ENSG00000141627	49036387	49461347	18
ENSG00000077327	22345445	22454224	10
ENSG00000118960	20560448	20651130	2
ENSG00000196227	59933764	59948680	20
ENSG00000109819	23755041	23904089	4
ENSG00000283975	54850414	54867200	CHR_HSCHR19KIR_502960008-1_CTG3_1
ENSG00000284965	143860031	143861144	CHR_HG708_PATCH
ENSG00000288335	238848032	238911221	CHR_HG721_PATCH
ENSG00000284866	143879710	143922178	CHR_HG708_PATCH
ENSG00000285281	63684216	63728065	CHR_HSCHR14_8_CTG1
ENSG00000284939	143925186	143933659	CHR_HG708_PATCH
ENSG00000126777	55559072	55701526	14
ENSG00000250349	37349330	38687674	X
ENSG00000080839	36996349	37095997	20
ENSG00000102349	56232356	56291531	X
ENSG00000254772	62559596	62574086	11
ENSG00000176624	51174550	51218333	18
ENSG00000127663	4969113	5153598	19
ENSG00000119778	23748664	23927123	2
ENSG00000206457	31134861	31150652	CHR_HSCHR6_MHC_QBL_CTG1
ENSG00000288647	1638229	1665406	CHR_HG699_PATCH
ENSG00000196628	55222185	55664787	18
ENSG00000285178	75148494	75172236	CHR_HSCHR16_5_CTG3_1
ENSG00000155622	52369021	52375680	X
ENSG00000240230	898778	975549	7
ENSG00000284796	24114194	24125241	CHR_HG1_PATCH
ENSG00000196468	77447389	77457278	X
ENSG00000285394	112086335	112131004	CHR_HSCHR3_6_CTG2_1
ENSG00000284810	75204116	75209969	CHR_HSCHR16_5_CTG3_1
ENSG00000165973	20669551	21575686	11
ENSG00000147183	88747225	88754785	X
ENSG00000285346	75221828	75224885	CHR_HSCHR16_5_CTG3_1
ENSG00000035681	58583508	58659853	8
ENSG00000147099	72329516	72573101	X
ENSG00000122585	24284188	24291862	7
ENSG00000285460	75228207	75268085	CHR_HSCHR16_5_CTG3_1
ENSG00000165406	45454585	45594906	10
ENSG00000284925	112120839	112133270	CHR_HSCHR3_6_CTG2_1
ENSG00000068784	45388680	45612165	2
ENSG00000124209	58309715	58367507	20
ENSG00000152409	79236131	79327211	5
ENSG00000122644	12686856	12690958	7
ENSG00000168621	37812677	37840041	5
ENSG00000283321	17299295	17467234	7
ENSG00000164849	1044546	1059261	7
ENSG00000285243	144409742	144416895	CHR_HG2419_PATCH
ENSG00000124205	59300443	59325992	20
ENSG00000229937	18026770	18027846	7
ENSG00000138336	68560337	68694487	10
ENSG00000164300	80111651	80256048	5
ENSG00000105954	25224570	25228486	7
ENSG00000162949	30722771	30820542	2
ENSG00000288121	89642498	89819794	CHR_HG2121_PATCH
ENSG00000285044	112140898	112303675	CHR_HSCHR3_6_CTG2_1
ENSG00000106066	28995235	29195451	7
ENSG00000161082	3224661	3297076	19
ENSG00000107984	52314281	52318042	10
ENSG00000145147	20251905	20620561	4
ENSG00000170759	32009015	32056425	10
ENSG00000133454	25742144	26031045	22
ENSG00000101413	38033725	38127780	20
ENSG00000285339	144423600	144428562	CHR_HG2419_PATCH
ENSG00000206308	32397298	32402508	CHR_HSCHR6_MHC_QBL_CTG1
ENSG00000049323	32946953	33399509	2
ENSG00000147649	97644184	97730260	8
ENSG00000130706	62302093	62308862	20
ENSG00000164190	36876769	37066413	5
ENSG00000141968	6772708	6857366	19
ENSG00000206506	29824140	29828314	CHR_HSCHR6_MHC_QBL_CTG1
ENSG00000104356	98117293	98159835	8
ENSG00000285029	59938432	59957480	CHR_HSCHR11_1_CTG3_1
ENSG00000285375	59964033	59970146	CHR_HSCHR11_1_CTG3_1
ENSG00000285463	59978020	60031077	CHR_HSCHR11_1_CTG3_1
ENSG00000285422	60040409	60048047	CHR_HSCHR11_1_CTG3_1
ENSG00000284903	60060882	60075349	CHR_HSCHR11_1_CTG3_1
ENSG00000025293	35771974	35950370	20
ENSG00000285114	129757225	129795674	CHR_HSCHR8_7_CTG7
ENSG00000255508	62559603	62591531	11
ENSG00000177459	98064522	98093610	8
ENSG00000105963	897900	955407	7
ENSG00000148950	31432401	31509645	11
ENSG00000183844	41304212	41357727	21
ENSG00000147586	79918717	80030289	8
ENSG00000152465	15102584	15168693	10
ENSG00000176566	87870747	87874015	8
ENSG00000206284	33207935	33218358	CHR_HSCHR6_MHC_QBL_CTG1
ENSG00000137571	69667046	69834978	8
ENSG00000134812	59829273	59845499	11
ENSG00000285395	17108698	17259501	CHR_HG2263_PATCH
ENSG00000284818	24120955	24131828	CHR_HG1_PATCH
ENSG00000285321	24131274	24132848	CHR_HG1_PATCH
ENSG00000284916	24136162	24138966	CHR_HG1_PATCH
ENSG00000205029	55838752	55839738	11
ENSG00000255393	59978020	60031077	11
ENSG00000124939	62208673	62213943	11
ENSG00000285516	90131515	90192894	CHR_HSCHR11_2_CTG8
ENSG00000176971	26994112	26997087	11
ENSG00000197745	62296281	62299075	11
ENSG00000110107	60890547	60906585	11
ENSG00000154734	26835755	26845409	21
ENSG00000206458	31107156	31132470	CHR_HSCHR6_MHC_QBL_CTG1
ENSG00000288475	89829894	89876779	CHR_HG2121_PATCH
ENSG00000288204	8827806	8853569	CHR_HG1298_PATCH
ENSG00000204161	49154725	49188585	10
ENSG00000137574	55773446	55826445	8
ENSG00000206310	32250505	32329363	CHR_HSCHR6_MHC_QBL_CTG1
ENSG00000233841	31259794	31263175	CHR_HSCHR6_MHC_COX_CTG1
ENSG00000131067	34844720	34872856	20
ENSG00000288275	139408588	139444491	CHR_HG1395_PATCH
ENSG00000131730	81233320	81266398	5
ENSG00000120963	101177878	101206193	8
ENSG00000284431	40346529	40410054	22
ENSG00000100359	40370591	40410289	22
ENSG00000288184	49270489	49271208	CHR_HG2525_PATCH
ENSG00000288249	49339472	49340191	CHR_HG2525_PATCH
ENSG00000060339	68721012	68792377	10
ENSG00000204197	33320351	33338717	CHR_HSCHR6_MHC_QBL_CTG1
ENSG00000149507	60040409	60048044	11
ENSG00000288261	38785406	38785678	CHR_HG545_PATCH
ENSG00000242689	58622665	58625733	11
ENSG00000288435	89896812	89924103	CHR_HG2121_PATCH
ENSG00000105278	3804024	3869038	19
ENSG00000110484	62270158	62273160	11
ENSG00000159055	32268228	32279049	21
ENSG00000288260	139442316	139461973	CHR_HG1395_PATCH
ENSG00000288297	139448560	139462009	CHR_HG1395_PATCH
ENSG00000164924	100916523	100953388	8
ENSG00000285023	90200429	90223077	CHR_HSCHR11_2_CTG8
ENSG00000206305	32570792	32577071	CHR_HSCHR6_MHC_QBL_CTG1
ENSG00000169519	28108248	28527041	11
ENSG00000170262	32291813	32314784	21
ENSG00000124232	45306840	45317824	20
ENSG00000288274	139470044	139474038	CHR_HG1395_PATCH
ENSG00000288243	139474799	139482201	CHR_HG1395_PATCH
ENSG00000160193	42843094	42879568	21
ENSG00000278714	29063984	29076511	CHR_HSCHR6_MHC_QBL_CTG1
ENSG00000174837	6887566	6940459	19
ENSG00000145623	38845858	38945596	5
ENSG00000285377	24138958	24141590	CHR_HG1_PATCH
ENSG00000288259	15715696	15720088	CHR_HG2510_PATCH
ENSG00000288147	15844938	15849328	CHR_HG2510_PATCH
ENSG00000214711	31173056	31233858	2
ENSG00000176697	27654893	27722058	11
ENSG00000124145	45325288	45348424	20
ENSG00000204070	45361937	45376798	20
ENSG00000284889	24143361	24147569	CHR_HG1_PATCH
ENSG00000143869	20667144	20679243	2
ENSG00000288198	70272173	70387610	CHR_HG2115_PATCH
ENSG00000288499	212160	279890	CHR_HG1309_PATCH
ENSG00000133422	30925130	30968774	22
ENSG00000158125	31334321	31414742	2
ENSG00000254806	45363200	45410610	20
ENSG00000179241	35943981	36232136	11
ENSG00000288401	70403871	70442051	CHR_HG2115_PATCH
ENSG00000124251	45372557	45407889	20
ENSG00000288431	281927	282363	CHR_HG1309_PATCH
ENSG00000166902	59806140	59810778	11
ENSG00000185774	20728606	21948772	4
ENSG00000253251	65625027	65630928	5
ENSG00000105928	24698355	24757940	7
ENSG00000288375	19964668	19965101	CHR_HG2365_PATCH
ENSG00000288429	19987663	19988122	CHR_HG2365_PATCH
ENSG00000124222	58651253	58679526	20
ENSG00000288133	20012746	20014191	CHR_HG2365_PATCH
ENSG00000152348	81972023	82276857	5
ENSG00000288270	20122821	20123707	CHR_HG2365_PATCH
ENSG00000288137	20321344	20321616	CHR_HG2365_PATCH
ENSG00000288280	20331892	20332782	CHR_HG2365_PATCH
ENSG00000288480	20469564	20470996	CHR_HG2365_PATCH
ENSG00000233051	31390270	31406729	CHR_HSCHR6_MHC_COX_CTG1
ENSG00000288202	20589394	20589682	CHR_HG2365_PATCH
ENSG00000288350	20643749	20644108	CHR_HG2365_PATCH
ENSG00000279395	55811367	55812476	11
ENSG00000288175	47750864	47763592	CHR_HG1277_PATCH
ENSG00000288382	20741608	20742444	CHR_HG2365_PATCH
ENSG00000288265	20816371	20817048	CHR_HG2365_PATCH
ENSG00000288113	20855523	20886468	CHR_HG2365_PATCH
ENSG00000110104	60842113	60851081	11
ENSG00000160194	42879644	42913304	21
ENSG00000288149	1828307	1837521	CHR_HG28_PATCH
ENSG00000154727	25734570	25772460	21
ENSG00000288157	47876170	47880955	CHR_HG1277_PATCH
ENSG00000223532	31260536	31347723	CHR_HSCHR6_MHC_COX_CTG1
ENSG00000288194	21084472	21085410	CHR_HG2365_PATCH
ENSG00000288501	21098400	21099347	CHR_HG2365_PATCH
ENSG00000288164	21156147	21156770	CHR_HG2365_PATCH
ENSG00000288190	21164308	21164743	CHR_HG2365_PATCH
ENSG00000288313	21181946	21189242	CHR_HG2365_PATCH
ENSG00000288345	21406249	21407139	CHR_HG2365_PATCH
ENSG00000288282	21417407	21417679	CHR_HG2365_PATCH
ENSG00000288465	21733035	21733712	CHR_HG2365_PATCH
ENSG00000288142	21773471	21804450	CHR_HG2365_PATCH
ENSG00000288481	47952753	47957222	CHR_HG1277_PATCH
ENSG00000171132	45651345	46187990	2
ENSG00000094841	75156388	75304885	X
ENSG00000113319	80960363	81230162	5
ENSG00000148943	27494418	27506769	11
ENSG00000132749	68707440	68751520	11
ENSG00000175691	2933218	2944971	19
ENSG00000183628	18906028	18914238	22
ENSG00000088256	3094362	3123999	19
ENSG00000288411	18266260	18269977	CHR_HG2111_PATCH
ENSG00000288469	22002424	22003362	CHR_HG2365_PATCH
ENSG00000288193	22016348	22017295	CHR_HG2365_PATCH
ENSG00000288165	22082221	22082656	CHR_HG2365_PATCH
ENSG00000288413	22106780	22107213	CHR_HG2365_PATCH
ENSG00000288483	22324750	22325640	CHR_HG2365_PATCH
ENSG00000288432	22335908	22336180	CHR_HG2365_PATCH
ENSG00000288286	22539500	22540386	CHR_HG2365_PATCH
ENSG00000288347	22799188	22830039	CHR_HG2365_PATCH
ENSG00000288219	1838981	1841680	CHR_HG28_PATCH
ENSG00000159212	34668994	34718227	21
ENSG00000070882	24796540	24981634	7
ENSG00000173227	67006778	67050863	11
ENSG00000288419	22869800	22870477	CHR_HG2365_PATCH
ENSG00000288176	23042969	23043328	CHR_HG2365_PATCH
ENSG00000288354	23097381	23107645	CHR_HG2365_PATCH
ENSG00000288423	23215931	23217363	CHR_HG2365_PATCH
ENSG00000283809	18906238	18947732	22
ENSG00000283465	23277139	23287363	CHR_HG2365_PATCH
ENSG00000185808	37062846	37073170	21
ENSG00000138039	48686774	48755730	2
ENSG00000288478	23455943	23493534	CHR_HG2365_PATCH
ENSG00000165259	84317874	84502479	X
ENSG00000184983	42085526	42090884	22
ENSG00000133243	1985438	2034881	19
ENSG00000288461	23539361	23616629	CHR_HG2365_PATCH
ENSG00000285152	24146682	24160659	CHR_HG1_PATCH
ENSG00000174343	40335333	40355217	4
ENSG00000288445	18278668	18322198	CHR_HG2111_PATCH
ENSG00000288241	23758443	23760479	CHR_HG2365_PATCH
ENSG00000288214	23798790	23806603	CHR_HG2365_PATCH
ENSG00000165392	31033788	31176138	8
ENSG00000288344	23827481	23837765	CHR_HG2365_PATCH
ENSG00000288199	1852970	1892267	CHR_HG28_PATCH
ENSG00000171476	56647988	56681899	4
ENSG00000288339	23961862	23972149	CHR_HG2365_PATCH
ENSG00000169550	26559032	26572263	11
ENSG00000189306	42508344	42519796	22
ENSG00000159197	34364006	34371381	21
ENSG00000274391	10521553	10606140	21
ENSG00000288359	113648804	113658198	CHR_HG1524_PATCH
ENSG00000288173	23992969	24000781	CHR_HG2365_PATCH
ENSG00000105549	361747	376026	19
ENSG00000288440	24050655	24058495	CHR_HG2365_PATCH
ENSG00000288128	24089314	24089592	CHR_HG2365_PATCH
ENSG00000288263	113667219	113688512	CHR_HG1524_PATCH
ENSG00000174740	91434595	91438584	X
ENSG00000288517	24160220	24168592	CHR_HG2365_PATCH
ENSG00000288512	7080214	7091771	CHR_HG1398_PATCH
ENSG00000186288	73077276	73079512	X
ENSG00000021300	73646178	73662819	11
ENSG00000288405	24288509	24298144	CHR_HG2365_PATCH
ENSG00000174225	100969708	100990831	X
ENSG00000288188	24366714	24370460	CHR_HG2365_PATCH
ENSG00000288364	24409558	24410281	CHR_HG2365_PATCH
ENSG00000100246	38778508	38794198	22
ENSG00000171126	42442017	42493982	2
ENSG00000221890	38818452	38844028	22
ENSG00000197860	65665928	65723035	5
ENSG00000183741	38861422	38872249	22
ENSG00000007264	3777970	3802129	19
ENSG00000115808	36837698	36966536	2
ENSG00000165288	80669503	80809877	X
ENSG00000091490	25747433	25863760	4
ENSG00000156482	98024851	98046469	8
ENSG00000113384	32124716	32174319	5
ENSG00000128383	38952741	38992778	22
ENSG00000140025	89794669	89954777	14
ENSG00000189127	80556755	80570280	5
ENSG00000288319	16132469	16145958	CHR_HG1485_PATCH
ENSG00000179750	38982347	38992804	22
ENSG00000254995	58651434	58715410	20
ENSG00000164893	86214063	86321146	8
ENSG00000215440	58689131	58719238	20
ENSG00000169067	57480018	57482811	5
ENSG00000112874	103548855	103562790	5
ENSG00000115163	26764289	26801067	2
ENSG00000185015	85220587	85284073	8
ENSG00000158813	69616067	70039472	X
ENSG00000062194	57173948	57264679	5
ENSG00000288114	18322295	18367045	CHR_HG2111_PATCH
ENSG00000288416	16752660	16757051	CHR_HG2511_PATCH
ENSG00000265817	94378377	94436952	8
ENSG00000244509	39014257	39020352	22
ENSG00000188419	85861180	86047561	X
ENSG00000115380	55865967	55924139	2
ENSG00000180694	90621995	90791632	8
ENSG00000100599	92513781	92688994	14
ENSG00000122952	56357227	56361273	10
ENSG00000186777	270675	305474	4
ENSG00000288124	7088818	7108469	CHR_HG1398_PATCH
ENSG00000284554	39014363	39033276	22
ENSG00000128394	39040604	39055972	22
ENSG00000182903	425815	499156	4
ENSG00000159082	32628759	32728040	21
ENSG00000284845	24147547	24166451	CHR_HG1_PATCH
ENSG00000104361	98189826	98294393	8
ENSG00000285048	24161264	24166564	CHR_HG1_PATCH
ENSG00000239713	39077067	39087743	22
ENSG00000101158	58981208	58995133	20
ENSG00000169019	47450787	47463702	4
ENSG00000124429	85277396	85379717	X
ENSG00000109171	48341529	48426201	4
ENSG00000100522	52775193	52791668	14
ENSG00000100324	39399778	39437060	22
ENSG00000104267	85463968	85481493	8
ENSG00000288369	7114967	7128120	CHR_HG1398_PATCH
ENSG00000184923	87225448	87236908	10
ENSG00000102271	87517409	87670050	X
ENSG00000148655	75431624	76560168	10
ENSG00000131127	337814	384868	4
ENSG00000288508	74173710	74176872	CHR_HG2198_PATCH
ENSG00000288427	7128929	7158176	CHR_HG1398_PATCH
ENSG00000288299	18397186	18411051	CHR_HG2111_PATCH
ENSG00000288257	74179466	74212267	CHR_HG2198_PATCH
ENSG00000285007	24171852	24180256	CHR_HG1_PATCH
ENSG00000128268	39457012	39492194	22
ENSG00000165512	45000923	45005326	10
ENSG00000145247	48885019	48906937	4
ENSG00000122359	80150889	80205572	10
ENSG00000100335	39499432	39518132	22
ENSG00000170820	48962157	49154527	2
ENSG00000168619	39584489	39730065	8
ENSG00000160072	1471765	1497848	1
ENSG00000122824	51332231	51337525	X
ENSG00000288160	1888577	1891895	CHR_HG28_PATCH
ENSG00000129562	22564907	22589224	14
ENSG00000288250	1898024	1917031	CHR_HG28_PATCH
ENSG00000198934	76427710	76431342	X
ENSG00000185222	103356489	103358462	X
ENSG00000142347	8520778	8577577	19
ENSG00000102390	76173040	76178314	X
ENSG00000155463	22766522	22773042	14
ENSG00000113318	80654652	80876815	5
ENSG00000163694	40423267	40630875	4
ENSG00000142611	3069168	3438621	1
ENSG00000013016	31234152	31269451	2
ENSG00000285025	39504231	39504443	22
ENSG00000187051	39529093	39532761	22
ENSG00000186895	69809968	69819416	11
ENSG00000279956	48632291	48755724	2
ENSG00000273398	68131238	68261230	2
ENSG00000179300	78656068	78659328	X
ENSG00000288217	7187916	7217805	CHR_HG1398_PATCH
ENSG00000185272	14216130	14228372	21
ENSG00000285248	24180218	24188868	CHR_HG1_PATCH
ENSG00000115421	60756253	60802086	2
ENSG00000182902	17563450	17590995	22
ENSG00000077514	74493851	74669117	11
ENSG00000122145	80014753	80031774	X
ENSG00000101162	59019429	59026654	20
ENSG00000124172	59025475	59032345	20
ENSG00000155304	14371115	14383484	21
ENSG00000101166	59033145	59042809	20
ENSG00000183527	39174769	39183488	21
ENSG00000197324	22871740	22881713	14
ENSG00000153779	89921908	89922883	X
ENSG00000132541	98102344	98117171	8
ENSG00000181826	37590800	37686376	4
ENSG00000204272	56729241	56819179	X
ENSG00000122378	80407829	80437115	10
ENSG00000131100	17592136	17628749	22
ENSG00000125965	35433347	35454746	20
ENSG00000288295	120594010	120621159	CHR_HG439_PATCH
ENSG00000125975	35523186	35529652	20
ENSG00000131171	81202102	81298547	X
ENSG00000139890	22883222	22887678	14
ENSG00000071189	17790761	17940501	7
ENSG00000157796	39182504	39285810	4
ENSG00000147669	100150623	100154003	8
ENSG00000182087	1009648	1021179	19
ENSG00000100461	22893204	22919182	14
ENSG00000288368	120625674	120630054	CHR_HG439_PATCH
ENSG00000157911	2403964	2413797	1
ENSG00000123124	86342547	86478420	8
ENSG00000288466	120872597	120875937	CHR_HG439_PATCH
ENSG00000188917	101009346	101052116	X
ENSG00000288273	120877498	120880820	CHR_HG439_PATCH
ENSG00000288477	120887218	120890540	CHR_HG439_PATCH
ENSG00000185658	39184176	39321559	21
ENSG00000288363	120901808	120905120	CHR_HG439_PATCH
ENSG00000288118	120966945	120969429	CHR_HG439_PATCH
ENSG00000107789	87504875	87553461	10
ENSG00000166012	93729948	93784391	11
ENSG00000138029	26243170	26290465	2
ENSG00000108064	58385345	58399220	10
ENSG00000065717	2997639	3047635	19
ENSG00000142655	10472288	10630758	1
ENSG00000099968	17628855	17730855	22
ENSG00000170925	107980864	107982370	X
ENSG00000205133	92883532	93017673	8
ENSG00000186675	75782987	75785254	X
ENSG00000164299	80319625	80321842	5
ENSG00000268104	116436606	116461458	X
ENSG00000134061	67179613	67196799	5
ENSG00000168685	35852695	35879603	5
ENSG00000149527	2425980	2505532	1
ENSG00000002587	11393150	11429564	4
ENSG00000047597	37685791	37732130	X
ENSG00000182771	85599552	86366795	10
ENSG00000250312	124501	202303	4
ENSG00000122550	23105758	23177914	7
ENSG00000187690	51406948	51408843	X
ENSG00000215174	57677067	57680260	X
ENSG00000047648	11117651	11665920	X
ENSG00000272897	35632340	35674544	20
ENSG00000288236	15719866	15724275	CHR_HG2509_PATCH
ENSG00000127184	86617928	86620962	5
ENSG00000288506	15846439	15850834	CHR_HG2509_PATCH
ENSG00000137478	72836745	73142318	11
ENSG00000244462	35648925	35664956	20
ENSG00000138119	93306429	93482334	10
ENSG00000186479	64506015	64612319	5
ENSG00000197296	44302840	44311202	20
ENSG00000243156	17787649	18024561	22
ENSG00000163288	46993723	47426447	4
ENSG00000288141	1949297	1986541	CHR_HG28_PATCH
ENSG00000124120	44475874	44494603	20
ENSG00000171621	9292894	9369532	1
ENSG00000145244	47593999	47838106	4
ENSG00000152669	55231152	55233608	5
ENSG00000133740	85177154	85217158	8
ENSG00000142583	9035106	9088478	1
ENSG00000288407	74202705	74338316	CHR_HG2198_PATCH
ENSG00000113494	35048756	35230487	5
ENSG00000132824	44496221	44522085	20
ENSG00000106546	16916359	17346152	7
ENSG00000183617	3762682	3768575	19
ENSG00000129932	3490821	3500674	19
ENSG00000147206	103075810	103093143	X
ENSG00000168734	44531785	44624247	20
ENSG00000184672	84182787	84921844	8
ENSG00000285125	24180394	24190415	CHR_HG1_PATCH
ENSG00000167785	8806170	8832314	19
ENSG00000122691	19020991	19117636	7
ENSG00000171055	36531805	36646087	2
ENSG00000205581	39342315	39349647	21
ENSG00000285465	24189148	24195686	CHR_HG1_PATCH
ENSG00000156928	23298739	23311729	7
ENSG00000288513	101922042	101923113	CHR_HG2499_PATCH
ENSG00000116786	15684320	15734769	1
ENSG00000288362	74339603	74369490	CHR_HG2198_PATCH
ENSG00000166025	94706431	94876748	11
ENSG00000153790	25134692	25180356	7
ENSG00000288336	101984125	101986741	CHR_HG2499_PATCH
ENSG00000288284	101987809	101988823	CHR_HG2499_PATCH
ENSG00000100462	22920525	22929408	14
ENSG00000142303	8580240	8610735	19
ENSG00000165733	42782795	42834937	10
ENSG00000106541	16791811	16833433	7
ENSG00000214414	89710299	89717872	11
ENSG00000101844	108091668	108154671	X
ENSG00000164794	109963636	109975771	8
ENSG00000288455	74411133	74435802	CHR_HG2198_PATCH
ENSG00000166004	93661682	93730358	11
ENSG00000285502	24189156	24213472	CHR_HG1_PATCH
ENSG00000101342	36876121	36894235	20
ENSG00000285140	24205695	24208361	CHR_HG1_PATCH
ENSG00000156467	96222947	96235546	8
ENSG00000152804	92689955	92695647	10
ENSG00000132823	44195939	44210771	20
ENSG00000149596	44106590	44187188	20
ENSG00000107771	84328586	84518521	10
ENSG00000285302	24209582	24213868	CHR_HG1_PATCH
ENSG00000106100	30424527	30478784	7
ENSG00000288307	7243591	7252491	CHR_HG2087_PATCH
ENSG00000124193	43457893	43466046	20
ENSG00000173614	9943428	9985501	1
ENSG00000288408	74447821	74463026	CHR_HG2198_PATCH
ENSG00000277611	43540171	43569498	20
ENSG00000184384	95976598	96343195	11
ENSG00000138079	44275458	44321494	2
ENSG00000101052	43590937	43647299	20
ENSG00000288360	13795460	13832230	CHR_HG109_PATCH
ENSG00000074842	4641374	4670362	19
ENSG00000134852	55427903	55546909	4
ENSG00000101057	43667019	43716495	20
ENSG00000104341	97775057	97853013	8
ENSG00000285200	24213942	24216069	CHR_HG1_PATCH
ENSG00000008256	6161776	6272644	7
ENSG00000162592	3746460	3771645	1
ENSG00000288130	24610209	24827632	CHR_HG2471_PATCH
ENSG00000288505	13862063	13880757	CHR_HG109_PATCH
ENSG00000204624	11479155	11537551	1
ENSG00000181143	8848844	8981342	19
ENSG00000178301	77589391	77610356	11
ENSG00000288152	13882348	13906452	CHR_HG109_PATCH
ENSG00000170967	104036640	104039196	11
ENSG00000165476	63521401	63625128	10
ENSG00000285425	24213954	24232351	CHR_HG1_PATCH
ENSG00000077498	89177875	89295759	11
ENSG00000124196	43726164	43727002	20
ENSG00000173335	23602410	23605917	20
ENSG00000101307	1561385	1620061	20
ENSG00000147160	70040542	70049938	X
ENSG00000065989	10416773	10469630	19
ENSG00000147432	42697366	42737407	8
ENSG00000184719	88273864	88584530	10
ENSG00000288293	13906201	13930879	CHR_HG109_PATCH
ENSG00000105866	21428043	21514822	7
ENSG00000269891	97153045	97292637	10
ENSG00000285246	24216856	24232366	CHR_HG1_PATCH
ENSG00000101843	108084207	108091549	X
ENSG00000118113	102711796	102727050	11
ENSG00000034239	48710789	48735311	8
ENSG00000142606	2590639	2633016	1
ENSG00000095587	96364608	96513926	10
ENSG00000105855	20330702	20415754	7
ENSG00000182093	39377698	39428528	21
ENSG00000284752	24232421	24239241	CHR_HG1_PATCH
ENSG00000125879	16748358	16770062	20
ENSG00000288264	7246829	7262089	CHR_HG2087_PATCH
ENSG00000152495	111223653	111494886	5
ENSG00000288485	7251416	7259940	CHR_HG2087_PATCH
ENSG00000271303	646615	653200	20
ENSG00000125821	18587942	18766644	20
ENSG00000077616	90131515	90192894	11
ENSG00000123572	105822539	105958610	X
ENSG00000100312	50738196	50745339	22
ENSG00000173467	16859412	16881987	7
ENSG00000130703	62231922	62296213	20
ENSG00000180543	97273488	97277928	8
ENSG00000148572	63133247	63155031	10
ENSG00000156486	98426958	98432853	8
ENSG00000288195	13931187	13953392	CHR_HG109_PATCH
ENSG00000288216	24845841	24914411	CHR_HG2471_PATCH
ENSG00000170788	80336105	80356755	10
ENSG00000130224	115110616	115234096	X
ENSG00000133739	85107215	85146080	8
ENSG00000105401	10391133	10420121	19
ENSG00000165841	94762681	94855547	10
ENSG00000285815	39380332	39515506	21
ENSG00000100416	46330875	46357340	22
ENSG00000196975	69644425	69827112	2
ENSG00000087008	8366282	8440723	4
ENSG00000069509	44523639	44542859	X
ENSG00000136231	23310209	23470491	7
ENSG00000288453	13952492	13961449	CHR_HG109_PATCH
ENSG00000183036	39867438	39929397	21
ENSG00000171729	15152532	15220478	1
ENSG00000250722	42799880	42887392	5
ENSG00000147082	50202713	50351914	X
ENSG00000095713	97865000	98030828	10
ENSG00000171587	40010999	40847158	21
ENSG00000288283	13961530	14007039	CHR_HG109_PATCH
ENSG00000197933	11721265	11739009	19
ENSG00000137691	102047437	102084554	11
ENSG00000171295	11814273	11835216	19
ENSG00000037637	16246840	16352480	1
ENSG00000102128	102937272	102938300	X
ENSG00000196767	83508290	83512127	X
ENSG00000288292	7259903	7263983	CHR_HG2087_PATCH
ENSG00000283594	72912615	72913401	X
ENSG00000197044	11767000	11784078	19
ENSG00000078589	78945332	78963727	X
ENSG00000137675	102691487	102705769	11
ENSG00000288474	14028148	14031551	CHR_HG109_PATCH
ENSG00000159423	18871430	18902724	1
ENSG00000167910	58490178	58500163	8
ENSG00000288185	14031762	14053218	CHR_HG109_PATCH
ENSG00000147121	46447292	46497422	X
ENSG00000123136	14408798	14419383	19
ENSG00000165895	100687288	100993941	11
ENSG00000288318	14053363	14062076	CHR_HG109_PATCH
ENSG00000181192	12068954	12123221	10
ENSG00000288174	7281718	7288257	CHR_HG2087_PATCH
ENSG00000288191	14072536	14075062	CHR_HG109_PATCH
ENSG00000182240	41167801	41282530	21
ENSG00000090776	68829021	68842160	X
ENSG00000259132	22946270	22982258	14
ENSG00000129474	22971177	22982551	14
ENSG00000288239	14081624	14085875	CHR_HG109_PATCH
ENSG00000122679	45157791	45186302	7
ENSG00000102055	42777366	42778163	X
ENSG00000281847	93184973	93218586	CHR_HSCHR14_7_CTG1
ENSG00000183035	83861126	83886699	X
ENSG00000143951	63119559	63827843	2
ENSG00000164258	53560633	53683338	5
ENSG00000106415	7968796	8094272	7
ENSG00000274089	93718298	93788481	CHR_HSCHR14_7_CTG1
ENSG00000288488	14088420	14090738	CHR_HG109_PATCH
ENSG00000147223	106900063	106903341	X
ENSG00000023445	102317450	102339403	11
ENSG00000288516	14092006	14118402	CHR_HG109_PATCH
ENSG00000187553	93060798	93069540	10
ENSG00000288353	24922172	25018449	CHR_HG2471_PATCH
ENSG00000275214	94104836	94116698	CHR_HSCHR14_7_CTG1
ENSG00000011021	11806096	11848079	1
ENSG00000107551	44959407	44995891	10
ENSG00000185753	40626921	40647561	X
ENSG00000164211	111496033	111512590	5
ENSG00000288504	7288263	7294639	CHR_HG2087_PATCH
ENSG00000100802	22985894	23010166	14
ENSG00000123146	14380501	14408725	19
ENSG00000164649	21900899	21945903	7
ENSG00000145241	67468762	67545503	4
ENSG00000182916	103330229	103332326	X
ENSG00000278326	94146128	94279735	CHR_HSCHR14_7_CTG1
ENSG00000288210	14119830	14136931	CHR_HG109_PATCH
ENSG00000075240	46576012	46679790	22
ENSG00000183421	41739369	41767089	21
ENSG00000133169	103062651	103064171	X
ENSG00000149289	110093392	110171841	11
ENSG00000101074	44337043	44351238	20
ENSG00000226372	27977992	27981449	X
ENSG00000101098	44751808	44810546	20
ENSG00000288145	7310036	7315500	CHR_HG2087_PATCH
ENSG00000288324	14148061	14206505	CHR_HG109_PATCH
ENSG00000186767	63347228	63351332	X
ENSG00000198354	126163499	126166289	X
ENSG00000189401	70062457	70064179	X
ENSG00000125676	123600561	123733056	X
ENSG00000155629	96593315	96720514	10
ENSG00000086991	89324353	89498187	11
ENSG00000160179	42199689	42297244	21
ENSG00000075275	46360834	46537620	22
ENSG00000149658	63195429	63216139	20
ENSG00000278268	93182196	93184928	CHR_HSCHR14_7_CTG1
ENSG00000197275	94371960	94475115	8
ENSG00000275947	93184951	93187089	CHR_HSCHR14_7_CTG1
ENSG00000277405	94304248	94323394	CHR_HSCHR14_7_CTG1
ENSG00000101197	63235883	63240495	20
ENSG00000249662	17444010	17486829	5
ENSG00000277222	93237550	93333092	CHR_HSCHR14_7_CTG1
ENSG00000142615	15456728	15472091	1
ENSG00000175426	96390333	96434143	5
ENSG00000177599	11797667	11809622	19
ENSG00000179869	48171458	48647497	7
ENSG00000120054	100042193	100081869	10
ENSG00000115944	42333546	42425088	2
ENSG00000205678	64275257	64409468	4
ENSG00000105137	15107401	15114985	19
ENSG00000101198	63240784	63272694	20
ENSG00000165887	97572499	97583884	10
ENSG00000104517	102252273	102412759	8
ENSG00000215704	15465909	15491395	1
ENSG00000100804	23016543	23035230	14
ENSG00000276880	94081282	94103846	CHR_HSCHR14_7_CTG1
ENSG00000160994	15010726	15023276	19
ENSG00000144040	72942036	73075619	2
ENSG00000015475	17734138	17774770	22
ENSG00000077420	26438341	26567803	10
ENSG00000222028	23042212	23044060	14
ENSG00000127507	14732392	14778560	19
ENSG00000179933	23095505	23100456	14
ENSG00000101199	63272785	63289790	20
ENSG00000288325	7314361	7318601	CHR_HG2087_PATCH
ENSG00000157916	2391775	2405442	1
ENSG00000283654	23099062	23104989	14
ENSG00000235194	23295652	23302859	14
ENSG00000288180	8459946	8464342	CHR_HG2513_PATCH
ENSG00000288438	8589051	8593445	CHR_HG2513_PATCH
ENSG00000113391	93617725	94111699	5
ENSG00000276416	93333219	93707876	CHR_HSCHR14_7_CTG1
ENSG00000100842	23356403	23365752	14
ENSG00000174721	91906584	91909486	10
ENSG00000204271	56818298	56995827	X
ENSG00000156650	74824927	75032624	10
ENSG00000166091	23376773	23379772	14
ENSG00000064042	41359607	41700044	4
ENSG00000160181	42346357	42350997	21
ENSG00000157881	2508537	2526597	1
ENSG00000160182	42362282	42366535	21
ENSG00000100234	32801705	32863041	22
ENSG00000132837	78997564	79236038	5
ENSG00000160183	42371887	42396091	21
ENSG00000184164	49918167	49927540	22
ENSG00000092054	23412740	23435660	14
ENSG00000075292	71276561	71435069	2
ENSG00000078596	79360384	79367667	X
ENSG00000164309	79689836	79800240	5
ENSG00000048707	12230030	12512047	1
ENSG00000288456	7315698	7322211	CHR_HG2087_PATCH
ENSG00000067113	55424854	55534969	5
ENSG00000288301	7318665	7332430	CHR_HG2087_PATCH
ENSG00000102021	115289715	115307563	X
ENSG00000278767	94280460	94293271	CHR_HSCHR14_7_CTG1
ENSG00000227234	141002594	141003706	X
ENSG00000166681	103376395	103378164	X
ENSG00000278787	93207056	93229215	CHR_HSCHR14_7_CTG1
ENSG00000145782	115828200	115841837	5
ENSG00000284915	24239642	24242673	CHR_HG1_PATCH
ENSG00000046774	142202342	142205290	X
ENSG00000146592	28299321	28825894	7
ENSG00000179542	143622790	143636101	X
ENSG00000160185	42403447	42447684	21
ENSG00000186462	73212299	73214851	X
ENSG00000259431	23555988	23560271	14
ENSG00000102241	136497079	136512346	X
ENSG00000188677	43999211	44172939	22
ENSG00000278693	93934153	93976791	CHR_HSCHR14_7_CTG1
ENSG00000213983	23559565	23568070	14
ENSG00000123561	106032435	106038727	X
ENSG00000196900	126631705	126636284	5
ENSG00000285348	24249113	24264431	CHR_HG1_PATCH
ENSG00000274958	92936914	93116320	CHR_HSCHR14_7_CTG1
ENSG00000183434	133216662	133218354	X
ENSG00000089289	70133447	70166324	X
ENSG00000164199	90529344	91164437	5
ENSG00000172476	103499130	103519489	X
ENSG00000189252	143508735	143517475	X
ENSG00000123159	14477760	14496149	19
ENSG00000002746	43112629	43566001	7
ENSG00000278646	120877496	120878924	X
ENSG00000226685	120930250	120932301	X
ENSG00000131725	118346073	118449961	X
ENSG00000285193	24265537	24271738	CHR_HG1_PATCH
ENSG00000101204	63343223	63378401	20
ENSG00000104313	71197433	71592025	8
ENSG00000119787	38293954	38377285	2
ENSG00000171885	26852043	26865771	18
ENSG00000102699	24420931	24512778	13
ENSG00000173156	67056847	67072017	11
ENSG00000127529	14941489	14942448	19
ENSG00000186115	15878023	15898077	19
ENSG00000277276	94026329	94049624	CHR_HSCHR14_7_CTG1
ENSG00000125863	10401009	10434222	20
ENSG00000160188	42472486	42496246	21
ENSG00000273533	93918894	93929608	CHR_HSCHR14_7_CTG1
ENSG00000179331	107928448	107963482	11
ENSG00000284057	93741664	93812378	11
ENSG00000277018	93347191	93348356	CHR_HSCHR14_7_CTG1
ENSG00000288169	7339566	7354514	CHR_HG2087_PATCH
ENSG00000042429	93784227	93814963	11
ENSG00000276879	94127779	94130253	CHR_HSCHR14_7_CTG1
ENSG00000157502	106168305	106208956	X
ENSG00000285508	10413520	10431922	20
ENSG00000285723	10420546	10420737	20
ENSG00000125534	63520765	63522206	20
ENSG00000160190	42496008	42581440	21
ENSG00000276781	92923080	92935293	CHR_HSCHR14_7_CTG1
ENSG00000131355	14619117	14690027	19
ENSG00000101213	63528001	63537376	20
ENSG00000011426	36389821	36453791	7
ENSG00000119547	57435374	57491298	18
ENSG00000102239	136487947	136493780	X
ENSG00000125531	63547891	63556695	20
ENSG00000100403	41301525	41360147	22
ENSG00000134440	57600656	57622213	18
ENSG00000027001	23730189	23889400	13
ENSG00000198881	64224194	64230607	X
ENSG00000088356	31944337	31952046	20
ENSG00000226929	120933840	120937158	X
ENSG00000288258	155061622	155065519	X
ENSG00000260903	31968151	32003387	20
ENSG00000184675	64185117	64205708	X
ENSG00000156925	137566127	137577691	X
ENSG00000273761	94050920	94081245	CHR_HSCHR14_7_CTG1
ENSG00000101331	32010438	32032180	20
ENSG00000288399	7354926	7357981	CHR_HG2087_PATCH
ENSG00000198573	141241463	141242517	X
ENSG00000288511	7358160	7360256	CHR_HG2087_PATCH
ENSG00000167074	41367333	41399326	22
ENSG00000189108	104566199	105767829	X
ENSG00000160191	42653621	42775509	21
ENSG00000102781	30202630	30307551	13
ENSG00000126003	32192504	32207743	20
ENSG00000183864	41433494	41446801	22
ENSG00000203923	145247503	145256208	X
ENSG00000198547	32631625	32673941	20
ENSG00000100410	41459717	41468692	22
ENSG00000165509	141838316	141897832	X
ENSG00000285382	32632183	32743567	20
ENSG00000101367	32819954	32850405	20
ENSG00000100413	41525799	41544606	22
ENSG00000284868	24290597	24299779	CHR_HG1_PATCH
ENSG00000101000	35172072	35216240	20
ENSG00000275052	55547292	55618880	2
ENSG00000236444	30422488	30429758	13
ENSG00000133101	36431520	36442870	13
ENSG00000081923	57646426	57803315	18
ENSG00000276380	143884071	143885255	X
ENSG00000171116	149774068	149776867	X
ENSG00000198961	109334713	109409974	5
ENSG00000126005	35201745	35278131	20
ENSG00000182712	155061622	155071136	X
ENSG00000186204	15673018	15697174	19
ENSG00000042813	49850421	50121329	7
ENSG00000157107	72956041	73090522	5
ENSG00000275619	93202894	93207094	CHR_HSCHR14_7_CTG1
ENSG00000181333	94021354	94114208	11
ENSG00000125966	35226690	35276998	20
ENSG00000156009	149881141	149885835	X
ENSG00000274821	94363640	94374417	CHR_HSCHR14_7_CTG1
ENSG00000277377	94378757	94392703	CHR_HSCHR14_7_CTG1
ENSG00000010404	149476988	149521096	X
ENSG00000157326	23953734	23969279	14
ENSG00000285326	24299849	24309123	CHR_HG1_PATCH
ENSG00000261582	35267885	35280043	20
ENSG00000214376	93818232	93850618	11
ENSG00000162444	9997206	10016021	1
ENSG00000132952	30617693	30660770	13
ENSG00000125998	35285731	35292425	20
ENSG00000198796	58481247	58629091	18
ENSG00000100417	41576900	41589871	22
ENSG00000198053	1894167	1940592	20
ENSG00000168930	89797655	89808575	11
ENSG00000180758	9100305	9129102	1
ENSG00000180354	30134986	30162762	7
ENSG00000184677	22428838	22531157	1
ENSG00000187258	34658218	34878332	7
ENSG00000183463	27977717	27988693	13
ENSG00000189403	30456704	30617597	13
ENSG00000160951	14472466	14475354	19
ENSG00000149636	36751791	36773818	20
ENSG00000285199	24305095	24311429	CHR_HG1_PATCH
ENSG00000123892	88113251	88175443	11
ENSG00000134982	112707498	112846239	5
ENSG00000100418	41598028	41621043	22
ENSG00000105135	15114984	15125786	19
ENSG00000153391	35452230	35497979	18
ENSG00000069482	68683779	68691175	11
ENSG00000115464	61187463	61471087	2
ENSG00000196419	41621163	41664048	22
ENSG00000285203	24305733	24312052	CHR_HG1_PATCH
ENSG00000131697	5862811	5992473	1
ENSG00000288396	75425608	75426048	CHR_HSCHR3_5_CTG1
ENSG00000228517	120953282	120956600	X
ENSG00000273167	23979700	24321031	13
ENSG00000285456	24311449	24318035	CHR_HG1_PATCH
ENSG00000182195	141111605	141177129	X
ENSG00000137673	102520508	102530750	11
ENSG00000214827	155064034	155147937	X
ENSG00000173482	7566782	8406861	18
ENSG00000100721	95709947	95714196	14
ENSG00000102753	49699320	49792682	13
ENSG00000284814	24318348	24335092	CHR_HG1_PATCH
ENSG00000110660	107790991	107928293	11
ENSG00000011677	152166234	152451315	X
ENSG00000241489	149477104	149540926	X
ENSG00000241644	30697985	30757602	7
ENSG00000185247	149688228	149717268	X
ENSG00000100604	92923150	92935285	14
ENSG00000137674	102576832	102625332	11
ENSG00000186526	15615218	15630639	19
ENSG00000164742	45574140	45723116	7
ENSG00000102195	151176584	151181465	X
ENSG00000165475	20403666	20525873	13
ENSG00000147570	66021553	66101245	8
ENSG00000166049	151563675	151676739	X
ENSG00000054967	73376399	73397474	11
ENSG00000165556	27960918	27969315	13
ENSG00000147255	131273506	131578899	X
ENSG00000100605	92936914	93116320	14
ENSG00000156471	96261902	96336995	8
ENSG00000102547	49308650	49444064	13
ENSG00000130584	63743668	63832038	20
ENSG00000161031	15468645	15498956	19
ENSG00000145794	127290796	127465737	5
ENSG00000283930	38094368	38360098	10
ENSG00000197818	49812713	49892242	20
ENSG00000188730	49773638	49921950	7
ENSG00000175395	37949573	37976647	10
ENSG00000255501	105137714	105531697	11
ENSG00000166575	87037844	87328824	11
ENSG00000124194	44247099	44280947	20
ENSG00000073067	983181	989640	7
ENSG00000198551	11559374	11619161	19
ENSG00000197921	2528745	2530263	1
ENSG00000133665	80344745	80368073	10
ENSG00000288503	132136594	132144319	CHR_HG2246_HG2248_HG2276_PATCH
ENSG00000055070	16352575	16398145	1
ENSG00000160961	14689801	14733746	19
ENSG00000106483	37905932	38025695	7
ENSG00000285379	24336024	24340021	CHR_HG1_PATCH
ENSG00000143971	67397322	67412089	2
ENSG00000198060	92291167	92353964	10
ENSG00000154655	5954706	6415237	18
ENSG00000164761	118923557	118951885	8
ENSG00000120675	43023203	43114213	13
ENSG00000100987	25070885	25082141	20
ENSG00000136270	45100100	45112047	7
ENSG00000288146	132144457	132152473	CHR_HG2246_HG2248_HG2276_PATCH
ENSG00000213341	100188300	100229596	10
ENSG00000213626	30231534	30323730	2
ENSG00000285485	24365672	24379603	CHR_HG1_PATCH
ENSG00000100138	41673933	41690504	22
ENSG00000132975	26755200	26760786	13
ENSG00000165943	93182199	93184923	14
ENSG00000153485	93184951	93188463	14
ENSG00000259066	93184973	93218586	14
ENSG00000132970	26557683	26688948	13
ENSG00000170270	93202894	93207065	14
ENSG00000175087	26111165	26125555	1
ENSG00000137672	101451564	101872562	11
ENSG00000243667	68122936	68157549	2
ENSG00000012963	93207241	93229215	14
ENSG00000141977	16161368	16173525	19
ENSG00000157191	16440721	16460078	1
ENSG00000019549	48917598	48921740	8
ENSG00000101335	36541497	36551447	20
ENSG00000100209	28742039	28757515	22
ENSG00000141448	22169589	22202528	18
ENSG00000288490	132196372	132328920	CHR_HG2246_HG2248_HG2276_PATCH
ENSG00000172167	120445400	120542133	8
ENSG00000186854	84821650	84907008	2
ENSG00000099330	17226213	17229219	19
ENSG00000118707	36573488	36593950	20
ENSG00000101638	46667821	46759257	18
ENSG00000151224	80271820	80289658	10
ENSG00000164400	132073789	132076170	5
ENSG00000183765	28687743	28742422	22
ENSG00000100601	77672404	77708023	14
ENSG00000259399	36574553	36612384	20
ENSG00000162511	30732469	30757774	1
ENSG00000120057	97766751	97771999	10
ENSG00000101082	36612318	36646196	20
ENSG00000133110	37562583	37598844	13
ENSG00000088756	6729716	6915716	18
ENSG00000156469	96239398	96261610	8
ENSG00000115363	75469302	75569722	2
ENSG00000155324	126360132	126496494	5
ENSG00000137693	102110447	102233424	11
ENSG00000107864	92046692	92291078	10
ENSG00000119705	77708071	77761104	14
ENSG00000158014	26037252	26046118	1
ENSG00000127220	17292131	17310236	19
ENSG00000125901	3046052	3048250	20
ENSG00000225110	153317680	153321767	X
ENSG00000197021	149929527	149938700	X
ENSG00000101405	3071620	3072517	20
ENSG00000101200	3082556	3084724	20
ENSG00000204138	28369582	28500364	1
ENSG00000138190	92826831	93059493	10
ENSG00000078053	38383704	38631420	7
ENSG00000143889	38561969	38603586	2
ENSG00000063761	77800109	77935014	14
ENSG00000185019	3107573	3160196	20
ENSG00000127527	16355239	16472085	19
ENSG00000136982	119833976	119855894	8
ENSG00000198171	3190350	3204685	20
ENSG00000165775	155025980	155060304	X
ENSG00000172172	120380761	120445402	8
ENSG00000125877	3208868	3223870	20
ENSG00000173120	67119263	67258082	11
ENSG00000142675	26177484	26189884	1
ENSG00000151748	50632058	50668306	14
ENSG00000136999	119416446	119424434	8
ENSG00000134444	62187255	62310249	18
ENSG00000197620	149540355	149550510	X
ENSG00000100504	50857891	50944483	14
ENSG00000164841	108606850	108787594	8
ENSG00000156804	123497889	123541206	8
ENSG00000288269	81754364	81764240	CHR_HG1320_PATCH
ENSG00000157765	25648011	25678748	4
ENSG00000221900	53035633	53036925	7
ENSG00000122870	58512872	58831435	10
ENSG00000126522	66075800	66094697	7
ENSG00000137547	54135241	54148514	8
ENSG00000113595	65589690	65625975	5
ENSG00000115946	68157888	68176238	2
ENSG00000125968	31605283	31606515	20
ENSG00000131055	31637912	31645006	20
ENSG00000122863	71964395	72013558	10
ENSG00000155254	97713173	97718150	10
ENSG00000088325	31739271	31801805	20
ENSG00000288213	81772593	81783534	CHR_HG1320_PATCH
ENSG00000138035	55634061	55693863	2
ENSG00000099194	100347233	100364826	10
ENSG00000196406	141697411	141698739	X
ENSG00000120992	54046367	54102017	8
ENSG00000131969	50872053	50904970	14
ENSG00000133135	106693794	106797016	X
ENSG00000109181	68815994	68832023	4
ENSG00000241935	97584323	97612802	10
ENSG00000164588	45254948	45696498	5
ENSG00000102243	136532215	136556807	X
ENSG00000203942	97589721	97590934	10
ENSG00000166167	101354033	101557321	10
ENSG00000074657	58862600	58986480	18
ENSG00000155495	141903894	141909374	X
ENSG00000129596	115804733	115816659	5
ENSG00000182508	112630648	112680054	X
ENSG00000173597	69721167	69787961	4
ENSG00000185010	154835788	155026940	X
ENSG00000119689	74881891	74903743	14
ENSG00000170290	107707378	107719693	11
ENSG00000170962	103907189	104164379	11
ENSG00000288186	81783724	81785282	CHR_HG1320_PATCH
ENSG00000101306	31819308	31834689	20
ENSG00000164318	38258409	38465480	5
ENSG00000197245	26159079	26163962	1
ENSG00000130772	28329002	28335965	1
ENSG00000183783	44173903	44448809	4
ENSG00000166266	108008898	108107761	11
ENSG00000151778	44373665	44397714	13
ENSG00000090020	27098809	27166981	1
ENSG00000198301	75940950	75990962	4
ENSG00000102531	48975912	49209779	13
ENSG00000288285	10354850	10359245	CHR_HG2512_PATCH
ENSG00000179772	31844303	31845604	20
ENSG00000107447	96304409	96338564	10
ENSG00000171552	31664452	31723989	20
ENSG00000183631	126819729	126821786	X
ENSG00000235699	146809771	146810411	X
ENSG00000285542	44168851	44320310	2
ENSG00000170577	45005182	45009452	2
ENSG00000155966	148500617	149000663	X
ENSG00000177576	49477243	49487252	18
ENSG00000154856	10454635	10489949	18
ENSG00000138083	44941702	44946071	2
ENSG00000168010	72814406	72843674	11
ENSG00000088970	21125983	21246622	20
ENSG00000213699	26764284	26781231	2
ENSG00000134265	10525905	10552764	18
ENSG00000198208	74903951	74923302	14
ENSG00000106524	16599779	16645817	7
ENSG00000148468	15211643	15371289	10
ENSG00000093010	19941371	19969975	22
ENSG00000157978	25543606	25568886	1
ENSG00000115350	74958643	74970128	2
ENSG00000189180	38010650	38065088	10
ENSG00000146731	56051685	56063989	7
ENSG00000130300	17351450	17377342	19
ENSG00000135625	73290929	73293701	2
ENSG00000169570	118836074	118988547	5
ENSG00000130770	28236109	28246906	1
ENSG00000143954	79025686	79028505	2
ENSG00000183722	39209116	39603528	13
ENSG00000119630	74941834	74955626	14
ENSG00000162512	30869466	30908758	1
ENSG00000146021	137617500	137736089	5
ENSG00000105141	15049480	15058293	19
ENSG00000198157	81113699	81201913	X
ENSG00000158006	25959767	25998117	1
ENSG00000170677	70289045	70330199	18
ENSG00000165507	44970981	44978809	10
ENSG00000160117	17281645	17287646	19
ENSG00000132561	97868840	98036724	8
ENSG00000023516	42272152	42323261	13
ENSG00000141446	21529284	21600884	18
ENSG00000171160	97614553	97633500	10
ENSG00000125850	17956979	18059188	20
ENSG00000115386	79120362	79123409	2
ENSG00000139656	44143150	44161257	13
ENSG00000204899	72708367	72727629	13
ENSG00000119718	75002921	75012366	14
ENSG00000079557	73481745	73504001	4
ENSG00000125871	17969018	17991122	20
ENSG00000120685	39009865	39038089	13
ENSG00000148834	104235356	104267459	10
ENSG00000167088	21612314	21633524	18
ENSG00000152147	38751534	38785002	2
ENSG00000129680	136213220	136256482	X
ENSG00000255690	28953358	28958330	7
ENSG00000158201	21650901	21704780	18
ENSG00000126698	28199456	28233029	1
ENSG00000136274	45080437	45088969	7
ENSG00000232838	18137863	18143169	20
ENSG00000145309	70334981	70337116	4
ENSG00000125869	9514358	9530524	20
ENSG00000115239	53532672	53860160	2
ENSG00000119684	75013769	75051532	14
ENSG00000171201	70370093	70390244	4
ENSG00000099889	19969896	20016823	22
ENSG00000146729	55951793	56000181	7
ENSG00000130766	28259518	28282491	1
ENSG00000129595	112142441	112419313	5
ENSG00000170516	46734827	46909245	4
ENSG00000125818	1113240	1189415	20
ENSG00000168528	31409565	31434680	1
ENSG00000213759	69199951	69214748	4
ENSG00000165879	97319271	97321915	10
ENSG00000165837	45534522	45615739	13
ENSG00000119537	63327726	63367228	18
ENSG00000196072	100273280	100286680	10
ENSG00000064490	19192229	19201869	19
ENSG00000138771	76435229	76783253	4
ENSG00000137713	111726908	111766389	11
ENSG00000204086	96883908	96885467	X
ENSG00000083535	72782133	73016461	13
ENSG00000198889	126549383	126552814	X
ENSG00000182890	121047610	121050094	X
ENSG00000142178	43414483	43427131	21
ENSG00000101298	1266280	1309328	20
ENSG00000133138	106802673	106876150	X
ENSG00000146733	56011051	56051604	7
ENSG00000156509	100133351	100145817	8
ENSG00000160207	43529186	43659488	21
ENSG00000183597	20017014	20067164	22
ENSG00000165886	97498924	97571206	10
ENSG00000125775	1309909	1329139	20
ENSG00000119541	63389190	63422483	18
ENSG00000119640	75053237	75069483	14
ENSG00000145284	82629539	82798796	4
ENSG00000137575	58552924	58582859	8
ENSG00000119986	97677424	97687241	10
ENSG00000113522	132556019	132646349	5
ENSG00000136122	72727749	72756198	13
ENSG00000119703	75064109	75119502	14
ENSG00000109787	38664197	38701517	4
ENSG00000116016	46293667	46386697	2
ENSG00000196581	4654609	4792534	1
ENSG00000052749	97356358	97426076	10
ENSG00000178665	55887456	55942530	7
ENSG00000234289	43565182	43565648	21
ENSG00000156269	79225694	79326061	4
ENSG00000142182	44246339	44262216	21
ENSG00000133131	106813871	107000212	X
ENSG00000173040	5542772	5709548	4
ENSG00000170348	75131469	75176612	14
ENSG00000136250	36512941	36724549	7
ENSG00000169403	28147166	28193936	1
ENSG00000274322	1317571	1393096	20
ENSG00000196209	1470741	1491587	20
ENSG00000206075	63476958	63505085	18
ENSG00000100665	94561442	94569913	14
ENSG00000084628	31179745	31239887	1
ENSG00000150361	69700594	70108493	13
ENSG00000143919	44361947	44772592	2
ENSG00000060688	31259568	31296788	1
ENSG00000166682	113687547	113706373	11
ENSG00000125900	1534251	1557705	20
ENSG00000160224	44285838	44298648	21
ENSG00000171791	63123346	63320128	18
ENSG00000155959	155197007	155239841	X
ENSG00000188488	94561442	94593118	14
ENSG00000124104	45833799	45843276	20
ENSG00000181626	12093843	12129764	18
ENSG00000171612	9539465	9585173	1
ENSG00000122034	27424619	27435823	13
ENSG00000135631	73073382	73156721	2
ENSG00000176231	15944299	15950350	19
ENSG00000188910	34781214	34786369	1
ENSG00000141979	16479067	16628204	19
ENSG00000141959	44300051	44327376	21
ENSG00000176194	12254361	12277595	18
ENSG00000132801	45857614	45879122	20
ENSG00000123496	115003975	115019977	X
ENSG00000116138	15526813	15592379	1
ENSG00000100979	45898621	45912155	20
ENSG00000130299	17334920	17342731	19
ENSG00000273259	94592058	94624646	14
ENSG00000106070	50590063	50793462	7
ENSG00000075340	70607618	70768225	2
ENSG00000196136	94612384	94624055	14
ENSG00000281883	43883800	44028526	13
ENSG00000176014	12307669	12344320	18
ENSG00000120690	40931924	41061440	13
ENSG00000155792	119873717	120050918	8
ENSG00000189308	82909973	83012926	4
ENSG00000285547	72301691	72572843	X
ENSG00000100528	54423561	54441391	14
ENSG00000067177	72578814	72714319	X
ENSG00000136155	77535674	77645263	13
ENSG00000100982	45934683	45948023	20
ENSG00000215114	58411359	58451501	8
ENSG00000198026	45948660	45972203	20
ENSG00000197045	54474484	54489026	14
ENSG00000120899	27311482	27459391	8
ENSG00000099901	20115938	20127355	22
ENSG00000177879	115841592	115914081	5
ENSG00000100985	46008908	46016561	20
ENSG00000110675	107591091	107666779	11
ENSG00000088832	1368977	1393164	20
ENSG00000160226	44328944	44339402	21
ENSG00000177150	13663347	13726663	18
ENSG00000158161	27970344	28088637	1
ENSG00000020577	54566117	54793315	14
ENSG00000113369	91368631	91383317	5
ENSG00000177103	117427772	117817525	11
ENSG00000168152	82900684	82919969	4
ENSG00000088836	3227417	3239559	20
ENSG00000099904	20129456	20148007	22
ENSG00000101654	13726660	13764556	18
ENSG00000268790	16577642	16660115	19
ENSG00000164209	110738136	110765161	5
ENSG00000160233	44455510	44462196	21
ENSG00000196475	79406361	79408228	4
ENSG00000175894	44497893	44711572	21
ENSG00000170502	87422573	87459455	4
ENSG00000074855	17323223	17334855	19
ENSG00000177613	51695486	51699595	10
ENSG00000213390	97222173	97292673	10
ENSG00000102383	75368427	75523502	X
ENSG00000234409	20148416	20151055	22
ENSG00000102804	44432143	44577147	13
ENSG00000100084	19330698	19447450	22
ENSG00000198554	54938949	55027105	14
ENSG00000169306	28587446	29956718	X
ENSG00000176407	84971093	85059472	2
ENSG00000215455	44538981	44540195	21
ENSG00000205445	44550357	44551505	21
ENSG00000212935	44557790	44558795	21
ENSG00000241123	44579455	44580604	21
ENSG00000188155	44591268	44592505	21
ENSG00000272804	44600597	44602174	21
ENSG00000258674	19516227	19536076	19
ENSG00000187766	44612079	44612954	21
ENSG00000221859	44637356	44638455	21
ENSG00000243489	44646414	44647650	21
ENSG00000212933	44654213	44654659	21
ENSG00000205439	44657932	44658341	21
ENSG00000221864	44666189	44666927	21
ENSG00000187175	44681576	44682163	21
ENSG00000189169	44697172	44698044	21
ENSG00000156920	136300963	136416890	X
ENSG00000119866	60450520	60554467	2
ENSG00000184787	44768580	44801826	21
ENSG00000105058	16185380	16192046	19
ENSG00000113368	126776623	126837020	5
ENSG00000109208	70360760	70367158	4
ENSG00000150893	38687077	38887131	13
ENSG00000035720	67558727	67607337	4
ENSG00000132205	2847006	2916003	18
ENSG00000125967	33657087	33674463	20
ENSG00000166171	101570560	101609662	10
ENSG00000145246	47485275	47593486	4
ENSG00000155961	155258235	155264491	X
ENSG00000105393	17267376	17281249	19
ENSG00000101608	3247481	3256236	18
ENSG00000186310	93670930	93673578	X
ENSG00000204918	57147488	57150509	13
ENSG00000147231	106611930	106679439	X
ENSG00000134986	111662621	111997464	5
ENSG00000142684	26169908	26170873	1
ENSG00000183255	44849585	44873903	21
ENSG00000136111	75283503	75482169	13
ENSG00000121769	31365253	31376850	1
ENSG00000166169	101578882	101588270	10
ENSG00000160256	44940012	44976989	21
ENSG00000281593	30362400	30412502	7
ENSG00000005020	26667068	26995239	7
ENSG00000142627	16124337	16156069	1
ENSG00000034510	84905656	84906671	2
ENSG00000187105	73478484	73558947	14
ENSG00000118680	3261479	3278461	18
ENSG00000214513	73202574	73212513	2
ENSG00000204019	116461686	116462976	X
ENSG00000070010	19449911	19479202	22
ENSG00000203926	141589708	141590762	X
ENSG00000170209	113387779	113400416	11
ENSG00000125551	87748087	87759476	2
ENSG00000134762	30989365	31042815	18
ENSG00000153802	67820876	67884002	4
ENSG00000110237	73308276	73369388	11
ENSG00000186866	45263928	45287898	21
ENSG00000227151	57160632	57163653	13
ENSG00000139926	51489100	51730727	14
ENSG00000136158	80335976	80341126	13
ENSG00000142632	16197854	16212652	1
ENSG00000234278	57167197	57170218	13
ENSG00000115364	75646783	75690851	2
ENSG00000120686	38349849	38363619	13
ENSG00000196616	99304971	99352760	4
ENSG00000134765	31129236	31162856	18
ENSG00000189337	13892792	15118043	1
ENSG00000164543	43582758	43650713	7
ENSG00000124374	71182738	71227103	2
ENSG00000163586	88122982	88128062	2
ENSG00000008056	47571901	47619857	X
ENSG00000102554	73054976	73077541	13
ENSG00000198382	75815210	76144232	11
ENSG00000155097	103021063	103073051	8
ENSG00000134760	31318160	31359246	18
ENSG00000178093	19512418	19515548	19
ENSG00000186010	19515736	19529054	19
ENSG00000149609	33662327	33665619	20
ENSG00000187546	15200317	15562015	7
ENSG00000145839	135892246	135895841	5
ENSG00000101412	33675477	33686385	20
ENSG00000028137	12166991	12209228	1
ENSG00000074211	6320578	6563600	4
ENSG00000121152	96335766	96377091	2
ENSG00000174015	45702320	45714559	13
ENSG00000154611	26133852	26193355	18
ENSG00000093009	19479457	19520612	22
ENSG00000156411	103912288	103928269	14
ENSG00000101417	33702758	33720319	20
ENSG00000249773	55887277	55955239	7
ENSG00000088451	94574054	94596242	13
ENSG00000183570	45643694	45942454	21
ENSG00000182348	88759700	89338528	7
ENSG00000120708	136028988	136063818	5
ENSG00000165669	118297925	118342328	10
ENSG00000130287	19211958	19252233	19
ENSG00000101421	33811348	33854366	20
ENSG00000126767	47635521	47650604	X
ENSG00000214652	64045434	64085339	7
ENSG00000100867	23630115	23645639	14
ENSG00000104490	101686542	102124907	8
ENSG00000242372	35278907	35284985	20
ENSG00000075213	83955777	84492724	7
ENSG00000134882	99200774	99386504	13
ENSG00000154845	9546791	9615240	18
ENSG00000105705	19276018	19320509	19
ENSG00000130939	10032832	10181239	1
ENSG00000135226	69280475	69295050	4
ENSG00000166002	93478472	93543391	11
ENSG00000102265	47582408	47586789	X
ENSG00000149380	74235801	74311640	11
ENSG00000133119	33818069	33966558	13
ENSG00000163138	20696282	20752907	4
ENSG00000119655	74476192	74494177	14
ENSG00000107829	101610664	101695295	10
ENSG00000132646	5114953	5126626	20
ENSG00000147130	71239624	71255146	X
ENSG00000196715	65873074	65959563	7
ENSG00000104537	123680794	123737402	8
ENSG00000101290	5126879	5197887	20
ENSG00000155265	97849843	97871580	10
ENSG00000080166	94436811	94479682	13
ENSG00000106605	43758680	43807342	7
ENSG00000132840	79069767	79090069	5
ENSG00000127472	20028179	20091911	1
ENSG00000148843	103396626	103446294	10
ENSG00000184012	41464300	41531116	21
ENSG00000100603	77717599	77761207	14
ENSG00000152558	102396332	102470384	11
ENSG00000185290	56114681	56116417	7
ENSG00000162878	42048021	42058517	2
ENSG00000271824	136191468	136193162	5
ENSG00000131196	79395856	79529325	18
ENSG00000101292	5299218	5316954	20
ENSG00000164176	83940554	84384880	5
ENSG00000152192	78598362	78603552	13
ENSG00000023287	52622458	52745843	8
ENSG00000060656	29236516	29326813	1
ENSG00000182957	23979805	24307074	13
ENSG00000074201	77514936	77637794	11
ENSG00000157259	92447482	92460075	7
ENSG00000064489	19145569	19192158	19
ENSG00000164902	126600925	126627252	5
ENSG00000154978	55436056	55572988	7
ENSG00000184702	19714503	19724224	22
ENSG00000172023	79085023	79088019	2
ENSG00000177453	43192071	43280850	5
ENSG00000089006	17941597	17968980	20
ENSG00000058729	97160867	97183247	5
ENSG00000152284	85133392	85310387	2
ENSG00000105122	15451624	15464544	19
ENSG00000179454	44924324	45042322	14
ENSG00000165078	67422038	67746378	8
ENSG00000166428	104924713	104937761	14
ENSG00000105829	93962762	94004382	7
ENSG00000258539	124617080	124791727	10
ENSG00000159399	74834127	74893359	2
ENSG00000250782	17634460	17635053	5
ENSG00000249967	97584374	97673910	10
ENSG00000155087	102551589	102561018	8
ENSG00000203837	116427847	116477957	10
ENSG00000170549	3595832	3601403	5
ENSG00000166900	59713456	59805882	11
ENSG00000105750	20923222	20950697	19
ENSG00000164758	117520713	117540262	8
ENSG00000184838	120464300	120687332	5
ENSG00000107581	119033670	119080823	10
ENSG00000176246	20060045	20060983	14
ENSG00000196636	97117698	97181763	7
ENSG00000176219	20223710	20224702	14
ENSG00000258806	20229402	20230346	14
ENSG00000136319	20256558	20305960	14
ENSG00000145826	135922279	135954983	5
ENSG00000121039	73294602	73325281	8
ENSG00000164715	98106862	98209638	7
ENSG00000284874	19717220	19724772	22
ENSG00000149600	32702699	32743467	20
ENSG00000157601	41420020	41470071	21
ENSG00000147166	71301750	71305371	X
ENSG00000160229	20776304	20809995	19
ENSG00000203618	19723539	19724771	22
ENSG00000188811	39038306	39050109	13
ENSG00000164961	125024260	125091819	8
ENSG00000185838	19783223	19854939	22
ENSG00000105072	16496394	16521352	19
ENSG00000101349	9537370	9839076	20
ENSG00000113361	31193686	31329146	5
ENSG00000122547	36153254	36301538	7
ENSG00000100814	20311368	20333312	14
ENSG00000055813	56183990	56386172	2
ENSG00000186810	71615916	71618511	X
ENSG00000125787	3043622	3045747	20
ENSG00000155962	155276211	155334657	X
ENSG00000152413	79372636	79514134	5
ENSG00000102837	53028813	53052057	13
ENSG00000109944	122882683	122963862	11
ENSG00000125888	17693672	17735871	20
ENSG00000215012	19846138	19854896	22
ENSG00000158089	30910467	31155202	2
ENSG00000204919	57140918	57143939	13
ENSG00000171954	15508525	15552317	19
ENSG00000186472	82754012	83162930	7
ENSG00000277745	155459415	155460005	X
ENSG00000065150	97953658	98024296	13
ENSG00000101160	58985686	59008238	20
ENSG00000040608	20241415	20283246	22
ENSG00000185973	155489011	155719098	X
ENSG00000128185	20314238	20320080	22
ENSG00000186642	72576141	72674591	11
ENSG00000163867	34986165	35031945	1
ENSG00000250067	19528861	19537581	19
ENSG00000124333	155881345	155943769	X
ENSG00000147509	53851795	53959303	8
ENSG00000184470	19875517	19941820	22
ENSG00000183486	41361999	41409393	21
ENSG00000185875	25016612	25026664	10
ENSG00000053108	133196455	133612541	5
ENSG00000072422	60869438	61001440	10
ENSG00000189280	34755047	34758512	1
ENSG00000171234	69051363	69112987	4
ENSG00000157578	39405728	39445805	21
ENSG00000134698	35808016	35857890	1
ENSG00000120563	29289061	29318328	10
ENSG00000130307	17249171	17282786	19
ENSG00000122507	33109557	33877180	7
ENSG00000102076	154144243	154159032	X
ENSG00000120029	101845599	102056193	10
ENSG00000113296	79991311	80083287	5
ENSG00000180613	54099523	54102498	4
ENSG00000034677	100257060	100336218	8
ENSG00000268221	154182596	154196861	X
ENSG00000134690	37692481	37709719	1
ENSG00000153339	31829197	31953136	18
ENSG00000172955	99202638	99219537	4
ENSG00000198900	41028822	41124487	20
ENSG00000204172	47501854	47523638	10
ENSG00000171314	97426191	97433444	10
ENSG00000007350	154295795	154330350	X
ENSG00000112992	43602692	43707405	5
ENSG00000132881	16231692	16237183	1
ENSG00000256229	20167214	20200488	19
ENSG00000129566	20365667	20413501	14
ENSG00000104388	60516936	60623644	8
ENSG00000156140	72280969	72569221	4
ENSG00000273274	32465072	32496686	1
ENSG00000009709	18630846	18748866	1
ENSG00000197124	19997058	20039505	19
ENSG00000095596	93073475	93077885	10
ENSG00000158435	101252886	101270316	2
ENSG00000154723	25716503	25735673	21
ENSG00000148541	59246130	59363181	10
ENSG00000115353	75046463	75199520	2
ENSG00000171867	4686350	4701590	20
ENSG00000269095	17235940	17255448	19
ENSG00000171864	4721909	4728460	20
ENSG00000158008	26019884	26036464	1
ENSG00000085872	16517894	16542437	19
ENSG00000104375	98371228	98942827	8
ENSG00000071859	154444141	154450654	X
ENSG00000138032	44167969	44244384	2
ENSG00000101265	4780023	4823608	20
ENSG00000164038	103019868	103085829	4
ENSG00000130940	10636604	10796650	1
ENSG00000139734	59665583	60163928	13
ENSG00000150636	68715209	69055189	18
ENSG00000244005	35668052	35699355	20
ENSG00000160284	46161148	46184476	21
ENSG00000160285	46188141	46228824	21
ENSG00000154040	24138987	24161600	18
ENSG00000130827	154458281	154477779	X
ENSG00000147614	85987323	86154225	8
ENSG00000116771	15571699	15585051	1
ENSG00000160352	21082159	21125270	19
ENSG00000163879	37556919	37566857	1
ENSG00000169116	74933095	75050115	4
ENSG00000169836	103586031	103719985	4
ENSG00000135972	105038069	105099960	2
ENSG00000184156	132120859	132481095	8
ENSG00000116954	38838198	38859772	1
ENSG00000160161	19538248	19546659	19
ENSG00000157884	26581205	26641366	2
ENSG00000163873	36795527	37034515	1
ENSG00000102178	154483717	154486615	X
ENSG00000153064	101411286	102074812	4
ENSG00000148841	104309698	104338465	10
ENSG00000105717	19561707	19618693	19
ENSG00000126903	154487306	154490690	X
ENSG00000120051	104353833	104455102	10
ENSG00000119801	30146941	30160533	2
ENSG00000117215	20111939	20119566	1
ENSG00000138346	68414064	68472121	10
ENSG00000105662	18683678	18782333	19
ENSG00000196449	37802945	37808208	1
ENSG00000147180	85243991	85273362	X
ENSG00000125995	35699272	35700984	20
ENSG00000044012	42153410	42155820	1
ENSG00000198846	58805412	59119147	8
ENSG00000179051	17406760	17439677	1
ENSG00000123570	103822327	103832257	X
ENSG00000131051	35701347	35742312	20
ENSG00000153317	130052104	130443674	8
ENSG00000158427	103918896	103966712	X
ENSG00000185271	20425852	20436166	14
ENSG00000053747	23689453	23956222	18
ENSG00000115616	102619553	102711355	2
ENSG00000092094	20446401	20455089	14
ENSG00000005302	11758159	11775772	X
ENSG00000126067	35599541	35641526	1
ENSG00000197134	22052430	22091480	19
ENSG00000160282	46136160	46155579	21
ENSG00000073146	50089879	50161690	22
ENSG00000196350	22286441	22317176	19
ENSG00000229676	22634324	22667671	19
ENSG00000071082	101002229	101024032	2
ENSG00000274944	38864501	38881617	1
ENSG00000132906	15490832	15526534	1
ENSG00000167487	18637025	18671721	19
ENSG00000112972	43287470	43313512	5
ENSG00000107593	100288149	100330264	10
ENSG00000100823	20455191	20457772	14
ENSG00000127526	16549831	16572415	19
ENSG00000138678	83535914	83605875	4
ENSG00000118946	57631744	57729311	13
ENSG00000137714	110429948	110464884	11
ENSG00000152484	27066156	27171811	13
ENSG00000137699	120111286	120185529	11
ENSG00000180828	64580365	64583627	8
ENSG00000159267	36748626	36990236	21
ENSG00000147676	119165034	119245673	8
ENSG00000075568	97756333	97995948	2
ENSG00000131711	72107234	72209565	5
ENSG00000064545	19119169	19138513	19
ENSG00000180509	34446688	34512214	21
ENSG00000182674	72537225	72938349	8
ENSG00000174796	75513946	75550473	4
ENSG00000176853	123768439	123815452	8
ENSG00000120688	41061509	41084006	13
ENSG00000196932	61406642	61453381	10
ENSG00000197312	15617458	15669044	1
ENSG00000142156	45981770	46005050	21
ENSG00000108100	35247025	35572669	10
ENSG00000173660	46303698	46316776	1
ENSG00000180440	36674020	36697839	13
ENSG00000145354	102868974	102892807	4
ENSG00000125285	94709622	94712545	13
ENSG00000139514	29509414	29595688	13
ENSG00000135974	105337532	105349211	2
ENSG00000164032	99948086	99950355	4
ENSG00000054118	36224432	36305357	1
ENSG00000283782	132410832	132646079	5
ENSG00000164283	54977867	55022671	5
ENSG00000169288	77862830	77952785	4
ENSG00000163162	101271219	101308701	2
ENSG00000155926	133036728	133102912	8
ENSG00000088386	98683801	98752672	13
ENSG00000151882	43376645	43412391	5
ENSG00000005981	95478444	95540233	7
ENSG00000205927	33025935	33029196	21
ENSG00000279686	139442316	139462707	5
ENSG00000145348	106041599	106316683	4
ENSG00000254553	32465057	32600792	1
ENSG00000164512	56099680	56233330	5
ENSG00000184221	33070141	33072413	21
ENSG00000276747	17372196	17401699	1
ENSG00000127993	92528773	92540481	7
ENSG00000105676	19033575	19060311	19
ENSG00000159339	17308195	17364004	1
ENSG00000160180	42311667	42315409	21
ENSG00000005436	75652000	75710985	2
ENSG00000119979	119104086	119137984	10
ENSG00000166351	13609777	13645823	21
ENSG00000127989	91692008	91880702	7
ENSG00000196914	120336413	120489937	11
ENSG00000073150	50170731	50180295	22
ENSG00000188655	20556093	20560931	14
ENSG00000197982	37806979	37809454	1
ENSG00000106236	98617285	98629869	7
ENSG00000170638	50185913	50199598	22
ENSG00000183317	37713880	37765133	1
ENSG00000205571	70049638	70078522	5
ENSG00000177398	42062959	42143453	21
ENSG00000242950	92468380	92477986	7
ENSG00000164645	88794106	88795737	7
ENSG00000106261	100015572	100041689	7
ENSG00000259060	20582892	20609795	14
ENSG00000181803	20640696	20641691	14
ENSG00000258818	20684560	20701216	14
ENSG00000151893	118674167	118755249	10
ENSG00000259171	20684587	20700576	14
ENSG00000006128	97732084	97740472	7
ENSG00000150907	40555667	40666641	13
ENSG00000183386	37996770	38005606	1
ENSG00000181562	20745887	20748380	14
ENSG00000181552	20768404	20770948	14
ENSG00000169413	20781268	20782467	14
ENSG00000181274	97332497	97334729	10
ENSG00000136152	45464898	45536701	13
ENSG00000129538	20801228	20802855	14
ENSG00000107560	118004916	118046941	10
ENSG00000128159	50217689	50245023	22
ENSG00000169385	20955487	20956436	14
ENSG00000046889	67952046	68237032	8
ENSG00000213988	20077994	20127076	19
ENSG00000165794	20999255	21001871	14
ENSG00000158315	38885807	38941830	1
ENSG00000132432	54752250	54759974	7
ENSG00000188620	123135970	123139423	10
ENSG00000189319	124619292	124744378	10
ENSG00000179636	21024109	21036276	14
ENSG00000204084	37860697	37947057	1
ENSG00000118620	21020634	21060050	19
ENSG00000213185	122849078	122879641	10
ENSG00000128581	101310914	101321823	7
ENSG00000206150	21032818	21034807	14
ENSG00000119973	118589997	118595648	10
ENSG00000136141	46553168	46753040	13
ENSG00000173926	126867714	127030558	5
ENSG00000165799	21042316	21044234	14
ENSG00000138152	122271296	122338159	10
ENSG00000100429	50245183	50251405	22
ENSG00000115423	84516455	84819589	2
ENSG00000196109	22179089	22215801	19
ENSG00000173431	21057822	21058455	14
ENSG00000165801	21070273	21090248	14
ENSG00000167232	23304991	23395471	19
ENSG00000186973	43145153	43156396	1
ENSG00000146005	139795808	139844466	5
ENSG00000138801	107590276	107720234	4
ENSG00000065154	124397303	124418976	10
ENSG00000146463	35268709	35422058	1
ENSG00000288711	34511122	34614913	21
ENSG00000155313	15729982	15880064	21
ENSG00000186529	15640897	15662825	19
ENSG00000239789	55951877	55956500	7
ENSG00000047621	4487735	4538508	12
ENSG00000176788	17065598	17276843	5
ENSG00000184374	118995452	119108455	8
ENSG00000172115	25118656	25125260	7
ENSG00000276490	94688154	94853073	10
ENSG00000157111	73120569	73131809	5
ENSG00000170430	129467190	129770983	10
ENSG00000156787	123041968	123152153	8
ENSG00000152749	94601857	94634661	13
ENSG00000164219	115204012	115262877	5
ENSG00000169919	65960684	65982215	7
ENSG00000156398	102714538	102743492	10
ENSG00000154144	124622836	124635926	11
ENSG00000282278	53377839	54295272	4
ENSG00000102543	49247925	49293485	13
ENSG00000113658	136132845	136188747	5
ENSG00000068697	20032650	20051628	2
ENSG00000156096	69480165	69526014	4
ENSG00000125257	95019835	95301475	13
ENSG00000143995	66433452	66573869	2
ENSG00000059804	7919230	7936187	12
ENSG00000148824	133394094	133422520	10
ENSG00000138663	83034447	83075818	4
ENSG00000165804	21090077	21104722	14
ENSG00000127980	92487020	92528520	7
ENSG00000197372	23525631	23687220	19
ENSG00000141404	11689264	11885685	18
ENSG00000164197	64165843	64372869	5
ENSG00000183520	38009258	38024820	1
ENSG00000225899	133623895	133626795	10
ENSG00000196664	12867072	12890361	X
ENSG00000130311	17309518	17323298	19
ENSG00000130037	5043879	5046788	12
ENSG00000145649	55102646	55110252	5
ENSG00000095574	122990807	123008812	10
ENSG00000204379	52495808	52500812	X
ENSG00000271741	34981533	35031741	1
ENSG00000183640	30812697	30813274	21
ENSG00000169327	21148370	21159060	14
ENSG00000274749	30829039	30829759	21
ENSG00000155329	132996985	133026604	5
ENSG00000182591	30880644	30881580	21
ENSG00000142686	35713877	35718894	1
ENSG00000137642	121452314	121633763	11
ENSG00000206102	31038159	31038476	21
ENSG00000092201	21351476	21384019	14
ENSG00000166272	102743948	102834516	10
ENSG00000142168	31659666	31668931	21
ENSG00000213996	19264364	19273391	19
ENSG00000117148	17755333	17827063	1
ENSG00000155011	106921802	107283806	4
ENSG00000117000	40161387	40240921	1
ENSG00000197614	8637346	8662888	12
ENSG00000187754	52644061	52654900	X
ENSG00000107949	125823546	125853695	10
ENSG00000239642	131806990	131945698	5
ENSG00000284989	43650149	43931014	1
ENSG00000204363	52796144	52797427	X
ENSG00000145692	79111809	79132288	5
ENSG00000172086	88027205	88064252	2
ENSG00000064607	18990888	19034023	19
ENSG00000142197	36156782	36294274	21
ENSG00000092853	35720218	35769978	1
ENSG00000184731	38814	46870	2
ENSG00000047634	17737449	17754988	X
ENSG00000236699	105552620	105708093	4
ENSG00000115507	63050057	63057836	2
ENSG00000214078	35626031	35664956	20
ENSG00000146006	138868921	138875368	5
ENSG00000145780	115520908	115544775	5
ENSG00000068383	132537787	132783480	10
ENSG00000214274	20684177	20698971	14
ENSG00000147853	4709556	4742043	9
ENSG00000169946	104590733	105804539	8
ENSG00000174808	74744759	74794523	4
ENSG00000082068	37379285	37753435	5
ENSG00000173960	23927285	24004909	2
ENSG00000166166	103529196	103537073	14
ENSG00000134758	32091874	32131561	18
ENSG00000256500	103562962	103685924	14
ENSG00000164039	103077592	103099870	4
ENSG00000126215	103697609	103715504	14
ENSG00000277150	155456914	155458620	X
ENSG00000184388	73002939	73006106	X
ENSG00000175718	115189410	115192868	X
ENSG00000268447	52751132	52790305	X
ENSG00000135973	105241743	105243467	2
ENSG00000141434	32185069	32220404	18
ENSG00000171094	29192774	29921586	2
ENSG00000120158	4792944	4885917	9
ENSG00000172239	43526267	43557758	5
ENSG00000233056	42916803	42925630	21
ENSG00000167210	46476972	46657220	18
ENSG00000169439	96493813	96611790	8
ENSG00000188992	14108813	14210955	21
ENSG00000213999	19145567	19192131	19
ENSG00000147036	37571569	37684463	X
ENSG00000221837	44627093	44628378	21
ENSG00000160310	46635595	46665124	21
ENSG00000275520	72938163	72938958	X
ENSG00000283463	149929573	149931287	X
ENSG00000063587	153334147	153360110	X
ENSG00000174607	114598770	114678225	4
ENSG00000112699	1623806	2245605	6
ENSG00000147117	47370578	47414498	X
ENSG00000182022	124007668	124093598	10
ENSG00000179222	51803007	51902354	X
ENSG00000248144	99336497	99352746	4
ENSG00000166523	8533305	8540905	12
ENSG00000106993	4679559	4708399	9
ENSG00000188130	50245450	50261716	22
ENSG00000205038	109362461	109537207	8
ENSG00000083520	72752169	72782096	13
ENSG00000166532	8681600	8783095	12
ENSG00000112685	485154	693139	6
ENSG00000196705	21142024	21196053	19
ENSG00000004766	93232340	93361123	7
ENSG00000138780	105708778	105847725	4
ENSG00000183354	5881596	6008482	9
ENSG00000138162	121989163	122254545	10
ENSG00000119699	75958097	75983011	14
ENSG00000139083	11649674	11895377	12
ENSG00000269307	17267418	17282966	19
ENSG00000106688	4490468	4587469	9
ENSG00000150048	10069554	10111627	12
ENSG00000283071	103084210	103090027	14
ENSG00000163235	70447284	70554193	2
ENSG00000185215	103121476	103137439	14
ENSG00000197360	22391019	22532485	19
ENSG00000064652	122843439	123029354	5
ENSG00000182141	21291160	21329425	19
ENSG00000197992	10030678	10066031	12
ENSG00000124875	73836640	73849064	4
ENSG00000145945	3849373	3851320	6
ENSG00000134940	125671522	125680874	11
ENSG00000205808	4662294	4665258	9
ENSG00000174599	117083554	117085576	4
ENSG00000176225	70003031	70205726	18
ENSG00000044459	17134982	17503923	9
ENSG00000070018	12116025	12267044	12
ENSG00000081051	73431138	73456174	4
ENSG00000124802	8073360	8102559	6
ENSG00000083307	101492439	101669726	8
ENSG00000165959	95181940	95319908	14
ENSG00000168658	98087116	98313299	2
ENSG00000183850	23075210	23147221	19
ENSG00000134697	37566816	37595937	1
ENSG00000187664	19254756	19262804	19
ENSG00000145721	97091867	97142753	5
ENSG00000188428	8013567	8064396	6
ENSG00000269067	22974883	23003176	19
ENSG00000110013	124633113	124695707	11
ENSG00000185386	50263713	50270767	22
ENSG00000188133	32783540	32789201	9
ENSG00000173930	102233986	102296284	5
ENSG00000187513	34792999	34795747	1
ENSG00000137040	6011025	6015625	9
ENSG00000147885	21216373	21217311	9
ENSG00000176399	22446824	22455740	9
ENSG00000158106	143368876	143384221	8
ENSG00000147874	19053141	19102904	9
ENSG00000283201	23222755	23274221	19
ENSG00000116151	2321253	2391707	1
ENSG00000121297	31149979	31349436	19
ENSG00000113532	100806933	100903282	5
ENSG00000133103	39655627	39791665	13
ENSG00000138777	105369077	105474067	4
ENSG00000130304	17468769	17506168	19
ENSG00000258986	104474678	104605647	14
ENSG00000134970	115613210	115632992	5
ENSG00000284042	17528669	17529265	5
ENSG00000186367	129748094	129766732	5
ENSG00000184990	104753147	104768494	14
ENSG00000109943	122838500	122872643	11
ENSG00000130021	6667865	7148158	X
ENSG00000006555	54779712	54801323	1
ENSG00000147592	70635318	70669185	8
ENSG00000164308	96875986	96919703	5
ENSG00000130054	69504326	69532508	X
ENSG00000157554	38380027	38661780	21
ENSG00000268629	105218929	105220694	X
ENSG00000198576	142611049	142614479	8
ENSG00000109971	123057489	123063230	11
ENSG00000122692	33041765	33076674	9
ENSG00000066056	43300982	43323108	1
ENSG00000184344	7689784	7695775	12
ENSG00000126249	34404399	34426168	19
ENSG00000235961	153072454	153075019	X
ENSG00000188153	108439838	108697545	X
ENSG00000179627	104800596	104804712	14
ENSG00000067167	70573218	70608416	8
ENSG00000139112	10212458	10223128	12
ENSG00000214265	24955034	25000276	15
ENSG00000100722	88562970	88627596	14
ENSG00000242259	19351368	19447711	22
ENSG00000102802	30906271	30925572	13
ENSG00000167077	41699503	41799456	22
ENSG00000124302	33621953	33773509	19
ENSG00000115875	38743599	38751494	2
ENSG00000205269	11537749	11583524	6
ENSG00000167656	142784882	142786539	8
ENSG00000134871	110305812	110513209	13
ENSG00000164985	15464066	15510995	9
ENSG00000185052	19212642	19722926	20
ENSG00000140396	70109782	70403808	8
ENSG00000268696	22832291	22858667	19
ENSG00000265818	8015726	8102530	6
ENSG00000214114	38862493	38873368	1
ENSG00000255819	10372353	10410146	12
ENSG00000204103	40685848	40689236	20
ENSG00000132793	41340821	41360582	20
ENSG00000116544	34865436	34929650	1
ENSG00000165097	18155329	18223854	6
ENSG00000161249	35497220	35513658	19
ENSG00000106384	101195007	101201038	7
ENSG00000198911	41833079	41907307	22
ENSG00000117016	40620680	40665682	1
ENSG00000285472	22015233	22095857	15
ENSG00000215454	44573729	44575371	21
ENSG00000142185	44350163	44443081	21
ENSG00000273976	23127066	23136822	15
ENSG00000205302	122775079	122834543	5
ENSG00000042832	132866958	133134903	8
ENSG00000121310	52895910	52927212	1
ENSG00000249319	66087761	66152277	7
ENSG00000124177	41402083	41618384	20
ENSG00000146109	26596953	26600739	6
ENSG00000259040	7881522	8064364	6
ENSG00000033178	67612652	67701155	4
ENSG00000006715	38722974	38932394	7
ENSG00000153162	7726099	7881728	6
ENSG00000163121	96497646	96508109	2
ENSG00000229665	57140918	57157082	13
ENSG00000173557	26562585	26579532	2
ENSG00000239264	7881517	7910788	6
ENSG00000197641	63586989	63604639	18
ENSG00000184564	85792790	85806683	13
ENSG00000135638	72916260	72936071	2
ENSG00000184226	66302834	67230445	13
ENSG00000137074	32886601	33025130	9
ENSG00000134539	10226058	10329608	12
ENSG00000206073	63637259	63644256	18
ENSG00000124107	45252239	45254564	20
ENSG00000277322	20531856	20541800	15
ENSG00000043039	129375848	129452279	11
ENSG00000181315	26634383	26659752	6
ENSG00000101443	45469753	45481532	20
ENSG00000159958	41922032	41926806	22
ENSG00000100162	41938737	41947152	22
ENSG00000166250	123069872	123195248	11
ENSG00000134594	130171962	130184870	X
ENSG00000169302	147234963	147387855	5
ENSG00000173376	121035613	121073021	4
ENSG00000056277	130202707	130268899	X
ENSG00000162869	48440598	48515391	2
ENSG00000101446	45512461	45515622	20
ENSG00000260286	24797335	24798917	6
ENSG00000249139	45534196	45547662	20
ENSG00000112273	22569566	22571666	6
ENSG00000164379	1312098	1314758	6
ENSG00000163116	97184093	98143476	4
ENSG00000149557	125442881	125592568	11
ENSG00000169213	51907956	51990700	1
ENSG00000180537	13924446	13980310	6
ENSG00000101448	45540626	45547752	20
ENSG00000206072	63647579	63726432	18
ENSG00000163866	34712737	34859755	1
ENSG00000183066	41998725	42058456	22
ENSG00000124116	45747944	45791932	20
ENSG00000111196	10604193	10613609	12
ENSG00000124787	4994717	5004063	6
ENSG00000156709	130124666	130165879	X
ENSG00000164089	108742048	108763054	4
ENSG00000143001	54980628	54992288	1
ENSG00000102580	95677139	95794988	13
ENSG00000198951	42058334	42070842	22
ENSG00000044115	138610967	138935034	5
ENSG00000057149	63655197	63661893	18
ENSG00000285839	52020153	52033350	1
ENSG00000173391	10158301	10172138	12
ENSG00000283199	113953705	113974076	13
ENSG00000164930	103298433	103332866	8
ENSG00000117419	44221070	44355260	1
ENSG00000001629	92245974	92401383	7
ENSG00000101457	45791954	45811427	20
ENSG00000091664	22338381	22379503	11
ENSG00000132950	19823482	19863649	13
ENSG00000124795	18223860	18264548	6
ENSG00000164037	102885048	103019719	4
ENSG00000105825	93885396	93890753	7
ENSG00000182968	112067149	112071706	13
ENSG00000164764	73064543	73124088	8
ENSG00000175664	30932656	30975500	13
ENSG00000183067	39745183	39802081	21
ENSG00000121621	28020619	28108156	11
ENSG00000184428	143304384	143359979	8
ENSG00000178690	54587757	54599493	18
ENSG00000166527	8509475	8522366	12
ENSG00000164659	86876906	87059654	7
ENSG00000177096	42074248	42079438	22
ENSG00000162384	53214099	53220634	1
ENSG00000101746	33851100	34224952	18
ENSG00000100147	41800679	41832164	22
ENSG00000041515	108596152	109208005	13
ENSG00000162391	54609181	54623556	1
ENSG00000175063	45812576	45816957	20
ENSG00000135951	98997261	99154964	2
ENSG00000100281	35257452	35295807	22
ENSG00000165533	88824153	88881078	14
ENSG00000149256	78652829	79441030	11
ENSG00000060138	10699089	10723323	12
ENSG00000174348	53062052	53085501	1
ENSG00000183778	39556442	39673137	21
ENSG00000154127	122655722	122814473	11
ENSG00000230873	17102050	17131378	6
ENSG00000100297	35400134	35425431	22
ENSG00000160294	46235133	46286297	21
ENSG00000117859	51577179	51798427	1
ENSG00000135220	68928463	68951804	4
ENSG00000112763	26457904	26476621	6
ENSG00000101470	45823214	45833745	20
ENSG00000187498	110148963	110307157	13
ENSG00000158528	94907202	95296415	7
ENSG00000082397	5392381	5630700	18
ENSG00000151490	15322257	15602175	12
ENSG00000050730	121131408	121227466	4
ENSG00000204300	123882920	123885670	11
ENSG00000168612	45881227	45885266	20
ENSG00000124207	49046246	49096960	20
ENSG00000134910	125591712	125625215	11
ENSG00000203485	104681146	104722535	14
ENSG00000104499	142834247	142916506	8
ENSG00000164989	15553043	16061663	9
ENSG00000234616	142657460	142681968	8
ENSG00000095951	12008762	12164999	6
ENSG00000197353	142750150	142752532	8
ENSG00000100292	35380361	35394214	22
ENSG00000138802	109433772	109540896	4
ENSG00000283992	142764338	142769828	8
ENSG00000179142	142910559	142917843	8
ENSG00000145990	13357830	13487662	6
ENSG00000148702	113550837	113589602	10
ENSG00000124214	49113339	49188367	20
ENSG00000152954	24126186	24154900	6
ENSG00000182362	46286342	46297751	21
ENSG00000147655	107899316	108083642	8
ENSG00000147854	6413151	6507054	9
ENSG00000138867	24540423	24555935	22
ENSG00000135953	102714630	102736888	2
ENSG00000186795	117197489	117210299	10
ENSG00000229544	124445243	124450035	10
ENSG00000091009	146203605	146289223	5
ENSG00000008083	15246069	15522042	6
ENSG00000107902	124461823	124617888	10
ENSG00000089876	125836337	125896436	10
ENSG00000204713	28903002	28923988	6
ENSG00000171045	142212080	142403182	8
ENSG00000115665	107986523	108013994	2
ENSG00000160298	46300181	46323875	21
ENSG00000178996	54517759	54546586	5
ENSG00000281938	131807143	132011637	5
ENSG00000109929	121292681	121313410	11
ENSG00000113272	157731420	157741449	5
ENSG00000125538	112829751	112836816	2
ENSG00000107295	17579066	17797124	9
ENSG00000166033	122458551	122514907	10
ENSG00000166862	36560857	36703752	22
ENSG00000100191	32218464	32255347	22
ENSG00000105852	95359872	95396375	7
ENSG00000152684	52787916	52804044	5
ENSG00000126233	142740949	142742406	8
ENSG00000166118	133840631	133845538	11
ENSG00000232040	28570535	28616212	6
ENSG00000120137	168548495	168579368	5
ENSG00000214042	21201469	21202205	9
ENSG00000008513	133454848	133571940	8
ENSG00000153714	12775020	12823060	9
ENSG00000133424	33162226	33922841	22
ENSG00000078401	12290361	12297194	6
ENSG00000176049	147585438	147782775	5
ENSG00000149571	126423358	127003460	11
ENSG00000224586	28525881	28534955	6
ENSG00000086102	33290512	33371157	9
ENSG00000150938	36355778	36551135	2
ENSG00000106366	101127104	101139247	7
ENSG00000155897	130780301	131040909	8
ENSG00000101187	62642503	62685785	20
ENSG00000160305	46458891	46570015	21
ENSG00000171657	41724181	41730130	X
ENSG00000204703	29086208	29087313	6
ENSG00000148773	128096659	128126423	10
ENSG00000185950	109752695	109786583	13
ENSG00000112183	17281361	17293871	6
ENSG00000131174	77899440	77907376	X
ENSG00000138674	82818509	82901166	4
ENSG00000005421	95297676	95324532	7
ENSG00000153498	112376355	112434689	13
ENSG00000165584	48346427	48356707	X
ENSG00000149547	125569280	125584684	11
ENSG00000134873	95433604	95579759	13
ENSG00000166140	40807086	40815084	15
ENSG00000124783	7268306	7347446	6
ENSG00000163541	84423528	84460045	2
ENSG00000101188	62708836	62762771	20
ENSG00000019991	81699010	81770438	7
ENSG00000180155	142771197	142777810	8
ENSG00000101189	62796473	62801729	20
ENSG00000268009	48383516	48393347	X
ENSG00000165650	117277274	117375440	10
ENSG00000060491	62804835	62814000	20
ENSG00000133115	38965925	38990859	13
ENSG00000187773	74434775	74457944	18
ENSG00000203795	122910610	122913111	10
ENSG00000175018	125576522	125683163	10
ENSG00000075336	74148523	74160531	18
ENSG00000284505	142764334	142778224	8
ENSG00000068438	48476021	48486364	X
ENSG00000241484	44752558	44862788	22
ENSG00000088448	110878540	110915069	13
ENSG00000178764	122781655	122974510	8
ENSG00000107105	23690104	23826337	9
ENSG00000092758	62816244	62841159	20
ENSG00000204640	100470482	100483280	2
ENSG00000203791	124748149	124791887	10
ENSG00000206043	74315839	74359189	18
ENSG00000147604	73290242	73295789	8
ENSG00000166347	74250846	74291973	18
ENSG00000204442	107163510	107867496	13
ENSG00000184497	113759226	113816995	13
ENSG00000143924	42169353	42332548	2
ENSG00000077147	96518110	96587452	10
ENSG00000147155	48521799	48528716	X
ENSG00000145685	78485215	78770021	5
ENSG00000137273	1389576	1395603	6
ENSG00000131979	54842008	54902826	14
ENSG00000175198	100089015	100530437	13
ENSG00000124766	21593751	21598619	6
ENSG00000137106	37422666	37436990	9
ENSG00000145996	20534457	21232404	6
ENSG00000072786	172042079	172188224	5
ENSG00000134769	34493291	34891844	18
ENSG00000286268	48521806	48545469	X
ENSG00000104324	96645242	97149654	8
ENSG00000102048	15235288	15270467	X
ENSG00000104081	40087890	40108892	15
ENSG00000146038	24171755	24358059	6
ENSG00000172201	19837370	19842197	6
ENSG00000261732	1632259	1686715	16
ENSG00000165192	15281697	15315640	X
ENSG00000197562	589357	629272	16
ENSG00000198146	34978341	34988287	15
ENSG00000154764	13816258	13880071	3
ENSG00000136986	123013170	123042302	8
ENSG00000137177	17759183	17987635	6
ENSG00000137801	39581079	39599466	15
ENSG00000132570	134905120	135007959	5
ENSG00000100298	39097224	39104067	22
ENSG00000101190	62841005	62861822	20
ENSG00000134121	196763	409417	3
ENSG00000185559	100725705	100738224	14
ENSG00000150712	32226994	32312987	5
ENSG00000165195	15319452	15335554	X
ENSG00000101191	62877738	62937952	20
ENSG00000171307	97446170	97457370	10
ENSG00000021776	34851782	34969742	15
ENSG00000257108	567005	569495	16
ENSG00000127578	629239	634117	16
ENSG00000119121	74722495	74888094	9
ENSG00000172985	109129205	109504634	2
ENSG00000180233	30284597	30367689	7
ENSG00000144021	96266159	96274173	2
ENSG00000167930	234521	272183	16
ENSG00000111701	7649400	7665908	12
ENSG00000185264	36991120	37007851	22
ENSG00000197798	126211724	126262984	11
ENSG00000177692	33485530	33491716	21
ENSG00000066855	65644734	65771261	8
ENSG00000234545	92560758	92590393	7
ENSG00000159131	33503931	33543491	21
ENSG00000253313	43281877	43285617	1
ENSG00000128309	37019635	37029821	22
ENSG00000172243	10116777	10130258	12
ENSG00000162396	54756898	54764523	1
ENSG00000170417	102736905	103019900	2
ENSG00000203995	52842511	52894998	1
ENSG00000126216	112485011	112588205	13
ENSG00000165197	15345596	15384413	X
ENSG00000073464	10156975	10237660	X
ENSG00000169902	66205317	66420543	7
ENSG00000113657	147390808	147510068	5
ENSG00000132622	3732685	3753111	20
ENSG00000284686	56173433	56524495	1
ENSG00000162378	52726453	52827336	1
ENSG00000159248	34751032	34754998	15
ENSG00000128346	37943050	37953669	22
ENSG00000104044	27754875	28099315	15
ENSG00000070669	97851677	97872542	7
ENSG00000143891	38666081	38741237	2
ENSG00000101220	3753508	3767781	20
ENSG00000240563	62194849	62212328	1
ENSG00000100142	37952607	38041915	22
ENSG00000188909	122977570	122981834	11
ENSG00000284773	34974356	34985313	1
ENSG00000117862	52020131	52055191	1
ENSG00000150551	132643286	132671579	2
ENSG00000164796	112222928	113436939	8
ENSG00000154143	124611428	124620356	11
ENSG00000155858	157743712	157760709	5
ENSG00000149295	113409605	113475691	11
ENSG00000158050	96143169	96145440	2
ENSG00000214360	172194172	172203454	5
ENSG00000111261	12326056	12350242	12
ENSG00000072364	132875395	132963634	5
ENSG00000183431	37956975	37990075	1
ENSG00000115091	113890063	113962596	2
ENSG00000280709	21552795	21653276	15
ENSG00000101222	3777504	3781448	20
ENSG00000255641	10412312	10436001	12
ENSG00000128829	39934115	40035591	15
ENSG00000158423	53422690	53431120	X
ENSG00000100151	38056311	38075701	22
ENSG00000125817	3783851	3786740	20
ENSG00000121335	11391540	11501041	12
ENSG00000125843	3820524	3828838	20
ENSG00000144635	32525974	32570858	3
ENSG00000166535	8822621	8887001	12
ENSG00000134595	140502985	140505069	X
ENSG00000130829	153642492	153651326	X
ENSG00000088888	3846799	3876123	20
ENSG00000088205	117814691	117832377	2
ENSG00000130822	153669733	153689010	X
ENSG00000171561	75081753	75096876	11
ENSG00000196092	36833269	37034268	9
ENSG00000243725	54715861	54742657	1
ENSG00000110172	90200429	90223077	11
ENSG00000185974	113667219	113737736	13
ENSG00000171872	44118821	44135140	1
ENSG00000088367	36091504	36232799	20
ENSG00000242265	94656325	94669695	7
ENSG00000115593	88067825	88113384	2
ENSG00000162407	56494761	56645301	1
ENSG00000139797	98175785	98177269	13
ENSG00000152193	78614289	78659155	13
ENSG00000135249	105532169	105567677	7
ENSG00000230031	20835372	20866314	15
ENSG00000169218	37611350	37634892	1
ENSG00000157510	149271859	149343637	5
ENSG00000179399	91398621	92873682	13
ENSG00000250741	18555545	18589564	2
ENSG00000122042	29764371	29850617	13
ENSG00000131379	14675141	14773036	3
ENSG00000134146	35217345	35546193	15
ENSG00000163877	37534449	37554293	1
ENSG00000185989	113977783	114132623	13
ENSG00000144227	138669157	138780390	2
ENSG00000154678	31751179	32428131	7
ENSG00000145817	144158162	144170714	5
ENSG00000128298	38084652	38111015	22
ENSG00000240857	18554723	18560679	2
ENSG00000157184	53196792	53214197	1
ENSG00000159147	33559542	33588706	21
ENSG00000161179	21628089	21630064	22
ENSG00000188277	40769980	40772449	15
ENSG00000163064	118842171	118847648	2
ENSG00000183098	93226807	94408020	13
ENSG00000186132	119302225	119366834	2
ENSG00000103126	287440	352723	16
ENSG00000161180	21632716	21637329	22
ENSG00000165495	125164687	125433389	11
ENSG00000166068	38252836	38357249	15
ENSG00000198815	42176539	42335877	1
ENSG00000102539	49220338	49222377	13
ENSG00000128228	21642302	21644299	22
ENSG00000061455	123089241	123194266	5
ENSG00000122025	28003274	28100592	13
ENSG00000060140	10618923	10674318	12
ENSG00000100023	21666000	21700015	22
ENSG00000248905	32765544	33194714	15
ENSG00000164221	115267190	115296693	5
ENSG00000160886	142700111	142705127	8
ENSG00000206559	28348721	28538122	3
ENSG00000130193	142727223	142736927	8
ENSG00000183605	119140767	119165714	10
ENSG00000116096	72887382	72892158	2
ENSG00000164929	103140713	103230305	8
ENSG00000060982	24810024	24949101	12
ENSG00000091436	173075435	173268015	2
ENSG00000167653	142670308	142682725	8
ENSG00000167972	2275881	2340746	16
ENSG00000142188	33432485	33479974	21
ENSG00000185825	153700492	153724565	X
ENSG00000172164	120535745	120813273	8
ENSG00000134884	106541673	106568137	13
ENSG00000173705	33150043	33218810	3
ENSG00000205359	102371774	102499016	5
ENSG00000152767	98142562	98455176	13
ENSG00000149328	134331874	134378341	11
ENSG00000047249	53715543	53843558	8
ENSG00000154822	16802651	17090604	3
ENSG00000131043	36236131	36270918	20
ENSG00000150667	39588357	39782841	15
ENSG00000134744	52408282	52553487	1
ENSG00000243646	33266367	33311420	21
ENSG00000137364	18128311	18155077	6
ENSG00000154485	125753580	125775821	10
ENSG00000182256	26971181	27541984	15
ENSG00000101986	153724856	153744755	X
ENSG00000186458	257724	261096	20
ENSG00000175470	131901008	131959834	10
ENSG00000196476	270863	290778	20
ENSG00000164304	7326656	7389742	6
ENSG00000109956	134378504	134412242	11
ENSG00000100027	21697536	21735794	22
ENSG00000198753	153764196	153779346	X
ENSG00000197948	141639302	141651418	5
ENSG00000247315	297570	300321	20
ENSG00000205356	98214624	98252232	7
ENSG00000125841	346782	359660	20
ENSG00000159128	33403413	33479348	21
ENSG00000070950	8775402	8963773	3
ENSG00000185252	20394115	20408461	22
ENSG00000213809	10372353	10391874	12
ENSG00000125875	423596	462566	20
ENSG00000136720	128236716	128318868	2
ENSG00000085117	44564427	44620358	11
ENSG00000166450	55611544	55743152	15
ENSG00000226479	120217479	120223400	2
ENSG00000187537	19402486	19434341	14
ENSG00000211455	27243968	27325959	12
ENSG00000068781	48529925	48776517	2
ENSG00000051180	40694774	40732340	15
ENSG00000277971	20429241	20446620	22
ENSG00000142279	34481758	34512304	19
ENSG00000144668	37452115	37823507	3
ENSG00000138161	122832158	122846175	10
ENSG00000099910	20441519	20495844	22
ENSG00000168938	123023250	123036725	5
ENSG00000177683	108554543	108569750	7
ENSG00000184343	153776412	153785732	X
ENSG00000157538	37223420	37267919	21
ENSG00000249861	39655913	39660647	19
ENSG00000176294	19719015	19830253	14
ENSG00000113638	40512333	40755963	5
ENSG00000156831	125091679	125367120	8
ENSG00000101266	472498	543835	20
ENSG00000196357	36182276	36246257	19
ENSG00000129535	24078662	24115010	14
ENSG00000188916	127135426	127196591	10
ENSG00000188991	16188485	16277685	12
ENSG00000267795	4788397	4796491	16
ENSG00000135185	87196160	87220587	7
ENSG00000133433	23957414	23961195	22
ENSG00000111713	21536107	21604847	12
ENSG00000180745	127877841	127892941	10
ENSG00000113441	96935394	97037513	5
ENSG00000054598	1609915	1613897	6
ENSG00000161558	48332356	48364059	19
ENSG00000100889	24094053	24110598	14
ENSG00000179813	42781550	42791549	13
ENSG00000166634	63542369	63569329	18
ENSG00000282804	24797373	24809798	6
ENSG00000120008	120851305	120909524	10
ENSG00000187566	18120440	18122677	6
ENSG00000283039	44137821	44141631	1
ENSG00000182670	37073226	37203112	21
ENSG00000156052	77716097	78031811	9
ENSG00000153046	4706159	4955551	6
ENSG00000118094	118657316	118679690	11
ENSG00000162385	53226900	53238518	1
ENSG00000099974	23966888	23972556	22
ENSG00000106355	32485338	32495283	7
ENSG00000099991	24011192	24178628	22
ENSG00000171451	67506587	67516720	18
ENSG00000141391	12407896	12432238	18
ENSG00000165714	12357078	12471233	12
ENSG00000163576	19879472	19947025	3
ENSG00000123080	50960745	50974634	1
ENSG00000131634	1528688	1555580	16
ENSG00000181195	56436674	56446671	8
ENSG00000230657	11307077	11310436	12
ENSG00000165092	72900671	73080442	9
ENSG00000198142	109614364	109618990	2
ENSG00000237440	20535825	20565809	19
ENSG00000071051	105744912	105894274	2
ENSG00000008394	16347142	16609259	12
ENSG00000168096	4696510	4734378	16
ENSG00000162598	59987269	60073770	1
ENSG00000182307	145052465	145066685	8
ENSG00000267041	36714383	36772825	19
ENSG00000165810	181040225	181061521	5
ENSG00000204920	43967862	43998326	19
ENSG00000180879	153793516	153798499	X
ENSG00000136156	48232612	48270357	13
ENSG00000188167	33090421	33097146	3
ENSG00000124615	39899578	39934551	6
ENSG00000157856	26401920	26456711	2
ENSG00000159251	34790230	34795549	15
ENSG00000129810	20160593	20186206	3
ENSG00000162415	45016399	45306209	1
ENSG00000106367	101154456	101161596	7
ENSG00000122490	79902420	79951657	18
ENSG00000205846	8455962	8478330	12
ENSG00000109881	27330827	27363234	11
ENSG00000155621	71911510	71986054	9
ENSG00000155846	149730298	149855022	5
ENSG00000204977	49995888	50020481	13
ENSG00000162600	58415384	58546802	1
ENSG00000285854	21536203	21657798	12
ENSG00000258461	42348103	42412317	15
ENSG00000167637	43827321	43852017	19
ENSG00000187569	7711433	7717559	12
ENSG00000071073	98619106	98731132	2
ENSG00000100897	24114195	24125242	14
ENSG00000187151	101890674	101916522	11
ENSG00000106397	101205977	101218420	7
ENSG00000257062	21047179	21176895	12
ENSG00000198910	153861514	153886173	X
ENSG00000198553	50015254	50020922	13
ENSG00000197506	84275457	84340758	9
ENSG00000110318	101915010	102001062	11
ENSG00000267110	55154757	55160671	19
ENSG00000134755	31058840	31102522	18
ENSG00000186136	11185993	11186937	12
ENSG00000165672	119167720	119178812	10
ENSG00000176222	43872365	43901385	19
ENSG00000116704	66999350	67054148	1
ENSG00000171570	40778242	40808418	19
ENSG00000136104	50909747	51024120	13
ENSG00000124602	41026895	41039221	6
ENSG00000110975	33374238	33439819	12
ENSG00000066827	134477788	134713049	8
ENSG00000183762	29073035	29168333	22
ENSG00000105176	29923644	30016612	19
ENSG00000185742	109422190	109429167	11
ENSG00000204612	77019655	77020953	9
ENSG00000154330	68328308	68531061	9
ENSG00000112212	41042467	41044337	6
ENSG00000149534	60088261	60098467	11
ENSG00000186998	29205896	29259597	22
ENSG00000170485	100820139	100996829	2
ENSG00000135218	80369575	80679277	7
ENSG00000151491	15620134	15882329	12
ENSG00000157193	53242364	53328469	1
ENSG00000171311	97435909	97446017	10
ENSG00000172197	20099684	20212469	6
ENSG00000160255	44885953	44931989	21
ENSG00000007944	16129086	16148248	6
ENSG00000135069	78297125	78330093	9
ENSG00000159882	44002957	44013924	19
ENSG00000131507	142108779	142154440	5
ENSG00000234127	30184455	30213427	6
ENSG00000124459	43912624	43935282	19
ENSG00000131116	43607224	43619629	19
ENSG00000059145	1363205	1414751	16
ENSG00000148057	83623049	83644130	9
ENSG00000206418	8609437	8639383	18
ENSG00000159885	44025342	44033110	19
ENSG00000149273	75399515	75422280	11
ENSG00000064651	128083766	128189677	5
ENSG00000066926	57544377	57586732	18
ENSG00000165105	82979590	83063177	9
ENSG00000131941	32978592	33064888	19
ENSG00000188613	119029714	119033730	10
ENSG00000156639	37819727	38154624	6
ENSG00000203780	125896564	126009592	10
ENSG00000115641	105357712	105438513	2
ENSG00000106733	75060573	75088217	9
ENSG00000100263	29259872	29268209	22
ENSG00000124721	38715311	39030792	6
ENSG00000093167	37052626	37183689	3
ENSG00000269858	40798996	40808434	19
ENSG00000242173	280450	283010	16
ENSG00000196177	123008979	123058290	10
ENSG00000100276	29312933	29319679	22
ENSG00000137054	37485948	37503697	9
ENSG00000100285	29480218	29491390	22
ENSG00000187535	1510427	1612072	16
ENSG00000166734	44288719	44415758	15
ENSG00000100296	29505879	29555216	22
ENSG00000046604	31498177	31549008	18
ENSG00000105767	43622368	43639850	19
ENSG00000203867	110644336	110839468	10
ENSG00000259371	24120956	24131829	14
ENSG00000268797	40801297	40898282	19
ENSG00000092010	24136163	24138967	14
ENSG00000108039	109864766	109923553	10
ENSG00000105738	37907208	38208369	19
ENSG00000135052	86026146	86100173	9
ENSG00000185634	48823741	48963919	15
ENSG00000134508	23134564	23260470	18
ENSG00000158555	75434640	75525941	11
ENSG00000284987	153872221	153909223	X
ENSG00000102032	153935269	153944687	X
ENSG00000267022	44025354	44087318	19
ENSG00000168246	172209646	172283764	5
ENSG00000168813	32345594	32387667	19
ENSG00000140632	4803203	4847288	16
ENSG00000156795	123416726	123470028	8
ENSG00000113552	141991749	142013041	5
ENSG00000088179	119759922	119984899	2
ENSG00000139174	42456757	42590355	12
ENSG00000083223	86287733	86354454	9
ENSG00000197683	30319124	30320315	21
ENSG00000206107	30337013	30337694	21
ENSG00000182816	30371390	30372271	21
ENSG00000198390	30396031	30396822	21
ENSG00000118276	31622246	31685836	18
ENSG00000186970	30440275	30440869	21
ENSG00000172534	153947557	153971818	X
ENSG00000184351	30479706	30480367	21
ENSG00000186965	30487043	30487436	21
ENSG00000244025	30491462	30492013	21
ENSG00000186967	30496824	30497165	21
ENSG00000186977	30501657	30502141	21
ENSG00000100908	24138959	24141591	14
ENSG00000186925	30541535	30541864	21
ENSG00000244362	30560875	30561314	21
ENSG00000206106	30590105	30590397	21
ENSG00000011422	43646095	43670547	19
ENSG00000212938	30592440	30593075	21
ENSG00000186924	30601087	30601382	21
ENSG00000244624	30616425	30616699	21
ENSG00000206105	30620627	30620850	21
ENSG00000184032	30635206	30635619	21
ENSG00000206104	30642864	30643136	21
ENSG00000231068	30718525	30718777	21
ENSG00000187026	30746794	30747259	21
ENSG00000187005	30755015	30755428	21
ENSG00000186980	30348399	30348606	21
ENSG00000124784	7389793	7418037	6
ENSG00000240432	30425380	30425926	21
ENSG00000138613	63276018	63309126	15
ENSG00000156299	31118416	31559977	21
ENSG00000144028	96274338	96321271	2
ENSG00000100911	24143362	24147570	14
ENSG00000206181	47032527	47035621	18
ENSG00000265681	49488453	49492508	18
ENSG00000172403	118850688	119061247	4
ENSG00000161021	179732822	179777283	5
ENSG00000177854	153972754	153983194	X
ENSG00000096433	33620365	33696574	6
ENSG00000104332	41261962	41309473	8
ENSG00000260342	18788063	18801519	16
ENSG00000126953	101345661	101348742	X
ENSG00000164576	154445997	154461053	5
ENSG00000171877	43870761	44195271	15
ENSG00000089486	4510669	4538828	16
ENSG00000107165	12685439	12710285	9
ENSG00000184117	29554808	29581327	22
ENSG00000147573	66126896	66175485	8
ENSG00000241343	101390824	101396155	X
ENSG00000171195	70430492	70482997	4
ENSG00000178904	32405543	32485895	19
ENSG00000183977	19979961	20012267	3
ENSG00000257529	101391011	101412297	X
ENSG00000164099	118280038	118353003	4
ENSG00000156049	77423079	77648322	9
ENSG00000166391	75717838	75732958	11
ENSG00000126945	101408222	101414133	X
ENSG00000186575	29603556	29698598	22
ENSG00000091317	32481312	32502852	3
ENSG00000160862	99966720	99976042	7
ENSG00000262919	153587925	153600045	X
ENSG00000158458	139846779	140043299	5
ENSG00000107372	72351413	72365235	9
ENSG00000149257	75562056	75572783	11
ENSG00000138653	114827763	115113876	4
ENSG00000170860	14178817	14201122	3
ENSG00000173114	111091006	111125454	7
ENSG00000111224	3791047	3873448	12
ENSG00000147571	66176376	66178464	8
ENSG00000127920	93921735	93928610	7
ENSG00000259529	24147548	24166452	14
ENSG00000157152	12004388	12192032	3
ENSG00000173334	125430358	125438403	8
ENSG00000186766	127737185	127741183	10
ENSG00000075223	80742538	80922359	7
ENSG00000196497	24180219	24188869	14
ENSG00000130821	153687926	153696588	X
ENSG00000103489	17101769	17470960	16
ENSG00000185437	39445855	39515506	21
ENSG00000005059	109560209	109688719	4
ENSG00000170961	121612116	121641440	8
ENSG00000160505	55836540	55881855	19
ENSG00000101665	48919853	48950965	18
ENSG00000156802	123319850	123416350	8
ENSG00000165646	117241093	117279430	10
ENSG00000162104	3953387	4116442	16
ENSG00000198856	108650585	108667820	4
ENSG00000137770	44427622	44529038	15
ENSG00000156017	74980790	75028423	9
ENSG00000111859	11183298	11382348	6
ENSG00000141429	35581117	35711834	18
ENSG00000130038	3606633	3764819	12
ENSG00000147164	71056332	71073426	X
ENSG00000109182	48986275	49062081	4
ENSG00000160221	44133610	44210114	21
ENSG00000168795	37438102	37465450	9
ENSG00000101276	760080	776015	20
ENSG00000124449	43716076	43720021	19
ENSG00000113643	168486451	168519301	5
ENSG00000166927	60378485	60395951	11
ENSG00000105771	43727983	43754962	19
ENSG00000165660	124801819	124836667	10
ENSG00000135040	85941146	86025462	9
ENSG00000124198	48921711	49036693	20
ENSG00000136718	130342877	130347967	2
ENSG00000146802	112762377	112790423	7
ENSG00000187164	116881477	117126586	10
ENSG00000184481	71095851	71103532	X
ENSG00000124574	43427366	43450427	6
ENSG00000178567	36985043	36993131	3
ENSG00000215421	74597870	75065671	18
ENSG00000023697	15911302	16037381	12
ENSG00000103381	12659799	12803887	16
ENSG00000204165	71103889	71106788	X
ENSG00000285171	71103987	71111575	X
ENSG00000187559	68302867	68305084	9
ENSG00000166928	60378530	60417756	11
ENSG00000103199	4748239	4767624	16
ENSG00000165233	93096217	93113283	9
ENSG00000169562	71212811	71225516	X
ENSG00000157456	59105126	59125045	15
ENSG00000226742	79964582	79970822	18
ENSG00000135269	116210506	116258783	7
ENSG00000116205	54053584	54112519	1
ENSG00000164100	118033618	118258634	4
ENSG00000141759	79970813	80033949	18
ENSG00000144596	14489107	14556075	3
ENSG00000131263	74582976	74614624	X
ENSG00000255974	40843541	40850447	19
ENSG00000198841	52032103	52033810	1
ENSG00000182601	25691959	26137685	16
ENSG00000116212	53946085	53968168	1
ENSG00000150510	51222334	51284239	13
ENSG00000103534	19410496	19499113	16
ENSG00000050030	74732856	74925472	X
ENSG00000221886	160393148	160400054	5
ENSG00000166930	60429572	60455214	11
ENSG00000267127	80034346	80097088	18
ENSG00000101546	80034389	80050651	18
ENSG00000099326	58561931	58573575	19
ENSG00000205863	23891099	23897502	13
ENSG00000134996	75088514	75147265	9
ENSG00000189037	44844021	44844888	X
ENSG00000112078	36442767	36491143	6
ENSG00000112984	138178719	138187723	5
ENSG00000186971	30430220	30431026	21
ENSG00000186930	30598590	30598902	21
ENSG00000121380	12049844	12211084	12
ENSG00000147113	45148373	45200901	X
ENSG00000184724	30613431	30613930	21
ENSG00000154478	123666355	123697399	10
ENSG00000150961	118722823	118838683	4
ENSG00000141258	2337498	2381058	17
ENSG00000182111	57450177	57473559	7
ENSG00000189167	32303699	32315363	13
ENSG00000171989	59206843	59208588	15
ENSG00000184232	120211032	120230334	11
ENSG00000107518	115093365	115948999	10
ENSG00000135241	108470417	108569666	7
ENSG00000166200	49106068	49155661	15
ENSG00000139597	32400723	32428311	13
ENSG00000147224	107628428	107651993	X
ENSG00000182247	23203020	23591794	3
ENSG00000137709	120236640	120319945	11
ENSG00000269533	57389884	57419994	19
ENSG00000268533	57394183	57438457	19
ENSG00000168702	140231423	142131016	2
ENSG00000288611	52939182	52943734	8
ENSG00000189114	45178784	45216933	19
ENSG00000147535	38263130	38269243	8
ENSG00000132854	62236165	62319434	1
ENSG00000101544	80109262	80147523	18
ENSG00000266953	34396315	34409364	19
ENSG00000171467	43307134	43369647	6
ENSG00000186230	57435325	57447101	19
ENSG00000172159	83242990	83538546	9
ENSG00000114166	20040446	20154404	3
ENSG00000178184	80157232	80247514	18
ENSG00000161281	36150922	36152449	19
ENSG00000124098	56358974	56368663	20
ENSG00000169083	67544021	67730619	X
ENSG00000178342	79797938	79900184	18
ENSG00000179715	47079603	47236662	12
ENSG00000087586	56369389	56392337	20
ENSG00000101557	158383	214629	18
ENSG00000268163	57437970	57477536	19
ENSG00000251201	115578642	115626161	5
ENSG00000139044	459939	563509	12
ENSG00000137288	33694293	33711727	6
ENSG00000197408	40991282	41018398	19
ENSG00000120693	36844831	36920765	13
ENSG00000165752	132207492	132331847	10
ENSG00000272442	44273194	44378957	6
ENSG00000160223	44215382	44241446	21
ENSG00000162607	62436297	62451804	1
ENSG00000174132	100535374	100586741	5
ENSG00000146122	39792298	39904877	6
ENSG00000173457	64244479	64246943	11
ENSG00000187118	28241584	28325142	3
ENSG00000145781	116085016	116412762	5
ENSG00000180138	37103259	37105664	13
ENSG00000147548	38269704	38382272	8
ENSG00000162989	154697855	154858354	2
ENSG00000135048	71683366	71816690	9
ENSG00000281106	51813347	51845177	13
ENSG00000159110	33205282	33265675	21
ENSG00000133111	36819222	36829104	13
ENSG00000219435	64300358	64304770	11
ENSG00000134830	47332175	47347329	19
ENSG00000133107	37632063	37869802	13
ENSG00000139209	46764761	46832408	12
ENSG00000144120	119679167	119686507	2
ENSG00000145779	119268692	119399688	5
ENSG00000188690	125784980	125823258	10
ENSG00000105854	95404862	95435329	7
ENSG00000126432	64318121	64321811	11
ENSG00000093217	38346760	38421348	3
ENSG00000165194	100291644	100410273	X
ENSG00000144278	153871922	154453979	2
ENSG00000105220	34359480	34402413	19
ENSG00000185722	4163821	4263995	17
ENSG00000228716	80626226	80654983	5
ENSG00000163114	95840093	95841464	4
ENSG00000164109	120055623	120066858	4
ENSG00000141433	904871	912172	18
ENSG00000137834	66702236	66782849	15
ENSG00000139160	31647160	31673114	12
ENSG00000168071	64340204	64357534	11
ENSG00000130385	50910735	50916641	X
ENSG00000154027	77282019	77559966	1
ENSG00000275113	49341192	49345922	X
ENSG00000141642	50967991	50988121	18
ENSG00000196284	44809317	45377953	6
ENSG00000151743	31671142	31729121	12
ENSG00000137776	58879050	58933679	15
ENSG00000236737	49529869	49529985	X
ENSG00000186867	121328642	121381059	4
ENSG00000068985	49687447	49695984	X
ENSG00000267699	50968019	51058144	18
ENSG00000156463	145936578	146081791	5
ENSG00000259522	24180395	24190416	14
ENSG00000141646	51028394	51085045	18
ENSG00000101951	49829260	49834264	X
ENSG00000100926	24189149	24195687	14
ENSG00000137960	77979542	78138444	1
ENSG00000146085	49430360	49463253	6
ENSG00000138814	101023409	101348278	4
ENSG00000147274	136848004	136880764	X
ENSG00000116745	68428822	68449954	1
ENSG00000174705	172325000	172454525	5
ENSG00000065308	52497408	52577060	6
ENSG00000130222	89605012	89606555	9
ENSG00000132855	62597520	62606313	1
ENSG00000005339	3725054	3880713	16
ENSG00000112079	36493892	36547479	6
ENSG00000128708	171922448	171983686	2
ENSG00000135045	74946583	74952912	9
ENSG00000282936	6628619	6640456	17
ENSG00000074755	4004445	4143030	17
ENSG00000127990	94524204	94656572	7
ENSG00000162302	64359148	64372215	11
ENSG00000116675	65248219	65415871	1
ENSG00000183826	38168451	38640148	6
ENSG00000205857	7765216	7774121	12
ENSG00000101574	2537525	2571509	18
ENSG00000254692	24189157	24213473	14
ENSG00000136842	97501180	97601743	9
ENSG00000139908	24205696	24208362	14
ENSG00000023734	15882387	15903478	12
ENSG00000183775	144170873	144485686	5
ENSG00000275740	146203550	146339251	5
ENSG00000165370	137023929	137033995	X
ENSG00000172465	103628704	103630953	X
ENSG00000113196	154474972	154478227	5
ENSG00000254505	24209615	24213830	14
ENSG00000134115	1092658	1404217	3
ENSG00000080986	2571557	2616635	18
ENSG00000273217	131425891	131796983	5
ENSG00000072135	130356045	130375405	2
ENSG00000123562	103675496	103688158	X
ENSG00000188573	168529305	168530634	5
ENSG00000162433	65147549	65232145	1
ENSG00000136929	97926791	97944856	9
ENSG00000164611	160421855	160428739	5
ENSG00000079459	11795573	11839304	8
ENSG00000213920	24213943	24216070	14
ENSG00000170950	49785660	49787285	6
ENSG00000135018	83659968	83707958	9
ENSG00000213625	65420587	65436007	1
ENSG00000112149	14117256	14136918	6
ENSG00000122035	27270830	27275192	13
ENSG00000138593	48988476	49046447	15
ENSG00000101596	2655726	2805017	18
ENSG00000109270	99878336	99894428	4
ENSG00000167193	1420689	1463162	17
ENSG00000111405	47709734	47725567	12
ENSG00000080618	46053186	46105033	13
ENSG00000179363	103710909	103714032	X
ENSG00000100314	29720003	29731833	22
ENSG00000255526	24213955	24232352	14
ENSG00000269743	104099214	104157009	X
ENSG00000158966	64470129	64693058	1
ENSG00000168065	64555690	64572875	11
ENSG00000102007	49171898	49175235	X
ENSG00000065491	37257772	37332970	6
ENSG00000100319	29730956	29767011	22
ENSG00000167858	6789133	6831761	17
ENSG00000104879	45306413	45322875	19
ENSG00000012660	53267398	53349179	6
ENSG00000012211	49174802	49186528	X
ENSG00000109158	46918900	46993581	4
ENSG00000184076	29767369	29770413	22
ENSG00000129559	24216857	24232367	14
ENSG00000183559	122697709	122699846	10
ENSG00000101138	56392371	56406362	20
ENSG00000239282	30285117	30289622	22
ENSG00000188375	31791185	31792298	12
ENSG00000154473	123154402	123170467	10
ENSG00000129195	6444441	6451469	17
ENSG00000064102	26905181	26938326	12
ENSG00000136167	46125920	46211871	13
ENSG00000092295	24249114	24264432	14
ENSG00000197891	64590641	64602353	11
ENSG00000164399	132060655	132063204	5
ENSG00000126261	34428352	34471251	19
ENSG00000134419	18781295	18790383	16
ENSG00000115896	197804593	198572581	2
ENSG00000151012	138164097	138242349	4
ENSG00000136891	100302077	100352942	9
ENSG00000102001	49205063	49233371	X
ENSG00000146221	44278734	44297698	6
ENSG00000203965	63523372	63572693	1
ENSG00000166377	79069285	79378287	18
ENSG00000112130	37353979	37394734	6
ENSG00000249156	17610496	17611583	5
ENSG00000120705	138506095	138543236	5
ENSG00000135966	105264391	105329735	2
ENSG00000153898	84925583	84997113	1
ENSG00000170011	39808914	40260321	3
ENSG00000004660	3860315	3894891	17
ENSG00000022277	56468585	56519449	20
ENSG00000157379	24290598	24299780	14
ENSG00000248751	30285238	30299482	22
ENSG00000167778	53064316	53079404	12
ENSG00000103657	63608618	63833948	15
ENSG00000249242	82483170	82562357	4
ENSG00000081320	196133583	196176503	2
ENSG00000031691	49463370	49493107	6
ENSG00000119965	122930901	122954311	10
ENSG00000124813	45328157	45664349	6
ENSG00000198785	101569352	101738647	9
ENSG00000134853	54229280	54298245	4
ENSG00000099992	30291990	30326947	22
ENSG00000117069	76867480	77067546	1
ENSG00000254636	122454653	122457352	10
ENSG00000068831	64726911	64745456	11
ENSG00000215475	45777242	45851753	13
ENSG00000196943	24299850	24309124	14
ENSG00000107938	125719515	125764143	10
ENSG00000135447	54575387	54588659	12
ENSG00000125703	62784132	62865516	1
ENSG00000155833	102995311	103018488	9
ENSG00000152127	134119983	134454621	2
ENSG00000145819	142770377	143229011	5
ENSG00000076344	268301	275980	16
ENSG00000165030	91409045	91423832	9
ENSG00000102452	101053776	101416508	13
ENSG00000139173	43835967	44389762	12
ENSG00000204291	98943179	99070792	9
ENSG00000213906	24305734	24312053	14
ENSG00000108405	3896592	3916476	17
ENSG00000213903	24311450	24318036	14
ENSG00000124103	56517187	56526152	20
ENSG00000188674	208165343	208190030	2
ENSG00000213714	56533246	56536520	20
ENSG00000161896	33721662	33746905	6
ENSG00000087589	56412112	56460387	20
ENSG00000129465	24336025	24340022	14
ENSG00000257987	48727435	48765790	12
ENSG00000197838	41088451	41096195	19
ENSG00000151229	39755025	40106089	12
ENSG00000171199	70397931	70410195	4
ENSG00000187624	410325	431062	17
ENSG00000154007	75918873	75932404	1
ENSG00000188779	67819704	67834582	15
ENSG00000188056	41228339	41238882	6
ENSG00000101247	13785007	13821580	20
ENSG00000091622	6451263	6556555	17
ENSG00000162618	78889764	79282124	1
ENSG00000078142	41955234	42087830	18
ENSG00000188334	47968046	47992170	19
ENSG00000100968	24365673	24379604	14
ENSG00000099995	30331988	30356919	22
ENSG00000164035	100395341	100880126	4
ENSG00000095209	105694541	105776629	9
ENSG00000197050	37007857	37130368	19
ENSG00000179919	55221025	55221975	12
ENSG00000116120	222566899	222656092	2
ENSG00000180116	39626167	39908300	12
ENSG00000171462	43450352	43456632	6
ENSG00000129028	70881342	70892433	15
ENSG00000283378	61330717	61453030	9
ENSG00000196263	56507850	56530221	19
ENSG00000171956	60004234	60061730	15
ENSG00000131668	93951627	93955355	9
ENSG00000111704	7787794	7799146	12
ENSG00000137880	40764068	40767708	15
ENSG00000096401	44387706	44450425	6
ENSG00000136810	110243810	110256507	9
ENSG00000074410	63321378	63381846	15
ENSG00000197446	41114432	41128381	19
ENSG00000124201	49237946	49278426	20
ENSG00000150540	137964020	138016364	2
ENSG00000131378	16313574	16514026	3
ENSG00000164265	147870682	147882191	5
ENSG00000111371	46183063	46270017	12
ENSG00000254536	133380017	133420271	10
ENSG00000124490	49692358	49713590	6
ENSG00000176769	131092391	131311721	10
ENSG00000099999	30368811	30421771	22
ENSG00000173261	146084313	146105577	5
ENSG00000165138	98731329	98796965	9
ENSG00000101997	49235470	49250520	X
ENSG00000256806	6651762	6693202	17
ENSG00000081791	141923855	141942047	5
ENSG00000175820	102729367	102759072	13
ENSG00000163285	46035769	46124054	4
ENSG00000151287	102765888	102773811	13
ENSG00000159871	43785874	43827206	19
ENSG00000141040	16546954	16569204	17
ENSG00000198873	119207571	119459745	10
ENSG00000100003	30396941	30425303	22
ENSG00000079134	214520	268050	18
ENSG00000131233	38874069	38881587	1
ENSG00000187957	229357629	229714555	2
ENSG00000254535	134196333	134201789	4
ENSG00000145283	86823468	86849384	4
ENSG00000188786	37809574	37859592	1
ENSG00000270181	102799110	102875994	13
ENSG00000049769	49269793	49301461	X
ENSG00000164066	127623271	127726737	4
ENSG00000007376	784974	788397	16
ENSG00000105507	48029383	48044079	19
ENSG00000076003	135839626	135876443	2
ENSG00000137941	83865024	83999150	1
ENSG00000074370	3923870	3964464	17
ENSG00000204711	69820817	69906227	9
ENSG00000134897	102799119	102841533	13
ENSG00000196867	56538948	56556808	19
ENSG00000147118	47974851	48003989	X
ENSG00000170927	51615299	52087613	6
ENSG00000286088	122832167	122879583	10
ENSG00000075290	100463009	100483744	10
ENSG00000221994	47983356	48071658	X
ENSG00000170293	32238679	32370321	3
ENSG00000157483	59132434	59372871	15
ENSG00000265763	47365496	47384293	10
ENSG00000022355	161847063	161899981	5
ENSG00000104415	133191039	133231690	8
ENSG00000163528	14112077	14124870	3
ENSG00000198612	237085882	237100474	2
ENSG00000124171	50731580	50756795	20
ENSG00000131669	93121496	93134251	9
ENSG00000182645	116324448	116380029	10
ENSG00000188508	35487324	35495558	19
ENSG00000124217	50958818	50963929	20
ENSG00000173418	20017310	20033655	20
ENSG00000148908	119499817	119542719	10
ENSG00000160882	142872356	142879846	8
ENSG00000283563	28349178	29767537	3
ENSG00000183087	113820549	113864076	13
ENSG00000154783	14810853	14934571	3
ENSG00000127588	798041	800734	16
ENSG00000068976	64746389	64759974	11
ENSG00000187758	99276369	99291003	4
ENSG00000101343	20034368	20056046	20
ENSG00000185737	81875194	82987179	10
ENSG00000197969	77177445	77421537	9
ENSG00000168447	23278231	23381294	16
ENSG00000197016	56567468	56588911	19
ENSG00000151470	129093317	129116640	4
ENSG00000184788	85092284	85243911	X
ENSG00000141447	24162045	24397880	18
ENSG00000083828	57769655	57819939	19
ENSG00000188021	56563627	56567868	X
ENSG00000185985	145817829	145829856	X
ENSG00000259288	40218500	40264890	15
ENSG00000249590	30409255	30428990	22
ENSG00000136159	48037726	48047221	13
ENSG00000129696	33473386	33513185	8
ENSG00000148704	117128521	117138301	10
ENSG00000130962	37349309	37457292	X
ENSG00000159917	44228729	44305046	19
ENSG00000136146	48053323	48095131	13
ENSG00000242114	30425623	30429054	22
ENSG00000166128	63189560	63267776	15
ENSG00000066135	43650149	43705518	1
ENSG00000095485	100232298	100267680	10
ENSG00000168067	64784918	64803241	11
ENSG00000204941	43166256	43186536	19
ENSG00000163631	73397114	73421482	4
ENSG00000163075	119544432	119662251	2
ENSG00000101911	12791355	12824222	X
ENSG00000100012	30447959	30472017	22
ENSG00000205268	65714334	65842322	8
ENSG00000139687	48303744	48599436	13
ENSG00000166233	72474330	72602987	15
ENSG00000177291	35605341	35608935	10
ENSG00000148700	109996368	110135565	10
ENSG00000171606	58183029	58213562	19
ENSG00000146166	63275951	63319983	6
ENSG00000284895	41585306	41628816	1
ENSG00000117174	85649417	85708433	1
ENSG00000102858	4616493	4690974	16
ENSG00000102683	23180979	23325162	13
ENSG00000085224	77504880	77786233	X
ENSG00000112759	44219553	44234142	6
ENSG00000160299	46324124	46445769	21
ENSG00000139746	79311824	79406477	13
ENSG00000184313	54641754	54710266	1
ENSG00000137841	40278176	40307935	15
ENSG00000132669	19757606	20002457	20
ENSG00000170248	33798571	33869707	3
ENSG00000175548	38316762	38329721	12
ENSG00000133488	30488902	30505711	22
ENSG00000091428	172735274	173052893	2
ENSG00000101236	3927309	4015558	20
ENSG00000178449	50112082	50120457	12
ENSG00000105173	29811991	29824312	19
ENSG00000142166	33324387	33359864	21
ENSG00000104450	100157906	100259278	8
ENSG00000125266	106489745	106535662	13
ENSG00000129315	48688458	48716998	12
ENSG00000101605	3066807	3219968	18
ENSG00000102780	42040036	42256578	13
ENSG00000088833	1442162	1473842	20
ENSG00000141485	6684719	6713377	17
ENSG00000128242	30554635	30574665	22
ENSG00000141946	57134096	57145202	19
ENSG00000104435	79611117	79666158	8
ENSG00000134294	46358188	46372773	12
ENSG00000243137	43192702	43207299	19
ENSG00000144455	3700814	4467273	3
ENSG00000110047	64851642	64888296	11
ENSG00000121898	123706207	123940267	10
ENSG00000159140	33543038	33577481	21
ENSG00000118985	95885098	95961851	5
ENSG00000154328	11769639	11787345	8
ENSG00000171222	35953617	35959472	20
ENSG00000131459	180300698	180353336	5
ENSG00000101336	32052197	32101856	20
ENSG00000151025	25174802	25602229	10
ENSG00000099338	38335775	38370943	19
ENSG00000171953	17977409	18039209	17
ENSG00000256463	78979818	79002677	18
ENSG00000110046	64894546	64917211	11
ENSG00000091157	56651343	57029811	18
ENSG00000122420	78303884	78540701	1
ENSG00000107554	99875577	100009947	10
ENSG00000104369	74234700	74321540	8
ENSG00000100029	30576625	30607083	22
ENSG00000143013	87328880	87348923	1
ENSG00000144642	28574791	30010391	3
ENSG00000137809	68296532	68432163	15
ENSG00000113578	142592178	142698070	5
ENSG00000134748	52404602	52420836	1
ENSG00000285471	5772926	6080792	17
ENSG00000104760	17864380	17910365	8
ENSG00000129235	6640985	6644541	17
ENSG00000142892	77088989	77219430	1
ENSG00000068971	64917553	64934475	11
ENSG00000198920	6578147	6640711	17
ENSG00000155229	97458324	97498794	10
ENSG00000083750	55717749	55758774	X
ENSG00000134874	95578202	95644706	13
ENSG00000154079	70566917	70589569	6
ENSG00000164284	149345430	149354583	5
ENSG00000146147	53929982	54266280	6
ENSG00000135413	54630811	54634895	12
ENSG00000103528	19167971	19268332	16
ENSG00000149735	64934471	64935893	11
ENSG00000184005	76074746	76634603	1
ENSG00000168070	64937517	64972108	11
ENSG00000145358	100185870	100190782	4
ENSG00000101842	108044970	108079184	X
ENSG00000104763	18055992	18084998	8
ENSG00000197273	42162690	42164745	1
ENSG00000151466	128864921	129093600	4
ENSG00000185652	5432108	5521536	12
ENSG00000120149	174724582	174730896	5
ENSG00000101680	6941742	7117797	18
ENSG00000074696	65530418	65578349	15
ENSG00000133704	30628988	30695869	12
ENSG00000168062	64987945	64997018	11
ENSG00000251537	15571491	15651653	17
ENSG00000156298	38561542	38688920	X
ENSG00000116641	62454298	62688386	1
ENSG00000213465	65014160	65022184	11
ENSG00000181350	16441577	16492193	17
ENSG00000197381	45073853	45226560	21
ENSG00000136143	47745736	48037968	13
ENSG00000145919	173607145	173616659	5
ENSG00000074356	3802158	3846246	17
ENSG00000166828	23182745	23216883	16
ENSG00000165072	70043848	70226972	9
ENSG00000167751	50861568	50880567	19
ENSG00000186522	109542799	109614143	2
ENSG00000124228	49219347	49244077	20
ENSG00000164609	160401641	160421711	5
ENSG00000171219	64823052	64844653	11
ENSG00000189152	19127535	19159187	17
ENSG00000126759	47623172	47630305	X
ENSG00000119318	107283137	107332192	9
ENSG00000167588	50103982	50111313	12
ENSG00000122254	22814162	22916338	16
ENSG00000142494	19495385	19579034	17
ENSG00000172940	38265812	38278757	3
ENSG00000138769	75576496	75630716	4
ENSG00000000005	100584936	100599885	X
ENSG00000099958	23834503	23839128	22
ENSG00000170537	18983934	19063942	16
ENSG00000268279	14135217	14148252	3
ENSG00000100888	21385194	21456126	14
ENSG00000000003	100627108	100639991	X
ENSG00000258873	57154021	57167485	19
ENSG00000138639	85475150	86002668	4
ENSG00000136944	126613928	126701032	9
ENSG00000279270	4803433	4804380	11
ENSG00000278870	4923374	4924339	11
ENSG00000120318	141653401	141682230	5
ENSG00000157593	44254096	44257890	6
ENSG00000205496	4954772	4955713	11
ENSG00000205495	5046526	5047461	11
ENSG00000176787	5058650	5059627	11
ENSG00000273085	5069572	5070497	11
ENSG00000083844	57191500	57222846	19
ENSG00000244734	5225464	5229395	11
ENSG00000167566	49791146	49828750	12
ENSG00000175928	3799431	3849834	3
ENSG00000251357	23862188	23895223	22
ENSG00000177143	580380	582114	18
ENSG00000240972	23894383	23895227	22
ENSG00000176890	657653	673578	18
ENSG00000172878	171999943	172082430	2
ENSG00000183668	43211791	43269530	19
ENSG00000183324	73443164	73560013	15
ENSG00000223609	5232678	5243657	11
ENSG00000183960	19148510	19535642	3
ENSG00000118939	75549480	75606020	13
ENSG00000099994	24181487	24189106	22
ENSG00000101181	62183028	62203568	20
ENSG00000065615	83859656	83967423	6
ENSG00000101224	3786772	3806121	20
ENSG00000284931	5248270	5254783	11
ENSG00000196565	5253188	5505605	11
ENSG00000167139	73873564	73889214	15
ENSG00000182199	57229573	57234935	12
ENSG00000130731	634427	636366	16
ENSG00000239920	5254392	5678434	11
ENSG00000100284	35299275	35347992	22
ENSG00000196730	87497228	87708634	9
ENSG00000213931	5268345	5505652	11
ENSG00000109046	27294076	27315926	17
ENSG00000114353	50226292	50259362	3
ENSG00000065833	83210402	83431051	6
ENSG00000136535	161416297	161425870	2
ENSG00000138640	88725955	89111398	4
ENSG00000183251	5301014	5301946	11
ENSG00000176239	5351508	5352446	11
ENSG00000132199	670318	712662	18
ENSG00000268975	40771648	40796943	19
ENSG00000167360	5422111	5423206	11
ENSG00000147256	131058346	131089885	X
ENSG00000181609	5488685	5489749	11
ENSG00000175520	5507300	5509958	11
ENSG00000161243	38990714	39032785	19
ENSG00000169508	99294539	99307399	13
ENSG00000146143	57314805	57646850	6
ENSG00000175518	5514393	5518431	11
ENSG00000139826	108218392	108234243	13
ENSG00000187747	5580877	5581884	11
ENSG00000182263	163593396	163736012	2
ENSG00000139684	46771256	46797420	13
ENSG00000121236	5596109	5612958	11
ENSG00000156642	73560014	73634134	15
ENSG00000121289	32875925	32971991	19
ENSG00000072080	234050679	234077134	2
ENSG00000090905	24610209	24827632	16
ENSG00000100216	38681957	38685421	22
ENSG00000102468	46831546	46897076	13
ENSG00000269405	102247167	102326722	X
ENSG00000083544	60396457	60573878	13
ENSG00000100197	42126499	42130865	22
ENSG00000184486	98834574	98839458	6
ENSG00000118322	160563120	160852214	5
ENSG00000135324	84033772	84090881	6
ENSG00000158164	102513682	102516739	X
ENSG00000102010	15464246	15556529	X
ENSG00000057657	105993463	106109939	6
ENSG00000178802	74890005	74902219	15
ENSG00000268182	56643159	56657247	19
ENSG00000127903	56661980	56671783	19
ENSG00000133104	36301638	36370180	13
ENSG00000204524	57240632	57262728	19
ENSG00000133027	17505563	17591708	17
ENSG00000204936	43353686	43363172	19
ENSG00000258588	5596725	5644398	11
ENSG00000138175	102673731	102714397	10
ENSG00000204764	170861870	171300015	5
ENSG00000172987	98457077	99235862	10
ENSG00000100427	50059391	50085426	22
ENSG00000153560	33388336	33441371	3
ENSG00000181023	5736448	5738523	11
ENSG00000285602	15561047	15675608	X
ENSG00000169239	15688830	15788411	X
ENSG00000205409	5840928	5841952	11
ENSG00000213934	5248269	5249857	11
ENSG00000048471	11976734	12574287	16
ENSG00000182170	3217944	3218813	11
ENSG00000283515	58228914	58315183	19
ENSG00000167578	40778216	40796942	19
ENSG00000184350	3225030	3232417	11
ENSG00000182287	15825806	15854931	X
ENSG00000114948	206443532	206621127	2
ENSG00000146856	134986508	135147963	7
ENSG00000005801	3339261	3379222	11
ENSG00000206422	7231089	7232044	18
ENSG00000134775	36297713	36780220	18
ENSG00000170915	52361421	52407777	6
ENSG00000188316	116849499	116911788	10
ENSG00000149488	2536573	2643580	20
ENSG00000203972	49499923	49528078	6
ENSG00000070190	99816827	99870190	4
ENSG00000058600	22297375	22335101	16
ENSG00000156535	73695785	73828316	6
ENSG00000177732	325552	330224	20
ENSG00000170373	23747562	23751268	20
ENSG00000101441	23685640	23689038	20
ENSG00000249624	33229892	33297160	21
ENSG00000171940	53567071	53609907	20
ENSG00000102572	98445185	98577940	13
ENSG00000196865	113854661	113917194	10
ENSG00000108590	6643311	6651634	17
ENSG00000142173	46098112	46132848	21
ENSG00000196576	50274979	50307646	22
ENSG00000105063	55229779	55259017	19
ENSG00000138650	133149294	133208606	4
ENSG00000088854	3249306	3407669	20
ENSG00000135315	84124241	84227643	6
ENSG00000105971	116287380	116508541	7
ENSG00000124422	20999596	21043760	17
ENSG00000169188	55000363	55009057	X
ENSG00000170370	117542445	117549546	10
ENSG00000182010	62183035	62268844	10
ENSG00000135423	56470944	56488414	12
ENSG00000158578	55009055	55030977	X
ENSG00000129472	21459020	21476960	14
ENSG00000197430	96343221	96359365	10
ENSG00000163512	28315003	28349050	3
ENSG00000124257	45888625	45891208	20
ENSG00000125779	3888839	3929887	20
ENSG00000287542	88523810	88708450	4
ENSG00000144228	138501770	138573547	2
ENSG00000170153	140859807	141212877	4
ENSG00000136161	48488963	48533256	13
ENSG00000128590	108569867	108574850	7
ENSG00000140090	92322581	92501481	14
ENSG00000174697	128241278	128257629	7
ENSG00000171962	17972813	18016889	17
ENSG00000204193	110303476	110337884	9
ENSG00000136542	157257705	157318491	2
ENSG00000169018	68277745	68295862	15
ENSG00000214415	80458635	80512064	7
ENSG00000089048	13714322	13784919	20
ENSG00000197714	57280051	57294069	19
ENSG00000109445	141220887	141234697	4
ENSG00000140464	73994673	74047827	15
ENSG00000238269	55075030	55078909	X
ENSG00000136925	97600080	97633368	9
ENSG00000221878	42924132	42937207	19
ENSG00000249481	44342650	44380179	6
ENSG00000270099	95860548	95924844	10
ENSG00000234068	55089018	55092842	X
ENSG00000179562	127580628	127593611	7
ENSG00000107566	100150094	100186033	10
ENSG00000133265	55262223	55280381	19
ENSG00000152128	134455759	134719000	2
ENSG00000255151	59086307	59094786	11
ENSG00000189057	59107185	59127412	11
ENSG00000000419	50934867	50959140	20
ENSG00000196924	154348524	154374634	X
ENSG00000126062	50354750	50359521	3
ENSG00000078725	119153458	119369435	9
ENSG00000106013	118214669	118496171	7
ENSG00000164627	39329990	39725408	6
ENSG00000114349	50191610	50197696	3
ENSG00000141385	12328944	12377227	18
ENSG00000248672	159771851	159904710	2
ENSG00000110042	59171430	59208588	11
ENSG00000178235	83877205	83882474	13
ENSG00000091128	108023548	108130361	7
ENSG00000132965	30713478	30764426	13
ENSG00000100056	19130279	19144684	22
ENSG00000138641	88592434	88708541	4
ENSG00000026559	51003656	51023107	20
ENSG00000065621	104268873	104304950	10
ENSG00000148123	101028727	101325135	9
ENSG00000032742	20567138	20691444	13
ENSG00000181867	121851882	121852833	5
ENSG00000168634	45702038	45708817	20
ENSG00000153443	4608883	4615027	16
ENSG00000170091	174045706	174243501	5
ENSG00000178229	57320472	57330770	19
ENSG00000149651	45722347	45725830	20
ENSG00000197629	59208510	59212927	11
ENSG00000124160	46060991	46089962	20
ENSG00000100567	58244843	58272012	14
ENSG00000169021	29205320	29213151	19
ENSG00000136937	97633668	97673748	9
ENSG00000114378	50299890	50312381	3
ENSG00000063127	49289638	49325215	19
ENSG00000110002	124115404	124147721	11
ENSG00000091542	18183078	18209954	17
ENSG00000127586	788046	800737	16
ENSG00000112081	36594353	36605600	6
ENSG00000101347	36890229	36951893	20
ENSG00000102445	46334681	46438190	13
ENSG00000059691	151670504	151761007	4
ENSG00000108591	18087892	18107970	17
ENSG00000206203	19131308	19132622	22
ENSG00000063515	19146993	19150292	22
ENSG00000118407	75291859	75493800	6
ENSG00000180530	14961235	15065936	21
ENSG00000100075	19175581	19178739	22
ENSG00000060069	79679803	79754503	18
ENSG00000148814	132332154	132381508	10
ENSG00000113580	143277931	143435512	5
ENSG00000114388	50347330	50350826	3
ENSG00000112218	96794125	96837477	6
ENSG00000159200	34513142	34615113	21
ENSG00000124731	41267926	41286682	6
ENSG00000160469	55282072	55312562	19
ENSG00000146233	46549580	46652830	6
ENSG00000161634	54644589	54648493	12
ENSG00000125247	100603625	100675093	13
ENSG00000135046	73151865	73170393	9
ENSG00000198839	112206695	112343934	7
ENSG00000163510	179944876	180007297	2
ENSG00000005175	47661249	47706030	12
ENSG00000171813	132397168	132417859	10
ENSG00000281613	112236806	112350094	6
ENSG00000059915	102402617	102421539	10
ENSG00000005700	82169986	82247754	6
ENSG00000032219	58298504	58373887	14
ENSG00000152217	44680173	45068510	18
ENSG00000170540	18791669	18801572	16
ENSG00000183785	18110100	18146683	22
ENSG00000185274	71132144	71713600	7
ENSG00000172260	71395943	72282539	1
ENSG00000171189	29536933	29940033	21
ENSG00000177156	747415	765012	11
ENSG00000049759	58044226	58401540	18
ENSG00000239900	40346461	40390463	22
ENSG00000185069	52768155	52777345	12
ENSG00000185775	42183659	42189887	9
ENSG00000138411	196189099	196593684	2
ENSG00000133106	42886388	42992271	13
ENSG00000117480	46394317	46413848	1
ENSG00000107874	102423245	102432584	10
ENSG00000137561	63048553	63086053	8
ENSG00000187210	76419850	76651203	9
ENSG00000168301	58492096	58502360	3
ENSG00000167011	101170496	101180293	7
ENSG00000256060	57363551	57365405	19
ENSG00000086061	33025273	33039907	9
ENSG00000258405	52453553	52516882	19
ENSG00000120055	102449837	102451543	10
ENSG00000185728	63168553	63212786	8
ENSG00000184408	120273175	120750337	7
ENSG00000151962	154781213	154828813	4
ENSG00000138111	102461395	102477045	10
ENSG00000144566	19947097	19985175	3
ENSG00000268133	57363566	57398584	19
ENSG00000197405	47290023	47322066	19
ENSG00000184903	110662644	111562517	7
ENSG00000125503	55090914	55117637	19
ENSG00000177225	767220	777488	11
ENSG00000137944	88935773	88992953	1
ENSG00000204669	72051376	72072721	9
ENSG00000139117	38646822	38907430	12
ENSG00000091651	46689643	46698394	16
ENSG00000138107	102461881	102502712	10
ENSG00000151623	148078762	148444698	4
ENSG00000129221	6393693	6435199	17
ENSG00000146955	140404058	140427974	7
ENSG00000127863	23570370	23676104	13
ENSG00000101216	63587602	63627101	20
ENSG00000170266	32996609	33097202	3
ENSG00000286224	46326288	46326491	21
ENSG00000142192	25880535	26171128	21
ENSG00000196781	81583683	81689547	9
ENSG00000198420	143851375	143902198	7
ENSG00000137558	74824534	74855029	8
ENSG00000122861	73909177	73917496	10
ENSG00000171208	47077703	47143945	16
ENSG00000182183	52633168	52669683	1
ENSG00000100218	23059415	23145021	22
ENSG00000104381	74320613	74518007	8
ENSG00000197457	63639705	63657682	20
ENSG00000139832	110523066	110561722	13
ENSG00000161798	49961872	49965682	12
ENSG00000271949	89633140	89933250	1
ENSG00000113303	180899077	180950906	5
ENSG00000134905	110641412	110713603	13
ENSG00000067334	93866284	93879918	1
ENSG00000277586	24950955	24956721	8
ENSG00000197157	127652194	128092609	7
ENSG00000196860	58395928	58408702	14
ENSG00000145425	151099624	151104642	4
ENSG00000243509	63696652	63698684	20
ENSG00000139610	51328442	51346679	12
ENSG00000128266	23070519	23125032	22
ENSG00000101246	63698642	63708025	20
ENSG00000103599	67254786	67502260	15
ENSG00000184524	787115	790113	11
ENSG00000100575	58408495	58427531	14
ENSG00000147697	129748196	129786624	8
ENSG00000186716	23179704	23318037	22
ENSG00000171777	38409051	38426305	19
ENSG00000148331	129634604	129642169	9
ENSG00000148677	90912096	90921087	10
ENSG00000142949	43525187	43623666	1
ENSG00000177542	790475	798281	11
ENSG00000152556	48105139	48146404	12
ENSG00000260428	144266453	144268481	8
ENSG00000185122	144291591	144314720	8
ENSG00000180447	86944362	86947506	9
ENSG00000099290	50067888	50133509	10
ENSG00000196470	48356364	48448402	16
ENSG00000100578	58427385	58551297	14
ENSG00000127084	92947523	93036236	9
ENSG00000160746	43354859	43691594	3
ENSG00000069345	46955362	46973674	16
ENSG00000177294	6776215	6797101	17
ENSG00000105880	97020396	97024950	7
ENSG00000274180	21238870	21253410	17
ENSG00000198369	65310851	65432637	2
ENSG00000004059	127588386	127591700	7
ENSG00000113594	38474668	38608354	5
ENSG00000164124	158201604	158255416	4
ENSG00000108582	30378927	30469989	17
ENSG00000067365	8621683	8649654	16
ENSG00000185000	144314584	144326910	8
ENSG00000162944	197568224	197676045	2
ENSG00000153487	110712736	110723339	13
ENSG00000288683	18077989	18131720	22
ENSG00000165572	41127569	41132802	13
ENSG00000197114	63707465	63736142	20
ENSG00000120696	41189834	41194569	13
ENSG00000178741	74919791	74938083	15
ENSG00000120662	41216369	41263577	13
ENSG00000124608	44298731	44313347	6
ENSG00000100116	37807905	37817176	22
ENSG00000196937	121348878	121396364	7
ENSG00000128918	57953424	58497866	15
ENSG00000137038	7796500	7888380	9
ENSG00000163083	120346136	120351803	2
ENSG00000119509	100099243	100302175	9
ENSG00000147003	15627318	15675012	X
ENSG00000145715	87267883	87391931	5
ENSG00000144320	175923882	176002839	2
ENSG00000230268	124476371	124476955	7
ENSG00000172766	41311267	41377030	13
ENSG00000155330	46796603	46831180	16
ENSG00000147403	154389955	154409168	X
ENSG00000081800	123113531	123199972	7
ENSG00000108578	30248203	30292056	17
ENSG00000272398	106969831	106975627	6
ENSG00000128310	37823382	37825485	22
ENSG00000100129	37848868	37889407	22
ENSG00000261678	144330565	144336482	8
ENSG00000069329	46656132	46689518	16
ENSG00000271698	144353228	144355609	8
ENSG00000182325	144355431	144359376	8
ENSG00000273154	63708864	63739103	20
ENSG00000273047	63738270	63740398	20
ENSG00000214194	113116718	113118560	7
ENSG00000125520	63739776	63744050	20
ENSG00000111860	118460772	118710075	6
ENSG00000172939	38165089	38255484	3
ENSG00000183166	71779491	72447151	7
ENSG00000072501	53374149	53422728	X
ENSG00000136824	104094260	104141419	9
ENSG00000178662	165469647	165689407	2
ENSG00000088882	2794074	2800627	20
ENSG00000128536	105876796	106036432	7
ENSG00000198783	34961540	34963777	17
ENSG00000198689	135973841	136047269	X
ENSG00000173137	144373101	144393242	8
ENSG00000102760	41457550	41470871	13
ENSG00000126653	30115521	30186475	17
ENSG00000138764	77157207	77433388	4
ENSG00000102763	41566835	41961120	13
ENSG00000237515	12901598	13240416	16
ENSG00000241690	2814968	2818066	20
ENSG00000258713	2814987	2815833	20
ENSG00000198326	2816302	2820284	20
ENSG00000132635	2835314	2841190	20
ENSG00000067141	73051710	73305205	15
ENSG00000144355	172084740	172089677	2
ENSG00000116133	54849627	54887195	1
ENSG00000112796	46159185	46170980	6
ENSG00000071894	144393229	144409335	8
ENSG00000088543	50558025	50571027	3
ENSG00000006453	98291650	98401090	7
ENSG00000152034	99918519	99994247	6
ENSG00000261130	15395754	15515348	16
ENSG00000144331	179441982	179861612	2
ENSG00000135338	79484991	79537458	6
ENSG00000103485	29663279	29698699	16
ENSG00000138311	62374192	62480288	10
ENSG00000106086	30027404	30130483	7
ENSG00000215305	2840703	2866732	20
ENSG00000145428	153710160	153760024	4
ENSG00000082515	154941073	154969411	5
ENSG00000285837	62374192	62672011	10
ENSG00000096384	44246166	44253888	6
ENSG00000167693	799310	979776	17
ENSG00000100139	37905657	37942822	22
ENSG00000114383	50320027	50328251	3
ENSG00000140795	46702282	46790407	16
ENSG00000181915	62804720	62808479	10
ENSG00000144724	61561569	62297609	3
ENSG00000125249	97434169	97469128	13
ENSG00000203805	120457227	120592065	10
ENSG00000144118	120240064	120294710	2
ENSG00000186952	110289233	110738956	5
ENSG00000139679	48389567	48444704	13
ENSG00000164169	147637785	147684163	4
ENSG00000180592	21513475	21526368	10
ENSG00000136939	122723990	122724925	9
ENSG00000251349	100442271	100577636	9
ENSG00000171502	85729233	86156943	1
ENSG00000213995	110615545	110639996	13
ENSG00000214285	127549309	127553540	10
ENSG00000152463	15032227	15073853	10
ENSG00000157303	93058688	93085133	9
ENSG00000100412	41447830	41529273	22
ENSG00000141034	18039408	18068405	17
ENSG00000102910	48244300	48363122	16
ENSG00000173473	47585269	47782106	3
ENSG00000121743	20138255	20161052	13
ENSG00000177432	88695913	88697829	4
ENSG00000165474	20187463	20192938	13
ENSG00000164904	126531200	126595362	5
ENSG00000151458	124664048	124712732	4
ENSG00000151929	119651380	119677819	10
ENSG00000121742	20221962	20232365	13
ENSG00000269955	139341360	139422599	7
ENSG00000148200	124517275	124771311	9
ENSG00000185532	50990888	52298423	10
ENSG00000188042	234493041	234497081	2
ENSG00000101363	37289649	37317260	20
ENSG00000173214	111259327	111445354	6
ENSG00000105967	115935148	116159896	7
ENSG00000077684	128809700	128875224	4
ENSG00000006125	35578046	35726413	17
ENSG00000135632	73214222	73227221	2
ENSG00000125878	604257	610309	20
ENSG00000124243	50794894	50877177	20
ENSG00000187189	116249964	116254075	6
ENSG00000187871	55327469	55402493	6
ENSG00000147804	144409742	144416844	8
ENSG00000177600	809965	812880	11
ENSG00000149634	45886491	45887622	20
ENSG00000121741	19958677	20091829	13
ENSG00000244274	45406057	45410610	20
ENSG00000137269	53794497	53924125	6
ENSG00000134602	132023302	132075943	X
ENSG00000035403	73995193	74121363	10
ENSG00000104894	49335171	49343335	19
ENSG00000165076	141836300	141841487	7
ENSG00000170275	33114014	33147773	3
ENSG00000135960	108894471	108989372	2
ENSG00000008196	50818723	50847619	6
ENSG00000177666	818914	825573	11
ENSG00000082293	69866556	70212468	6
ENSG00000156968	15395754	15413271	16
ENSG00000148175	121338987	121370304	9
ENSG00000160948	144423601	144428563	8
ENSG00000144619	2098813	3057959	3
ENSG00000162399	54998933	55017172	1
ENSG00000166123	46884362	46931289	16
ENSG00000196421	64034344	64039962	20
ENSG00000140382	77420412	77485607	15
ENSG00000101255	362835	397559	20
ENSG00000116157	52602371	52609051	1
ENSG00000249884	86505668	86721122	2
ENSG00000106049	27525442	27662883	7
ENSG00000143036	94820342	94895246	1
ENSG00000163600	203936763	203961577	2
ENSG00000165025	90801787	90898549	9
ENSG00000107882	102503972	102633535	10
ENSG00000125508	63538489	63547749	20
ENSG00000149599	31847637	31870664	20
ENSG00000184601	104579764	104590515	14
ENSG00000177685	826144	831991	11
ENSG00000268361	43554692	43593036	19
ENSG00000138400	206737763	206765328	2
ENSG00000102921	48538726	48620148	16
ENSG00000163629	86594315	86815171	4
ENSG00000254901	19176903	19192591	19
ENSG00000197616	23381982	23408273	14
ENSG00000111912	125781161	125932034	6
ENSG00000170545	51244558	51270415	12
ENSG00000140505	74748845	74756607	15
ENSG00000235631	122701668	122702922	7
ENSG00000170632	103074881	103099759	7
ENSG00000123728	132203024	132219480	X
ENSG00000129636	47154387	47464149	16
ENSG00000140284	50182196	50236385	15
ENSG00000177697	832887	839831	11
ENSG00000123560	103773718	103792619	X
ENSG00000197893	113588714	113664070	10
ENSG00000174306	41178448	41317731	20
ENSG00000174718	31959370	31993107	12
ENSG00000100711	103715730	103733668	14
ENSG00000130349	107028199	107051586	6
ENSG00000188785	57389850	57402992	19
ENSG00000068001	50317790	50322782	3
ENSG00000150456	20728731	20773961	13
ENSG00000262179	44216926	44218234	6
ENSG00000138376	214725646	214809683	2
ENSG00000146250	83512534	83525704	6
ENSG00000146352	122996235	123072925	6
ENSG00000165782	20457681	20461465	14
ENSG00000165966	41188320	41574745	12
ENSG00000243317	135662496	135693418	7
ENSG00000136381	78437431	78501453	15
ENSG00000150457	20973036	21061586	13
ENSG00000080845	36306336	36528637	20
ENSG00000012124	35319261	35347361	19
ENSG00000282218	117318211	117573571	6
ENSG00000146232	44258166	44265788	6
ENSG00000186451	57060664	57075432	3
ENSG00000151849	24882279	24922889	13
ENSG00000261236	144262045	144291438	8
ENSG00000059378	140023749	140062951	7
ENSG00000106723	88388430	88478694	9
ENSG00000186439	123216339	123637093	6
ENSG00000011198	43690108	43734371	3
ENSG00000152944	27022546	27066343	12
ENSG00000187742	89318500	89359663	9
ENSG00000185056	173973779	174006140	5
ENSG00000102900	56730118	56850286	16
ENSG00000140153	102139503	102224847	14
ENSG00000147140	71254814	71301522	X
ENSG00000100280	29327680	29388583	22
ENSG00000183072	173232109	173235311	5
ENSG00000112305	70667776	70862011	6
ENSG00000065243	88684222	88836255	1
ENSG00000139624	50129289	50167533	12
ENSG00000170214	159865080	159973012	5
ENSG00000144677	37861880	37984469	3
ENSG00000171522	40679915	40693735	5
ENSG00000088899	3162617	3173549	20
ENSG00000177700	837356	842529	11
ENSG00000100592	59188646	59371405	14
ENSG00000128567	131500262	131558217	7
ENSG00000183111	149551947	149634968	5
ENSG00000189227	67521131	67530146	15
ENSG00000125895	1180561	1185415	20
ENSG00000138621	75023586	75117462	15
ENSG00000132670	2873420	3039076	20
ENSG00000177830	867859	915058	11
ENSG00000123213	65722205	65871725	5
ENSG00000185608	19432545	19436075	22
ENSG00000185803	144333957	144361286	8
ENSG00000100033	18912777	18936553	22
ENSG00000171428	18170477	18223689	8
ENSG00000118402	79914814	79947553	6
ENSG00000197859	133532164	133575519	9
ENSG00000138622	73319859	73368958	15
ENSG00000170162	117265558	117273565	6
ENSG00000126870	158856558	158956747	7
ENSG00000180730	26044597	26052016	13
ENSG00000133105	31739526	31803389	13
ENSG00000179151	74630558	74696292	15
ENSG00000009413	111299028	111483715	6
ENSG00000022567	141207166	141308305	8
ENSG00000163935	52903572	53046750	3
ENSG00000213316	179793980	179796647	5
ENSG00000100557	57469300	57493867	14
ENSG00000117528	94418389	94518666	1
ENSG00000133606	140453033	140479536	7
ENSG00000073910	31846713	32299125	13
ENSG00000115844	172099438	172102900	2
ENSG00000173451	71664301	71680644	12
ENSG00000184845	175440036	175444182	5
ENSG00000120539	27154824	27187953	10
ENSG00000186803	21206181	21207143	9
ENSG00000283434	88338416	88467594	3
ENSG00000204882	141356470	141367286	8
ENSG00000118596	59596029	59789855	12
ENSG00000196739	114155537	114312511	9
ENSG00000150394	61647242	62037035	16
ENSG00000132141	34927859	34981078	17
ENSG00000171992	150601080	150659207	5
ENSG00000114738	50611520	50649291	3
ENSG00000172680	56112942	56113982	8
ENSG00000181690	56160909	56211324	8
ENSG00000170035	180967248	181076585	2
ENSG00000120725	138946724	139293557	5
ENSG00000137764	67542703	67807117	15
ENSG00000170791	56211686	56218809	8
ENSG00000244588	1226044	1296421	20
ENSG00000188883	139452690	139483673	7
ENSG00000107890	26973793	27100494	10
ENSG00000129991	55151767	55157773	19
ENSG00000271723	54641786	54742308	1
ENSG00000127955	79768028	80226181	7
ENSG00000171723	66507407	67181803	14
ENSG00000243811	39021113	39033277	22
ENSG00000206538	86876388	86991149	3
ENSG00000285528	56449700	56488170	12
ENSG00000215193	18077923	18105396	22
ENSG00000124203	59123381	59259113	20
ENSG00000076067	56521820	56596193	12
ENSG00000187122	96998038	97185959	10
ENSG00000114480	81489703	81761645	3
ENSG00000078699	33490075	33650036	20
ENSG00000104419	133237175	133302022	8
ENSG00000113300	180494379	180578358	5
ENSG00000172339	94974405	95072951	1
ENSG00000036549	77562416	77683419	1
ENSG00000171241	46578591	46621379	16
ENSG00000141314	32265832	32324659	17
ENSG00000104901	49361783	49375116	19
ENSG00000152661	121435595	121449727	6
ENSG00000099937	20774113	20787720	22
ENSG00000120457	128891356	128921163	11
ENSG00000088538	50674927	51384198	3
ENSG00000079950	132445867	132513198	6
ENSG00000136942	124857880	124861981	9
ENSG00000127743	149371324	149404202	5
ENSG00000099940	20859007	20891214	22
ENSG00000149308	108157215	108222638	11
ENSG00000167186	19067614	19080095	16
ENSG00000129990	55171196	55180289	19
ENSG00000094755	170763350	170814047	5
ENSG00000169925	134030305	134068535	9
ENSG00000099942	20917407	20953747	22
ENSG00000146410	136231024	136250335	6
ENSG00000058799	53851719	53889798	1
ENSG00000054219	159803355	159904756	2
ENSG00000083642	32586452	32778019	13
ENSG00000141127	18840085	18931287	17
ENSG00000184436	20999104	21002196	22
ENSG00000066117	50085200	50100707	12
ENSG00000133574	150567369	150573953	7
ENSG00000172986	72888046	72998138	3
ENSG00000241697	100473149	100577636	9
ENSG00000001561	46129989	46146688	6
ENSG00000166323	108308519	108467531	11
ENSG00000188050	122697735	122699117	7
ENSG00000100207	42160013	42343616	22
ENSG00000153989	117675469	117710727	6
ENSG00000104866	45091396	45148077	19
ENSG00000128607	130070534	130135705	7
ENSG00000169181	27787528	28063714	16
ENSG00000145451	174636920	174829247	4
ENSG00000203985	54007298	54018186	1
ENSG00000153558	33277025	33403662	3
ENSG00000106771	109015135	109119947	9
ENSG00000112701	75601509	75718281	6
ENSG00000136378	78759206	78811464	15
ENSG00000080031	55181247	55209506	19
ENSG00000185100	104724229	104747325	14
ENSG00000100336	36189124	36204840	22
ENSG00000288649	33666943	33668525	20
ENSG00000283761	99970011	100083321	1
ENSG00000013561	141958328	141990292	5
ENSG00000136826	107484852	107490482	9
ENSG00000087460	58839718	58911192	20
ENSG00000164117	174236658	174283667	4
ENSG00000109846	111908564	111923722	11
ENSG00000189433	34759740	34762327	1
ENSG00000128578	129434432	129488399	7
ENSG00000144119	119156243	119158751	2
ENSG00000123178	49912702	49936490	13
ENSG00000122299	11750586	11797258	16
ENSG00000115425	215996329	216082955	2
ENSG00000179178	43269983	43274002	1
ENSG00000173848	5412557	5459056	10
ENSG00000142700	50417550	50423443	1
ENSG00000167157	129665647	129722674	9
ENSG00000253797	52024691	52033600	13
ENSG00000175215	57819927	57846729	12
ENSG00000136098	52132639	52159861	13
ENSG00000135070	86264546	86283102	9
ENSG00000127124	41506365	42035925	1
ENSG00000041357	78540405	78552417	15
ENSG00000165792	20989973	20997035	14
ENSG00000099954	17359949	17558151	22
ENSG00000162604	61681046	61725423	1
ENSG00000006377	97005553	97011040	7
ENSG00000178919	97853226	97856717	9
ENSG00000166896	57906039	57959148	12
ENSG00000242441	48617798	48733148	2
ENSG00000160563	131852928	132079867	9
ENSG00000105171	29606283	29617237	19
ENSG00000127928	93591573	93911265	7
ENSG00000178372	5498697	5499570	10
ENSG00000170276	111912734	111914093	11
ENSG00000058272	79773563	79935460	12
ENSG00000254445	111912736	111926871	11
ENSG00000178363	5524961	5526771	10
ENSG00000196335	23710203	23832513	7
ENSG00000149300	111918032	111926871	11
ENSG00000214357	172641263	172691540	5
ENSG00000183773	20965108	20981360	22
ENSG00000196372	5638867	5666595	10
ENSG00000150764	111927144	112022653	11
ENSG00000116171	52927276	53051698	1
ENSG00000154447	169094259	169270956	4
ENSG00000087245	55389700	55506691	16
ENSG00000039319	80408013	80483379	5
ENSG00000102786	51354077	51454264	13
ENSG00000136950	124862130	124877733	9
ENSG00000057608	5765223	5842132	10
ENSG00000170390	150078445	150257438	4
ENSG00000198087	47477789	47627263	6
ENSG00000147872	19108375	19149290	9
ENSG00000185897	35358460	35360489	19
ENSG00000181035	19063994	19113030	19
ENSG00000163012	186827475	186849208	2
ENSG00000180089	55226638	55228784	19
ENSG00000186350	134317098	134440585	9
ENSG00000115361	210187126	210225447	2
ENSG00000112234	98868535	98948006	6
ENSG00000114541	69168782	69542583	3
ENSG00000183760	39083913	39111493	19
ENSG00000150776	112074086	112085150	11
ENSG00000198833	89326625	89352722	6
ENSG00000138180	93496612	93529092	10
ENSG00000124019	224378698	224402107	2
ENSG00000118690	108848416	108974476	6
ENSG00000186188	93566665	93604480	10
ENSG00000188505	39196964	39201884	19
ENSG00000167081	125747345	125967377	9
ENSG00000182393	39296407	39298673	19
ENSG00000095464	93612537	93666010	10
ENSG00000133742	85327608	85379014	8
ENSG00000138434	181891730	181930738	2
ENSG00000153147	143513702	143557486	4
ENSG00000159398	55846154	55956031	16
ENSG00000133937	94768223	94770113	14
ENSG00000150779	112084800	112086798	11
ENSG00000276023	37489891	37513501	17
ENSG00000130755	39328353	39342372	19
ENSG00000255582	21633836	21634940	14
ENSG00000148690	93667883	93702592	10
ENSG00000005156	34980512	35009743	17
ENSG00000204370	112086824	112120016	11
ENSG00000182652	19743571	19749469	14
ENSG00000129473	23298790	23311751	14
ENSG00000137936	93561741	93847150	1
ENSG00000085382	104728094	104859919	6
ENSG00000168903	180988846	181006727	5
ENSG00000165409	80954989	81146306	14
ENSG00000163618	62398346	62875416	3
ENSG00000108231	93757840	93806272	10
ENSG00000213578	74826627	74831802	15
ENSG00000161013	179797597	179806952	5
ENSG00000122033	27435643	27450591	13
ENSG00000159289	74069857	74082550	15
ENSG00000121210	153466346	153636711	4
ENSG00000120280	30558809	30577766	X
ENSG00000100258	50502949	50507702	22
ENSG00000185352	96090107	96839562	13
ENSG00000123171	51861969	51866232	13
ENSG00000102230	24558087	24672677	X
ENSG00000125245	99254732	99261744	13
ENSG00000128513	124822386	124929983	7
ENSG00000132938	28820339	29505947	13
ENSG00000150782	112143253	112164096	11
ENSG00000140474	74836118	74843346	15
ENSG00000119487	125437393	125707234	9
ENSG00000006712	39385629	39391154	19
ENSG00000102524	108251240	108308484	13
ENSG00000101868	24693873	24996986	X
ENSG00000025770	50508224	50524780	22
ENSG00000143032	90711539	90717302	1
ENSG00000150783	112167372	112172556	11
ENSG00000178028	44213455	44220681	1
ENSG00000197580	112175510	112224699	11
ENSG00000139626	53191323	53207282	12
ENSG00000127870	26132115	26222314	13
ENSG00000261210	19285731	19322145	16
ENSG00000141738	39737927	39747291	17
ENSG00000112773	81491439	81752774	6
ENSG00000185267	14819245	14838575	10
ENSG00000102970	57404767	57416063	16
ENSG00000063322	39391303	39400641	19
ENSG00000165417	81175452	81221377	14
ENSG00000112276	105096822	105137157	6
ENSG00000187522	14838306	14871741	10
ENSG00000128016	39406847	39409412	19
ENSG00000145423	153780591	153789083	4
ENSG00000132932	25371974	26025851	13
ENSG00000166246	4734344	4749396	16
ENSG00000090924	39412669	39428415	19
ENSG00000168785	98470367	98658611	4
ENSG00000285446	116399395	116463696	6
ENSG00000203778	112087591	112102790	6
ENSG00000254656	100879753	100903722	14
ENSG00000134001	67360328	67386516	14
ENSG00000039600	157625679	157671480	5
ENSG00000004848	25003694	25016420	X
ENSG00000111879	118959763	119149387	6
ENSG00000148842	102918294	103090222	10
ENSG00000182484	156020826	156025710	X
ENSG00000007545	1612337	1677908	16
ENSG00000164466	175477062	175529742	5
ENSG00000100558	67386984	67412167	14
ENSG00000118997	195737703	196068837	2
ENSG00000176209	42541155	42555195	8
ENSG00000168710	109984765	110023742	1
ENSG00000235376	103245887	103248016	10
ENSG00000163644	88257620	88284769	4
ENSG00000148798	103277138	103290346	10
ENSG00000136940	122798389	122828588	9
ENSG00000156374	103302796	103351144	10
ENSG00000284194	50523568	50526461	22
ENSG00000150787	112226367	112269955	11
ENSG00000119471	112380080	112472405	9
ENSG00000131089	63634967	63809274	X
ENSG00000104447	115408496	115809673	8
ENSG00000105193	39433137	39435949	19
ENSG00000025708	50525752	50530032	22
ENSG00000156127	75522455	75546993	14
ENSG00000139291	71686082	71705047	12
ENSG00000119686	75578620	75663214	14
ENSG00000278540	37084992	37406836	17
ENSG00000151835	23288689	23433763	13
ENSG00000006007	19501693	19522123	16
ENSG00000173915	103389041	103396492	10
ENSG00000161638	54395261	54419266	12
ENSG00000052795	158769026	158908050	4
ENSG00000188771	112248153	112260860	11
ENSG00000169071	91563091	91950228	9
ENSG00000184956	1012823	1036718	11
ENSG00000196235	39436156	39476670	19
ENSG00000187658	157671533	157680158	5
ENSG00000226650	155013755	155018141	5
ENSG00000117519	94896949	94927223	1
ENSG00000198108	129904465	130186634	5
ENSG00000105887	135926760	135977359	7
ENSG00000164128	163323962	163344832	4
ENSG00000102962	57358783	57366189	16
ENSG00000163376	66998307	67011210	3
ENSG00000198788	1074875	1110511	11
ENSG00000256812	55566684	55567687	16
ENSG00000178776	147880726	147906538	5
ENSG00000176273	93893973	93956062	10
ENSG00000272305	52969119	53099453	3
ENSG00000165120	130206344	130216844	7
ENSG00000165113	83739425	83829516	9
ENSG00000120910	22440819	22541142	8
ENSG00000144744	69054730	69080408	3
ENSG00000198498	163494442	163520539	4
ENSG00000173546	75674322	75712848	15
ENSG00000134215	107571161	107965180	1
ENSG00000183206	14507339	14543600	18
ENSG00000164603	112819147	112939875	7
ENSG00000175497	114442299	115845780	2
ENSG00000198944	132813302	132816786	5
ENSG00000119685	75633625	75955079	14
ENSG00000135720	66720893	66751609	16
ENSG00000153495	111316184	111344249	13
ENSG00000255292	112086903	112193805	11
ENSG00000111058	80936414	81261210	12
ENSG00000136935	124878275	124948492	9
ENSG00000164402	132750819	132807241	5
ENSG00000166035	58410569	58569844	15
ENSG00000285444	51763951	51845159	13
ENSG00000160963	101362875	101559024	7
ENSG00000173145	94333226	94362959	10
ENSG00000178695	76880175	76886405	13
ENSG00000102794	76948511	76958638	13
ENSG00000214026	1947278	1984522	11
ENSG00000102805	76990660	77019143	13
ENSG00000163110	94451857	94668227	4
ENSG00000180777	14728272	14854667	18
ENSG00000108239	94402541	94536332	10
ENSG00000283208	76992078	77129589	13
ENSG00000130559	135808487	135907546	9
ENSG00000005812	76992598	77027195	13
ENSG00000130487	50545899	50551023	22
ENSG00000185926	54603069	54603998	11
ENSG00000217442	50551112	50562919	22
ENSG00000161800	49976923	50033136	12
ENSG00000205560	50568861	50578465	22
ENSG00000183313	5985892	5986985	11
ENSG00000170260	149239651	149255606	7
ENSG00000254673	43018424	43077334	8
ENSG00000180919	6107684	6108835	11
ENSG00000168522	43034194	43085788	8
ENSG00000009844	142147162	142224685	6
ENSG00000288716	77326905	77326988	13
ENSG00000168454	9885766	9889275	18
ENSG00000261456	46888	74163	10
ENSG00000253309	51335773	51364735	13
ENSG00000101558	9914016	9960021	18
ENSG00000196119	124566660	124582942	11
ENSG00000178425	116100851	116249497	6
ENSG00000106153	56101573	56106476	7
ENSG00000067221	73978926	73994622	15
ENSG00000103460	52436417	52547802	16
ENSG00000188691	5967177	5968494	11
ENSG00000121440	73382431	73624941	3
ENSG00000152402	106674019	107018476	11
ENSG00000106328	127591409	127602144	7
ENSG00000122026	27251362	27256691	13
ENSG00000165471	52765380	52772784	10
ENSG00000165102	43140464	43202855	8
ENSG00000146842	130164713	130207770	7
ENSG00000111907	125119049	125264407	6
ENSG00000023839	99782640	99852594	10
ENSG00000115020	208266255	208358746	2
ENSG00000133935	75649791	75660876	14
ENSG00000154864	10666483	11149569	18
ENSG00000141076	69131291	69231130	16
ENSG00000198963	74497335	74693177	9
ENSG00000188641	97077743	97995000	1
ENSG00000134955	125063302	125090516	11
ENSG00000089916	76151916	76254342	14
ENSG00000139780	102685747	102695044	13
ENSG00000134899	102845831	102875995	13
ENSG00000152078	95117355	95197607	1
ENSG00000080819	98579446	98593648	3
ENSG00000070159	109375466	109498313	9
ENSG00000168309	58564117	58627610	3
ENSG00000214102	141708353	141731271	7
ENSG00000185668	38043829	38046793	1
ENSG00000105197	39480412	39493785	19
ENSG00000188877	43292483	43363518	8
ENSG00000171492	89821014	89936611	1
ENSG00000105993	157335381	157417439	7
ENSG00000170989	101236865	101243713	1
ENSG00000181264	120325296	120333686	11
ENSG00000276430	47995322	47999791	10
ENSG00000165304	36572862	36677683	9
ENSG00000119650	75902136	76084585	14
ENSG00000081014	50908672	51005895	15
ENSG00000254413	50568869	50582965	22
ENSG00000116299	109113679	109206781	1
ENSG00000168333	49054311	49076093	8
ENSG00000182333	88664441	88678814	10
ENSG00000170242	11841423	11961887	11
ENSG00000288661	63754485	63754664	X
ENSG00000166707	104112131	104115842	X
ENSG00000125255	103043998	103066417	13
ENSG00000113742	173888349	173961980	5
ENSG00000227124	75678660	75785583	3
ENSG00000158639	55220346	55224108	X
ENSG00000100288	50578959	50601455	22
ENSG00000172458	20702127	20723098	13
ENSG00000054690	67533290	67589612	14
ENSG00000198010	737628	1708476	8
ENSG00000134864	100530164	100589528	13
ENSG00000178233	44270450	44307506	6
ENSG00000181191	69160851	69165521	X
ENSG00000163378	68975217	69013684	3
ENSG00000165300	87671371	87696272	13
ENSG00000090932	39498895	39508481	19
ENSG00000068650	112690038	112887168	13
ENSG00000153292	46997708	47042350	6
ENSG00000087253	55509072	55586666	16
ENSG00000102387	101268253	101293057	X
ENSG00000174453	214411054	214578976	2
ENSG00000176401	39530987	39532852	19
ENSG00000173239	88802730	88820546	10
ENSG00000176396	39538707	39540161	19
ENSG00000185900	43093498	43131180	8
ENSG00000182013	46466491	46471563	19
ENSG00000165359	135520659	135582510	X
ENSG00000115109	120013077	120179119	2
ENSG00000204020	88759982	88779626	10
ENSG00000204851	46486906	46495879	19
ENSG00000168928	75204103	75207161	16
ENSG00000160014	46601074	46610782	19
ENSG00000100564	67581955	67600286	14
ENSG00000107968	30434021	30461833	10
ENSG00000249961	66754640	66801620	16
ENSG00000166960	32937402	33441101	18
ENSG00000008735	50600793	50613981	22
ENSG00000129292	132775358	132848807	8
ENSG00000119953	110290730	110304938	10
ENSG00000005889	24149173	24216255	X
ENSG00000135374	34478791	34525193	11
ENSG00000167779	53097436	53102345	12
ENSG00000081181	67619920	67651708	14
ENSG00000066651	125986479	126203817	6
ENSG00000152207	48653711	48711226	13
ENSG00000105929	138706294	138799560	7
ENSG00000070614	150485818	150558211	5
ENSG00000165621	96985713	96994730	13
ENSG00000104043	49858238	50182817	15
ENSG00000103089	74712955	74774831	16
ENSG00000044524	89107621	89482134	3
ENSG00000100568	67647085	67674820	14
ENSG00000138166	110497907	110511533	10
ENSG00000100299	50622754	50628173	22
ENSG00000121207	154626945	154753120	4
ENSG00000188243	75525214	75549439	13
ENSG00000172867	52644558	52652211	12
ENSG00000160013	46620468	46625089	19
ENSG00000164118	174283730	174333380	4
ENSG00000258466	67659820	67690367	14
ENSG00000107951	30309801	30374448	10
ENSG00000072042	67676800	67695793	14
ENSG00000124780	39299001	39314461	6
ENSG00000177425	79574979	79690964	12
ENSG00000197380	46647551	46661182	19
ENSG00000113269	179911651	180072113	5
ENSG00000177508	54283304	54286787	16
ENSG00000128011	39306566	39320863	19
ENSG00000130545	6463777	6467221	19
ENSG00000136114	52377167	52416373	13
ENSG00000126752	48255392	48267444	X
ENSG00000118557	72112157	72176878	16
ENSG00000149269	77322017	77474635	11
ENSG00000111110	62643994	62935150	12
ENSG00000124749	56056590	56394094	6
ENSG00000122862	69088103	69104805	10
ENSG00000136100	52412602	52450634	13
ENSG00000265190	47460162	47484158	10
ENSG00000197779	47836902	48002561	X
ENSG00000081148	101222546	101320575	3
ENSG00000205744	6467207	6482557	19
ENSG00000080561	107825755	107931637	X
ENSG00000137962	94148988	94275068	1
ENSG00000168556	183505058	183512429	4
ENSG00000135472	49866896	49904217	12
ENSG00000136960	119557086	119673453	8
ENSG00000139988	67701886	67734451	14
ENSG00000168843	161383897	162164004	4
ENSG00000161011	179806398	179838078	5
ENSG00000171532	39603536	39609777	17
ENSG00000163449	216081866	216102783	2
ENSG00000204130	68341107	68407294	10
ENSG00000094804	40287879	40304657	17
ENSG00000257520	36473207	36521149	14
ENSG00000128594	128027071	128032107	7
ENSG00000144747	69019827	69052339	3
ENSG00000136108	52455429	52476628	13
ENSG00000129038	73925989	73952137	15
ENSG00000146918	158631169	158704804	7
ENSG00000206140	21466423	21471269	22
ENSG00000120498	70528940	70908711	X
ENSG00000136327	36580004	36582614	14
ENSG00000181090	137618992	137870016	9
ENSG00000198807	36657568	36679362	14
ENSG00000103742	65381484	65422947	15
ENSG00000136732	126656133	126696667	2
ENSG00000072415	67240713	67336061	14
ENSG00000171724	77788564	77980107	16
ENSG00000108344	39980807	39997959	17
ENSG00000139644	49707725	49764934	12
ENSG00000100228	23145366	23165663	22
ENSG00000100554	67294371	67360265	14
ENSG00000167216	46917492	47103478	18
ENSG00000178573	79585843	79600737	16
ENSG00000071205	147732063	148072776	4
ENSG00000285253	56652488	56918571	15
ENSG00000145882	149358037	149369653	5
ENSG00000103047	68843531	69085182	16
ENSG00000196233	96832254	96995956	10
ENSG00000140506	74812716	74825757	15
ENSG00000104833	6494319	6502848	19
ENSG00000154252	241776822	241804287	2
ENSG00000189060	37805229	37807432	22
ENSG00000079739	63593411	63660245	1
ENSG00000184113	19523024	19527545	22
ENSG00000176136	13824149	13827323	18
ENSG00000184949	38578118	38656629	22
ENSG00000115221	160099667	160200313	2
ENSG00000134046	54151606	54224669	18
ENSG00000152377	136975298	137598379	5
ENSG00000165416	52652709	52700909	13
ENSG00000198954	68988803	69043544	10
ENSG00000036054	100260992	100325251	3
ENSG00000161405	39757718	39864312	17
ENSG00000152910	76277278	76560757	16
ENSG00000113520	132673986	132682678	5
ENSG00000049449	32091074	32105722	11
ENSG00000117154	18107798	18378483	1
ENSG00000183246	21545666	21551461	22
ENSG00000100249	29058672	29061831	22
ENSG00000147138	79144688	79175318	X
ENSG00000101751	54269517	54321266	18
ENSG00000100034	21919425	21952848	22
ENSG00000125354	119615724	119693370	X
ENSG00000138587	56421544	56465137	15
ENSG00000139675	52642431	52643773	13
ENSG00000182346	105465867	105491034	13
ENSG00000137710	109864295	110296712	11
ENSG00000162377	52684449	52698347	1
ENSG00000125657	6531026	6535924	19
ENSG00000148688	90871952	90908553	10
ENSG00000156958	49155656	49367869	15
ENSG00000125726	6583183	6604103	19
ENSG00000116774	113979391	114035572	1
ENSG00000283776	17632088	17632684	5
ENSG00000100883	34981957	35029686	14
ENSG00000043355	99981784	99986765	13
ENSG00000133706	146110566	146182696	5
ENSG00000125733	6737925	6751530	19
ENSG00000100038	21957025	21982813	22
ENSG00000023909	93885199	93909456	1
ENSG00000139800	99962964	99971767	13
ENSG00000139517	27545913	27620529	13
ENSG00000174473	171812254	173041559	4
ENSG00000169840	27792483	27794768	13
ENSG00000069702	91680343	91906335	1
ENSG00000165046	38386207	38409527	8
ENSG00000139515	27920000	27926313	13
ENSG00000186184	27620742	27744237	13
ENSG00000166845	54357906	54385218	18
ENSG00000154174	100363431	100401089	3
ENSG00000112339	134960378	135103056	6
ENSG00000164303	184088706	184221230	4
ENSG00000159593	66802875	66873256	16
ENSG00000078114	20779973	21293011	10
ENSG00000182552	183639635	183659203	4
ENSG00000160293	133761894	133992604	9
ENSG00000174405	108207439	108218368	13
ENSG00000138468	101324205	101513241	3
ENSG00000125246	99606669	99909459	13
ENSG00000204946	149262171	149297302	7
ENSG00000174448	54324358	54357964	18
ENSG00000198542	101452593	101720856	13
ENSG00000164168	147617386	147672044	4
ENSG00000185055	105565120	105600875	7
ENSG00000134278	12446512	12658107	18
ENSG00000150760	126905409	127452517	10
ENSG00000236279	139523685	139544985	7
ENSG00000198198	43389882	43454247	1
ENSG00000164136	141636583	141733987	4
ENSG00000110934	51281038	51324668	12
ENSG00000165970	20599594	20659285	11
ENSG00000022267	136146702	136211359	X
ENSG00000168530	210290150	210315174	2
ENSG00000133561	150625375	150632648	7
ENSG00000214814	123851987	124120061	8
ENSG00000102710	37009312	37059713	13
ENSG00000106028	141738334	141787922	7
ENSG00000261787	66946501	66962591	8
ENSG00000121022	67043079	67083783	8
ENSG00000153107	111611639	111884690	2
ENSG00000107290	132261356	132354986	9
ENSG00000119638	75079353	75127344	14
ENSG00000169575	22244780	22245515	22
ENSG00000080644	78593052	78621295	15
ENSG00000127325	69643360	69699476	12
ENSG00000187860	30356635	30378673	22
ENSG00000125731	6752160	6767463	19
ENSG00000149403	120511746	120988906	11
ENSG00000164129	163343892	163351934	4
ENSG00000148344	129738331	129753042	9
ENSG00000164123	158893134	159038760	4
ENSG00000125482	132375548	132406851	9
ENSG00000177989	50529710	50532506	22
ENSG00000188649	95907603	96033745	10
ENSG00000125735	6661253	6670588	19
ENSG00000234965	41909543	41915074	22
ENSG00000066777	67173511	67343781	8
ENSG00000172967	16783412	16825411	22
ENSG00000038295	165873237	166104457	4
ENSG00000100221	38685543	38701556	22
ENSG00000066933	71822291	72118577	15
ENSG00000155093	157539056	158587823	7
ENSG00000235106	134025481	134034666	9
ENSG00000125755	45815410	45863194	19
ENSG00000115539	100562993	100576739	2
ENSG00000136828	126914774	127223166	9
ENSG00000116793	113696831	113759489	1
ENSG00000130540	43824509	43862513	22
ENSG00000163082	222424543	222562621	2
ENSG00000197748	104129888	104232364	10
ENSG00000161395	39671122	39696797	17
ENSG00000233608	238848032	238910534	2
ENSG00000139629	51351247	51392867	12
ENSG00000196872	98793846	98936259	2
ENSG00000184220	99817837	100181732	3
ENSG00000075413	103385377	103503831	14
ENSG00000009335	157138916	157269370	7
ENSG00000100341	43879678	43892013	22
ENSG00000149179	46936689	47164385	11
ENSG00000115183	158968640	159232659	2
ENSG00000101752	21704957	21870953	18
ENSG00000187772	104936616	105083332	6
ENSG00000171206	102644479	102658318	10
ENSG00000100345	36281280	36388010	22
ENSG00000171475	40219304	40284136	17
ENSG00000164434	122779716	122784074	6
ENSG00000181135	143684452	143713898	8
ENSG00000114021	100334739	100361635	3
ENSG00000164114	155342658	155376970	4
ENSG00000111911	125956770	125980244	6
ENSG00000064393	139561570	139777998	7
ENSG00000025039	89364616	89412273	6
ENSG00000088682	57447425	57461270	16
ENSG00000168502	8705556	8832778	18
ENSG00000115107	119223831	119265652	2
ENSG00000205978	24399003	24419283	14
ENSG00000196814	126326829	126507041	9
ENSG00000034693	143450805	143490616	6
ENSG00000133639	92140278	92145846	12
ENSG00000255423	73061659	73063337	3
ENSG00000139899	24426545	24430954	14
ENSG00000114423	105655461	105869552	3
ENSG00000100441	24429286	24441843	14
ENSG00000187908	122560665	122643736	10
ENSG00000108599	19904302	19978343	17
ENSG00000206432	5882072	5895955	18
ENSG00000117525	94529173	94541759	1
ENSG00000144339	191949043	192194933	2
ENSG00000111605	69239569	69274358	12
ENSG00000134443	59220158	59230774	18
ENSG00000182752	116153791	116402321	9
ENSG00000025156	122399551	122433119	6
ENSG00000134438	59267035	59274086	18
ENSG00000128519	122994704	122995700	7
ENSG00000214253	101239458	101252316	7
ENSG00000166569	59275156	59318649	18
ENSG00000070761	58113592	58129381	16
ENSG00000092009	24505353	24508265	14
ENSG00000162692	100719742	100739045	1
ENSG00000092529	42359498	42412949	15
ENSG00000119514	98807670	98850081	9
ENSG00000074695	59327823	59359265	18
ENSG00000109576	170060222	170091699	4
ENSG00000100450	24606480	24609699	14
ENSG00000137251	54307859	54390142	6
ENSG00000131153	85676198	85690073	16
ENSG00000257093	141656728	141702166	7
ENSG00000158077	7020479	7071526	11
ENSG00000131269	75051048	75156732	X
ENSG00000100302	35540831	35553999	22
ENSG00000153246	159932006	160062615	2
ENSG00000168925	75218988	75226338	16
ENSG00000185585	124777133	124814885	9
ENSG00000170608	45863989	45873797	19
ENSG00000127362	141764097	141765197	7
ENSG00000198125	35606764	35637951	22
ENSG00000100448	24573518	24576250	14
ENSG00000167771	63911230	63917164	11
ENSG00000170604	45883608	45886141	19
ENSG00000176182	45890023	45902613	19
ENSG00000276234	37406886	37479725	17
ENSG00000133640	85036314	85264457	12
ENSG00000188425	45913214	45914778	19
ENSG00000104983	45995461	46021318	19
ENSG00000021645	78170373	79868291	14
ENSG00000255181	143706694	143708109	8
ENSG00000181656	100538139	100542021	1
ENSG00000135736	57512181	57536571	16
ENSG00000168830	86937528	87016679	6
ENSG00000181085	143716340	143722458	8
ENSG00000122481	95234210	95247225	1
ENSG00000183287	59430939	59697662	18
ENSG00000112837	84687351	84764598	6
ENSG00000110583	63938959	63957319	11
ENSG00000170681	100578079	100588389	9
ENSG00000136928	98288109	98708935	9
ENSG00000198162	117367449	117528872	1
ENSG00000221963	35648446	35668404	22
ENSG00000008438	46019153	46023053	19
ENSG00000146386	139028745	139043302	6
ENSG00000153233	70638073	70920738	12
ENSG00000106025	120787320	120858402	7
ENSG00000141469	45687025	45752520	18
ENSG00000095970	41158506	41163186	6
ENSG00000128313	35717872	35729483	22
ENSG00000188624	46120067	46124688	19
ENSG00000180921	143723933	143738234	8
ENSG00000128335	36226209	36239954	22
ENSG00000139990	69050881	69153150	14
ENSG00000196591	113933028	114011308	6
ENSG00000268434	45779437	45785973	19
ENSG00000146090	180100795	180209211	5
ENSG00000180900	143790920	143815773	8
ENSG00000176692	86566829	86569728	16
ENSG00000176340	63974620	63976543	11
ENSG00000260596	190173774	190185942	4
ENSG00000185800	45782947	45792845	19
ENSG00000050820	75228181	75268053	16
ENSG00000133315	63998558	64166113	11
ENSG00000171517	84811602	84893206	1
ENSG00000168594	174829668	174978180	4
ENSG00000104941	45795713	45815308	19
ENSG00000181444	149764182	149773588	7
ENSG00000214491	30522799	30546741	22
ENSG00000285635	98521133	98585498	3
ENSG00000143079	112396214	112463456	1
ENSG00000144452	214931542	215138626	2
ENSG00000206535	100401532	100456319	3
ENSG00000106278	121873089	122062036	7
ENSG00000206069	24935098	24946695	22
ENSG00000125691	38847860	38853764	17
ENSG00000168439	64185272	64204543	11
ENSG00000130818	9523223	9538645	19
ENSG00000197077	24952716	25197448	22
ENSG00000109674	177309874	177362936	4
ENSG00000102595	95801580	96053482	13
ENSG00000143093	110031577	110074641	1
ENSG00000171469	9604680	9621236	19
ENSG00000198939	178895898	178933212	5
ENSG00000164122	176213673	176277571	4
ENSG00000100053	25199858	25207359	22
ENSG00000004838	50341110	50345732	3
ENSG00000092140	30559158	30620064	14
ENSG00000131771	39626740	39636626	17
ENSG00000244752	25212564	25231870	22
ENSG00000136856	127397138	127408424	9
ENSG00000205078	77199408	77213215	16
ENSG00000249751	139448560	139462743	5
ENSG00000150628	176184579	176195585	4
ENSG00000085491	108134043	108200849	1
ENSG00000128272	39519695	39522683	22
ENSG00000131149	85169525	85676204	16
ENSG00000145861	160347754	160370641	5
ENSG00000100368	36913628	36940439	22
ENSG00000029363	136256627	136289851	6
ENSG00000197046	45825675	45844094	18
ENSG00000086589	150690792	150701077	5
ENSG00000150630	176683538	176792922	4
ENSG00000124181	41136960	41196801	20
ENSG00000152229	45983536	46072272	18
ENSG00000153266	62369681	62374324	3
ENSG00000145414	163110073	163166890	4
ENSG00000173947	111346600	111353013	1
ENSG00000138472	108907792	108953879	3
ENSG00000171466	9641807	9675100	19
ENSG00000164574	154190730	154420984	5
ENSG00000214819	20579724	20580911	17
ENSG00000226792	51082119	51200252	13
ENSG00000100077	25564675	25729294	22
ENSG00000278505	37375985	37392708	17
ENSG00000239388	57268342	57292685	3
ENSG00000152234	46080248	46104334	18
ENSG00000130592	1850904	1892267	11
ENSG00000134198	115048011	115089503	1
ENSG00000172915	34942270	35673022	13
ENSG00000185758	183321764	183322426	4
ENSG00000164144	152779937	152918463	4
ENSG00000183153	40360652	40364737	17
ENSG00000108306	39252663	39402523	17
ENSG00000144810	99638475	99799226	3
ENSG00000198799	113073198	113132260	1
ENSG00000127452	9810267	9827816	19
ENSG00000136169	49444274	49495003	13
ENSG00000180772	116170744	116174974	X
ENSG00000100206	38518948	38570204	22
ENSG00000114933	205993721	206086303	2
ENSG00000188706	129803288	129843909	X
ENSG00000092108	30622291	30737694	14
ENSG00000136147	49495610	49528981	13
ENSG00000284356	17597232	17597828	5
ENSG00000164325	73173193	73175143	5
ENSG00000170017	105366909	105576900	3
ENSG00000151883	50665899	50846519	5
ENSG00000024422	47713422	47743134	19
ENSG00000118246	206765357	206796189	2
ENSG00000185189	143833583	143840973	8
ENSG00000117620	99969351	100035634	1
ENSG00000105373	47745546	47757058	19
ENSG00000172819	53210567	53232980	12
ENSG00000103111	77190835	77202398	16
ENSG00000140093	94280460	94293268	14
ENSG00000196152	127424374	127445372	9
ENSG00000156697	129906121	129929761	X
ENSG00000100380	40824535	40856639	22
ENSG00000218336	182143987	182803024	4
ENSG00000197958	127447674	127451406	9
ENSG00000079246	216107464	216206303	2
ENSG00000152240	46104378	46128333	18
ENSG00000170099	94304248	94323389	14
ENSG00000141741	39728496	39730532	17
ENSG00000144827	111979010	111993368	3
ENSG00000197249	94376747	94390693	14
ENSG00000173320	183797692	184023526	4
ENSG00000204952	38936432	38967403	17
ENSG00000124208	50081124	50153637	20
ENSG00000261150	143857324	143878467	8
ENSG00000184939	68530090	68576072	16
ENSG00000178685	143977153	144012772	8
ENSG00000129128	176319966	176332245	4
ENSG00000164713	98252379	98310441	7
ENSG00000272104	50350892	50367923	3
ENSG00000174500	112120839	112133270	3
ENSG00000136144	49531946	49585558	13
ENSG00000108576	30194319	30236002	17
ENSG00000184108	188139441	188147743	4
ENSG00000136830	127505339	127578989	9
ENSG00000227471	134549110	134579875	7
ENSG00000240849	50118254	50153734	20
ENSG00000151617	147480917	147544954	4
ENSG00000178935	57803841	57814913	19
ENSG00000085185	129981107	130058071	X
ENSG00000165480	21153595	21176552	13
ENSG00000268750	57819719	57858941	19
ENSG00000152223	45800581	45967329	18
ENSG00000269343	57819721	57846238	19
ENSG00000179144	150514872	150521073	7
ENSG00000157800	140293693	140404433	7
ENSG00000198466	57849859	57865117	19
ENSG00000173141	21176658	21179084	13
ENSG00000133124	108719946	108736563	X
ENSG00000269476	57876765	57916591	19
ENSG00000172216	50190830	50192668	20
ENSG00000173480	57900296	57916610	19
ENSG00000165487	21492691	21604181	13
ENSG00000186910	94442464	94452800	14
ENSG00000196396	50510321	50585241	20
ENSG00000196507	103607451	103629690	X
ENSG00000163412	71675414	71754773	3
ENSG00000170054	94462717	94479689	14
ENSG00000141449	21242232	21526112	18
ENSG00000152454	57940833	57947706	19
ENSG00000196104	166733384	167234796	4
ENSG00000177025	57958437	57974534	19
ENSG00000198914	104853287	104858574	2
ENSG00000073169	50201011	50217616	22
ENSG00000115165	157414619	157488961	2
ENSG00000102678	21671073	21704498	13
ENSG00000090382	69348381	69354234	12
ENSG00000123575	104166453	104195902	X
ENSG00000104951	49889654	49929539	19
ENSG00000103175	84294846	84329844	16
ENSG00000120697	36949738	37000763	13
ENSG00000197122	37344685	37406050	20
ENSG00000123576	104250038	104254933	X
ENSG00000067798	77324641	78213010	12
ENSG00000159307	43197280	43343372	22
ENSG00000182378	276322	303356	X
ENSG00000140948	87406246	87493024	16
ENSG00000165953	94487274	94517844	14
ENSG00000187024	127690348	127724873	9
ENSG00000137522	71929018	71997597	11
ENSG00000154165	98531978	98534681	3
ENSG00000136560	161136908	161236230	2
ENSG00000129484	20343615	20357904	14
ENSG00000141431	33578219	33751195	18
ENSG00000249992	45224466	45226287	3
ENSG00000091972	112332347	112362812	3
ENSG00000244486	20424584	20437826	22
ENSG00000188895	40121971	40136917	17
ENSG00000132661	23350791	23354771	20
ENSG00000120699	36998816	37025881	13
ENSG00000125812	23362182	23373062	20
ENSG00000162688	99850361	99924023	1
ENSG00000160401	127706988	127716002	9
ENSG00000178719	143990056	143993415	8
ENSG00000157423	70802084	71230722	16
ENSG00000268651	154585133	154586816	X
ENSG00000125814	23374519	23421519	20
ENSG00000167094	127716079	127731590	9
ENSG00000171388	129645259	129654956	X
ENSG00000122121	129738949	129769536	X
ENSG00000269179	49909501	49958391	19
ENSG00000161640	49948985	49961172	19
ENSG00000130538	15528192	15529139	22
ENSG00000133460	23856703	23886312	22
ENSG00000160404	127731524	127735313	9
ENSG00000186583	144012280	144047114	8
ENSG00000178814	144051266	144063965	8
ENSG00000122122	129779949	129795201	X
ENSG00000163377	68731766	68953297	3
ENSG00000131759	40309180	40357643	17
ENSG00000149357	72085895	72103297	11
ENSG00000112414	142301854	142446266	6
ENSG00000101577	2885296	3013144	18
ENSG00000176142	119428949	119468830	3
ENSG00000125823	23426104	23444930	20
ENSG00000125831	23450403	23452876	20
ENSG00000105053	49976468	50025946	19
ENSG00000095370	127738317	127778710	9
ENSG00000078061	47561205	47571908	X
ENSG00000118702	37251086	37261819	20
ENSG00000241258	66114604	66154568	7
ENSG00000133943	91060333	91225632	14
ENSG00000101938	110673856	110795819	X
ENSG00000101333	9067825	9504593	20
ENSG00000165462	72239077	72245664	11
ENSG00000179091	144095039	144097525	8
ENSG00000163666	57197838	57227606	3
ENSG00000179526	144098633	144108124	8
ENSG00000169629	112368369	112434488	2
ENSG00000110628	2899721	2925246	11
ENSG00000106034	120988697	121297442	7
ENSG00000172175	58671465	58754477	18
ENSG00000145050	51385291	51389397	3
ENSG00000120658	43213130	43786972	13
ENSG00000165868	116671192	116850251	10
ENSG00000077274	111245099	111270483	X
ENSG00000113845	119498547	119525090	3
ENSG00000179632	144104461	144107611	8
ENSG00000102359	100644195	100675788	X
ENSG00000151773	43823909	43879740	13
ENSG00000179630	43879284	43893932	13
ENSG00000176095	49724294	49786542	3
ENSG00000126353	40553769	40565472	17
ENSG00000175782	68746125	68793964	12
ENSG00000136807	127785679	127790792	9
ENSG00000185896	113297239	113323672	13
ENSG00000181649	2928273	2929420	11
ENSG00000101892	120362085	120383249	X
ENSG00000131183	177379235	177398848	5
ENSG00000179698	144107726	144118328	8
ENSG00000141744	39667981	39670475	17
ENSG00000177791	73631612	73641474	10
ENSG00000133789	9664077	9752993	11
ENSG00000166211	101475336	101486997	12
ENSG00000146963	139340359	139423457	7
ENSG00000198919	108589705	108694840	3
ENSG00000002834	38869859	38921770	17
ENSG00000139835	113324163	113364148	13
ENSG00000166396	63752935	63805376	18
ENSG00000166317	73644881	73663803	10
ENSG00000185958	50326230	50396622	12
ENSG00000136877	127794597	127814327	9
ENSG00000172840	66878589	66895754	16
ENSG00000235173	144137774	144140851	8
ENSG00000150401	113455819	113490951	13
ENSG00000176986	73744372	73772161	10
ENSG00000232119	120594010	120621159	X
ENSG00000064989	187341964	187448460	2
ENSG00000135686	84648511	84667686	16
ENSG00000172461	96015974	96215612	6
ENSG00000111906	125219962	125302078	6
ENSG00000180318	85280220	85301784	12
ENSG00000196570	177400109	177400661	5
ENSG00000198055	177403204	177442901	5
ENSG00000171155	120625674	120630054	X
ENSG00000164941	94813311	94881746	8
ENSG00000167914	39953263	39977768	17
ENSG00000168404	74671855	74700960	16
ENSG00000197632	63871692	63903888	18
ENSG00000197651	90905622	90955176	12
ENSG00000158290	120505920	120604074	X
ENSG00000258064	71674204	71698968	12
ENSG00000150403	113491021	113554590	13
ENSG00000167768	52674736	52680407	12
ENSG00000258223	142252143	142258058	7
ENSG00000263874	38925168	38929384	17
ENSG00000171310	104455295	104762014	12
ENSG00000172057	39921041	39927601	17
ENSG00000148926	10305073	10307397	11
ENSG00000188580	123803865	124825640	6
ENSG00000106615	151466012	151520120	7
ENSG00000188820	116461370	116463771	6
ENSG00000198948	169986597	170033031	4
ENSG00000203756	129831244	129861547	6
ENSG00000005194	57428187	57447420	16
ENSG00000163530	109293788	109316517	3
ENSG00000112175	55753653	55875590	6
ENSG00000131746	40475828	40501623	17
ENSG00000066084	50504985	50748657	12
ENSG00000198176	113584721	113641473	13
ENSG00000065413	196967017	197311173	2
ENSG00000168143	54846771	54945099	6
ENSG00000285708	70959226	71754229	3
ENSG00000136286	44962662	44979088	7
ENSG00000123500	116118909	116158747	6
ENSG00000144837	119597875	119629811	3
ENSG00000221887	63949301	63981774	18
ENSG00000172301	31851871	31859291	17
ENSG00000196968	73772276	73780251	10
ENSG00000079931	132296055	132401475	6
ENSG00000166401	63970029	64019779	18
ENSG00000110315	10511673	10541230	11
ENSG00000172586	73782047	73783652	10
ENSG00000215568	16961936	17008222	22
ENSG00000142528	50025714	50053414	19
ENSG00000214655	73785606	73801797	10
ENSG00000109466	165207561	165323156	4
ENSG00000135655	62260338	62417431	12
ENSG00000153531	113399611	113453488	13
ENSG00000186566	44395281	44503430	17
ENSG00000112249	100508194	100881372	6
ENSG00000121671	45847118	45883248	11
ENSG00000100154	27978014	28679840	22
ENSG00000170837	71753855	71756496	3
ENSG00000163424	119146151	119160042	3
ENSG00000204653	50511600	50514690	19
ENSG00000123200	45954465	46052759	13
ENSG00000131471	42851184	42858130	17
ENSG00000131188	177446445	177456286	5
ENSG00000163814	45082277	45146422	3
ENSG00000197168	52033611	52129092	13
ENSG00000276950	23998401	24005453	22
ENSG00000188522	18968789	19004764	17
ENSG00000100167	41969443	41998221	22
ENSG00000131409	50516892	50568435	19
ENSG00000183258	177511577	177516961	5
ENSG00000187699	189879609	190203484	2
ENSG00000167315	49782164	49813953	18
ENSG00000121594	119524293	119559614	3
ENSG00000154118	87601835	87698156	16
ENSG00000131482	42900797	42914438	17
ENSG00000213023	50621307	50639881	19
ENSG00000122787	138002324	138118305	7
ENSG00000115233	161308425	161411717	2
ENSG00000174738	23945286	23980617	3
ENSG00000140937	64943753	65126112	16
ENSG00000131748	39637090	39664201	17
ENSG00000151729	185143266	185150382	4
ENSG00000132953	20777329	20903048	13
ENSG00000235034	50649445	50659310	19
ENSG00000121653	45885651	45906465	11
ENSG00000164938	94925972	94949378	8
ENSG00000038002	177430774	177442437	4
ENSG00000142511	50770464	50771732	19
ENSG00000142513	50790415	50795219	19
ENSG00000071243	120950763	120977216	7
ENSG00000266997	49795793	49837623	18
ENSG00000175073	66628487	66667231	8
ENSG00000130147	234952017	235055714	2
ENSG00000167748	50819146	50823787	19
ENSG00000005810	77042474	77327094	13
ENSG00000172361	50227193	50266495	18
ENSG00000154832	50282343	50287839	18
ENSG00000288602	66667596	66860472	8
ENSG00000197106	110150494	110202202	1
ENSG00000122694	36136536	36163913	9
ENSG00000080822	98497912	98523066	3
ENSG00000234776	45906513	45907272	11
ENSG00000104205	66712734	66862022	8
ENSG00000198729	150143044	150250392	6
ENSG00000184459	32413845	32464484	22
ENSG00000121680	45909663	45918812	11
ENSG00000186666	49836043	49843106	12
ENSG00000203859	119414931	119423035	1
ENSG00000272916	73796514	73811651	10
ENSG00000139287	71938845	72186618	12
ENSG00000188107	63719980	65707226	6
ENSG00000164031	99896248	99946618	4
ENSG00000185972	36169388	36171334	9
ENSG00000100379	37051739	37063390	22
ENSG00000166507	73801911	73811798	10
ENSG00000144290	161424332	161985282	2
ENSG00000171169	128061233	128068206	9
ENSG00000129467	24318349	24335093	14
ENSG00000142065	36334453	36379201	19
ENSG00000140950	84476355	84554033	16
ENSG00000196199	19633659	19673441	13
ENSG00000181007	36383120	36418644	19
ENSG00000185946	103525691	103555239	1
ENSG00000133773	82223681	82358805	12
ENSG00000164296	149993118	150000654	5
ENSG00000148346	128149071	128153453	9
ENSG00000177354	49299170	49327492	10
ENSG00000240204	129502531	129512918	7
ENSG00000265354	45972489	46003742	10
ENSG00000113716	150000046	150053142	5
ENSG00000254004	36510687	36528271	19
ENSG00000106617	151556124	151877125	7
ENSG00000103091	74871362	75000173	16
ENSG00000263639	46033307	46048180	10
ENSG00000165905	45921621	45929096	11
ENSG00000186020	36534774	36605276	19
ENSG00000121390	19674752	19783019	13
ENSG00000128165	50481543	50486440	22
ENSG00000139668	51584455	51767709	13
ENSG00000145431	156760454	156971799	4
ENSG00000182578	150053291	150113372	5
ENSG00000050438	51391317	51515763	12
ENSG00000100253	50486784	50490648	22
ENSG00000130164	11089462	11133820	19
ENSG00000122958	69123512	69174412	10
ENSG00000162627	98661701	98760500	1
ENSG00000171159	128160265	128163924	9
ENSG00000102796	51767993	51804163	13
ENSG00000167112	128305159	128322447	9
ENSG00000157613	46277662	46321409	11
ENSG00000171509	158315311	158653372	4
ENSG00000103248	86530178	86555235	16
ENSG00000197991	61409858	61427849	13
ENSG00000167113	128322544	128334072	9
ENSG00000156502	69180234	69209099	10
ENSG00000162695	100896076	100981757	1
ENSG00000077458	95768953	95790409	11
ENSG00000251258	112347330	112351294	6
ENSG00000125686	39404285	39451272	17
ENSG00000237378	63746741	63751080	13
ENSG00000096093	52362123	52529886	6
ENSG00000136153	75620434	75859870	13
ENSG00000100241	50443219	50483923	22
ENSG00000113721	150113839	150155872	5
ENSG00000167306	49822789	50195164	18
ENSG00000227051	96039362	96093971	14
ENSG00000265808	120150898	120176520	1
ENSG00000167114	128340527	128361470	9
ENSG00000119715	76310712	76501837	14
ENSG00000134247	116909916	116990353	1
ENSG00000156510	69220332	69267552	10
ENSG00000116752	114567557	114581629	1
ENSG00000178460	66870749	66922048	8
ENSG00000168398	96204679	96244166	14
ENSG00000166037	95789965	95832693	11
ENSG00000269096	135759846	135768191	X
ENSG00000167118	128371361	128392016	9
ENSG00000278289	135794685	135802787	X
ENSG00000053254	89124871	89619149	14
ENSG00000099282	69451465	69507666	10
ENSG00000162664	89995110	90035533	1
ENSG00000141753	40443450	40457725	17
ENSG00000271449	135811668	135820012	X
ENSG00000278085	135846497	135854538	X
ENSG00000103257	87830023	87869507	16
ENSG00000187791	34889066	34895764	9
ENSG00000164307	96760810	96808100	5
ENSG00000182271	30316333	30334059	17
ENSG00000270946	135863418	135871812	X
ENSG00000203933	139955728	139965521	X
ENSG00000198000	92297358	92325636	9
ENSG00000157227	22836560	22849041	14
ENSG00000134253	117111060	117122587	1
ENSG00000126581	42810134	42833350	17
ENSG00000046647	14006726	14029893	X
ENSG00000160396	40379271	40390181	19
ENSG00000168582	208160740	208163589	2
ENSG00000165929	91779746	91867536	14
ENSG00000104731	87696485	87765992	16
ENSG00000197019	40421589	40425992	19
ENSG00000157600	110002631	110182734	X
ENSG00000167565	40440844	40444335	19
ENSG00000171224	69630247	69633596	10
ENSG00000241224	109118252	109151401	3
ENSG00000170848	42902086	42919563	19
ENSG00000127366	141790217	141791367	7
ENSG00000147364	406428	477967	8
ENSG00000189283	59747277	61251459	3
ENSG00000187808	119758588	119760202	X
ENSG00000002745	121325367	121341104	7
ENSG00000135916	230864639	230879248	2
ENSG00000198918	119786504	119791630	X
ENSG00000111530	67269358	67319953	12
ENSG00000256061	55410525	55508234	15
ENSG00000182077	27397121	27414368	10
ENSG00000173218	115641970	115698224	1
ENSG00000125352	119870475	119871733	X
ENSG00000107897	27168135	27243046	10
ENSG00000125356	119871832	119876662	X
ENSG00000179751	39202825	39204263	19
ENSG00000187912	14583084	14612035	19
ENSG00000172638	65866441	65873592	11
ENSG00000206530	113286930	113441610	3
ENSG00000106479	149838375	149867479	7
ENSG00000101624	12661833	12702777	18
ENSG00000186471	119895837	119920716	X
ENSG00000234224	124030921	124033067	7
ENSG00000100815	91965991	92040896	14
ENSG00000185028	191495	196334	5
ENSG00000164366	196868	218153	5
ENSG00000172331	134646811	134679816	7
ENSG00000183508	117606048	117628389	1
ENSG00000286001	218298	314955	5
ENSG00000176563	42798800	42811587	17
ENSG00000101882	119920672	119943751	X
ENSG00000180104	443175	471937	5
ENSG00000178761	74899992	74906883	15
ENSG00000006530	141551278	141655244	7
ENSG00000198765	114854863	114995370	1
ENSG00000144746	69084937	69106092	3
ENSG00000151612	145757627	145938823	4
ENSG00000136010	105019784	105107643	12
ENSG00000174417	109086585	109121565	8
ENSG00000197566	16620734	16653856	17
ENSG00000074219	49340595	49362457	19
ENSG00000168306	58505136	58537283	3
ENSG00000120533	109334324	109345954	8
ENSG00000198586	170990823	171231314	2
ENSG00000183337	40049815	40177329	X
ENSG00000066230	470456	524449	5
ENSG00000128789	12658043	12728945	18
ENSG00000182557	4433940	4488208	17
ENSG00000183648	92116122	92121917	14
ENSG00000120526	109240919	109334121	8
ENSG00000112282	131573966	131628242	6
ENSG00000143398	151197949	151249536	1
ENSG00000079337	47734363	47771040	12
ENSG00000165934	92121969	92172145	14
ENSG00000137824	40735884	40755851	15
ENSG00000183688	439978	445939	17
ENSG00000172500	65883740	65888531	11
ENSG00000267261	42119674	42154916	17
ENSG00000144847	118900557	119146068	3
ENSG00000168589	80540734	80550811	16
ENSG00000264058	40627356	40665141	17
ENSG00000186106	100509752	100559784	8
ENSG00000126562	42780610	42797066	17
ENSG00000092203	21476597	21499175	14
ENSG00000197410	154231742	154491799	4
ENSG00000286221	80828736	81006894	16
ENSG00000159618	57542643	57591681	16
ENSG00000198794	74957219	75021495	15
ENSG00000112877	612340	667168	5
ENSG00000153551	32391698	32483067	3
ENSG00000229637	48723185	48724758	17
ENSG00000174226	100572889	100663415	8
ENSG00000171368	659862	693352	5
ENSG00000108848	50719565	50756219	17
ENSG00000085415	12947133	12987536	18
ENSG00000163611	113442718	113515187	3
ENSG00000165819	21498133	21511342	14
ENSG00000164142	151409176	151670503	4
ENSG00000182187	208142573	208146158	2
ENSG00000103335	88715338	88785220	16
ENSG00000186480	155297776	155310235	7
ENSG00000167646	55158661	55166722	19
ENSG00000070756	100685816	100722809	8
ENSG00000175602	65890673	65891635	11
ENSG00000138160	92574105	92655395	10
ENSG00000175592	65892049	65900573	11
ENSG00000196505	117863485	117929621	1
ENSG00000182329	202073255	202205188	2
ENSG00000015479	139293674	139331677	5
ENSG00000168564	183444635	183449064	4
ENSG00000179059	187995771	188005046	4
ENSG00000133627	152759749	152855378	7
ENSG00000175573	65916810	65919062	11
ENSG00000163513	30606601	30694142	3
ENSG00000122085	241072169	241102332	2
ENSG00000182168	95162504	95549206	4
ENSG00000175550	65919274	65921563	11
ENSG00000132446	31071233	31072041	X
ENSG00000134200	115029826	115034302	1
ENSG00000146350	121079494	121334745	6
ENSG00000132958	19422876	19561625	13
ENSG00000165821	21521080	21537216	14
ENSG00000283093	51681212	51682831	X
ENSG00000065183	117929720	117966543	1
ENSG00000223591	51710512	51712131	X
ENSG00000189369	51743442	51746232	X
ENSG00000224109	51617020	51618912	X
ENSG00000181704	68498562	68537282	X
ENSG00000101639	12991362	13125052	18
ENSG00000139508	28700064	28718970	13
ENSG00000161677	50505998	50511220	19
ENSG00000114487	108958248	109118134	3
ENSG00000100483	50108632	50116600	14
ENSG00000169684	78565520	78595269	15
ENSG00000079974	50767501	50783667	22
ENSG00000042286	70098223	70132934	10
ENSG00000132963	28659065	28678959	13
ENSG00000079332	70147289	70170523	10
ENSG00000175467	65961728	65980137	11
ENSG00000100485	50117130	50231578	14
ENSG00000163393	115976513	116070054	1
ENSG00000085662	134442356	134459284	7
ENSG00000237452	45733439	45764541	19
ENSG00000188312	92325953	92620529	9
ENSG00000151718	183099257	183320777	4
ENSG00000079482	67949349	68433913	X
ENSG00000173976	3769089	3772228	19
ENSG00000174498	65327127	65378002	15
ENSG00000168748	66844414	66854153	16
ENSG00000135898	230907318	230961066	2
ENSG00000120659	42562736	42608013	13
ENSG00000106809	92383268	92404696	9
ENSG00000196081	23221599	23250394	19
ENSG00000163156	151156664	151170296	1
ENSG00000012061	45407334	45478828	19
ENSG00000132530	6755447	6775647	17
ENSG00000196950	195575977	195737702	2
ENSG00000146383	132570322	132571359	6
ENSG00000198225	63211446	63213024	6
ENSG00000198523	118548296	118561716	6
ENSG00000111885	119177205	119349761	6
ENSG00000166426	78340353	78348225	15
ENSG00000106819	92456205	92482506	9
ENSG00000134900	102596958	102679958	13
ENSG00000180817	70202835	70233911	10
ENSG00000183813	32951644	32956349	3
ENSG00000047932	117560269	117602542	6
ENSG00000143631	152302165	152325239	1
ENSG00000137831	70654554	70763558	15
ENSG00000144834	111998739	112013887	3
ENSG00000156150	110059870	110070672	1
ENSG00000175376	65996545	66002176	11
ENSG00000177551	115836377	115843917	1
ENSG00000127080	92613183	92670131	9
ENSG00000123191	51930436	52012125	13
ENSG00000197323	114392790	114511203	1
ENSG00000003436	187464230	187565760	2
ENSG00000160131	151396515	151409364	X
ENSG00000087299	50237563	50312229	14
ENSG00000165115	83834099	83921465	9
ENSG00000114446	108160812	108222435	3
ENSG00000159182	48721719	48722518	17
ENSG00000071553	154428633	154436516	X
ENSG00000156521	70137981	70146700	10
ENSG00000155111	110609978	110815958	6
ENSG00000111581	68686951	68745809	12
ENSG00000214128	138797952	138838101	7
ENSG00000108349	40140318	40172171	17
ENSG00000164120	174490175	174523154	4
ENSG00000285943	113361901	113515151	3
ENSG00000107672	121957091	121975217	10
ENSG00000122779	138460259	138589996	7
ENSG00000185565	115802363	117139389	3
ENSG00000006210	57372477	57385044	16
ENSG00000186787	57118551	57121548	X
ENSG00000100490	50326265	50416461	14
ENSG00000153774	75293698	75433503	16
ENSG00000165583	48186220	48196795	X
ENSG00000175334	66002228	66004149	11
ENSG00000167183	47951967	47957883	17
ENSG00000183840	132416805	132646582	2
ENSG00000123143	14433053	14471867	19
ENSG00000165376	106900164	106930861	X
ENSG00000126368	40092793	40100589	17
ENSG00000104412	108443601	108489196	8
ENSG00000176720	241551424	241574131	2
ENSG00000198455	57592011	57597477	X
ENSG00000165591	57286706	57489193	X
ENSG00000166189	102065349	102068036	10
ENSG00000168216	69672757	69867236	6
ENSG00000092200	21280083	21351301	14
ENSG00000198728	102106489	102120368	10
ENSG00000140876	77722492	77742260	16
ENSG00000175315	66012008	66013505	11
ENSG00000136710	130337933	130342699	2
ENSG00000165118	83938311	83956986	9
ENSG00000114520	125446650	125520202	3
ENSG00000120727	139341587	139369720	5
ENSG00000108651	31860904	31901708	17
ENSG00000175294	66016752	66026479	11
ENSG00000102385	101219769	101264502	X
ENSG00000107140	35605262	35610041	9
ENSG00000006459	140084746	140176983	7
ENSG00000169427	139600838	139704109	8
ENSG00000079335	100345001	100520277	1
ENSG00000176678	86576368	86583478	16
ENSG00000184517	75148494	75172236	16
ENSG00000115840	171783405	171999859	2
ENSG00000175229	66040765	66049161	11
ENSG00000170482	139367196	139384553	5
ENSG00000087365	66050729	66069308	11
ENSG00000104472	140511311	140517154	8
ENSG00000186951	46150521	46243755	22
ENSG00000148840	102132994	102150333	10
ENSG00000140836	72782885	73891871	16
ENSG00000106648	151956379	152019929	7
ENSG00000121578	119211732	119240946	3
ENSG00000147251	118495815	118686163	X
ENSG00000168538	183659267	183713594	4
ENSG00000140497	74843730	74873365	15
ENSG00000104408	108162787	108443496	8
ENSG00000159884	35658290	35661511	9
ENSG00000205643	46244011	46250311	22
ENSG00000168411	74621399	74666877	16
ENSG00000183569	42553617	42574382	22
ENSG00000131480	42844580	42850707	17
ENSG00000198521	21804946	21852125	19
ENSG00000137135	35658875	35675866	9
ENSG00000170476	139387467	139390081	5
ENSG00000263715	45620344	45835826	17
ENSG00000079156	178194481	178402893	2
ENSG00000168675	13217498	13652755	18
ENSG00000167780	53103486	53124535	12
ENSG00000166197	102152176	102163871	10
ENSG00000173991	39665349	39666554	17
ENSG00000228672	139390592	139395104	5
ENSG00000133983	70325081	70416984	14
ENSG00000170464	139408588	139444491	5
ENSG00000105085	16574907	16629062	19
ENSG00000183742	20134655	20217404	7
ENSG00000186187	74999024	75110994	16
ENSG00000154945	50693198	50707914	17
ENSG00000198467	35681992	35690056	9
ENSG00000169371	75598083	75626469	15
ENSG00000127445	9835257	9849689	19
ENSG00000258644	70326064	70417074	14
ENSG00000198074	134527567	134541412	7
ENSG00000108465	47967810	47981781	17
ENSG00000277443	113857345	113863475	6
ENSG00000172594	122789049	122809720	6
ENSG00000140873	77247813	77435034	16
ENSG00000151005	163471095	163473754	4
ENSG00000213463	70366499	70417090	14
ENSG00000185231	13882044	13915707	18
ENSG00000073050	43543311	43580473	19
ENSG00000139985	70417107	70460427	14
ENSG00000134007	70522358	70535015	14
ENSG00000175322	14057457	14132490	18
ENSG00000112406	139135080	139180802	6
ENSG00000133997	70581257	70600690	14
ENSG00000178394	63957874	63962507	5
ENSG00000140718	53701692	54158512	16
ENSG00000119915	102226299	102229589	10
ENSG00000173626	116494989	116545684	6
ENSG00000091732	130018287	130051451	7
ENSG00000174903	66268590	66277492	11
ENSG00000164024	98995659	99062809	4
ENSG00000164398	131949973	132012243	5
ENSG00000139318	89347235	89352501	12
ENSG00000146409	132769370	132813339	6
ENSG00000107859	102230186	102241512	10
ENSG00000163870	127571232	127598267	3
ENSG00000079101	596988	650334	18
ENSG00000146281	89146055	89165565	6
ENSG00000127720	82358528	82479239	12
ENSG00000146072	47231532	47309905	6
ENSG00000174871	66278175	66285301	11
ENSG00000107959	3137728	3172841	10
ENSG00000118514	134917393	134950115	6
ENSG00000166415	53513741	53762878	15
ENSG00000283697	149548210	149549924	X
ENSG00000198205	57905430	57910458	X
ENSG00000176774	26138343	26140736	X
ENSG00000176746	26192440	26195646	X
ENSG00000188408	26216169	26218270	X
ENSG00000127528	16324826	16328685	19
ENSG00000174851	66284580	66289145	11
ENSG00000174145	37244743	37449463	4
ENSG00000107175	35732598	35736999	9
ENSG00000111145	96194375	96269824	12
ENSG00000065268	984332	998438	19
ENSG00000249222	42639803	42640601	22
ENSG00000289517	42583836	42627688	22
ENSG00000183172	42079691	42084284	22
ENSG00000164898	139339457	139346328	7
ENSG00000128274	42692121	42721298	22
ENSG00000289724	63897174	63917490	18
ENSG00000242550	63907958	63936111	18
ENSG00000185149	155208636	155217078	4
ENSG00000141655	62325287	62391288	18
ENSG00000103187	84565596	84618078	16
ENSG00000151572	100717526	101128641	12
ENSG00000125675	123184153	123490915	X
ENSG00000106554	132784870	133082090	7
ENSG00000242247	42796502	42858106	22
ENSG00000111880	88609897	88963618	6
ENSG00000070610	35736866	35749228	9
ENSG00000133985	70641916	70675366	14
ENSG00000109536	189940870	189963202	4
ENSG00000143119	110871188	110899922	1
ENSG00000103121	80966448	81020270	16
ENSG00000006432	70722526	70809534	14
ENSG00000179292	66291894	66296664	11
ENSG00000106400	101218165	101224190	7
ENSG00000174807	66314494	66317044	11
ENSG00000174791	66330241	66336840	11
ENSG00000141664	62523025	62587709	18
ENSG00000140386	76347904	76905444	15
ENSG00000249693	56530606	56603507	4
ENSG00000143520	152348735	152360006	1
ENSG00000170265	149195546	149226238	7
ENSG00000171943	121184811	121392874	1
ENSG00000107185	35749287	35758585	9
ENSG00000253710	52012391	52079232	13
ENSG00000119900	71288811	71309059	6
ENSG00000174744	66337333	66345125	11
ENSG00000215183	35752990	35756613	9
ENSG00000146966	140518420	140673993	7
ENSG00000155761	117953590	118185228	1
ENSG00000136731	128091200	128195677	2
ENSG00000101849	9463320	9741037	X
ENSG00000137098	35808045	35812272	9
ENSG00000071242	166409364	166906451	6
ENSG00000100243	42615730	42720870	22
ENSG00000100934	39031919	39109646	14
ENSG00000139496	25301524	25365390	13
ENSG00000102978	57462660	57472009	16
ENSG00000180263	95076749	95217482	12
ENSG00000186265	112463966	112499472	3
ENSG00000269058	16479061	16496167	19
ENSG00000101850	9725346	9786297	X
ENSG00000137133	35812960	35815354	9
ENSG00000133661	79937467	79982614	10
ENSG00000174684	66345374	66347629	11
ENSG00000172139	112140898	112294227	3
ENSG00000183709	39268396	39270188	19
ENSG00000244754	32432417	32538885	13
ENSG00000108798	49210411	49223225	17
ENSG00000174669	66362521	66372214	11
ENSG00000118900	4846665	4882401	16
ENSG00000285645	35812960	35828732	9
ENSG00000152433	57363477	57379565	19
ENSG00000137103	35814451	35865518	9
ENSG00000116830	117060326	117107453	1
ENSG00000197024	149126416	149183042	7
ENSG00000133678	80078646	80092557	10
ENSG00000198759	13569601	13633575	X
ENSG00000184162	19201409	19203414	19
ENSG00000170448	47847233	47914667	4
ENSG00000123595	13689128	13710504	X
ENSG00000173714	50834650	50842353	17
ENSG00000046651	13734743	13777955	X
ENSG00000159202	48908407	48929056	17
ENSG00000142453	10871553	10923075	19
ENSG00000081026	113390515	113685923	1
ENSG00000182400	39147811	39170532	14
ENSG00000144848	112532510	112562046	3
ENSG00000188266	78507564	78537372	15
ENSG00000157703	138594285	138701362	7
ENSG00000204930	35816391	35828747	9
ENSG00000008988	56067254	56074510	8
ENSG00000135617	73228010	73233239	2
ENSG00000154102	85690084	85751129	16
ENSG00000189120	47844908	47855874	17
ENSG00000196091	101568353	101686028	12
ENSG00000144476	236567787	236582354	2
ENSG00000183978	42795147	42798704	17
ENSG00000104129	40765161	40807478	15
ENSG00000196196	35906202	35907136	9
ENSG00000235387	35909490	35937153	9
ENSG00000099284	70052544	70112282	10
ENSG00000167083	49202791	49210574	17
ENSG00000278889	35957108	35958154	9
ENSG00000100941	39175183	39183220	14
ENSG00000168393	241675747	241686944	2
ENSG00000171843	20341669	20622499	9
ENSG00000174576	66421004	66426707	11
ENSG00000240654	24307166	24322535	13
ENSG00000147133	71366222	71532374	X
ENSG00000105227	40393766	40414793	19
ENSG00000173988	46211928	46277115	13
ENSG00000164733	11842524	11869533	8
ENSG00000135547	125747664	125761269	6
ENSG00000132623	9986126	10058303	20
ENSG00000169087	122739999	122793831	3
ENSG00000005243	48026167	48038030	17
ENSG00000128585	131110096	131496632	7
ENSG00000285566	63832361	63833053	13
ENSG00000280165	61409685	61415849	13
ENSG00000175115	66070272	66244744	11
ENSG00000150459	21140119	21149097	13
ENSG00000103241	86510527	86515422	16
ENSG00000124596	41033627	41097787	6
ENSG00000259956	51391285	51397908	3
ENSG00000119682	74653437	74713117	14
ENSG00000166446	80597907	80804598	16
ENSG00000114638	119173517	119205143	3
ENSG00000148734	70247329	70284004	10
ENSG00000182264	48740852	48746909	19
ENSG00000147144	49053572	49069857	X
ENSG00000241399	159768628	159798255	2
ENSG00000108846	50634777	50692253	17
ENSG00000140455	63504511	63594640	15
ENSG00000187609	137306896	137423211	9
ENSG00000186150	110112443	110113947	1
ENSG00000078403	21524646	21743630	10
ENSG00000143458	151070578	151125542	1
ENSG00000149635	46540946	46550654	20
ENSG00000100348	36467046	36481640	22
ENSG00000158296	46557823	46684467	20
ENSG00000287694	76277288	76819624	16
ENSG00000183793	15363628	15381047	16
ENSG00000105550	48755524	48758333	19
ENSG00000144445	210021421	210171409	2
ENSG00000169499	38901235	38973912	8
ENSG00000073754	157830911	157898256	1
ENSG00000139618	32315086	32400268	13
ENSG00000105552	48795062	48811029	19
ENSG00000170142	23805955	23891640	3
ENSG00000163155	151159748	151165948	1
ENSG00000163293	47914142	48040173	4
ENSG00000075673	24680408	24712472	13
ENSG00000100350	36487190	36507221	22
ENSG00000158623	130506238	130668748	7
ENSG00000236396	11609596	11610612	18
ENSG00000175984	114582848	114670422	1
ENSG00000131650	2964216	2968383	16
ENSG00000255112	11851413	11854444	18
ENSG00000134780	61680391	61747001	11
ENSG00000179981	75210755	75289950	18
ENSG00000132972	24764169	24879921	13
ENSG00000169495	38974228	38988663	8
ENSG00000226887	52722618	52751586	4
ENSG00000128045	52862317	52866835	4
ENSG00000163519	108822770	108855005	3
ENSG00000169490	38988808	38996824	8
ENSG00000188833	137434364	137441816	9
ENSG00000141644	50266882	50281774	18
ENSG00000288053	49071470	49079887	X
ENSG00000068394	49113407	49123735	X
ENSG00000164113	122378966	122429802	4
ENSG00000197140	39106990	39284917	8
ENSG00000177494	111592900	111595346	3
ENSG00000214324	127193131	127198185	3
ENSG00000116824	116754430	116769229	1
ENSG00000130653	137459952	137550402	9
ENSG00000123584	149781930	149787737	X
ENSG00000224089	120938701	120942023	X
ENSG00000285976	63572472	63583587	6
ENSG00000119616	74713144	74738620	14
ENSG00000226600	120943561	120946883	X
ENSG00000146378	132617022	132624275	6
ENSG00000134825	61768501	61792802	11
ENSG00000163605	72996803	73069198	3
ENSG00000024526	68474152	68497221	1
ENSG00000123545	96889315	96897891	6
ENSG00000189007	143422832	143450695	6
ENSG00000124091	56491492	56525925	20
ENSG00000230347	120948422	120951744	X
ENSG00000101180	62214960	62220278	20
ENSG00000189320	135728348	135748813	7
ENSG00000102606	111114559	111305737	13
ENSG00000132429	105157900	105180014	6
ENSG00000127564	2968024	2980479	16
ENSG00000226023	120958165	120961487	X
ENSG00000221823	68178857	68256237	2
ENSG00000168496	61792911	61797238	11
ENSG00000237957	120963026	120966348	X
ENSG00000112195	41189749	41201149	6
ENSG00000001617	50155045	50189075	3
ENSG00000230594	120967886	120971208	X
ENSG00000111817	116254173	116444861	6
ENSG00000149485	61799627	61829318	11
ENSG00000188559	20389530	20712644	20
ENSG00000106018	159028175	159144867	7
ENSG00000100353	36510855	36529184	22
ENSG00000236126	120972746	120976068	X
ENSG00000119596	74763316	74859435	14
ENSG00000248771	164754064	164803795	4
ENSG00000242362	120977606	120980928	X
ENSG00000184898	151247940	151261863	2
ENSG00000182154	137551879	137552555	9
ENSG00000248329	164877178	164898965	4
ENSG00000148399	137554444	137578925	9
ENSG00000268738	149592512	149595314	X
ENSG00000212747	135020513	135022542	X
ENSG00000183439	164954446	164977668	4
ENSG00000134590	135032355	135033546	X
ENSG00000067066	230415942	230545606	2
ENSG00000176979	165016458	165041749	4
ENSG00000135299	89433152	89633834	6
ENSG00000203950	135050932	135052196	X
ENSG00000087076	48813018	48836510	19
ENSG00000187689	70518569	70532743	4
ENSG00000196972	135094985	135098712	X
ENSG00000224107	135118955	135120526	X
ENSG00000169551	135156540	135171398	X
ENSG00000165724	137582081	137590512	9
ENSG00000186376	135248920	135344109	X
ENSG00000117262	145607988	145670650	1
ENSG00000120616	32267751	32378798	10
ENSG00000125991	35542038	35557634	20
ENSG00000269466	17654868	17655849	5
ENSG00000104808	48933699	48944969	19
ENSG00000177034	79976716	79991262	5
ENSG00000197070	137605685	137615360	9
ENSG00000132464	70628744	70646824	4
ENSG00000238210	135252061	135253583	X
ENSG00000283644	135309480	135309659	X
ENSG00000173275	135344796	135363413	X
ENSG00000215018	7356203	7535873	7
ENSG00000087086	48965309	48966879	19
ENSG00000168175	55051647	55070194	14
ENSG00000178947	135421944	135428075	X
ENSG00000123131	23664262	23686397	X
ENSG00000147601	73008856	73048123	8
ENSG00000132467	70688532	70690551	4
ENSG00000170231	160187367	160238735	5
ENSG00000131981	55124110	55145423	14
ENSG00000018189	70704204	70808619	4
ENSG00000137563	63014881	63039407	8
ENSG00000104218	67062417	67196778	8
ENSG00000267360	37093019	37210512	19
ENSG00000162073	2969270	2973484	16
ENSG00000184347	168661733	169301139	5
ENSG00000196967	37106734	37172741	19
ENSG00000123130	23701055	23766475	X
ENSG00000170819	133400056	133475222	3
ENSG00000005884	50055968	50090481	17
ENSG00000137090	841690	969090	9
ENSG00000262152	2988256	3002016	16
ENSG00000138182	89701590	89774939	10
ENSG00000251012	119147375	119187807	3
ENSG00000213937	3012923	3014505	16
ENSG00000245680	37181579	37218153	19
ENSG00000064218	976655	991732	9
ENSG00000184697	3014712	3020071	16
ENSG00000126787	55148112	55191608	14
ENSG00000144824	111732497	111976517	3
ENSG00000221968	61873519	61892051	11
ENSG00000136379	80679684	80755621	15
ENSG00000188938	93431441	93453581	9
ENSG00000131652	3024027	3027755	16
ENSG00000166557	79311112	79427432	15
ENSG00000056558	120902393	120929173	9
ENSG00000168303	40126027	40134622	7
ENSG00000103888	80779343	80951776	15
ENSG00000105856	107168961	107202522	7
ENSG00000180884	34956354	34964229	19
ENSG00000164494	107152562	107459564	6
ENSG00000101084	36605779	36612557	20
ENSG00000136897	101387633	101398618	9
ENSG00000285526	35106510	35124297	19
ENSG00000153902	35124513	35142451	19
ENSG00000165152	101473170	101533537	9
ENSG00000137947	88852633	88891944	1
ENSG00000155827	101533853	101563344	9
ENSG00000215712	157289025	157323601	6
ENSG00000288706	23783278	23783367	X
ENSG00000083168	41929479	42051994	8
ENSG00000184831	23833353	23907938	X
ENSG00000285733	169419969	169702047	6
ENSG00000100242	38733290	38794143	22
ENSG00000244687	50081124	50115959	20
ENSG00000178974	55271344	55370053	14
ENSG00000152422	83077498	83353787	5
ENSG00000057663	106045423	106325791	6
ENSG00000231396	9210657	9212249	4
ENSG00000233136	9215405	9216997	4
ENSG00000227551	9220152	9221744	4
ENSG00000126775	55366391	55411830	14
ENSG00000204152	49942049	49974850	10
ENSG00000162069	3027682	3036944	16
ENSG00000232399	9224896	9226488	4
ENSG00000249104	9243879	9245471	4
ENSG00000165182	23908006	23939509	X
ENSG00000250844	9248630	9250222	4
ENSG00000250913	9272364	9272914	4
ENSG00000227140	9339403	9340995	4
ENSG00000235780	9344148	9345740	4
ENSG00000231051	9348893	9350485	4
ENSG00000166024	98134624	98244897	10
ENSG00000231637	9353638	9355230	4
ENSG00000228856	9363129	9364721	4
ENSG00000117586	173183731	173207331	1
ENSG00000072121	67727374	67816590	14
ENSG00000167994	61897301	61920269	11
ENSG00000250745	9258124	9259716	4
ENSG00000249811	9262872	9264464	4
ENSG00000248933	9267619	9269211	4
ENSG00000232264	9325165	9326757	4
ENSG00000230430	9329911	9331503	4
ENSG00000229579	9334658	9336250	4
ENSG00000248920	9253378	9254970	4
ENSG00000145494	1801407	1816048	5
ENSG00000162728	160081538	160090563	1
ENSG00000250298	106357392	106368778	4
ENSG00000130830	154778684	154821007	X
ENSG00000188386	101591604	101595021	9
ENSG00000132911	152391546	152433368	5
ENSG00000130182	3088890	3099295	16
ENSG00000136881	101354182	101385400	9
ENSG00000073584	40624962	40648654	17
ENSG00000221946	35143250	35154302	19
ENSG00000184371	109910242	109930992	1
ENSG00000170917	122888697	122922968	4
ENSG00000120159	26840685	26892803	9
ENSG00000069018	136212745	136365545	5
ENSG00000172209	107470018	107475684	7
ENSG00000154415	113876777	114075920	7
ENSG00000179988	122954381	122997513	10
ENSG00000089327	35154730	35169881	19
ENSG00000109163	67737118	67754388	4
ENSG00000137055	26903372	26947242	9
ENSG00000124920	61752636	61788518	11
ENSG00000109471	122451470	122456725	4
ENSG00000085644	3129777	3142804	16
ENSG00000149451	3667965	3682246	20
ENSG00000183346	61662929	61766766	10
ENSG00000164778	155458129	155464831	7
ENSG00000284024	14838302	14846999	10
ENSG00000175600	40135005	40860763	7
ENSG00000158186	138347648	138405534	3
ENSG00000138698	98261384	98443858	4
ENSG00000214562	87357720	87370695	10
ENSG00000132334	127907103	128085855	10
ENSG00000184434	26993136	27005672	9
ENSG00000140993	3298808	3305729	16
ENSG00000120160	27284654	27297150	9
ENSG00000274183	154884972	154885558	X
ENSG00000163154	151156649	151159749	1
ENSG00000288722	154886355	154888061	X
ENSG00000166073	39799008	39920266	15
ENSG00000168158	3355889	3357306	16
ENSG00000285329	3365099	3479550	16
ENSG00000112378	138088505	138107419	6
ENSG00000103343	3401215	3409364	16
ENSG00000258227	141927357	141947007	7
ENSG00000111962	148747030	149076990	6
ENSG00000121988	135136916	135531218	2
ENSG00000178445	6532467	6645729	9
ENSG00000146276	89177504	89231278	6
ENSG00000198643	58633946	58666834	3
ENSG00000117971	78624111	78727754	15
ENSG00000198932	102651092	102659083	X
ENSG00000243414	115578496	115602479	5
ENSG00000205572	70025247	70043113	5
ENSG00000162729	160091340	160098943	1
ENSG00000167981	3432414	3443504	16
ENSG00000132964	26254104	26420982	13
ENSG00000286237	102712495	102753530	X
ENSG00000198908	102720688	102753540	X
ENSG00000070718	42152946	42171673	8
ENSG00000129152	17719571	17722136	11
ENSG00000122390	3443649	3486953	16
ENSG00000135074	157395534	157575775	5
ENSG00000140557	92393881	92468728	15
ENSG00000129159	17734774	17856804	11
ENSG00000257138	141972631	141973773	7
ENSG00000114125	141738249	141747560	3
ENSG00000131019	150061053	150069121	6
ENSG00000170775	124743885	124765792	7
ENSG00000184571	24719034	24774720	22
ENSG00000143158	167916675	167937072	1
ENSG00000101890	109372906	109482086	X
ENSG00000124140	46021690	46060150	20
ENSG00000075239	108116695	108147603	11
ENSG00000144909	125528858	125595497	3
ENSG00000051620	138403531	138422197	6
ENSG00000271092	95117923	95247225	1
ENSG00000272968	4983718	5073221	7
ENSG00000185009	74120255	74150842	10
ENSG00000100425	49773283	49827873	22
ENSG00000101888	109535781	109544698	X
ENSG00000131016	151239967	151358559	6
ENSG00000000460	169662007	169854080	1
ENSG00000168348	35534164	35537054	14
ENSG00000103569	58138169	58185911	15
ENSG00000148634	67921899	68075301	10
ENSG00000176076	109623700	109625172	X
ENSG00000100916	35826338	35932325	14
ENSG00000065485	123067025	123225227	3
ENSG00000068366	109624244	109733403	X
ENSG00000155918	150018334	150025532	6
ENSG00000179115	12922479	12934037	19
ENSG00000153820	227979955	228181687	2
ENSG00000112742	80003887	80042527	6
ENSG00000104368	42174718	42207709	8
ENSG00000169609	82988441	83011641	15
ENSG00000241878	31618491	31662221	22
ENSG00000168090	100088969	100092187	7
ENSG00000283361	114154691	114223085	13
ENSG00000130177	114234887	114272723	13
ENSG00000022976	102317377	102342702	14
ENSG00000174564	136946230	137011085	3
ENSG00000255663	114400682	114443932	11
ENSG00000118242	215942584	216034096	2
ENSG00000163626	73052362	73069755	4
ENSG00000076043	114439435	114450279	11
ENSG00000196547	90902218	90922584	15
ENSG00000136936	97674909	97697340	9
ENSG00000215218	6448859	6496723	5
ENSG00000186889	62500218	62511894	2
ENSG00000037474	6599239	6633291	5
ENSG00000138459	112561709	112585579	3
ENSG00000165802	137447570	137459334	9
ENSG00000196503	56505209	56524959	4
ENSG00000166508	100092728	100101940	7
ENSG00000172399	119135832	119187789	4
ENSG00000118231	208121607	208124524	2
ENSG00000188859	166057426	166167001	1
ENSG00000179262	12945855	12953642	19
ENSG00000173542	70902326	71022449	4
ENSG00000145103	121987323	122022247	3
ENSG00000135862	183023420	183145592	1
ENSG00000128253	32190435	32205073	22
ENSG00000100949	24265538	24271611	14
ENSG00000125844	17613678	17682295	20
ENSG00000099957	21009808	21028013	22
ENSG00000174792	75556048	75565871	4
ENSG00000164104	173331376	173334432	4
ENSG00000196141	200305881	200482264	2
ENSG00000112306	132814569	132817564	6
ENSG00000215131	3493484	3495489	16
ENSG00000143198	165631213	165661796	1
ENSG00000103351	3500976	3539048	16
ENSG00000158220	138434586	138481686	3
ENSG00000164411	87282980	87329278	6
ENSG00000153721	154387515	154510685	6
ENSG00000179271	12953119	12957223	19
ENSG00000137634	114570591	114595786	11
ENSG00000145545	6633427	6674386	5
ENSG00000164105	173369969	173377532	4
ENSG00000180061	55312801	55334048	19
ENSG00000164106	173384701	173406380	4
ENSG00000137648	118077012	118121890	11
ENSG00000164107	173524969	173530229	4
ENSG00000103942	82836946	82986153	15
ENSG00000112941	6713432	6757044	5
ENSG00000143318	160190575	160201886	1
ENSG00000118579	17614641	17634105	4
ENSG00000133247	55339853	55348121	19
ENSG00000047662	17629306	17781621	4
ENSG00000118007	136336236	136752403	3
ENSG00000143621	153661788	153671028	1
ENSG00000118689	108559835	108684774	6
ENSG00000221838	100101549	100110345	7
ENSG00000163257	17800655	17810758	4
ENSG00000109805	17810979	17844865	4
ENSG00000277858	155380709	155381299	X
ENSG00000169062	114281601	114305817	13
ENSG00000288709	155382095	155383801	X
ENSG00000183479	153444473	153470587	X
ENSG00000168438	110180141	110254275	6
ENSG00000100156	38078134	38084184	22
ENSG00000167984	3539033	3577403	16
ENSG00000160471	55349306	55354719	19
ENSG00000073417	84980440	85139145	15
ENSG00000183307	17116297	17121367	22
ENSG00000143155	168178962	168202109	1
ENSG00000177663	17084954	17115693	22
ENSG00000100796	91457508	91510554	14
ENSG00000188725	61157704	61162468	5
ENSG00000173611	124942608	125143528	9
ENSG00000175556	118974614	119018355	X
ENSG00000101049	43558968	43588237	20
ENSG00000169567	131155383	131224468	5
ENSG00000267706	55352301	55359516	19
ENSG00000143156	169132531	169367948	1
ENSG00000180043	55354908	55363260	19
ENSG00000198824	114314482	114337626	13
ENSG00000095752	55364382	55370463	19
ENSG00000151014	139015781	139045939	4
ENSG00000146425	158636474	158644743	6
ENSG00000186687	131170944	131205428	5
ENSG00000126602	3651639	3717553	16
ENSG00000137463	139266165	139280225	4
ENSG00000160472	55376826	55378246	19
ENSG00000070501	42338454	42371808	8
ENSG00000169247	148923639	149063163	5
ENSG00000112038	154010496	154246867	6
ENSG00000109390	139266880	139302551	4
ENSG00000233493	55379244	55384292	19
ENSG00000069998	17137511	17165287	22
ENSG00000108107	55385932	55403250	19
ENSG00000056998	2828822	2882820	X
ENSG00000154529	41890314	42129510	9
ENSG00000119950	110207605	110287365	10
ENSG00000198771	167630093	167708696	1
ENSG00000140009	64084232	64338112	14
ENSG00000100211	38656636	38673854	22
ENSG00000163950	1692731	1712344	4
ENSG00000116147	175315194	175743616	1
ENSG00000149474	18137228	18188387	20
ENSG00000108106	55399745	55407788	19
ENSG00000063241	55452985	55462343	19
ENSG00000213064	168225938	168253021	1
ENSG00000206527	123490820	123585053	3
ENSG00000128284	36140329	36166177	22
ENSG00000143179	165827614	165911618	1
ENSG00000163421	71771655	71785206	3
ENSG00000011260	51260546	51297936	17
ENSG00000163430	120392293	120450993	3
ENSG00000197483	55476617	55484487	19
ENSG00000168936	1715952	1721358	4
ENSG00000090971	55485188	55487568	19
ENSG00000006756	2903972	2929349	X
ENSG00000160593	118193725	118225094	11
ENSG00000179954	55488404	55519099	19
ENSG00000102471	79481155	79556077	13
ENSG00000145863	161547063	161702593	5
ENSG00000166997	100119634	100125508	7
ENSG00000148019	78236062	78279690	9
ENSG00000143315	160024953	160031990	1
ENSG00000125780	2296001	2341079	20
ENSG00000169330	79432336	79472304	15
ENSG00000104371	42374063	42377229	8
ENSG00000168924	1811479	1856156	4
ENSG00000143185	168540768	168543997	1
ENSG00000166948	2380901	2432753	20
ENSG00000078668	42391624	42405937	8
ENSG00000205667	3006546	3034111	X
ENSG00000157500	57227726	57278105	3
ENSG00000181991	88467453	88480776	15
ENSG00000143190	167220876	167427345	1
ENSG00000062096	3041471	3112727	X
ENSG00000214309	100126785	100128495	7
ENSG00000004468	15778275	15853232	4
ENSG00000187550	55528611	55537133	19
ENSG00000108423	59859479	59892945	17
ENSG00000146826	100154420	100158723	7
ENSG00000125835	2461634	2470853	20
ENSG00000231274	55540656	55545543	19
ENSG00000064692	122311354	122464219	5
ENSG00000130856	76822557	76972901	18
ENSG00000251322	50674415	50733212	22
ENSG00000218891	55576774	55580848	19
ENSG00000179943	55591376	55601970	19
ENSG00000226784	77967949	77969638	X
ENSG00000187325	78129748	78139650	X
ENSG00000166831	64739891	64775589	15
ENSG00000171443	55600022	55603138	19
ENSG00000100320	35738736	36028824	22
ENSG00000179922	55620741	55624566	19
ENSG00000213015	55635016	55643470	19
ENSG00000147050	44873188	45112779	X
ENSG00000171425	55635459	55645623	19
ENSG00000173581	55641062	55653161	19
ENSG00000137440	15935577	15938740	4
ENSG00000166173	70829130	70854157	15
ENSG00000185739	4189374	4242080	16
ENSG00000197093	100159244	100168617	7
ENSG00000256566	2467212	2508907	20
ENSG00000137441	15960245	15969309	4
ENSG00000170471	38472816	38578859	20
ENSG00000007062	15963076	16084378	4
ENSG00000088387	98793429	99086625	13
ENSG00000069667	60488284	61229302	15
ENSG00000090447	4257186	4273075	16
ENSG00000213420	100169606	100177381	7
ENSG00000183665	124450820	124462150	8
ENSG00000168875	137764315	137766334	3
ENSG00000170881	124474880	124488618	8
ENSG00000214237	150870376	150905439	3
ENSG00000147687	124488485	124539458	8
ENSG00000092036	22946228	22957161	14
ENSG00000063245	55675226	55709858	19
ENSG00000126603	4314761	4339597	16
ENSG00000114744	149738472	149752495	3
ENSG00000165338	91409280	91514829	10
ENSG00000141200	53822927	53825193	17
ENSG00000157399	2934045	2968475	X
ENSG00000149573	118253416	118264536	11
ENSG00000108443	59893046	59950574	17
ENSG00000217930	4331549	4355607	16
ENSG00000160813	100435282	100436497	7
ENSG00000185792	55708438	55738402	19
ENSG00000185955	100456620	100464260	7
ENSG00000110195	72189558	72196323	11
ENSG00000177707	111070071	111275563	3
ENSG00000166526	100064033	100082548	7
ENSG00000112769	112107931	112254939	6
ENSG00000229292	55769118	55773420	19
ENSG00000148090	91213815	91361918	9
ENSG00000102078	130339888	130373361	X
ENSG00000130005	1397026	1401570	19
ENSG00000156110	74151202	74709963	10
ENSG00000173213	47221	73545	18
ENSG00000103426	4340251	4420494	16
ENSG00000132872	43267892	43277535	18
ENSG00000119125	72114595	72257193	9
ENSG00000240891	111674676	111846447	3
ENSG00000087053	95821766	95925315	11
ENSG00000163637	64092236	64445476	3
ENSG00000180011	75195113	75209139	18
ENSG00000071626	1407569	1435687	19
ENSG00000262246	4354542	4425705	16
ENSG00000140319	40035690	40039181	15
ENSG00000113073	140360194	140375141	5
ENSG00000074603	65442463	65517704	15
ENSG00000154975	51630313	52160017	17
ENSG00000204010	89378056	89385205	10
ENSG00000170579	3496032	4455307	18
ENSG00000075945	169921326	170085208	1
ENSG00000185745	89392546	89406487	10
ENSG00000096968	4984390	5129948	9
ENSG00000152779	89430299	89556641	10
ENSG00000099998	24219654	24245108	22
ENSG00000101438	38724486	38729372	20
ENSG00000101442	38748460	38772520	20
ENSG00000166295	72216000	72235860	10
ENSG00000152977	147393422	147510293	3
ENSG00000168092	117144284	117176894	11
ENSG00000215529	32858923	32961845	20
ENSG00000105810	92604921	92836573	7
ENSG00000168209	72273919	72276036	10
ENSG00000175792	128064778	128153914	3
ENSG00000119559	1461143	1479219	19
ENSG00000147684	124539101	124580648	8
ENSG00000120694	31134973	31162388	13
ENSG00000149646	35954564	36030700	20
ENSG00000165996	17589032	17617374	10
ENSG00000144583	216257865	216372483	2
ENSG00000164500	50095883	50159256	7
ENSG00000178385	207821288	208025527	2
ENSG00000139914	24130659	24132849	14
ENSG00000122778	138831381	138981389	7
ENSG00000165762	19875142	19883932	14
ENSG00000071655	1573596	1592865	19
ENSG00000165379	41606876	41904549	14
ENSG00000136738	17644151	17716824	10
ENSG00000149577	117178736	117197445	11
ENSG00000188263	49991811	50012765	22
ENSG00000176299	19773504	19783696	14
ENSG00000170873	124550784	124728473	8
ENSG00000185651	21549447	21624034	22
ENSG00000169484	20014143	20019307	14
ENSG00000255804	22630929	22644352	14
ENSG00000176253	20029399	20036038	14
ENSG00000155249	19930917	19936757	14
ENSG00000169208	21568520	21580076	14
ENSG00000147262	130379449	130385674	X
ENSG00000106868	112040783	112175297	9
ENSG00000175809	22272913	22274461	X
ENSG00000101203	63293186	63334851	20
ENSG00000102174	22032325	22494713	X
ENSG00000174373	35538352	35809304	14
ENSG00000093072	17178790	17258235	22
ENSG00000075429	66835117	66894751	17
ENSG00000092607	118883046	118989556	1
ENSG00000148483	17752201	17800868	10
ENSG00000011052	51153590	51171744	17
ENSG00000132321	236324147	236507535	2
ENSG00000107937	988434	1019932	10
ENSG00000198829	151873643	151884619	3
ENSG00000065518	120596328	120602507	3
ENSG00000059758	96278261	96400480	12
ENSG00000136235	23235967	23275108	7
ENSG00000117091	160678746	160711831	1
ENSG00000115266	1446302	1473244	19
ENSG00000114107	138494344	138594538	3
ENSG00000189050	59952240	59964761	17
ENSG00000143171	165400922	165445355	1
ENSG00000131503	140401814	140539856	5
ENSG00000121068	61399843	61409466	17
ENSG00000148377	1018910	1025859	10
ENSG00000165091	72521608	72838297	9
ENSG00000108984	69414697	69553865	17
ENSG00000177519	153477338	153478762	2
ENSG00000264230	46375627	46391784	10
ENSG00000099399	30215563	30220089	X
ENSG00000120289	30242000	30244187	X
ENSG00000163254	208128137	208129828	2
ENSG00000102287	151953124	151974680	X
ENSG00000168918	233059967	233207903	2
ENSG00000111647	100028455	100142874	12
ENSG00000182931	45684651	45705019	20
ENSG00000013275	39971165	39981764	19
ENSG00000047410	186311652	186375693	1
ENSG00000004864	96120220	96322147	7
ENSG00000130699	61953469	62065881	20
ENSG00000149591	117199370	117207464	11
ENSG00000187676	31199975	31332276	13
ENSG00000104687	30678066	30727846	8
ENSG00000127364	141776674	141781691	7
ENSG00000136280	44999475	45076469	7
ENSG00000255302	48878134	48880173	15
ENSG00000102119	154379273	154381574	X
ENSG00000180776	21348784	21459370	13
ENSG00000156218	83654088	84039842	15
ENSG00000181778	68536580	68540883	9
ENSG00000215595	1203454	1209076	20
ENSG00000124143	38601809	38651035	20
ENSG00000136895	127224265	127393660	9
ENSG00000158901	45551153	45579326	20
ENSG00000187187	39984134	40021038	19
ENSG00000118922	73686089	74134404	13
ENSG00000154229	66302613	66810743	17
ENSG00000204174	46461099	46465958	10
ENSG00000168140	4371848	4383538	16
ENSG00000165730	68827531	68895432	10
ENSG00000169762	16160505	16227410	4
ENSG00000139793	97221434	97394120	13
ENSG00000103423	4425805	4456775	16
ENSG00000124155	45416084	45456934	20
ENSG00000128322	23573125	23580302	22
ENSG00000167257	117232625	117286454	11
ENSG00000111816	115931149	116060891	6
ENSG00000147234	107449652	107605255	X
ENSG00000189269	23608452	23632321	22
ENSG00000146469	152750797	152759765	6
ENSG00000174600	108288044	108339317	12
ENSG00000107625	68901286	68946847	10
ENSG00000196459	13712244	13734635	X
ENSG00000128000	40028260	40056231	19
ENSG00000111886	89254464	89315299	6
ENSG00000120860	102012840	102062149	12
ENSG00000196110	9291140	9309838	19
ENSG00000141198	54899387	54961956	17
ENSG00000198719	170282206	170306565	6
ENSG00000198028	9466355	9498616	19
ENSG00000187905	21045946	21064168	22
ENSG00000145375	122923070	123319433	4
ENSG00000100227	42583721	42614962	22
ENSG00000018625	160115759	160143591	1
ENSG00000104691	30729131	30767006	8
ENSG00000186231	96924620	97140754	6
ENSG00000115084	113705011	113756693	2
ENSG00000267710	56272748	56310454	19
ENSG00000254996	140401908	140549569	5
ENSG00000126950	101078879	101096367	X
ENSG00000057593	113105788	113120685	13
ENSG00000140287	50241947	50265965	15
ENSG00000102384	101098188	101166126	X
ENSG00000164056	123396795	123403760	4
ENSG00000163590	160755602	161078902	3
ENSG00000127377	151428832	151440813	7
ENSG00000103415	4474690	4510347	16
ENSG00000198440	56397966	56436035	19
ENSG00000213397	153447668	153495516	X
ENSG00000084092	56963350	56977606	4
ENSG00000214688	71711701	71737824	10
ENSG00000031081	119294383	119420714	3
ENSG00000146757	65373799	65401136	7
ENSG00000107738	71747556	71773520	10
ENSG00000159069	136940435	136944738	9
ENSG00000110274	117314557	117413266	11
ENSG00000253719	74537835	74545430	12
ENSG00000047315	56977722	57031158	4
ENSG00000111670	101745499	101830959	12
ENSG00000107736	71396920	71815947	10
ENSG00000187260	151375909	151410727	7
ENSG00000126218	113122799	113149529	13
ENSG00000104695	30774457	30814314	8
ENSG00000047457	149162410	149221829	3
ENSG00000080573	9959561	10010504	19
ENSG00000176919	136945185	136946975	9
ENSG00000243056	140547662	140549576	5
ENSG00000085511	160991727	161117385	6
ENSG00000131495	140638740	140647771	5
ENSG00000184925	136949551	136955497	9
ENSG00000140450	97960703	97973833	15
ENSG00000170340	62196115	62224731	2
ENSG00000006652	112422887	112481017	7
ENSG00000133863	30831544	30913008	8
ENSG00000084110	95972662	95996365	12
ENSG00000256453	140670794	140673576	5
ENSG00000241973	20707691	20859417	22
ENSG00000130066	23783173	23786210	X
ENSG00000115685	241149576	241183652	2
ENSG00000169612	82986210	82991057	15
ENSG00000112855	140691430	140699305	5
ENSG00000165071	132685007	132760712	8
ENSG00000107317	136975092	136981742	9
ENSG00000171806	169792529	169794963	1
ENSG00000126231	113158648	113172386	13
ENSG00000214107	30243715	30252040	X
ENSG00000183655	85759326	85794925	15
ENSG00000284341	136977518	136985435	9
ENSG00000168615	38996754	39105445	8
ENSG00000134216	111290851	111320566	1
ENSG00000171054	131544074	131545000	X
ENSG00000171478	48130626	48132620	X
ENSG00000214402	136981904	136986410	9
ENSG00000130052	68647666	68725842	X
ENSG00000148362	136992422	136993984	9
ENSG00000176463	91853708	92172435	15
ENSG00000183908	57181747	57191717	11
ENSG00000169583	136994608	136996568	9
ENSG00000126226	113177536	113208715	13
ENSG00000080511	10013249	10022279	19
ENSG00000149115	57299638	57324952	11
ENSG00000185942	62248591	63014000	8
ENSG00000130813	10086122	10093252	19
ENSG00000180549	137030174	137032088	9
ENSG00000105339	141117278	141195808	8
ENSG00000107281	137039463	137046179	9
ENSG00000198798	30230657	30237495	X
ENSG00000215113	71763349	71767204	X
ENSG00000147174	71578437	71613583	X
ENSG00000149136	57325986	57335892	11
ENSG00000181026	88621337	88632281	15
ENSG00000163453	57030773	57110385	4
ENSG00000166160	154219756	154233286	X
ENSG00000054179	137048107	137054061	9
ENSG00000084093	56907876	56966808	4
ENSG00000173193	122680839	122730840	3
ENSG00000243207	10106223	10114780	19
ENSG00000185787	78810487	78898139	15
ENSG00000156575	57376769	57381150	11
ENSG00000267978	149581653	149587459	X
ENSG00000288634	112450487	112450645	7
ENSG00000186193	137062127	137070557	9
ENSG00000181016	112480853	112491062	7
ENSG00000186652	57386780	57390650	11
ENSG00000225396	72807425	72808210	X
ENSG00000012983	50418501	50561126	14
ENSG00000123165	128050962	128052403	X
ENSG00000215115	71714371	71718285	X
ENSG00000197355	137077517	137084539	9
ENSG00000130810	10106362	10112012	19
ENSG00000184033	154617609	154619282	X
ENSG00000159685	126704240	126960420	3
ENSG00000164867	150991017	151014588	7
ENSG00000126890	154651972	154653579	X
ENSG00000169635	21417371	21451463	22
ENSG00000261793	137168854	137171984	9
ENSG00000126016	112774503	112840831	X
ENSG00000185863	137170858	137172056	9
ENSG00000064300	49495293	49515008	17
ENSG00000254979	57387365	57424059	11
ENSG00000111275	111766887	111817532	12
ENSG00000281991	30740642	30745196	16
ENSG00000176248	137174784	137188560	9
ENSG00000100351	39901084	39973721	22
ENSG00000244165	10111693	10115372	19
ENSG00000156873	30748293	30761176	16
ENSG00000164111	121667946	121696995	4
ENSG00000149761	64225941	64230686	11
ENSG00000130811	10115014	10119918	19
ENSG00000163762	149318498	149334414	3
ENSG00000203499	143734139	143790645	8
ENSG00000108179	79347469	79355334	10
ENSG00000141232	50862223	50867978	17
ENSG00000177570	118189455	118622112	8
ENSG00000197102	101964573	102056443	14
ENSG00000176160	58420167	58488408	17
ENSG00000176101	137188660	137190370	9
ENSG00000104635	22367278	22434129	8
ENSG00000176058	137191617	137204193	9
ENSG00000173486	64241003	64244132	11
ENSG00000108370	65100812	65227703	17
ENSG00000165424	79382325	79445624	10
ENSG00000268350	52926402	52995472	X
ENSG00000163630	63228315	63616924	3
ENSG00000187713	137204082	137205648	9
ENSG00000185303	79555852	79560407	10
ENSG00000233198	137227502	137229640	9
ENSG00000198569	137230757	137236555	9
ENSG00000146007	140698680	140706686	5
ENSG00000225528	39960397	39964905	22
ENSG00000286025	19029524	19031242	22
ENSG00000235568	42380407	42432403	22
ENSG00000189182	52689626	52703524	12
ENSG00000204970	140786136	141012347	5
ENSG00000275004	22484421	22508742	22
ENSG00000169548	22513736	22520270	22
ENSG00000188229	137241287	137243707	9
ENSG00000162694	100872372	100895179	1
ENSG00000139354	100573683	100628288	12
ENSG00000196118	30757423	30762221	16
ENSG00000185686	22547701	22559361	22
ENSG00000114771	151814073	151828488	3
ENSG00000021762	3087107	3166739	11
ENSG00000188163	137243584	137247770	9
ENSG00000122852	79610939	79615455	10
ENSG00000204279	55258415	55264916	X
ENSG00000158806	22024125	22036897	8
ENSG00000188986	137255327	137273542	9
ENSG00000269791	48402082	48411960	X
ENSG00000118197	200623896	200669907	1
ENSG00000083123	80106647	80346270	6
ENSG00000204969	140794852	141012347	5
ENSG00000169255	161083883	161105411	3
ENSG00000255408	140801028	141012347	5
ENSG00000267534	10221433	10231331	19
ENSG00000198113	137277726	137282641	9
ENSG00000204967	140806929	141012347	5
ENSG00000198435	137299631	137302271	9
ENSG00000105364	10251901	10260055	19
ENSG00000120156	27109141	27230174	9
ENSG00000139842	113208193	113267108	13
ENSG00000204965	140821604	141012347	5
ENSG00000102870	30778456	30787205	16
ENSG00000236371	120982476	120985760	X
ENSG00000064115	26971579	27014434	12
ENSG00000081842	140827958	141012347	5
ENSG00000238205	40623428	40624136	X
ENSG00000184911	72776890	72848803	X
ENSG00000125633	117915478	118014133	2
ENSG00000100121	22644614	22647898	22
ENSG00000175938	30949068	30956461	16
ENSG00000213199	151048292	151052756	7
ENSG00000135842	184790724	184974508	1
ENSG00000164483	130144315	130365425	6
ENSG00000099377	30985207	30989147	16
ENSG00000214717	2486414	2500976	X
ENSG00000070413	19036282	19122454	22
ENSG00000204963	140834248	141012347	5
ENSG00000204962	140841187	141012347	5
ENSG00000158815	22042398	22048809	8
ENSG00000204961	140847772	141012347	5
ENSG00000002586	2691187	2741309	X
ENSG00000123737	121801318	121817021	4
ENSG00000250120	140855883	141012347	5
ENSG00000184155	159535078	159536007	1
ENSG00000058085	183186238	183245127	1
ENSG00000099365	30989256	31010638	16
ENSG00000158863	22089150	22104911	8
ENSG00000075461	66964707	67033398	17
ENSG00000128654	176269395	176338025	2
ENSG00000159210	48929316	48944842	17
ENSG00000166226	69585426	69601570	12
ENSG00000062650	86435256	86521792	10
ENSG00000249158	140868183	141012347	5
ENSG00000103496	31032889	31042975	16
ENSG00000090339	10271093	10286615	19
ENSG00000100813	23058564	23095614	14
ENSG00000164885	151053815	151057897	7
ENSG00000148143	106863166	107013634	9
ENSG00000251664	140875302	141012347	5
ENSG00000275074	22106874	22109419	8
ENSG00000115368	189441446	189475552	2
ENSG00000105371	10286955	10288522	19
ENSG00000168453	22114419	22133384	8
ENSG00000138109	94938658	94990091	10
ENSG00000100226	38705742	38738299	22
ENSG00000267303	10315471	10320678	19
ENSG00000198482	52527652	52564464	19
ENSG00000116815	116514534	116571039	1
ENSG00000239389	140882124	141012347	5
ENSG00000112531	163414000	163578592	6
ENSG00000069188	73334384	73644445	17
ENSG00000186009	113648804	113658198	13
ENSG00000148156	108854588	108855986	9
ENSG00000213020	52702813	52735073	19
ENSG00000187003	108862266	108863756	9
ENSG00000288608	151061928	151061978	7
ENSG00000143167	167052836	167166479	1
ENSG00000164897	151081085	151083493	7
ENSG00000070061	108866898	108934328	9
ENSG00000250479	23765834	23767972	22
ENSG00000138115	95036772	95069497	10
ENSG00000126217	112894378	113099742	13
ENSG00000110619	3000922	3057613	11
ENSG00000099953	23768226	23784316	22
ENSG00000243232	140966470	141012347	5
ENSG00000133612	151085831	151144436	7
ENSG00000124343	2752040	2816500	X
ENSG00000143184	168576605	168582069	1
ENSG00000006607	241356285	241494841	2
ENSG00000173867	88459501	88546585	15
ENSG00000137845	58588809	58749791	15
ENSG00000177807	159998651	160070160	1
ENSG00000171815	141051374	141059346	5
ENSG00000145386	121816444	121823883	4
ENSG00000100325	29788609	29838304	22
ENSG00000164438	171309248	171312139	5
ENSG00000143228	163266576	163355764	1
ENSG00000198538	52797408	52857600	19
ENSG00000156427	171419647	171457626	5
ENSG00000138686	121824329	121870487	4
ENSG00000167394	31060843	31074240	16
ENSG00000168476	22138020	22141951	8
ENSG00000268107	57487718	57517559	19
ENSG00000108878	67044554	67056797	17
ENSG00000059573	95605941	95656711	10
ENSG00000152439	57499915	57518404	19
ENSG00000168269	170105897	170109734	5
ENSG00000121406	57527325	57557542	19
ENSG00000145936	170374671	170389634	5
ENSG00000013619	150361422	150514178	X
ENSG00000167395	31074422	31084196	16
ENSG00000083817	57571566	57578911	19
ENSG00000179104	82686880	83134870	12
ENSG00000255439	31083439	31094956	16
ENSG00000043462	170246233	170297815	5
ENSG00000138185	95711779	95877266	10
ENSG00000171649	57578456	57593890	19
ENSG00000072506	53431258	53434370	X
ENSG00000180901	75032575	75065889	17
ENSG00000167397	31090842	31095980	16
ENSG00000213762	57614233	57624724	19
ENSG00000140600	83447228	83618743	15
ENSG00000189420	153411472	153426481	X
ENSG00000103507	31106107	31112791	16
ENSG00000123569	104011147	104013708	X
ENSG00000121417	57630395	57644041	19
ENSG00000171405	52811287	52818301	X
ENSG00000198265	67070444	67245989	17
ENSG00000138741	121874481	121952060	4
ENSG00000269586	135881063	135893444	X
ENSG00000100395	41205282	41231271	22
ENSG00000067840	153802166	153830565	X
ENSG00000136044	105173297	105236203	12
ENSG00000189164	37371061	37393066	19
ENSG00000138131	98247690	98268194	10
ENSG00000112706	75921114	76072678	6
ENSG00000168481	22146830	22157084	8
ENSG00000170745	17877847	18361616	2
ENSG00000259494	88459477	88467390	15
ENSG00000102290	91779261	92623230	X
ENSG00000156395	104641290	105265242	10
ENSG00000196437	37411155	37469275	19
ENSG00000170445	140673035	140691537	5
ENSG00000168754	96875882	96986580	2
ENSG00000197771	119829404	119892556	10
ENSG00000154237	100919327	101078257	15
ENSG00000174514	205568885	205602918	1
ENSG00000125954	64914485	65061803	14
ENSG00000118564	15604381	15681679	4
ENSG00000168487	22165140	22212326	8
ENSG00000171817	37551406	37614179	19
ENSG00000147124	47445178	47483222	X
ENSG00000100399	41229510	41240931	22
ENSG00000138135	89205629	89207317	10
ENSG00000162804	240998618	241095568	2
ENSG00000112031	152987362	153002709	6
ENSG00000107798	89213569	89414557	10
ENSG00000146926	151175698	151187832	7
ENSG00000183837	153056409	153060467	X
ENSG00000139998	64945814	64973226	14
ENSG00000100146	37970686	37987422	22
ENSG00000251192	46497725	46545457	X
ENSG00000146278	89080751	89085160	6
ENSG00000180479	37554782	37594792	19
ENSG00000143178	168280877	168314426	1
ENSG00000278685	151190873	151205496	7
ENSG00000164440	139240061	139291998	6
ENSG00000267552	37689865	37719188	19
ENSG00000185022	38200767	38216507	22
ENSG00000033050	151211484	151227205	7
ENSG00000198182	37696371	37719761	19
ENSG00000116833	200027614	200177420	1
ENSG00000247746	55484616	55489848	X
ENSG00000110090	68754620	68844410	11
ENSG00000057704	94567122	94650557	12
ENSG00000269502	72872025	72943837	X
ENSG00000198792	38219291	38273010	22
ENSG00000103510	31114489	31131393	16
ENSG00000158092	136862208	136951606	3
ENSG00000258102	116548105	116576606	12
ENSG00000146374	127118671	127199481	6
ENSG00000171804	37884823	37906677	19
ENSG00000151233	42081845	42144874	12
ENSG00000166260	54951902	54968703	17
ENSG00000119977	95659823	95694143	10
ENSG00000179083	93674013	93712274	X
ENSG00000257365	64986895	65062652	14
ENSG00000198478	79631329	79703655	6
ENSG00000101981	139530739	139563459	X
ENSG00000112379	138161939	138344663	6
ENSG00000167600	41193210	41207539	19
ENSG00000012822	53708517	53727745	12
ENSG00000168904	99251362	99390729	15
ENSG00000185129	140107777	140125619	5
ENSG00000114200	165772904	165837462	3
ENSG00000122557	35632659	35697459	7
ENSG00000108468	48070052	48101478	17
ENSG00000182700	140125937	140129392	5
ENSG00000237765	15681662	15690447	4
ENSG00000120306	140175156	140282052	5
ENSG00000167601	41219223	41261766	19
ENSG00000000457	169849631	169894267	1
ENSG00000125952	65006174	65102695	14
ENSG00000197953	151733916	151761339	3
ENSG00000052344	31131433	31135727	16
ENSG00000213923	38290691	38318084	22
ENSG00000113068	140245035	140303113	5
ENSG00000108510	61942605	62065278	17
ENSG00000147378	151716035	151723194	X
ENSG00000187257	77696459	77783022	7
ENSG00000147381	151912495	151925171	X
ENSG00000180902	241734602	241768816	2
ENSG00000001036	143494812	143511720	6
ENSG00000197345	68891276	68903835	11
ENSG00000186047	50519364	50843939	13
ENSG00000114790	154121003	154257827	3
ENSG00000178226	31138926	31150083	16
ENSG00000258864	112827213	112867582	5
ENSG00000153037	112861188	112898371	5
ENSG00000119917	89327307	89377473	10
ENSG00000119899	73593379	73653992	6
ENSG00000143507	221701424	221742089	1
ENSG00000197444	49734641	49762379	10
ENSG00000280148	143857318	143938471	6
ENSG00000135211	77793728	77798434	7
ENSG00000146477	160348378	160452577	6
ENSG00000109743	15703065	15738313	4
ENSG00000112290	110099819	110180004	6
ENSG00000082641	48048329	48061545	17
ENSG00000172938	68980021	68980986	11
ENSG00000154545	52184876	52192268	X
ENSG00000172935	69004395	69013382	11
ENSG00000187391	78017055	79453667	7
ENSG00000076716	133300103	133415489	X
ENSG00000157064	183248237	183418380	1
ENSG00000162341	69048932	69136316	11
ENSG00000129625	112876385	112922289	5
ENSG00000169908	149369022	149377692	3
ENSG00000171227	119429901	119438504	2
ENSG00000103490	31201486	31203450	16
ENSG00000198964	50305586	50625163	10
ENSG00000184194	53048789	53080615	X
ENSG00000142039	41310172	41324873	19
ENSG00000172590	22829879	22835037	14
ENSG00000177238	31214091	31231537	16
ENSG00000140443	98648539	98964530	15
ENSG00000184205	53082367	53088540	X
ENSG00000255730	41350853	41425001	19
ENSG00000059588	234391313	234479179	1
ENSG00000108671	32444379	32483319	17
ENSG00000103310	21197450	21214510	16
ENSG00000142046	41350911	41384083	19
ENSG00000119328	108934400	108950744	9
ENSG00000176055	90458209	90474771	5
ENSG00000136536	159712457	159771027	2
ENSG00000284695	69810780	69847786	4
ENSG00000113356	90471748	90514557	5
ENSG00000100036	30635781	30669016	22
ENSG00000109193	69841212	69860145	4
ENSG00000119326	108942569	109013522	9
ENSG00000167065	30652051	30667887	22
ENSG00000198682	87659613	87747705	10
ENSG00000185339	30607003	30627271	22
ENSG00000181804	143265222	143848485	3
ENSG00000122224	160796074	160828261	1
ENSG00000126012	53176283	53225422	X
ENSG00000112029	152970519	152983579	6
ENSG00000136160	77895481	77975529	13
ENSG00000182035	38581195	38588463	20
ENSG00000288570	130713626	130713724	9
ENSG00000188710	130892707	130896812	9
ENSG00000131013	149504495	149546043	6
ENSG00000123810	41354417	41364165	19
ENSG00000019186	54153446	54173986	20
ENSG00000110344	118359600	118399211	11
ENSG00000130720	130902438	130939286	9
ENSG00000080371	71754863	71800286	12
ENSG00000126545	69931068	69946574	4
ENSG00000130023	169751622	169781600	6
ENSG00000196553	66411704	66498677	14
ENSG00000248098	41397808	41425002	19
ENSG00000176018	90515611	90529584	5
ENSG00000130711	130664594	130682986	9
ENSG00000175311	21233699	21253850	16
ENSG00000188483	129175552	129178261	9
ENSG00000181788	150741125	150763477	3
ENSG00000034152	21284672	21315232	17
ENSG00000235007	129139413	129260575	9
ENSG00000113327	162000057	162162977	5
ENSG00000103174	5024844	5034141	16
ENSG00000138138	87751512	87841361	10
ENSG00000114670	131026850	131350465	3
ENSG00000204849	39355669	39361962	9
ENSG00000064787	53936777	54070594	20
ENSG00000177108	77131270	77142734	14
ENSG00000165972	95867048	95942635	12
ENSG00000168490	22219703	22232101	8
ENSG00000100577	77320996	77331597	14
ENSG00000128923	58771192	58861900	15
ENSG00000283886	39816599	39874562	9
ENSG00000162782	179591613	179691272	1
ENSG00000204978	41443156	41444765	19
ENSG00000105366	51450847	51458456	19
ENSG00000204262	189031898	189225312	2
ENSG00000139737	77697687	77764242	13
ENSG00000227268	87859158	87863533	10
ENSG00000119457	112878920	112890876	9
ENSG00000182379	57216794	57226449	12
ENSG00000150347	61901684	62096944	10
ENSG00000168495	22245133	22254601	8
ENSG00000111252	111405923	111451623	12
ENSG00000132740	68903863	68940602	11
ENSG00000136867	113150976	113164140	9
ENSG00000165204	122800123	122801073	9
ENSG00000254521	51491227	51501800	19
ENSG00000166343	73423579	73433561	10
ENSG00000056586	122844556	122905359	9
ENSG00000185551	96325938	96340263	15
ENSG00000107758	73436433	73496024	10
ENSG00000139651	53180704	53195142	12
ENSG00000118894	5084284	5097795	16
ENSG00000105492	51517819	51531856	19
ENSG00000143653	246724409	246768137	1
ENSG00000012504	100473708	100564414	12
ENSG00000128285	40679273	40682812	22
ENSG00000126549	69995966	70002570	4
ENSG00000103995	48712928	48811146	15
ENSG00000253352	30969245	30979395	22
ENSG00000118491	143864436	143938343	6
ENSG00000158711	205597556	205632011	1
ENSG00000215251	3146519	3159865	20
ENSG00000126550	70050438	70058848	4
ENSG00000172315	46684365	46689444	20
ENSG00000101161	63981132	64033100	20
ENSG00000197181	22275316	22357568	8
ENSG00000055211	149566294	149591748	6
ENSG00000061656	35615829	35621094	20
ENSG00000133116	33016423	33066143	13
ENSG00000203727	147508690	147737547	6
ENSG00000006625	30496621	30504841	7
ENSG00000100385	37118666	37175118	22
ENSG00000162851	246540561	246566261	1
ENSG00000075826	100486646	100519864	10
ENSG00000118520	131470832	131584332	6
ENSG00000133121	33103137	33350630	13
ENSG00000187533	70133616	70176799	4
ENSG00000105497	51571283	51592510	19
ENSG00000141293	48133442	48430275	17
ENSG00000281039	30497077	30550761	7
ENSG00000186130	122908056	122913323	9
ENSG00000143353	219173869	219212865	1
ENSG00000106113	30651942	30700129	7
ENSG00000102891	56565073	56568957	16
ENSG00000171448	122915566	122931512	9
ENSG00000100580	77335029	77377094	14
ENSG00000125148	56608584	56609497	16
ENSG00000184979	18150118	18177397	22
ENSG00000011454	122940833	123104866	9
ENSG00000105509	51713112	51723991	19
ENSG00000183828	105172938	105181323	14
ENSG00000205649	70028455	70036538	4
ENSG00000169715	56625475	56627112	16
ENSG00000198185	46499630	46513559	20
ENSG00000152093	130521197	130528604	2
ENSG00000171049	51752026	51770531	19
ENSG00000132465	70655541	70681817	4
ENSG00000205364	56632659	56633981	16
ENSG00000187474	51795157	51826190	19
ENSG00000100983	34928432	34956027	20
ENSG00000205362	56638666	56640087	16
ENSG00000104967	45933734	45974044	19
ENSG00000131747	40388525	40417896	17
ENSG00000169688	56651886	56653204	16
ENSG00000184276	71833200	71837710	11
ENSG00000197965	167721192	167791919	1
ENSG00000186212	76894152	76898144	4
ENSG00000225805	71878453	71884561	11
ENSG00000248710	160227454	160449829	3
ENSG00000118816	77047155	77076309	4
ENSG00000198417	56657731	56660698	16
ENSG00000188487	15112424	15247208	11
ENSG00000100099	26443107	26483931	22
ENSG00000096996	18058995	18098944	19
ENSG00000115694	241492670	241509730	2
ENSG00000187193	56682470	56684196	16
ENSG00000008018	170535120	170553307	6
ENSG00000103316	21238874	21303083	16
ENSG00000165209	123109500	123268586	9
ENSG00000121858	172505508	172523475	3
ENSG00000165807	64549920	64589381	14
ENSG00000134962	39406930	39451533	4
ENSG00000146411	133987581	134052624	6
ENSG00000111981	149963943	149973715	6
ENSG00000112320	107490106	107661306	6
ENSG00000121897	39459004	39485109	4
ENSG00000167434	60149942	60170899	17
ENSG00000026652	161129967	161274061	6
ENSG00000157470	59372693	59523555	15
ENSG00000255339	100505628	100529881	10
ENSG00000143493	211940399	212035557	1
ENSG00000126822	64704102	64750249	14
ENSG00000106105	30580533	30634033	7
ENSG00000164919	99873200	99893707	8
ENSG00000140749	21639550	21652608	16
ENSG00000166136	100523740	100530000	10
ENSG00000184465	169457212	169702067	6
ENSG00000168944	123344890	123423592	5
ENSG00000159199	48892765	48895871	17
ENSG00000123179	49660674	49691486	13
ENSG00000151135	106955719	106978778	12
ENSG00000140740	21953288	21983660	16
ENSG00000268173	18153158	18178117	19
ENSG00000105647	18153163	18170532	19
ENSG00000176988	147981337	148026665	X
ENSG00000176623	86468257	86514357	8
ENSG00000136110	52703264	52739820	13
ENSG00000070182	64746283	64879907	14
ENSG00000157625	30827442	30975084	X
ENSG00000064726	83016423	83067252	15
ENSG00000166135	100529072	100559998	10
ENSG00000241127	39566385	39610320	7
ENSG00000091039	76351797	76559809	12
ENSG00000216490	18173162	18178117	19
ENSG00000121075	61452404	61485110	17
ENSG00000119906	100912963	100965134	10
ENSG00000136099	52842889	52848641	13
ENSG00000006451	39623565	39708120	7
ENSG00000124260	152133310	152138578	X
ENSG00000285130	69035747	69255187	9
ENSG00000165060	69035751	69079076	9
ENSG00000173889	170086732	170181749	3
ENSG00000254858	18193218	18196948	19
ENSG00000198033	19173772	19181824	13
ENSG00000184634	71118543	71144103	X
ENSG00000112499	160171061	160277638	6
ENSG00000119139	69121264	69274615	9
ENSG00000184254	100877714	100916626	15
ENSG00000004948	93424486	93574730	7
ENSG00000105649	18196784	18204042	19
ENSG00000187775	78423697	78577396	17
ENSG00000175048	157381133	157678157	6
ENSG00000080854	133896438	133956968	11
ENSG00000170271	154818492	154859252	5
ENSG00000109814	39498755	39528311	4
ENSG00000078814	34955810	35002437	20
ENSG00000009830	77274956	77320883	14
ENSG00000285188	18207961	18255419	19
ENSG00000276644	71437966	71867204	13
ENSG00000179397	244454377	244641177	1
ENSG00000284797	18249950	18255419	19
ENSG00000130522	18279694	18281622	19
ENSG00000107815	100987367	100994403	10
ENSG00000130520	18306236	18323112	19
ENSG00000188322	28259246	28323849	16
ENSG00000149292	113314579	113383544	11
ENSG00000085719	86514435	86561498	8
ENSG00000102081	147911919	147951125	X
ENSG00000261832	28456371	28492098	16
ENSG00000288520	154159828	154510114	6
ENSG00000100991	35002404	35092807	20
ENSG00000130517	18340598	18369950	19
ENSG00000186862	101007679	101032295	10
ENSG00000082516	154887411	154938211	5
ENSG00000152213	49628507	49633872	13
ENSG00000197272	28499362	28512051	16
ENSG00000102466	101710804	102402457	13
ENSG00000171408	135851701	136195574	6
ENSG00000176476	28553915	28591790	16
ENSG00000175489	18391137	18397622	19
ENSG00000163682	39452587	39458931	4
ENSG00000166716	84748592	84806445	15
ENSG00000130511	18418864	18434562	19
ENSG00000154548	89095959	89118071	6
ENSG00000134901	102784281	102799040	13
ENSG00000120063	65009289	65056740	17
ENSG00000107821	101061989	101068131	10
ENSG00000117592	173477330	173488815	1
ENSG00000155893	141228726	141367753	3
ENSG00000130338	158232236	158511828	6
ENSG00000178952	28842411	28846348	16
ENSG00000124097	57487959	57495366	20
ENSG00000169696	81976807	82017406	17
ENSG00000124092	57495966	57525652	20
ENSG00000186197	236348257	236502915	1
ENSG00000119922	89283694	89309271	10
ENSG00000257335	141907813	142106747	7
ENSG00000186105	62578819	62581446	5
ENSG00000166477	51938025	51971778	15
ENSG00000095739	28677510	28682932	10
ENSG00000145864	161288429	161549044	5
ENSG00000145331	99546709	99564039	4
ENSG00000170289	86553977	86743675	8
ENSG00000152520	28138506	28295335	13
ENSG00000162670	190097658	190478404	1
ENSG00000177548	28904421	28936526	16
ENSG00000171794	133230217	133231558	10
ENSG00000168397	241637213	241673857	2
ENSG00000151650	133237855	133241928	10
ENSG00000130024	169703902	169725566	6
ENSG00000162761	165201867	165356715	1
ENSG00000151651	133262420	133276868	10
ENSG00000100083	37608725	37633564	22
ENSG00000138594	51829628	51947295	15
ENSG00000102755	28300346	28495145	13
ENSG00000237289	43593054	43604901	15
ENSG00000168484	22156913	22164479	8
ENSG00000168917	136818647	136855888	3
ENSG00000105655	18434388	18438167	19
ENSG00000143199	167809386	167914215	1
ENSG00000075420	172039578	172401669	3
ENSG00000242866	43599563	43618800	15
ENSG00000177455	28931965	28939342	16
ENSG00000109339	85990007	86594625	4
ENSG00000172889	136658856	136672678	9
ENSG00000288643	62306206	62537249	5
ENSG00000205089	132747426	132754403	5
ENSG00000184394	20138820	20145471	14
ENSG00000142208	104769349	104795751	14
ENSG00000146416	143060496	143341058	6
ENSG00000187678	142310427	142326455	5
ENSG00000196670	180847611	180861285	5
ENSG00000106536	38977909	39493095	7
ENSG00000131446	180784780	180815652	5
ENSG00000141570	79792132	79801683	17
ENSG00000198546	133308914	133313162	10
ENSG00000258659	5619764	5644398	11
ENSG00000007908	169722640	169764705	1
ENSG00000186625	149594873	149648972	6
ENSG00000177889	93405673	93441947	12
ENSG00000283496	133309410	133352529	10
ENSG00000010361	49806866	49817376	19
ENSG00000130643	133324072	133336935	10
ENSG00000174429	106759483	106770244	8
ENSG00000159217	48997385	49056145	17
ENSG00000104290	28494205	28574267	8
ENSG00000169682	28974221	28984548	16
ENSG00000153140	90392257	90409766	5
ENSG00000271321	143755089	143757696	7
ENSG00000165828	133347368	133352683	10
ENSG00000135426	54948015	54984762	12
ENSG00000284461	66628958	66811189	7
ENSG00000175582	73675638	73761137	11
ENSG00000106560	150685697	150693641	7
ENSG00000148803	133355158	133358025	10
ENSG00000169692	136673143	136687457	9
ENSG00000090402	164978898	165078496	3
ENSG00000104299	28767661	28890242	8
ENSG00000213203	150716606	150724284	7
ENSG00000182132	170353487	170736632	5
ENSG00000281887	150716668	150743646	7
ENSG00000106565	150791285	150801360	7
ENSG00000083635	44939249	44989471	13
ENSG00000127884	133362485	133373354	10
ENSG00000074935	112070663	112087529	6
ENSG00000062716	59707192	59842255	17
ENSG00000133114	44989529	45037669	13
ENSG00000148832	133379261	133391694	10
ENSG00000092978	217426992	217631090	1
ENSG00000165716	136712572	136724742	9
ENSG00000187922	136738167	136743356	9
ENSG00000188342	45120510	45284893	13
ENSG00000143499	214281102	214337131	1
ENSG00000284772	43614208	43632283	15
ENSG00000223572	43692886	43699222	15
ENSG00000180332	45192853	45201045	13
ENSG00000133112	45333471	45341284	13
ENSG00000002933	150800403	150805118	7
ENSG00000039650	49859882	49878351	19
ENSG00000204003	136738167	136748453	9
ENSG00000135521	143843338	143863812	6
ENSG00000164694	159169400	159272108	6
ENSG00000267206	136744017	136748525	9
ENSG00000011258	51177425	51260163	17
ENSG00000113282	157785743	157859145	5
ENSG00000158104	121839527	121863596	12
ENSG00000128641	191245185	191425389	2
ENSG00000225830	49454168	49539538	10
ENSG00000221977	21653835	21667642	14
ENSG00000184887	105248533	105251093	14
ENSG00000177984	136759634	136766255	9
ENSG00000134802	57406954	57427580	11
ENSG00000176198	20239286	20244349	14
ENSG00000198513	50532509	50634017	14
ENSG00000128886	43772605	43777315	15
ENSG00000170832	60177327	60422470	17
ENSG00000244187	136791344	136793317	9
ENSG00000070748	49609095	49667942	10
ENSG00000272896	136791379	136800595	9
ENSG00000213213	136796338	136807741	9
ENSG00000100092	37634654	37656117	22
ENSG00000104365	42271302	42332460	8
ENSG00000100473	30874514	30895065	14
ENSG00000135537	108294991	108526796	6
ENSG00000288635	116954391	117119719	7
ENSG00000163584	170864875	170870208	3
ENSG00000188404	169690665	169711702	1
ENSG00000086200	62403972	62628582	5
ENSG00000143196	168695468	168729206	1
ENSG00000262560	43772617	43799133	15
ENSG00000196642	136807943	136841187	9
ENSG00000133597	140672945	140696261	7
ENSG00000144962	172889357	173141235	3
ENSG00000140259	43804492	43824690	15
ENSG00000139133	34022468	34029694	12
ENSG00000124253	57561080	57568121	20
ENSG00000184786	169740109	169751587	6
ENSG00000203697	223538007	223665723	1
ENSG00000118420	82892390	83065841	6
ENSG00000074621	65611366	65660995	15
ENSG00000049130	88492793	88580851	12
ENSG00000124256	57603846	57620576	20
ENSG00000090266	140690777	140722790	7
ENSG00000174032	45393316	45418455	13
ENSG00000069849	141876124	141926549	3
ENSG00000285304	37639693	37666932	22
ENSG00000267318	59940908	59973101	17
ENSG00000141568	82519713	82644662	17
ENSG00000116574	228735479	228746664	1
ENSG00000054148	136848724	136851027	9
ENSG00000100097	37675636	37679802	22
ENSG00000197471	29662979	29670876	16
ENSG00000101040	47209214	47356889	20
ENSG00000257065	143807092	143844617	6
ENSG00000121481	185045526	185102603	1
ENSG00000139218	45919131	45992120	12
ENSG00000071994	170575295	170584692	6
ENSG00000149930	29973868	29992261	16
ENSG00000273899	37681673	37693476	22
ENSG00000090263	141002610	141015228	7
ENSG00000285218	170418868	170860380	3
ENSG00000186329	171843349	171938715	3
ENSG00000177943	136850943	136860799	9
ENSG00000113555	141943581	141969741	5
ENSG00000151846	25096136	25099254	13
ENSG00000163645	150659885	150703971	3
ENSG00000165566	25161679	25172288	13
ENSG00000143248	163111121	163321791	1
ENSG00000105865	107563484	107578523	7
ENSG00000113119	140639435	140645408	5
ENSG00000139505	25246222	25287510	13
ENSG00000100101	37686414	37726503	22
ENSG00000187714	49610310	49612720	10
ENSG00000178645	49679651	49710261	10
ENSG00000154265	69244311	69327244	17
ENSG00000184381	38111495	38214778	22
ENSG00000198105	37776526	37858106	10
ENSG00000174485	65658046	65792293	15
ENSG00000196792	30893799	31026401	14
ENSG00000107223	136862119	136866308	9
ENSG00000163655	155870650	155944020	3
ENSG00000125304	99446311	99564048	13
ENSG00000129084	14504874	14643635	11
ENSG00000162814	217631324	217871696	1
ENSG00000158516	130266863	130289798	7
ENSG00000136040	94148577	94307675	12
ENSG00000112983	138139770	138178953	5
ENSG00000165689	136401922	136410614	9
ENSG00000104973	49818282	49840383	19
ENSG00000149929	29992330	29996074	16
ENSG00000266412	46005088	46030623	10
ENSG00000120669	36168217	36214588	13
ENSG00000116132	170662728	170739421	1
ENSG00000171402	52862525	52868083	X
ENSG00000112208	57172326	57189833	6
ENSG00000128510	130293134	130324180	7
ENSG00000165694	132076990	132128020	X
ENSG00000198945	130013699	130141449	6
ENSG00000250709	36168794	36297842	13
ENSG00000132394	128153481	128408646	3
ENSG00000072110	68874128	68979440	14
ENSG00000169592	29995715	30005793	16
ENSG00000116679	185296388	185317273	1
ENSG00000158301	102712445	102717733	X
ENSG00000163581	170996347	171026743	3
ENSG00000148384	136428619	136439845	9
ENSG00000242715	36222008	36297840	13
ENSG00000189221	43654907	43746817	X
ENSG00000106701	105447796	105552433	9
ENSG00000103769	65726054	65891989	15
ENSG00000101825	3308565	3346652	X
ENSG00000166263	54968727	55173632	17
ENSG00000106484	130486171	130506465	7
ENSG00000237671	49532177	49539538	X
ENSG00000111046	80707634	80709474	12
ENSG00000227488	49541733	49549094	X
ENSG00000120832	106977277	106987160	12
ENSG00000164830	106270144	106752694	8
ENSG00000121871	165186720	165197109	3
ENSG00000236362	49551278	49568218	X
ENSG00000216649	49551289	49558645	X
ENSG00000165606	49364066	49396089	10
ENSG00000111142	95473520	95515839	12
ENSG00000152092	176857302	177164973	1
ENSG00000165983	16436943	16513745	10
ENSG00000206127	32441914	32455634	15
ENSG00000186051	105662457	105663124	9
ENSG00000169860	152835131	152841439	3
ENSG00000156345	87966441	87974753	9
ENSG00000215269	49570400	49577754	X
ENSG00000120742	150541998	150603228	3
ENSG00000182919	93741591	93764749	11
ENSG00000253626	79512533	79516440	10
ENSG00000188816	123148136	123150672	10
ENSG00000227345	49818279	49970203	10
ENSG00000224902	49579949	49587301	X
ENSG00000173838	62701314	62808344	17
ENSG00000283900	38291918	38398522	22
ENSG00000189064	49589496	49596824	X
ENSG00000168135	38426327	38455199	22
ENSG00000205777	49599020	49608538	X
ENSG00000168385	241315100	241354027	2
ENSG00000149927	30005514	30023270	16
ENSG00000100196	38468078	38483447	22
ENSG00000136425	78104606	78131535	15
ENSG00000215274	49303646	49319841	X
ENSG00000100201	38483438	38507660	22
ENSG00000154310	171058414	171460408	3
ENSG00000133083	35768652	36131382	13
ENSG00000178078	4324043	4342786	19
ENSG00000224659	49322037	49329384	X
ENSG00000177468	137492199	137494394	6
ENSG00000124767	38675925	38703145	6
ENSG00000135049	85546539	85742029	9
ENSG00000112210	57186992	57222307	6
ENSG00000177283	35638247	35642296	10
ENSG00000151923	119571802	119597029	10
ENSG00000274274	49331582	49338949	X
ENSG00000102158	77825747	77899271	X
ENSG00000141179	55751051	55842830	17
ENSG00000166411	78131498	78171945	15
ENSG00000170627	54455950	54473602	12
ENSG00000131023	149658153	149718105	6
ENSG00000102738	40729128	40771190	13
ENSG00000128311	37010859	37020183	22
ENSG00000204673	49869033	49878459	19
ENSG00000100055	37282027	37315341	22
ENSG00000102743	40789412	40812460	13
ENSG00000143476	212035553	212107400	1
ENSG00000061987	62466817	62600476	12
ENSG00000268089	152637895	152657542	X
ENSG00000091844	153004459	153131282	6
ENSG00000141298	29625938	29930276	17
ENSG00000164488	168292830	168319777	6
ENSG00000180660	35473419	35478764	13
ENSG00000205442	24542952	24545946	9
ENSG00000165449	59650764	59736002	10
ENSG00000221867	152698767	152702347	X
ENSG00000149923	30075978	30085376	16
ENSG00000165185	112486827	112669397	9
ENSG00000196376	117907264	118317676	6
ENSG00000159905	43951223	43967709	19
ENSG00000065809	14518557	14774897	10
ENSG00000183305	152714586	152718607	X
ENSG00000164442	139371807	139374648	6
ENSG00000136866	113038377	113056759	9
ENSG00000130733	10922185	10928681	19
ENSG00000154269	131628442	131747418	6
ENSG00000148335	129608884	129636135	9
ENSG00000121486	185118101	185157072	1
ENSG00000174996	66257294	66267860	11
ENSG00000198930	152727484	152733735	X
ENSG00000213401	152733757	152737669	X
ENSG00000166897	37367960	37427479	22
ENSG00000268606	152749863	152753884	X
ENSG00000100060	37469063	37486393	22
ENSG00000057252	179293714	179358680	1
ENSG00000066697	100427143	100451734	9
ENSG00000166292	55719627	55732121	17
ENSG00000092470	43826980	43868412	15
ENSG00000105341	41431318	41440717	19
ENSG00000184489	141391995	141432454	8
ENSG00000159224	48958554	48968596	17
ENSG00000130558	135075422	135121180	9
ENSG00000100065	37490362	37519542	22
ENSG00000268916	152753921	152760222	X
ENSG00000113645	168291645	168472303	5
ENSG00000180340	44557484	44561262	17
ENSG00000170786	56300005	56320776	8
ENSG00000147400	152826994	152830757	X
ENSG00000090238	30092314	30096915	16
ENSG00000147383	152830967	152869729	X
ENSG00000175305	94879770	94896678	8
ENSG00000156970	40161023	40221123	15
ENSG00000123685	212686417	212699840	1
ENSG00000198883	152988824	152994116	X
ENSG00000266967	42950526	42964498	17
ENSG00000266964	35138824	35143109	19
ENSG00000147905	37120574	37358149	9
ENSG00000130741	24054946	24078810	X
ENSG00000162852	246566444	246668595	1
ENSG00000175274	44885903	44951306	11
ENSG00000102886	30104810	30113537	16
ENSG00000174010	23983716	24027186	X
ENSG00000143842	204073115	204127743	1
ENSG00000171100	150568417	150673143	X
ENSG00000102882	30114105	30123506	16
ENSG00000176269	166086	167024	8
ENSG00000180053	23701740	23706756	8
ENSG00000180190	489803	545781	8
ENSG00000135355	89894469	89921760	6
ENSG00000147650	104489231	104589258	8
ENSG00000128283	37560480	37569405	22
ENSG00000118412	89829894	89874436	6
ENSG00000108825	42950526	42980528	17
ENSG00000233917	21846329	21877735	15
ENSG00000116962	235975830	236065109	1
ENSG00000158987	131423921	131635231	5
ENSG00000100079	37570248	37582616	22
ENSG00000107362	71862452	71911193	9
ENSG00000182759	143419182	143430732	8
ENSG00000138892	50018575	50058298	22
ENSG00000014164	143437659	143541447	8
ENSG00000165059	69012504	69014113	9
ENSG00000107077	6720863	7175648	9
ENSG00000128340	37225270	37259594	22
ENSG00000198258	9827892	9830115	19
ENSG00000178234	152025674	152122340	7
ENSG00000255192	35083410	35085295	15
ENSG00000118496	145793502	145814795	6
ENSG00000064199	124673844	124697518	11
ENSG00000104518	143553207	143563062	8
ENSG00000028839	133952170	133990432	6
ENSG00000137872	47184101	47774228	15
ENSG00000288529	133953304	133980088	6
ENSG00000118526	133889113	133895553	6
ENSG00000135373	34621093	34663288	11
ENSG00000174156	52896639	52909698	6
ENSG00000072958	16197854	16245906	19
ENSG00000181450	227563543	227677443	1
ENSG00000156384	104122058	104126385	10
ENSG00000120333	175010789	175023425	1
ENSG00000170899	52977948	52995304	6
ENSG00000198408	101784443	101818465	10
ENSG00000100342	36253071	36267530	22
ENSG00000162753	173500460	173603072	1
ENSG00000102181	150766336	150898816	X
ENSG00000160917	99438922	99457373	7
ENSG00000288614	53041266	53041385	6
ENSG00000137270	53126961	53148841	6
ENSG00000182477	28053228	28054165	6
ENSG00000124657	27957241	27958182	6
ENSG00000130935	67717931	67744531	17
ENSG00000143355	197911902	197935478	1
ENSG00000112494	167271169	167316014	6
ENSG00000100478	31025106	31130996	14
ENSG00000204839	143566192	143572772	8
ENSG00000286264	64241095	64244132	11
ENSG00000196873	68232003	68300035	9
ENSG00000110031	58526871	58578220	11
ENSG00000169627	30192932	30194306	16
ENSG00000115268	1438358	1440495	19
ENSG00000120440	167325071	167359503	6
ENSG00000241468	99448475	99466186	7
ENSG00000121644	244653103	244709033	1
ENSG00000185340	29306618	29312787	22
ENSG00000177098	118133377	118152888	11
ENSG00000147813	143574785	143578649	8
ENSG00000135312	77460924	77463491	6
ENSG00000219607	5085341	5089487	6
ENSG00000070540	68420948	68457513	17
ENSG00000111913	24804282	25042170	6
ENSG00000196338	71144821	71175255	X
ENSG00000174502	205913048	205943460	1
ENSG00000166741	114257787	114313536	11
ENSG00000169217	30350773	30355308	16
ENSG00000185070	85530144	85654428	14
ENSG00000198556	99472890	99503650	7
ENSG00000120049	101825974	101843920	10
ENSG00000129083	14443440	14500027	11
ENSG00000090060	96501433	96567116	14
ENSG00000007255	45162928	45178237	19
ENSG00000169221	30357102	30370494	16
ENSG00000072210	19648136	19685760	17
ENSG00000274600	21383751	21389478	22
ENSG00000286102	21360601	21361299	22
ENSG00000196588	40410281	40636719	22
ENSG00000160908	99473877	99504857	7
ENSG00000221909	99546300	99558536	7
ENSG00000197343	99558406	99576453	7
ENSG00000180269	20028239	20073890	16
ENSG00000132207	30193875	30197561	16
ENSG00000168661	34926903	34945170	19
ENSG00000001497	65438549	65534810	X
ENSG00000213648	29459913	29464966	16
ENSG00000158715	205657851	205680509	1
ENSG00000166398	34254552	34355566	19
ENSG00000143195	166895711	166975540	1
ENSG00000179886	143597831	143603224	8
ENSG00000104524	143603210	143609773	8
ENSG00000131845	57351271	57359898	19
ENSG00000213096	24033405	24129968	19
ENSG00000162975	10911934	10914225	2
ENSG00000188158	17375200	17735994	X
ENSG00000198848	55802851	55833337	16
ENSG00000104522	143612618	143618048	8
ENSG00000149782	64251530	64269150	11
ENSG00000150873	11133128	11151317	2
ENSG00000162849	245154985	245709432	1
ENSG00000196724	57921882	57935402	19
ENSG00000147145	78747709	78758714	X
ENSG00000162976	11155198	11178870	2
ENSG00000156531	134373288	134428791	X
ENSG00000272647	99558695	99607810	7
ENSG00000244219	99598267	99611045	7
ENSG00000197951	56595300	56626481	19
ENSG00000067533	218285293	218337983	1
ENSG00000171827	37467585	37488652	19
ENSG00000197037	99616946	99632408	7
ENSG00000258289	64914361	64944591	14
ENSG00000116209	54026681	54053504	1
ENSG00000126246	35738801	35742453	19
ENSG00000106258	99648194	99679998	7
ENSG00000068885	160256986	160399880	3
ENSG00000183309	143636019	143656418	8
ENSG00000013503	106357748	106510198	12
ENSG00000164465	117453817	117569858	6
ENSG00000169016	11444375	11466177	2
ENSG00000092208	39114285	39136973	14
ENSG00000267120	35739252	35745432	19
ENSG00000164953	93754844	93819234	8
ENSG00000161265	35742464	35745445	19
ENSG00000184058	19756703	19783593	22
ENSG00000165704	134460165	134520513	X
ENSG00000118482	63635802	63779336	6
ENSG00000092421	116443555	116574823	5
ENSG00000171798	133160219	133226412	10
ENSG00000090863	74447427	74607144	16
ENSG00000170965	134565838	134764322	X
ENSG00000205155	35745600	35747519	19
ENSG00000156504	134769566	134797232	X
ENSG00000149201	86374736	86423109	11
ENSG00000099949	20982269	20999032	22
ENSG00000188223	35745678	35754519	19
ENSG00000170776	85380571	85749358	15
ENSG00000146242	82363206	82367420	6
ENSG00000267796	35748361	35754519	19
ENSG00000205683	72609034	72894101	14
ENSG00000189241	116267760	116279930	6
ENSG00000160870	99705036	99735196	7
ENSG00000112246	100385009	100464921	6
ENSG00000108602	19737984	19748943	17
ENSG00000124789	17615035	17706925	6
ENSG00000004776	35754566	35758079	19
ENSG00000116161	174999163	175012027	1
ENSG00000104903	13099033	13103161	19
ENSG00000107831	101770109	101780371	10
ENSG00000176402	99923266	99929620	7
ENSG00000183283	51238724	51271362	12
ENSG00000174469	146116002	148420998	7
ENSG00000090661	8206736	8262421	19
ENSG00000164188	36246913	36302114	5
ENSG00000115159	156435290	156613735	2
ENSG00000257115	18601117	18602097	14
ENSG00000196832	20190896	20201075	14
ENSG00000100836	23321457	23326163	14
ENSG00000086848	111782195	111871581	11
ENSG00000152104	214348700	214552449	1
ENSG00000151892	116056925	116276803	10
ENSG00000175183	76858709	76879023	12
ENSG00000172943	53936676	54048958	X
ENSG00000177694	174438573	175810548	3
ENSG00000120436	167155247	167157980	6
ENSG00000198670	160531482	160664275	6
ENSG00000276240	21667886	21673818	14
ENSG00000152503	115124762	115180546	5
ENSG00000100445	24439766	24442905	14
ENSG00000145982	5261044	5829192	6
ENSG00000260456	87083562	87317420	16
ENSG00000285558	141738474	141807919	3
ENSG00000123360	54549601	54579239	12
ENSG00000186260	14071319	14266773	16
ENSG00000112238	99606774	99615578	6
ENSG00000117650	211658657	211675630	1
ENSG00000177679	76201896	76287288	7
ENSG00000155090	102648784	102655725	8
ENSG00000167775	8302127	8308358	19
ENSG00000173269	86935540	86969481	10
ENSG00000047579	15522807	15663058	6
ENSG00000181449	181711925	181714436	3
ENSG00000173210	149141483	149260542	5
ENSG00000083290	19770829	19867936	17
ENSG00000276581	60914407	60920653	9
ENSG00000174953	154272546	154324487	3
ENSG00000167774	8308283	8321379	19
ENSG00000165553	77265483	77271206	14
ENSG00000267855	8308768	8321375	19
ENSG00000170027	76326799	76358991	7
ENSG00000258453	19712904	19714332	14
ENSG00000173267	86958599	86963258	10
ENSG00000119314	112217716	112333664	9
ENSG00000139915	46839629	47675605	14
ENSG00000146700	76389334	76409697	7
ENSG00000188372	76397518	76442071	7
ENSG00000258529	111786286	111879425	11
ENSG00000148671	86968432	86983934	10
ENSG00000233927	8321158	8323340	19
ENSG00000203724	197902630	197907367	1
ENSG00000255561	111874056	111881243	11
ENSG00000215262	36784324	36936125	8
ENSG00000158764	160945025	160954809	1
ENSG00000137720	111878935	111885975	11
ENSG00000167772	8363289	8374370	19
ENSG00000188100	87020294	87024730	10
ENSG00000169397	20891385	20892348	14
ENSG00000205609	28379579	28403841	16
ENSG00000122376	87094161	87191465	10
ENSG00000106211	76302673	76304295	7
ENSG00000168118	229271062	229305894	1
ENSG00000174989	116910950	117031148	12
ENSG00000138386	190646746	190692766	2
ENSG00000133317	63506052	63516774	11
ENSG00000106692	105558122	105653820	9
ENSG00000214960	16087525	16502504	7
ENSG00000099246	27504174	27543207	10
ENSG00000225614	88382959	88440757	16
ENSG00000185236	8389981	8404434	19
ENSG00000184110	28688558	28735727	16
ENSG00000008197	50713526	50773033	6
ENSG00000173726	235109341	235128837	1
ENSG00000137393	18387350	18468870	6
ENSG00000132549	99013266	99877580	8
ENSG00000120833	93569814	93583487	12
ENSG00000168994	3722614	3751713	6
ENSG00000152382	166856510	166876264	1
ENSG00000171243	16461481	16530580	7
ENSG00000009765	150368892	150405969	6
ENSG00000205858	16526825	16581568	7
ENSG00000166329	57744495	57745299	17
ENSG00000143839	204154819	204190324	1
ENSG00000099783	8444767	8489114	19
ENSG00000181610	57834781	57850056	17
ENSG00000138378	191029576	191151596	2
ENSG00000133321	63536808	63546462	11
ENSG00000214860	18377778	18389647	17
ENSG00000075624	5526409	5563902	7
ENSG00000132912	150708440	150759095	5
ENSG00000136026	106237881	106304279	12
ENSG00000166143	40815451	40828709	15
ENSG00000133328	63552770	63563379	11
ENSG00000184743	63624087	63671921	11
ENSG00000178718	74954418	74956772	15
ENSG00000185823	24675775	24683393	15
ENSG00000173548	75647912	75662301	15
ENSG00000102189	92770637	92929331	12
ENSG00000166762	43628503	43668118	15
ENSG00000171916	18476737	18494945	17
ENSG00000133318	63681446	63759891	11
ENSG00000004809	110424687	110476641	6
ENSG00000147912	37510892	37576380	9
ENSG00000184083	54068324	54183281	X
ENSG00000135829	182839347	182887982	1
ENSG00000203797	110391771	110415575	6
ENSG00000197177	133087924	133131675	10
ENSG00000124535	2765393	2786952	6
ENSG00000119927	112149865	112215377	10
ENSG00000256966	37512547	37592469	9
ENSG00000188937	41447343	41475710	X
ENSG00000085276	169083499	169663775	3
ENSG00000021355	2832332	2841959	6
ENSG00000269556	149596556	149631912	X
ENSG00000180957	27851669	27920134	22
ENSG00000175768	37582646	37592604	9
ENSG00000176438	95407266	95516650	14
ENSG00000170542	2887270	2903309	6
ENSG00000111785	106774621	106889316	12
ENSG00000255872	37588413	38068687	9
ENSG00000164591	150660882	150679368	5
ENSG00000070601	37650954	37746904	9
ENSG00000284701	46479565	46484425	2
ENSG00000188070	63759892	63768775	11
ENSG00000124570	2948159	2972165	6
ENSG00000250565	46490750	46542577	2
ENSG00000134717	52056199	52090716	1
ENSG00000168005	63813456	63827716	11
ENSG00000075618	5592816	5606655	7
ENSG00000134597	130401987	130413656	X
ENSG00000119729	46541806	46584688	2
ENSG00000140262	56918623	57299281	15
ENSG00000164180	88189633	88269476	5
ENSG00000166788	18069935	18106087	11
ENSG00000165275	37753803	37778972	9
ENSG00000082014	151238764	151277896	7
ENSG00000181433	135889205	135913062	X
ENSG00000151665	46580937	46617055	2
ENSG00000116668	185157080	185291781	1
ENSG00000119608	74852871	74876154	14
ENSG00000171659	41688973	41697275	X
ENSG00000119913	112283400	112305038	10
ENSG00000171931	18744026	18779349	17
ENSG00000197555	71320449	71741229	14
ENSG00000126733	86148451	86832604	X
ENSG00000008405	106991364	107093549	12
ENSG00000119878	46616416	46630176	2
ENSG00000148516	31318495	31529814	10
ENSG00000143756	224114111	224162047	1
ENSG00000241119	233671898	233773300	2
ENSG00000007541	566995	584109	16
ENSG00000165891	77021248	77065569	12
ENSG00000133246	8490056	8502640	19
ENSG00000171928	18781111	18806714	17
ENSG00000102034	130063955	130110716	X
ENSG00000107371	37759234	37832117	9
ENSG00000143207	175944831	176207286	1
ENSG00000133250	8509678	8514167	19
ENSG00000169184	27748277	27801756	22
ENSG00000135164	87152409	87196337	7
ENSG00000147202	96684712	97604997	X
ENSG00000196378	144772224	144787345	8
ENSG00000205702	42140203	42149455	22
ENSG00000122741	37800554	37867666	9
ENSG00000099984	23980058	23983915	22
ENSG00000179817	18172837	18174280	11
ENSG00000167165	233691607	233773300	2
ENSG00000148965	18231355	18236802	11
ENSG00000100387	40951347	40973309	22
ENSG00000105467	48364367	48376377	19
ENSG00000188026	123470054	123533719	12
ENSG00000255071	18231423	18248635	11
ENSG00000105438	48382575	48391551	19
ENSG00000100393	41092592	41180077	22
ENSG00000134339	18239223	18248668	11
ENSG00000122696	37879400	37904353	9
ENSG00000197565	108155607	108439497	X
ENSG00000155545	56919602	56971675	5
ENSG00000161016	144789765	144792587	8
ENSG00000107338	37915898	38069227	9
ENSG00000105447	48445841	48457022	19
ENSG00000126878	131096476	131123152	9
ENSG00000139324	88142296	88199887	12
ENSG00000161956	7561919	7571969	17
ENSG00000182324	48455574	48466980	19
ENSG00000137274	3118374	3153578	6
ENSG00000196296	28878405	28904466	16
ENSG00000268465	48465837	48472431	19
ENSG00000130640	133278635	133318823	10
ENSG00000088002	48552172	48599425	19
ENSG00000149133	55993681	55994625	11
ENSG00000181761	56122373	56123311	11
ENSG00000181752	56159394	56160317	11
ENSG00000026751	160739057	160754821	1
ENSG00000174957	56176618	56177556	11
ENSG00000177202	48606742	48607714	19
ENSG00000277957	7563287	7578715	17
ENSG00000063177	48615328	48619184	19
ENSG00000126804	64503712	64533690	14
ENSG00000248383	140926299	141012347	5
ENSG00000180475	58227882	58228918	11
ENSG00000241635	233760270	233773300	2
ENSG00000050555	131009174	131094473	9
ENSG00000129226	7579491	7582111	17
ENSG00000241356	56819573	56820516	11
ENSG00000075035	108129288	108250537	12
ENSG00000254658	56208985	56215222	11
ENSG00000099956	23786931	23838009	22
ENSG00000123485	233833416	233854566	2
ENSG00000100505	50975262	51096061	14
ENSG00000176200	59503576	59504511	11
ENSG00000268799	17490967	17492076	5
ENSG00000112293	24424565	24495205	6
ENSG00000113407	33440696	33468091	5
ENSG00000172199	56375624	56376553	11
ENSG00000272987	56412696	56413680	11
ENSG00000279961	56417258	56418232	11
ENSG00000284732	56459221	56473352	11
ENSG00000129255	7583529	7592789	17
ENSG00000150269	56462469	56463401	11
ENSG00000185522	554850	560738	11
ENSG00000023041	112424428	112447572	10
ENSG00000100644	61695513	61748259	14
ENSG00000130717	131523801	131531264	9
ENSG00000073803	185282941	185489094	3
ENSG00000144481	233917373	234019522	2
ENSG00000111727	104064531	104106524	12
ENSG00000099849	560404	564025	11
ENSG00000196090	42072752	43189970	20
ENSG00000063176	48619291	48630717	19
ENSG00000112294	24494867	24537207	6
ENSG00000150681	192158462	192185815	1
ENSG00000256870	101155493	101210238	12
ENSG00000116906	231241207	231277973	1
ENSG00000070047	576470	612222	11
ENSG00000148730	70404145	70428618	10
ENSG00000106991	127815013	127854658	9
ENSG00000156574	70431936	70447951	10
ENSG00000188596	96489571	96875555	12
ENSG00000108001	129835233	129973053	10
ENSG00000197415	157259742	157533619	3
ENSG00000153113	96525267	96779595	5
ENSG00000105516	48630030	48637379	19
ENSG00000198062	15690026	15721631	22
ENSG00000089280	31180138	31191605	16
ENSG00000063180	48637946	48646187	19
ENSG00000237489	130020025	130110830	10
ENSG00000254709	22887780	22896111	22
ENSG00000171435	117453012	117968990	12
ENSG00000108010	130136391	130184521	10
ENSG00000092969	218345336	218444619	1
ENSG00000149679	62388634	62407285	20
ENSG00000111802	24649979	24666930	6
ENSG00000175344	31923438	32173018	15
ENSG00000176920	48695971	48705951	19
ENSG00000170619	144841042	144853736	8
ENSG00000023608	61762420	61796428	14
ENSG00000129194	7588178	7590094	17
ENSG00000099977	23970542	23980525	22
ENSG00000176909	48712725	48719725	19
ENSG00000284479	131035092	131035262	2
ENSG00000152102	131047876	131093460	2
ENSG00000112304	24667035	24705065	6
ENSG00000196150	144876497	144902168	8
ENSG00000139726	122752824	122771064	12
ENSG00000197142	112374116	112428379	10
ENSG00000157181	186375838	186421378	1
ENSG00000129214	7613946	7633382	17
ENSG00000145979	13266542	13328583	6
ENSG00000099899	20111875	20117392	22
ENSG00000106992	127866486	127877675	9
ENSG00000105518	11342776	11346518	19
ENSG00000100918	24171853	24180257	14
ENSG00000135517	56449502	56469166	12
ENSG00000138463	122795069	122881139	3
ENSG00000124237	58150902	58161150	20
ENSG00000124227	58216126	58228653	20
ENSG00000008869	36968383	37084372	2
ENSG00000175040	143119771	143124014	3
ENSG00000101017	46118271	46129863	20
ENSG00000076258	171314183	171342084	1
ENSG00000075188	102073103	102120120	12
ENSG00000082684	122909082	123028605	3
ENSG00000183401	11344684	11354944	19
ENSG00000257524	127867850	127906022	9
ENSG00000117697	212726153	212791782	1
ENSG00000100401	41244779	41286187	22
ENSG00000170631	144930358	144950888	8
ENSG00000136840	127907886	127917041	9
ENSG00000205358	56669814	56671129	16
ENSG00000089053	121308245	121399896	12
ENSG00000087250	56589074	56591088	16
ENSG00000100884	24070837	24078100	14
ENSG00000124159	45293445	45308529	20
ENSG00000218739	37196488	37216193	2
ENSG00000099834	616577	626078	11
ENSG00000185615	283164	287215	16
ENSG00000162669	91260766	91404856	1
ENSG00000173928	11374666	11376951	19
ENSG00000179832	144148016	144261927	8
ENSG00000112425	145382535	145736023	6
ENSG00000167103	127920881	127930785	9
ENSG00000187266	11377207	11384342	19
ENSG00000115816	37201612	37231596	2
ENSG00000123594	13318647	13320053	X
ENSG00000205642	8464830	8466510	X
ENSG00000017483	48458537	48470260	X
ENSG00000006327	3018445	3022383	16
ENSG00000165731	43077064	43130351	10
ENSG00000003509	37231631	37253403	2
ENSG00000136908	127935099	127937854	9
ENSG00000103145	3022625	3024286	16
ENSG00000196839	44584896	44652252	20
ENSG00000205517	11384341	11419328	19
ENSG00000167106	127940582	127980989	9
ENSG00000175054	142449007	142578733	3
ENSG00000112367	109690609	109878098	6
ENSG00000132681	160151586	160186980	1
ENSG00000176473	100376418	100530303	14
ENSG00000158122	96639577	96655317	9
ENSG00000181938	58295080	58406147	16
ENSG00000169059	6533618	6535118	X
ENSG00000106404	101232092	101238820	7
ENSG00000103227	853634	981318	16
ENSG00000196597	96816269	96875623	9
ENSG00000133142	103576231	103587729	X
ENSG00000188152	96928310	96940253	9
ENSG00000115825	37250502	37324833	2
ENSG00000213265	130668643	130687432	7
ENSG00000182197	117794490	118111826	8
ENSG00000070031	626309	627181	11
ENSG00000143641	230057990	230282122	1
ENSG00000196632	54192823	54358642	X
ENSG00000100628	93934166	93976739	14
ENSG00000069696	637269	640706	11
ENSG00000169826	43138445	43185302	10
ENSG00000288675	797511	799190	11
ENSG00000197702	12377563	12535356	11
ENSG00000198915	43194535	43267065	10
ENSG00000196652	99504662	99534700	7
ENSG00000119421	122144058	122159779	9
ENSG00000010932	171248471	171285978	1
ENSG00000198003	11420604	11435782	19
ENSG00000111144	96000753	96043520	12
ENSG00000141504	7626234	7627876	17
ENSG00000185681	122159908	122200088	9
ENSG00000137198	16238587	16295549	6
ENSG00000104643	11284816	11328146	8
ENSG00000119446	122237622	122264840	9
ENSG00000159387	55324203	55330756	16
ENSG00000175699	93987225	94008863	14
ENSG00000166448	98846488	98870771	7
ENSG00000213886	29555515	29559732	6
ENSG00000148187	122264603	122331337	9
ENSG00000089723	94026340	94048930	14
ENSG00000181927	55635113	55640309	11
ENSG00000067836	4796968	4802880	16
ENSG00000148672	87050202	87094843	10
ENSG00000204655	29657002	29672372	6
ENSG00000129244	7646627	7657770	17
ENSG00000165948	94081301	94103846	14
ENSG00000115828	37342827	37373322	2
ENSG00000198674	123994163	123995161	11
ENSG00000236981	124023013	124023948	11
ENSG00000010072	231337104	231355023	1
ENSG00000162222	62728069	62740293	11
ENSG00000108947	7705202	7711372	17
ENSG00000185670	62748319	62754184	11
ENSG00000196361	11451326	11481046	19
ENSG00000262628	3062669	3063607	17
ENSG00000177710	11331012	11332360	8
ENSG00000262085	3153889	3154882	17
ENSG00000168002	62761565	62766710	11
ENSG00000135766	231363751	231422287	1
ENSG00000002726	150824627	150861504	7
ENSG00000163171	37641882	37738468	2
ENSG00000185515	155071420	155123077	X
ENSG00000109084	28319200	28328685	17
ENSG00000119632	94127779	94130253	14
ENSG00000175077	187197486	187201462	3
ENSG00000119698	94146128	94279734	14
ENSG00000134153	34084017	34101862	15
ENSG00000173166	203394345	203535335	2
ENSG00000109079	28335602	28347009	17
ENSG00000267477	11466240	11505698	19
ENSG00000161914	11483427	11505839	19
ENSG00000169359	155821024	155854456	3
ENSG00000163534	157794403	157820120	1
ENSG00000154319	11421476	11475908	8
ENSG00000162227	62771357	62787342	11
ENSG00000107186	13105706	13279692	9
ENSG00000182405	34102083	34108686	15
ENSG00000134152	34140674	34210096	15
ENSG00000129103	56064002	56080670	7
ENSG00000074527	95657807	95791189	12
ENSG00000205884	11973937	11974599	8
ENSG00000067829	153785766	153794512	X
ENSG00000155666	27203508	27221768	16
ENSG00000206199	149761100	149968385	3
ENSG00000130176	11538767	11550323	19
ENSG00000233050	12064389	12071747	8
ENSG00000126803	64535905	64546173	14
ENSG00000136352	36516392	36521149	14
ENSG00000004142	28346633	28357527	17
ENSG00000226430	12132417	12134099	8
ENSG00000168569	62771629	62792006	11
ENSG00000168243	235547685	235650754	1
ENSG00000182372	1755778	1801711	8
ENSG00000169903	149474697	149503394	3
ENSG00000185475	62787402	62790400	11
ENSG00000165588	56799905	56816693	14
ENSG00000116183	176463171	176845601	1
ENSG00000121853	172443291	172448456	3
ENSG00000162231	62792123	62806302	11
ENSG00000140623	4777606	4788398	16
ENSG00000244045	28357642	28363683	17
ENSG00000174948	154334943	154430190	3
ENSG00000283239	1763888	1958627	8
ENSG00000161609	49388219	49417990	19
ENSG00000128463	34225013	34230156	15
ENSG00000163659	156673235	156706770	3
ENSG00000104728	1823926	1958641	8
ENSG00000273171	28364288	28368012	17
ENSG00000109072	28367284	28373091	17
ENSG00000183484	105049395	105065445	14
ENSG00000064205	44714844	44728509	20
ENSG00000270106	231528653	231819244	1
ENSG00000184507	34343315	34357737	15
ENSG00000155719	21663968	21761935	16
ENSG00000110801	121888732	121918297	12
ENSG00000167098	32983773	33004433	20
ENSG00000185448	34129752	34132314	X
ENSG00000155008	85003877	85093315	X
ENSG00000184916	105140982	105168824	14
ENSG00000197879	1464186	1492686	17
ENSG00000102024	115561174	115650861	X
ENSG00000142538	49422419	49423441	19
ENSG00000104888	49429401	49442360	19
ENSG00000157005	187668912	187670394	3
ENSG00000140526	89087459	89202355	15
ENSG00000158258	139935185	140577397	3
ENSG00000170382	204617170	204685738	1
ENSG00000078898	33007704	33023703	20
ENSG00000166793	57645087	57649944	11
ENSG00000211584	47753916	47782751	12
ENSG00000066027	212285410	212361853	1
ENSG00000183230	65912457	67763637	10
ENSG00000114796	183635610	183684519	3
ENSG00000167104	33031648	33044047	20
ENSG00000104872	49446298	49453497	19
ENSG00000156599	57667747	57701182	11
ENSG00000127314	68610855	68671901	12
ENSG00000186191	33079643	33111751	20
ENSG00000108176	67796669	67838188	10
ENSG00000128294	26521996	26596717	22
ENSG00000204642	29722775	29738528	6
ENSG00000011275	5620047	5781696	7
ENSG00000173728	244352635	244389663	1
ENSG00000131050	33161768	33181412	20
ENSG00000136514	187368385	187372076	3
ENSG00000140522	89209869	89221614	15
ENSG00000096717	67884656	67918390	10
ENSG00000175581	73787872	73865133	11
ENSG00000285938	187743686	187746028	3
ENSG00000176595	1973677	2006936	8
ENSG00000179364	105300563	105398147	14
ENSG00000036448	2045046	2165552	8
ENSG00000101972	123960212	124422664	X
ENSG00000159239	74393836	74421662	2
ENSG00000094975	172532349	172611833	1
ENSG00000005448	74421678	74425755	2
ENSG00000131059	33217310	33227806	20
ENSG00000144730	57089982	57170306	3
ENSG00000274252	18516344	18518161	22
ENSG00000278558	18527802	18530573	22
ENSG00000140199	34229784	34338060	15
ENSG00000169900	31215962	31217135	16
ENSG00000198183	33235995	33243311	20
ENSG00000161618	49453225	49471050	19
ENSG00000164542	36324152	36390125	7
ENSG00000261052	30199228	30204310	16
ENSG00000148719	72332830	72355149	10
ENSG00000111845	10694972	10709782	6
ENSG00000111843	10722915	10731129	6
ENSG00000115274	74455087	74457944	2
ENSG00000108018	106573663	107164706	10
ENSG00000137210	10747759	10852753	6
ENSG00000275793	18605815	18611919	22
ENSG00000181924	73872667	73876901	11
ENSG00000286175	18633984	18634682	22
ENSG00000106443	10973336	11169623	7
ENSG00000274049	74455088	74460884	2
ENSG00000284130	21008193	21014292	22
ENSG00000175575	73876699	73931114	11
ENSG00000076554	80034745	80231232	8
ENSG00000239779	74458400	74460891	2
ENSG00000291240	21008247	21032572	22
ENSG00000269469	49462752	49486231	19
ENSG00000099960	21028718	21032840	22
ENSG00000090554	49474207	49486231	19
ENSG00000175643	11249619	11381662	16
ENSG00000125999	33273480	33309871	20
ENSG00000138246	132417502	132539032	3
ENSG00000107872	102419189	102423136	10
ENSG00000178279	11267748	11269533	16
ENSG00000178217	80537902	80646560	10
ENSG00000178257	11273199	11273629	16
ENSG00000122304	11275639	11276480	16
ENSG00000101391	33358839	33401561	20
ENSG00000274209	46286345	46330207	10
ENSG00000175646	11280841	11281330	16
ENSG00000204822	74471982	74472687	2
ENSG00000135637	74471986	74483408	2
ENSG00000184602	11668455	11679152	16
ENSG00000277758	47744717	47763592	10
ENSG00000284512	81022316	81096284	16
ENSG00000166454	81035842	81047350	16
ENSG00000106477	130393771	130442433	7
ENSG00000172650	73674287	73698109	10
ENSG00000132376	1494577	1516742	17
ENSG00000260643	81053587	81096296	16
ENSG00000115282	74483073	74494559	2
ENSG00000140905	81081945	81096395	16
ENSG00000138136	101226994	101229463	10
ENSG00000272162	10747794	10930423	6
ENSG00000189090	47487219	47491700	10
ENSG00000162772	212565334	212620777	1
ENSG00000286135	122672850	122679494	10
ENSG00000226174	105398538	105450106	14
ENSG00000159496	23688136	23699176	22
ENSG00000111837	10762723	10838553	6
ENSG00000148848	126012381	126388477	10
ENSG00000182979	105419820	105470729	14
ENSG00000275163	178419123	178843300	3
ENSG00000142534	49496365	49499708	19
ENSG00000113924	120628172	120682269	3
ENSG00000135697	81238689	81291142	16
ENSG00000115289	74505043	74507695	2
ENSG00000135828	182573634	182589256	1
ENSG00000104870	49506816	49526428	19
ENSG00000185697	66562175	66614247	8
ENSG00000076356	208022242	208244384	1
ENSG00000090857	70114332	70162537	16
ENSG00000167705	1646145	1649866	17
ENSG00000187792	23738682	23751112	22
ENSG00000185561	1702816	1710377	17
ENSG00000115297	74513463	74517148	2
ENSG00000128218	23752743	23754425	22
ENSG00000163389	119468963	119494708	3
ENSG00000169314	23762990	23765863	22
ENSG00000167711	1742836	1755265	17
ENSG00000124827	10873223	10882041	6
ENSG00000144045	74518131	74526281	2
ENSG00000204644	29672483	29681155	6
ENSG00000101400	33407957	33443763	20
ENSG00000182944	29268009	29300525	22
ENSG00000146457	159725585	159756319	6
ENSG00000160539	131289459	131359022	9
ENSG00000186190	33053903	33073847	20
ENSG00000157693	114611206	114646422	9
ENSG00000155890	140678064	140701150	3
ENSG00000115307	74526645	74529760	2
ENSG00000088305	32762385	32809359	20
ENSG00000142552	49528003	49546962	19
ENSG00000230054	114656304	114662374	9
ENSG00000230601	114666434	114682192	9
ENSG00000181634	114784652	114806039	9
ENSG00000058866	186105668	186362234	3
ENSG00000132386	1762029	1777565	17
ENSG00000136888	114587706	114598915	9
ENSG00000185523	212830141	212847649	1
ENSG00000095261	120815496	120842951	9
ENSG00000116711	186828949	186988981	1
ENSG00000120896	22544986	22575788	8
ENSG00000223496	70246778	70251940	16
ENSG00000142546	49555468	49590262	19
ENSG00000120437	159762045	159779112	6
ENSG00000091136	107923799	108003213	7
ENSG00000157349	70289663	70335305	16
ENSG00000187726	73951026	73970366	11
ENSG00000204021	88706249	88752776	10
ENSG00000120438	159778498	159789703	6
ENSG00000119403	120855651	120894896	9
ENSG00000155256	97737121	97760907	10
ENSG00000138363	215311956	215349773	2
ENSG00000175564	74000277	74009085	11
ENSG00000186532	1779485	1830634	17
ENSG00000143845	204131062	204152044	1
ENSG00000132383	1829702	1900082	17
ENSG00000182809	105472962	105480162	14
ENSG00000214517	74171267	74254703	11
ENSG00000157060	182899865	182953525	1
ENSG00000126460	49580646	49591004	19
ENSG00000172578	183487551	183555706	3
ENSG00000119401	116687305	116701300	9
ENSG00000147869	14719724	14722733	9
ENSG00000126458	49635292	49640143	19
ENSG00000150054	28050993	28334486	10
ENSG00000260234	150882997	150941743	3
ENSG00000125398	72121020	72126416	17
ENSG00000112110	159789812	159798436	6
ENSG00000123684	211743457	211830763	1
ENSG00000146453	159800249	159820704	6
ENSG00000126461	49642209	49658642	19
ENSG00000163638	64515654	64688000	3
ENSG00000117707	213983181	214041510	1
ENSG00000164756	116950273	117176714	8
ENSG00000107341	33817160	33920399	9
ENSG00000198876	34086387	34127399	9
ENSG00000136014	95516560	95551476	12
ENSG00000151704	128836315	128867373	11
ENSG00000126456	49659569	49665875	19
ENSG00000146223	42879616	42889925	6
ENSG00000152253	168834132	168913371	2
ENSG00000135047	87724051	87731469	9
ENSG00000123836	207034366	207081024	1
ENSG00000095637	95311771	95561414	10
ENSG00000088992	117038923	117099479	12
ENSG00000175482	67350772	67356972	11
ENSG00000185294	45844881	45847067	17
ENSG00000213145	105486317	105488947	14
ENSG00000152254	168901291	168910000	2
ENSG00000256762	45999250	45999694	17
ENSG00000221821	42890265	42890821	6
ENSG00000121067	49598884	49678163	17
ENSG00000205883	11982256	11984590	8
ENSG00000100994	25248085	25298012	20
ENSG00000171611	42915989	42925838	6
ENSG00000206047	6977649	6980092	8
ENSG00000172748	232137	264703	8
ENSG00000113013	138553756	138575675	5
ENSG00000164946	14737152	14910995	9
ENSG00000073734	168915498	169031324	2
ENSG00000122965	113816738	113966325	12
ENSG00000256514	67351572	67373584	11
ENSG00000124713	42960754	42963880	6
ENSG00000175505	67364168	67374177	11
ENSG00000257341	105487199	105492267	14
ENSG00000124587	42963865	42979181	6
ENSG00000172531	67398181	67421183	11
ENSG00000185347	105489855	105499575	14
ENSG00000100997	25294742	25390835	20
ENSG00000112640	42984553	43012342	6
ENSG00000148334	128120693	128128462	9
ENSG00000081479	169127109	169362534	2
ENSG00000117691	212432920	212446379	1
ENSG00000176597	183253253	183298504	3
ENSG00000260537	70299194	70372582	16
ENSG00000100364	45192244	45240894	22
ENSG00000287856	231363797	231528603	1
ENSG00000175463	67403915	67410089	11
ENSG00000168872	70346861	70373383	16
ENSG00000203705	212791828	212816830	1
ENSG00000173905	168008689	168095924	3
ENSG00000147647	104330324	104467055	8
ENSG00000111726	22046218	22065674	12
ENSG00000164935	104339087	104356689	8
ENSG00000101440	34194569	34269344	20
ENSG00000175634	67428460	67435401	11
ENSG00000198812	69608564	69610907	12
ENSG00000101444	34280268	34311802	20
ENSG00000198887	70258978	70354873	9
ENSG00000175946	123644442	123653801	8
ENSG00000100373	45284949	45295874	22
ENSG00000110931	121237675	121298308	12
ENSG00000091879	6499632	6563409	8
ENSG00000100376	45308968	45341955	22
ENSG00000101460	34546854	34560345	20
ENSG00000152492	191329085	191398659	3
ENSG00000157350	70375977	70439237	16
ENSG00000101464	34560542	34698790	20
ENSG00000077935	45344063	45413619	22
ENSG00000114315	194136148	194138732	3
ENSG00000186881	104504263	104505222	9
ENSG00000148136	104526253	104527209	9
ENSG00000186943	104569168	104570130	9
ENSG00000277556	104598457	104599413	9
ENSG00000276119	104604671	104605627	9
ENSG00000175066	142157527	142225592	3
ENSG00000136839	104617248	104618204	9
ENSG00000289720	34363271	34540923	20
ENSG00000136783	104747683	104760120	9
ENSG00000184986	105526583	105530202	14
ENSG00000155189	6708642	6761503	8
ENSG00000157353	70454595	70480274	16
ENSG00000127399	150323263	150338156	7
ENSG00000165028	104764129	104777764	9
ENSG00000128408	45413693	45432509	22
ENSG00000125971	34516395	34540958	20
ENSG00000170396	184598529	184939492	2
ENSG00000106538	150338317	150341662	7
ENSG00000078747	34363235	34511773	20
ENSG00000251493	73444827	73448777	5
ENSG00000136574	11676959	11760002	8
ENSG00000254126	106487364	106544297	2
ENSG00000164331	73552190	73565667	5
ENSG00000165029	104781006	104928155	9
ENSG00000077942	45502238	45601135	22
ENSG00000213402	67435510	67437682	11
ENSG00000172725	67435510	67443821	11
ENSG00000168542	188974373	189012746	2
ENSG00000155561	135557917	135648757	7
ENSG00000183092	100537147	100587417	14
ENSG00000124733	43011143	43016868	6
ENSG00000174175	169588849	169630193	1
ENSG00000164338	73565443	73583380	5
ENSG00000213123	196291219	196318299	3
ENSG00000124541	43021623	43034156	6
ENSG00000151834	46243548	46475230	4
ENSG00000113790	185190624	185281990	3
ENSG00000121073	49700934	49709014	17
ENSG00000147316	6406592	6648508	8
ENSG00000137171	43040777	43075095	6
ENSG00000071246	76761468	76783015	14
ENSG00000163959	196211487	196243178	3
ENSG00000175514	67451301	67452729	11
ENSG00000172663	67461710	67469272	11
ENSG00000013523	76786009	76826246	14
ENSG00000282419	124246249	124336863	X
ENSG00000169169	49690898	49713731	19
ENSG00000147257	133535745	133987100	X
ENSG00000145191	184135038	184146127	3
ENSG00000119669	77024543	77028708	14
ENSG00000136193	29920104	29990289	7
ENSG00000189091	70523791	70577670	16
ENSG00000100565	76826372	76870304	14
ENSG00000008118	209583714	209613939	1
ENSG00000152700	134601149	134649271	5
ENSG00000162236	62806860	62832051	11
ENSG00000121104	49710332	49789180	17
ENSG00000101003	25391008	25452700	20
ENSG00000132300	86106223	86142157	2
ENSG00000166165	103519667	103522833	14
ENSG00000128050	56435741	56464578	4
ENSG00000106080	30010587	30026702	7
ENSG00000172346	41561010	41577741	22
ENSG00000171161	248838210	248849517	1
ENSG00000205856	32149006	32159322	22
ENSG00000241360	37658723	37666932	22
ENSG00000159873	28772674	28789301	22
ENSG00000125798	22580998	22585455	20
ENSG00000106624	44104345	44114562	7
ENSG00000169122	57994523	58204279	8
ENSG00000132664	18466878	18484648	20
ENSG00000113615	134648785	134727909	5
ENSG00000196878	209614870	209652425	1
ENSG00000256053	103562960	103607523	14
ENSG00000126895	153902531	153907166	X
ENSG00000136918	124853417	124857890	9
ENSG00000100219	28794555	28800597	22
ENSG00000090861	70251983	70289707	16
ENSG00000064195	49990005	49995224	17
ENSG00000131203	39902275	39928790	8
ENSG00000188523	132410043	132573319	9
ENSG00000130032	151694607	151705924	X
ENSG00000089050	18486540	18497225	20
ENSG00000141577	81189593	81222999	17
ENSG00000166402	8019244	8106243	11
ENSG00000167037	24806169	24927578	22
ENSG00000188394	123033667	123035665	9
ENSG00000260230	109130293	109167249	9
ENSG00000183862	151734746	151745564	X
ENSG00000177300	183318100	183320276	4
ENSG00000197057	36281616	36347511	4
ENSG00000101310	18507520	18561415	20
ENSG00000184304	29576479	30191898	14
ENSG00000164615	134738495	134752157	5
ENSG00000185960	624344	659411	X
ENSG00000148358	130053426	130140169	9
ENSG00000145833	134758771	134855133	5
ENSG00000112651	43054029	43059438	6
ENSG00000106631	44138864	44141332	7
ENSG00000051382	138652698	138834928	3
ENSG00000102003	49187815	49200218	X
ENSG00000133059	205142505	205211702	1
ENSG00000132313	86199355	86213790	2
ENSG00000137462	153684070	153706260	4
ENSG00000132294	131904093	132013642	8
ENSG00000125375	50312324	50335558	14
ENSG00000168743	105894775	106004027	4
ENSG00000101846	7147237	7804358	X
ENSG00000182934	126262938	126269144	11
ENSG00000112655	43076307	43161719	6
ENSG00000115548	86440647	86492716	2
ENSG00000176428	73667831	73672112	7
ENSG00000176410	73680918	73683453	7
ENSG00000211448	80197526	80387757	14
ENSG00000106089	73699206	73719672	7
ENSG00000006757	7898247	7927739	X
ENSG00000139970	59595976	59870776	14
ENSG00000126467	49739753	49763306	19
ENSG00000204116	73563197	73687111	X
ENSG00000074964	17539698	17697874	1
ENSG00000181904	134845680	134859735	5
ENSG00000128250	29438583	29442455	22
ENSG00000137860	45252234	45277846	15
ENSG00000113621	134874371	134901635	5
ENSG00000167625	42220312	42228201	19
ENSG00000070371	19179473	19291719	22
ENSG00000236446	120872607	120875866	X
ENSG00000230707	140091678	140092911	X
ENSG00000179304	52891306	52908560	X
ENSG00000105722	42247569	42255128	19
ENSG00000096872	26947039	27066134	9
ENSG00000167619	42313309	42325064	19
ENSG00000177556	151742316	151772532	5
ENSG00000110063	126304060	126350005	11
ENSG00000189186	27590344	27749942	X
ENSG00000175727	122078756	122147344	12
ENSG00000253117	132024216	132059382	8
ENSG00000124334	155997696	156010817	X
ENSG00000258417	132024238	132085655	8
ENSG00000144736	72749277	72861914	3
ENSG00000145888	151822513	151924851	5
ENSG00000100526	54396849	54420218	14
ENSG00000008382	4343527	4360086	19
ENSG00000147679	116766505	116849463	8
ENSG00000171766	45361124	45402327	15
ENSG00000116918	231528541	231566524	1
ENSG00000197172	152766136	152769716	X
ENSG00000110080	126355640	126440344	11
ENSG00000205002	116938207	116944487	8
ENSG00000198929	162069691	162370475	1
ENSG00000198471	187698259	187702557	3
ENSG00000008853	22987417	23020509	8
ENSG00000165175	38801440	38806537	X
ENSG00000187243	52061827	52069219	X
ENSG00000165215	73768997	73770270	7
ENSG00000165171	73834590	73842516	7
ENSG00000161217	196214222	196287957	3
ENSG00000182631	33936386	33938918	5
ENSG00000175877	73861159	73865890	7
ENSG00000164175	33944623	33984693	5
ENSG00000139344	95943331	95968720	12
ENSG00000224877	81239305	81241310	17
ENSG00000175893	14611071	14693432	9
ENSG00000053900	25377263	25418498	4
ENSG00000106344	128297685	128343908	7
ENSG00000157637	81244811	81295547	17
ENSG00000174038	35041095	35045986	9
ENSG00000162771	212624474	212626775	1
ENSG00000171759	102836889	102958410	12
ENSG00000273294	33987174	34124528	5
ENSG00000232388	18567347	18569563	20
ENSG00000120889	23020133	23069031	8
ENSG00000082196	34017858	34043213	5
ENSG00000165283	35099776	35103195	9
ENSG00000171763	45402336	45421415	15
ENSG00000176393	201982372	202006147	1
ENSG00000125826	407498	432139	20
ENSG00000128191	20080221	20111877	22
ENSG00000169258	176595802	176610156	5
ENSG00000074317	176620082	176630556	5
ENSG00000104154	45479606	45522755	15
ENSG00000106348	128392277	128410252	7
ENSG00000241476	52696896	52707178	X
ENSG00000258984	237967014	238099412	2
ENSG00000185504	81539885	81553961	17
ENSG00000104164	45587214	45615945	15
ENSG00000186001	197791226	197888436	3
ENSG00000141985	4360370	4400547	19
ENSG00000132330	238060924	238099413	2
ENSG00000205704	41952150	41958939	22
ENSG00000163145	15339818	15446167	4
ENSG00000175766	176630618	176646644	5
ENSG00000183963	31064105	31104757	22
ENSG00000151131	104986316	105074197	12
ENSG00000005238	35104112	35116341	9
ENSG00000240505	16929816	16972118	17
ENSG00000182583	7842262	7844143	X
ENSG00000284956	23084403	23115536	8
ENSG00000197826	80335730	80963750	4
ENSG00000173535	23102921	23117445	8
ENSG00000048140	176647387	176659054	5
ENSG00000111707	118376555	118418033	12
ENSG00000260802	111511645	111522399	X
ENSG00000026036	63659300	63698684	20
ENSG00000173530	23135588	23164027	8
ENSG00000130988	47078355	47093314	X
ENSG00000164116	155666726	155737059	4
ENSG00000179598	17200995	17206333	17
ENSG00000111049	80716912	80719671	12
ENSG00000174606	212992182	213015867	1
ENSG00000264187	17202649	17237185	17
ENSG00000104689	23190452	23225102	8
ENSG00000100852	32076114	32159728	14
ENSG00000179941	76344474	76348415	12
ENSG00000154803	17212212	17237188	17
ENSG00000258366	63657810	63696253	20
ENSG00000169372	93677375	93894840	12
ENSG00000260170	45587351	45676314	15
ENSG00000151304	121961975	122075570	5
ENSG00000261717	75412684	75464706	16
ENSG00000137767	45631148	45691281	15
ENSG00000166822	75443054	75465497	16
ENSG00000167670	4402640	4445018	19
ENSG00000182872	47145221	47186813	X
ENSG00000155875	18858906	19049358	9
ENSG00000144488	238100340	238133287	2
ENSG00000113083	122063195	122078413	5
ENSG00000183196	75472052	75495445	16
ENSG00000198832	31104772	31120069	22
ENSG00000155876	19049427	19051025	9
ENSG00000141030	17246616	17281273	17
ENSG00000147457	23243637	23262000	8
ENSG00000178031	17906563	18910950	9
ENSG00000260092	75528532	75545428	16
ENSG00000179914	160876540	160885180	1
ENSG00000165795	21016763	21070872	14
ENSG00000034713	75566375	75577881	16
ENSG00000112658	43171269	43181506	6
ENSG00000183273	119334712	119541040	12
ENSG00000167671	4444999	4457794	19
ENSG00000185133	31122731	31134697	22
ENSG00000166848	75647773	75761872	16
ENSG00000168427	238138668	238152947	2
ENSG00000112659	43182184	43224587	6
ENSG00000282757	75693893	75701461	16
ENSG00000283755	75714131	75726490	16
ENSG00000178752	238158970	238168900	2
ENSG00000235750	175156986	175192999	1
ENSG00000173598	93377883	93408146	12
ENSG00000132297	132061480	132111159	8
ENSG00000181163	171387116	171411810	5
ENSG00000288699	35065339	35074175	9
ENSG00000122735	34457414	34520988	9
ENSG00000132323	238170402	238203708	2
ENSG00000121446	182409192	182560599	1
ENSG00000167702	144466043	144474202	8
ENSG00000198879	7158624	7411488	10
ENSG00000174013	196568611	196589059	3
ENSG00000168913	34521043	34522990	9
ENSG00000159461	56361452	56425545	16
ENSG00000122756	34551432	34590140	9
ENSG00000138592	50424380	50514421	15
ENSG00000164967	34610486	34612104	9
ENSG00000160973	144473412	144475849	8
ENSG00000130985	47190861	47215128	X
ENSG00000137100	34613545	34620523	9
ENSG00000160972	144477969	144502121	8
ENSG00000113916	187721377	187745725	3
ENSG00000166046	106301929	106347003	12
ENSG00000167674	4472297	4502208	19
ENSG00000087263	56451521	56479104	16
ENSG00000213930	34638133	34651035	9
ENSG00000112667	43225629	43229481	6
ENSG00000188611	50182778	50279720	10
ENSG00000061918	155758992	155807811	4
ENSG00000205309	17303335	17347663	17
ENSG00000243501	73209746	73263196	6
ENSG00000256980	73223544	73225770	6
ENSG00000116903	231332753	231337852	1
ENSG00000198797	177170958	177282422	1
ENSG00000203909	73353063	73354276	6
ENSG00000185610	45014672	45051099	12
ENSG00000144485	238238267	238240662	2
ENSG00000167701	144502973	144507174	8
ENSG00000203908	73362658	73364171	6
ENSG00000163872	183697797	183812624	3
ENSG00000136048	101877580	102012130	12
ENSG00000141026	17476994	17493221	17
ENSG00000065427	75627474	75648643	16
ENSG00000080007	73394828	73417566	6
ENSG00000108551	17494437	17496395	17
ENSG00000151414	198156994	198322420	1
ENSG00000131469	42998273	43002959	17
ENSG00000139767	118981541	119163051	12
ENSG00000133800	10556966	10611689	11
ENSG00000135245	128455849	128458418	7
ENSG00000214456	4522531	4535224	19
ENSG00000112232	61679961	62286225	6
ENSG00000165055	128476729	128506602	7
ENSG00000204104	238320441	238400897	2
ENSG00000198730	10751246	10801625	11
ENSG00000127324	71125085	71441898	12
ENSG00000177614	230314490	230426332	1
ENSG00000150201	43371636	43376335	10
ENSG00000112599	42183284	42194956	6
ENSG00000267385	4528427	4540067	19
ENSG00000167080	49132460	49176840	17
ENSG00000171236	4536402	4540036	19
ENSG00000048544	42206807	42217861	6
ENSG00000167700	144509070	144511213	8
ENSG00000169813	43385617	43409186	10
ENSG00000112297	106360717	106572017	6
ENSG00000163904	185582496	185633551	3
ENSG00000185361	4639516	4655568	19
ENSG00000213927	34661880	34664048	9
ENSG00000268964	53044740	53051680	19
ENSG00000183831	173608336	173669851	1
ENSG00000160957	144511288	144517845	8
ENSG00000183207	48993562	49015970	19
ENSG00000187186	34664163	34666112	9
ENSG00000197472	246945547	247008093	1
ENSG00000196793	43556344	43574618	10
ENSG00000160993	102456238	102464863	7
ENSG00000100078	31134807	31140508	22
ENSG00000172724	34689570	34691276	9
ENSG00000236287	10812074	10858796	11
ENSG00000181291	34579487	34639318	17
ENSG00000161036	102464956	102473168	7
ENSG00000123384	57128483	57213361	12
ENSG00000137077	34709005	34710136	9
ENSG00000138942	31160182	31207019	22
ENSG00000198298	43606419	43617904	10
ENSG00000130347	106570771	106629498	6
ENSG00000205108	34723053	34729488	9
ENSG00000156973	231732433	231786272	2
ENSG00000147955	34634722	34637844	9
ENSG00000068079	43006740	43014456	17
ENSG00000136643	213051233	213274774	1
ENSG00000175390	7970251	8001862	11
ENSG00000261609	81314944	81390809	16
ENSG00000169740	43643860	43648881	10
ENSG00000130348	106629578	106668417	6
ENSG00000243660	43436841	43483181	10
ENSG00000123505	110874770	110898879	6
ENSG00000007384	58059	76355	16
ENSG00000182541	31212239	31280080	22
ENSG00000148308	133030675	133058503	9
ENSG00000163273	231921809	231926396	2
ENSG00000107443	96043394	96060870	10
ENSG00000144535	231961245	232344350	2
ENSG00000104826	49015980	49017091	19
ENSG00000161267	197509783	197573323	3
ENSG00000270249	102541501	102592444	7
ENSG00000267335	49022953	49036895	19
ENSG00000205236	102582523	102642869	7
ENSG00000196159	125314918	125492932	4
ENSG00000178307	21197954	21214176	17
ENSG00000189052	49043848	49045311	19
ENSG00000285509	121024125	121113108	11
ENSG00000182255	30009730	30017030	11
ENSG00000267368	102637025	102642791	7
ENSG00000147123	47142071	47145466	X
ENSG00000170236	50494018	50546708	15
ENSG00000108774	42124978	42155044	17
ENSG00000180644	70597348	70602759	10
ENSG00000131808	30231014	30235261	11
ENSG00000283663	49055793	49065076	19
ENSG00000267645	102637049	102671641	7
ENSG00000149743	64223799	64226254	11
ENSG00000198088	107123427	107206433	X
ENSG00000104852	49085419	49108605	19
ENSG00000138316	70672506	70762441	10
ENSG00000103148	84271	138677	16
ENSG00000092439	50552473	50686797	15
ENSG00000160959	144517992	144525172	8
ENSG00000080572	107206611	107244247	X
ENSG00000159184	48724763	48728750	17
ENSG00000054796	57329803	57343994	20
ENSG00000134851	55395957	55453397	4
ENSG00000155115	110958706	110967890	6
ENSG00000241322	15565483	15619704	17
ENSG00000197498	110982015	111028263	6
ENSG00000100100	31281594	31292534	22
ENSG00000165240	77910690	78050395	X
ENSG00000254402	144522388	144527033	8
ENSG00000166228	70882280	70888565	10
ENSG00000105792	90245174	90311063	7
ENSG00000029639	155256134	155314493	6
ENSG00000127252	193241128	193277738	3
ENSG00000213563	144525733	144529132	8
ENSG00000104863	49114324	49118460	19
ENSG00000166220	70771238	70785401	10
ENSG00000253548	191461163	191461456	3
ENSG00000171217	155264013	155276548	6
ENSG00000182575	49575871	49583827	17
ENSG00000074771	155395368	155455839	6
ENSG00000167258	39461486	39564907	17
ENSG00000158023	121918592	122003927	12
ENSG00000163283	232378724	232382889	2
ENSG00000133069	205227946	205285632	1
ENSG00000002330	64269830	64284704	11
ENSG00000198169	144720907	144756417	8
ENSG00000213780	30908207	30914106	6
ENSG00000107807	101131300	101137789	10
ENSG00000101146	57351223	57379211	20
ENSG00000109654	153152163	153339319	4
ENSG00000197363	144798876	144811169	8
ENSG00000221916	49118402	49119143	19
ENSG00000138172	103446786	103452402	10
ENSG00000213799	53333749	53356906	19
ENSG00000173153	64305497	64316743	11
ENSG00000203326	53365693	53392217	19
ENSG00000104755	39743735	39838227	8
ENSG00000130656	142728	154503	16
ENSG00000162877	205828025	205850132	1
ENSG00000185933	103453240	103458900	10
ENSG00000183128	103472804	103479240	10
ENSG00000196417	53389793	53430413	19
ENSG00000170835	133061981	133071861	9
ENSG00000206177	153892	166764	16
ENSG00000163286	232406844	232410714	2
ENSG00000163961	196468783	196503768	3
ENSG00000289051	87863559	87863654	10
ENSG00000204179	46911396	47002488	10
ENSG00000123338	54497752	54548243	12
ENSG00000273331	196316082	196338373	3
ENSG00000188536	172876	173710	16
ENSG00000163958	196197452	196211437	3
ENSG00000160271	133097720	133149334	9
ENSG00000108439	47941506	47949308	17
ENSG00000206172	176680	177522	16
ENSG00000135747	246945547	247078811	1
ENSG00000163295	232456125	232460753	2
ENSG00000198346	53467733	53496255	19
ENSG00000288645	50648802	50686717	15
ENSG00000069248	229440259	229508341	1
ENSG00000086506	180459	181179	16
ENSG00000117899	80946289	80989828	15
ENSG00000109861	88265069	88359684	11
ENSG00000105793	90335223	90391453	7
ENSG00000182810	68020916	68023232	16
ENSG00000163900	185476496	185499057	3
ENSG00000072736	68084751	68229259	16
ENSG00000171551	232479827	232487834	2
ENSG00000196260	30931353	30955636	6
ENSG00000156206	81007033	81149179	15
ENSG00000079313	1815248	1848483	19
ENSG00000168631	30934523	30954221	6
ENSG00000164182	60945177	61154531	5
ENSG00000180611	192796815	192917856	3
ENSG00000204544	30983718	30989903	6
ENSG00000156222	84884654	84945798	15
ENSG00000168671	36035021	36071358	5
ENSG00000204542	31111223	31112575	6
ENSG00000132819	57391396	57409333	20
ENSG00000204540	31114750	31140092	6
ENSG00000256950	121888809	121921470	12
ENSG00000253148	192316992	192367285	1
ENSG00000090530	189956728	190122437	3
ENSG00000204539	31115087	31120446	6
ENSG00000121211	153344649	153415118	4
ENSG00000090104	192575763	192580024	1
ENSG00000204538	31137534	31139066	6
ENSG00000101019	35302566	35412031	20
ENSG00000184545	1554051	1572271	11
ENSG00000182870	132196372	132329589	12
ENSG00000157224	90383721	90513402	7
ENSG00000164187	36098407	36151887	5
ENSG00000167740	4143168	4187310	17
ENSG00000129911	1852399	1863579	19
ENSG00000137411	30914205	30926459	6
ENSG00000205869	1584342	1585283	11
ENSG00000205867	1597177	1598294	11
ENSG00000196224	1607565	1608463	11
ENSG00000129968	1876810	1885496	19
ENSG00000205864	1697195	1697755	11
ENSG00000167723	3510502	3557812	17
ENSG00000244242	1732406	1750595	11
ENSG00000185220	248906196	248919946	1
ENSG00000237412	232520388	232525716	2
ENSG00000250644	1734821	1763954	11
ENSG00000152620	36192589	36242279	5
ENSG00000162769	212858275	212899363	1
ENSG00000135902	232525993	232536667	2
ENSG00000163633	86876205	86892422	4
ENSG00000147677	116642130	116766925	8
ENSG00000185798	196554177	196568674	3
ENSG00000117984	1752752	1764573	11
ENSG00000058091	90466424	91210590	7
ENSG00000213638	1905399	1913447	19
ENSG00000102104	18639688	18672108	X
ENSG00000133275	1941172	1981338	19
ENSG00000285458	86886472	86936178	4
ENSG00000283765	183815568	183884889	3
ENSG00000272741	196248230	196318222	3
ENSG00000133065	205789094	205813748	1
ENSG00000188001	188947214	189325304	3
ENSG00000044446	18892298	18984114	X
ENSG00000120800	101280105	101386618	12
ENSG00000145332	87160103	87240314	4
ENSG00000196811	232539692	232548115	2
ENSG00000187955	120059780	120373573	8
ENSG00000223731	24360639	24367839	X
ENSG00000042781	215622891	216423448	1
ENSG00000102393	101393273	101408012	X
ENSG00000114062	25333728	25439051	15
ENSG00000163960	196347662	196432430	3
ENSG00000143952	63892146	64019428	2
ENSG00000139292	71439798	71586310	12
ENSG00000181786	8697400	8698795	19
ENSG00000145604	36151989	36196849	5
ENSG00000130332	2321520	2328611	19
ENSG00000099800	2425625	2427586	19
ENSG00000181092	186842704	186858463	3
ENSG00000101945	48695554	48709016	X
ENSG00000285245	133098121	133163914	9
ENSG00000176619	2427638	2456959	19
ENSG00000127249	193398967	193593111	3
ENSG00000148288	133152948	133163933	9
ENSG00000174547	66435075	66466738	11
ENSG00000101473	45841721	45857405	20
ENSG00000171433	48761747	48773648	X
ENSG00000157240	91264433	91271326	7
ENSG00000170509	87303789	87322886	4
ENSG00000187682	48826513	48830138	X
ENSG00000102109	48831096	48835610	X
ENSG00000197329	64092652	64144420	2
ENSG00000251154	90469639	90513397	7
ENSG00000099860	2476122	2478259	19
ENSG00000102103	48890197	48903402	X
ENSG00000105974	116524994	116561179	7
ENSG00000174516	66466327	66477337	11
ENSG00000198189	87336515	87391188	4
ENSG00000142409	56087366	56121295	19
ENSG00000167685	56132599	56160893	19
ENSG00000204548	31404845	31412838	20
ENSG00000151615	146638893	146642474	4
ENSG00000167703	1569268	1628886	17
ENSG00000180424	31440632	31450257	20
ENSG00000180383	31465471	31476757	20
ENSG00000088320	31475288	31484895	20
ENSG00000223569	9234385	9236046	4
ENSG00000175164	133233278	133276024	9
ENSG00000173302	130729070	130730336	2
ENSG00000198515	47935977	48016681	4
ENSG00000105976	116672196	116798377	7
ENSG00000277462	247034637	247078811	1
ENSG00000197487	56176008	56185775	19
ENSG00000101294	31514410	31577923	20
ENSG00000035687	244408494	244451909	1
ENSG00000256349	66509079	66533613	11
ENSG00000205835	190852737	190892429	3
ENSG00000163291	78887127	78939438	4
ENSG00000214097	196506879	196515346	3
ENSG00000099797	14517085	14565980	19
ENSG00000174483	66510606	66533613	11
ENSG00000244405	186046314	186110318	3
ENSG00000180287	242082986	242524697	1
ENSG00000136021	100267140	100341715	12
ENSG00000173272	131464900	131492743	2
ENSG00000108342	40015361	40017813	17
ENSG00000187735	53966552	54022456	8
ENSG00000148296	133328776	133336188	9
ENSG00000164306	184649667	184694963	4
ENSG00000075886	131476119	131482934	2
ENSG00000148297	133338312	133348131	9
ENSG00000163431	201896456	201946588	1
ENSG00000102100	48903180	48911958	X
ENSG00000126351	40058290	40093867	17
ENSG00000230124	180269653	180502954	1
ENSG00000107779	86756601	86932825	10
ENSG00000136002	130836914	131047263	2
ENSG00000174928	155762617	155806278	3
ENSG00000145907	151771045	151812911	5
ENSG00000176381	166305300	166308448	6
ENSG00000198818	166319728	166342576	6
ENSG00000181467	153162226	153170627	3
ENSG00000284952	155763043	155854442	3
ENSG00000060762	166364919	166383013	6
ENSG00000182580	184561785	184582408	3
ENSG00000007341	112523514	112620825	1
ENSG00000122375	86654518	86666460	10
ENSG00000151725	184694085	184734130	4
ENSG00000148303	133348218	133351426	9
ENSG00000164458	166157656	166168700	6
ENSG00000176171	131967684	131981967	10
ENSG00000050344	26152198	26187137	7
ENSG00000163898	185506262	185552588	3
ENSG00000111452	130953907	131141469	12
ENSG00000107562	44370165	44386493	10
ENSG00000122565	26201162	26213607	7
ENSG00000124532	24402908	24426194	6
ENSG00000133030	17042457	17217679	17
ENSG00000129295	132570416	132675592	8
ENSG00000130649	133520406	133561220	10
ENSG00000099795	14566078	14572066	19
ENSG00000163577	170888418	170908644	3
ENSG00000101337	32109714	32167258	20
ENSG00000148290	133351758	133356676	9
ENSG00000105429	42325609	42378769	19
ENSG00000168769	105145875	105279816	4
ENSG00000153283	111292719	111665750	3
ENSG00000104497	81799581	81842866	8
ENSG00000148291	133356550	133361158	9
ENSG00000163331	158795317	158862781	2
ENSG00000256646	42909273	42932214	7
ENSG00000178409	107065182	107115515	6
ENSG00000171772	133553901	133569835	10
ENSG00000148248	133361450	133376166	9
ENSG00000085377	105273218	105454062	6
ENSG00000153165	106391290	106468413	2
ENSG00000106588	42916828	42932185	7
ENSG00000138684	122610108	122621066	4
ENSG00000101350	32277651	32335011	20
ENSG00000174165	66520637	66546235	11
ENSG00000170561	2745845	2751677	5
ENSG00000147439	22620418	22669148	8
ENSG00000171456	32358330	32439319	20
ENSG00000248746	66546395	66563334	11
ENSG00000169252	148826611	148828623	5
ENSG00000164287	55112971	55173177	5
ENSG00000203772	133420666	133424625	10
ENSG00000181004	122732702	122744942	4
ENSG00000102096	48913182	48919024	X
ENSG00000289258	86654518	86700020	10
ENSG00000179774	68230595	68232113	10
ENSG00000185049	1982717	2041903	4
ENSG00000108187	68282660	68333049	10
ENSG00000068308	48922024	48958386	X
ENSG00000213079	154733378	154834244	6
ENSG00000136383	84817356	84873479	15
ENSG00000115841	37923187	38067142	2
ENSG00000163714	142964497	143060725	3
ENSG00000106591	42932376	42948958	7
ENSG00000169857	33858782	34075155	15
ENSG00000096746	68331174	68343193	10
ENSG00000105821	103312289	103344830	7
ENSG00000103067	68229033	68238102	16
ENSG00000184984	33968497	34067458	15
ENSG00000164403	132822141	132830659	5
ENSG00000105427	42387019	42390297	19
ENSG00000166262	49326962	49620929	15
ENSG00000198870	133376366	133406096	9
ENSG00000079435	42401514	42427388	19
ENSG00000184209	123458088	123473154	12
ENSG00000148300	133406059	133418096	9
ENSG00000185818	2059327	2069089	4
ENSG00000132554	99960936	100131268	8
ENSG00000131437	132692628	132737638	5
ENSG00000109685	1871393	1982207	4
ENSG00000102057	48961378	48971844	X
ENSG00000066336	47354860	47378547	11
ENSG00000075407	38094334	38150293	10
ENSG00000189377	42428278	42442946	19
ENSG00000067445	54920462	54931431	X
ENSG00000079385	42507304	42561234	19
ENSG00000103066	68245304	68261058	16
ENSG00000112144	53001279	53061824	6
ENSG00000165915	47407132	47416496	11
ENSG00000117222	205086142	205122015	1
ENSG00000138078	44316281	44361862	2
ENSG00000104047	49621037	49656232	15
ENSG00000075073	69403903	69416918	10
ENSG00000160325	133459965	133470848	9
ENSG00000108175	79068966	79316519	10
ENSG00000143324	180632022	180890279	1
ENSG00000103064	68264516	68301823	16
ENSG00000256223	133130575	133159465	12
ENSG00000160326	133471094	133479127	9
ENSG00000203760	126340115	126348875	6
ENSG00000170615	103352730	103446207	7
ENSG00000197183	32443059	32585333	20
ENSG00000095981	39314698	39322968	6
ENSG00000197746	71816298	71851251	10
ENSG00000166797	64072565	64093857	15
ENSG00000165917	47437764	47449143	11
ENSG00000172661	45727200	45792964	10
ENSG00000028528	64094123	64146090	15
ENSG00000196562	47656197	47786616	20
ENSG00000164484	130366017	130443067	6
ENSG00000136943	97029677	97156556	9
ENSG00000135597	138903493	138988261	6
ENSG00000118193	200551497	200620751	1
ENSG00000155508	154857553	154876792	5
ENSG00000084112	108778191	108857590	12
ENSG00000213619	47565336	47584562	11
ENSG00000198842	167094075	167129165	1
ENSG00000187838	7389727	7394842	17
ENSG00000183117	2935353	4994972	8
ENSG00000130589	63558086	63574239	20
ENSG00000198756	183929854	184037729	1
ENSG00000124469	42580243	42595055	19
ENSG00000103061	68284503	68310946	16
ENSG00000110536	47565430	47573461	11
ENSG00000132002	14514769	14560391	19
ENSG00000103056	68358327	68448508	16
ENSG00000123444	47572197	47578976	11
ENSG00000157734	64151715	64157481	15
ENSG00000259823	248739415	248755759	1
ENSG00000122707	36036913	36124455	9
ENSG00000076826	7595863	7618304	19
ENSG00000089022	111842228	111902222	12
ENSG00000135749	232983435	233295725	1
ENSG00000169118	64165525	64356173	15
ENSG00000196666	47586678	47589194	11
ENSG00000172247	47589667	47594411	11
ENSG00000144820	100609601	100695479	3
ENSG00000218819	21123968	21144368	2
ENSG00000109919	47617315	47642607	11
ENSG00000144199	97083583	97094882	2
ENSG00000262481	7389734	7404097	17
ENSG00000166913	44885702	44908532	20
ENSG00000076924	7619525	7629545	19
ENSG00000103150	83899115	83951445	16
ENSG00000205544	7402975	7404097	17
ENSG00000163751	148865296	148897203	3
ENSG00000159921	36214441	36277042	9
ENSG00000169992	7404874	7419860	17
ENSG00000152256	172555373	172608669	2
ENSG00000183049	12349547	12835545	10
ENSG00000140961	83931311	83966332	16
ENSG00000120805	101393116	101407772	12
ENSG00000101104	44910060	44959035	20
ENSG00000163754	148991408	149031775	3
ENSG00000181323	7420324	7421632	17
ENSG00000184560	7425616	7427568	17
ENSG00000109920	47716494	47767443	11
ENSG00000107745	72367340	72626131	10
ENSG00000283439	7428857	7432820	17
ENSG00000286007	7428861	7436278	17
ENSG00000181284	7435435	7437679	17
ENSG00000103160	84122141	84145192	16
ENSG00000086717	18675909	18827921	X
ENSG00000161958	7438273	7444937	17
ENSG00000174788	7631611	7633719	19
ENSG00000111445	118013588	118033130	12
ENSG00000158985	131245493	131398447	5
ENSG00000104918	7669049	7670455	19
ENSG00000143786	224434660	224740554	1
ENSG00000154099	84145287	84178767	16
ENSG00000165434	74330316	74398433	11
ENSG00000138768	75724577	75814286	4
ENSG00000170175	7445061	7457710	17
ENSG00000269711	7678501	7682854	19
ENSG00000181029	7680833	7687703	19
ENSG00000164266	147824572	147831671	5
ENSG00000104921	7688758	7702146	19
ENSG00000054282	243256034	243500091	1
ENSG00000140955	84191138	84197168	16
ENSG00000119414	125146573	125189939	9
ENSG00000025772	44942130	44960397	20
ENSG00000050748	180233143	180292099	5
ENSG00000175536	74490519	74493724	11
ENSG00000160949	144428775	144444440	8
ENSG00000175538	74454841	74467729	11
ENSG00000080293	119439843	119525301	2
ENSG00000136933	125200542	125234161	9
ENSG00000071794	149030127	149086554	3
ENSG00000124134	45091214	45101127	20
ENSG00000138207	93591687	93601744	10
ENSG00000174080	66563464	66568879	11
ENSG00000166558	84009667	84042795	16
ENSG00000168703	45123425	45124465	20
ENSG00000044574	125234853	125241382	9
ENSG00000124102	45174902	45176544	20
ENSG00000169896	31259967	31332892	16
ENSG00000183780	233904676	234324511	1
ENSG00000156466	96142333	96160806	8
ENSG00000256825	133130984	133202369	12
ENSG00000124233	45207033	45209768	20
ENSG00000156194	75859864	75902571	4
ENSG00000223611	24308210	24314069	X
ENSG00000244474	233718736	233773300	2
ENSG00000241852	22599599	22604150	8
ENSG00000067992	24465244	24550466	X
ENSG00000167874	7855066	7856099	17
ENSG00000107863	24583609	24723887	10
ENSG00000162702	200404940	200410056	1
ENSG00000123104	26335352	26833194	12
ENSG00000124157	45221373	45224458	20
ENSG00000182224	7857746	7862282	17
ENSG00000101109	44966494	45080021	20
ENSG00000143194	166975582	167022214	1
ENSG00000262730	7925931	7930622	17
ENSG00000170043	7930345	7932123	17
ENSG00000183248	7868719	7874390	19
ENSG00000122729	32384603	32454769	9
ENSG00000126947	101550547	101554700	X
ENSG00000171017	7888505	7902021	19
ENSG00000198960	101615118	101618001	X
ENSG00000170037	7932101	7949920	17
ENSG00000076984	7903843	7914478	19
ENSG00000156011	18527303	19084730	8
ENSG00000138744	75913660	75941013	4
ENSG00000138449	189560590	189583758	2
ENSG00000102401	101622797	101627843	X
ENSG00000189046	109088188	109093631	12
ENSG00000184867	101655281	101659850	X
ENSG00000090316	1289887	1340147	4
ENSG00000115687	241106099	241150264	2
ENSG00000215545	31303212	31308585	20
ENSG00000135090	118149801	118372907	12
ENSG00000131068	31368601	31373923	20
ENSG00000166803	64364304	64387687	15
ENSG00000178531	7924491	7926135	19
ENSG00000180483	31377164	31390590	20
ENSG00000112584	170290703	170407067	6
ENSG00000104980	7926718	7943667	19
ENSG00000125813	21705659	21718481	20
ENSG00000140678	31355134	31382999	16
ENSG00000131061	33731657	33792269	20
ENSG00000054267	235131634	235328219	1
ENSG00000103671	64387748	64455303	15
ENSG00000132518	8002615	8020342	17
ENSG00000163755	149129638	149173732	3
ENSG00000169249	15790156	15830694	X
ENSG00000165264	32553001	32573184	9
ENSG00000197226	179862066	179907897	5
ENSG00000096060	35573585	35728583	6
ENSG00000171988	63167221	63521850	10
ENSG00000179593	8039034	8049134	17
ENSG00000005206	2328615	2355095	19
ENSG00000122728	32629454	32635669	9
ENSG00000107201	32455302	32526208	9
ENSG00000188343	93698561	93731527	8
ENSG00000259316	64181180	64381440	15
ENSG00000146151	55434373	55579197	6
ENSG00000196440	101418287	101533459	X
ENSG00000163902	128619969	128681075	3
ENSG00000156886	31393335	31426505	16
ENSG00000186907	57460528	57477534	11
ENSG00000125846	18288283	18316996	20
ENSG00000234469	9967358	9968352	X
ENSG00000144036	72175984	72826041	2
ENSG00000184905	102125679	102140426	X
ENSG00000163945	1345691	1395989	4
ENSG00000149150	57484534	57515780	11
ENSG00000184515	102153708	102155977	X
ENSG00000106683	74082933	74122525	7
ENSG00000157514	107713221	107777342	X
ENSG00000089220	118136124	118145584	12
ENSG00000179477	8072636	8087716	17
ENSG00000159459	42942897	43106113	15
ENSG00000288684	32455323	32552603	9
ENSG00000179021	88149959	88168729	3
ENSG00000197579	32540544	32552586	9
ENSG00000156885	31427731	31428360	16
ENSG00000148400	136494433	136546048	9
ENSG00000081154	101574180	101594465	3
ENSG00000176723	31432593	31443160	16
ENSG00000139352	102957674	102960513	12
ENSG00000012779	45374176	45446119	10
ENSG00000135093	109023089	109088023	12
ENSG00000179111	8120592	8124106	17
ENSG00000196268	21397119	21427577	19
ENSG00000140691	31458080	31467166	16
ENSG00000125484	132670035	132694953	9
ENSG00000165695	132725578	132878777	9
ENSG00000179094	8140472	8156506	17
ENSG00000174611	134599923	134651636	3
ENSG00000170935	107774899	107795829	X
ENSG00000186416	119588337	119606443	X
ENSG00000269237	21405159	21491266	19
ENSG00000235608	1402932	1406442	4
ENSG00000111863	11712054	11807046	6
ENSG00000167904	55696424	55773407	8
ENSG00000170801	8269754	8307098	4
ENSG00000161057	103328570	103370346	7
ENSG00000090659	7739993	7747564	19
ENSG00000134809	57528464	57530803	11
ENSG00000151881	43444252	43483893	5
ENSG00000135956	96248514	96265997	2
ENSG00000169933	11822423	12724523	X
ENSG00000165698	132878027	132890201	9
ENSG00000156587	57551656	57568284	11
ENSG00000140682	31471585	31477960	16
ENSG00000156453	141853090	141879246	5
ENSG00000168395	241687085	241729478	2
ENSG00000165699	132891348	132946874	9
ENSG00000262543	138377905	138383486	6
ENSG00000214113	5103629	5260950	6
ENSG00000288534	57712582	57818431	11
ENSG00000089199	5911510	5925353	20
ENSG00000198814	30653359	30731462	X
ENSG00000213593	57712593	57740973	11
ENSG00000175137	248810446	248825915	1
ENSG00000089195	5937228	5950558	20
ENSG00000163995	7965310	8158832	4
ENSG00000065675	6427143	6580301	10
ENSG00000082074	39105252	39274528	5
ENSG00000005469	87345664	87399794	7
ENSG00000124785	5997999	6007605	6
ENSG00000134245	112466541	112530165	1
ENSG00000137842	43123279	43185144	15
ENSG00000111249	111034165	111350554	12
ENSG00000163705	10081317	10108255	3
ENSG00000136698	130592165	130599575	2
ENSG00000124491	6144084	6321013	6
ENSG00000254999	10115675	10127190	3
ENSG00000134070	10164919	10243745	3
ENSG00000149131	57597387	57619171	11
ENSG00000048392	102204502	102238961	8
ENSG00000125885	5950652	5998977	20
ENSG00000069275	205712822	205750182	1
ENSG00000288564	43051066	43058185	6
ENSG00000272410	10249372	10285796	3
ENSG00000007001	157876702	158136154	2
ENSG00000276302	28267121	28281580	6
ENSG00000143674	233327724	233385148	1
ENSG00000157017	10285666	10292947	3
ENSG00000024862	138773769	138793319	6
ENSG00000166946	43185118	43197177	15
ENSG00000135903	222199887	222298998	2
ENSG00000138646	88457119	88506163	4
ENSG00000187889	56718789	56819696	1
ENSG00000135678	68842197	68971570	12
ENSG00000243955	52791371	52803860	6
ENSG00000263620	8150816	8162975	17
ENSG00000134375	201955503	201970664	1
ENSG00000220205	8159149	8163546	17
ENSG00000102038	129446501	129523500	X
ENSG00000097046	91500851	91525764	1
ENSG00000164172	53095679	53110063	5
ENSG00000005471	87401696	87480435	7
ENSG00000182793	52831655	52840843	6
ENSG00000179029	8172457	8176399	17
ENSG00000136758	27110111	27155266	10
ENSG00000096264	41335608	41350889	6
ENSG00000149575	118162806	118176639	11
ENSG00000145337	88520998	88523776	4
ENSG00000286235	5950949	6039856	20
ENSG00000104883	7476875	7497449	19
ENSG00000255072	88520998	88523776	4
ENSG00000088766	6006093	6040053	20
ENSG00000196544	8188345	8190180	17
ENSG00000187054	67909395	67964140	4
ENSG00000146039	25754699	25781199	6
ENSG00000255425	124211707	124215828	11
ENSG00000109854	20363685	20383782	11
ENSG00000178999	8204733	8210600	17
ENSG00000232113	173635338	173637130	1
ENSG00000198723	7492976	7508450	19
ENSG00000124568	25782915	25832052	6
ENSG00000164754	116845934	116874776	8
ENSG00000164125	158124474	158173318	4
ENSG00000157020	10293131	10321112	3
ENSG00000110887	108858932	108901043	12
ENSG00000125872	6040546	6054060	20
ENSG00000196862	107826892	107892544	2
ENSG00000203737	174447964	174449545	1
ENSG00000140675	31483002	31490860	16
ENSG00000185420	245749342	246507312	1
ENSG00000267952	7507052	7519622	19
ENSG00000198816	7515292	7521025	19
ENSG00000088812	3471018	3651118	20
ENSG00000090674	7522624	7534009	19
ENSG00000274443	73241331	73259530	8
ENSG00000181790	142449430	142545009	8
ENSG00000168004	63461404	63491194	11
ENSG00000137449	15002481	15070153	4
ENSG00000131435	132257696	132273454	5
ENSG00000124564	25833066	25882286	6
ENSG00000204128	231037523	231049719	2
ENSG00000135914	231108230	231125042	2
ENSG00000110075	68460731	68615334	11
ENSG00000122126	129539849	129592561	X
ENSG00000268614	7533595	7540059	19
ENSG00000140688	31489471	31509309	16
ENSG00000156966	231395710	231401164	2
ENSG00000032444	7534004	7561764	19
ENSG00000171596	231523187	231530445	2
ENSG00000076321	173714941	173786692	1
ENSG00000159495	43276271	43302255	15
ENSG00000142327	240565804	240581372	2
ENSG00000085563	87503017	87713323	7
ENSG00000197208	132294394	132344190	5
ENSG00000173093	110846769	110907535	12
ENSG00000178209	143915153	143976734	8
ENSG00000168806	43323649	43330582	15
ENSG00000125861	3659248	3663399	20
ENSG00000166947	43197227	43221018	15
ENSG00000178921	8247618	8270491	17
ENSG00000013563	154401236	154412112	X
ENSG00000135778	232950605	232983882	1
ENSG00000112343	25962802	25991231	6
ENSG00000082213	31532287	31555053	5
ENSG00000088826	4120980	4187747	20
ENSG00000107742	72059034	72089032	10
ENSG00000124610	26017032	26017787	6
ENSG00000275714	26020451	26020958	6
ENSG00000278637	26021649	26022050	6
ENSG00000286522	26031589	26032099	6
ENSG00000278463	26033092	26033618	6
ENSG00000276410	26043227	26043713	6
ENSG00000287080	26045384	26045869	6
ENSG00000187837	26055740	26056470	6
ENSG00000187475	26107412	26108135	6
ENSG00000168298	26156329	26157115	6
ENSG00000274290	26172059	26184655	6
ENSG00000277157	26188710	26189112	6
ENSG00000204516	31494881	31511124	6
ENSG00000117280	205767986	205775482	1
ENSG00000169877	31527900	31528803	16
ENSG00000142330	240586734	240617705	2
ENSG00000257046	20815674	21090245	12
ENSG00000108055	110567684	110606048	10
ENSG00000072682	132190147	132295315	5
ENSG00000178537	48856926	48898904	3
ENSG00000103502	29858357	29863414	16
ENSG00000204511	31528962	31530232	6
ENSG00000198563	31530219	31542448	6
ENSG00000101311	6074845	6123214	20
ENSG00000125434	8287763	8295400	17
ENSG00000186417	51341655	51408005	15
ENSG00000125962	102599168	102604159	X
ENSG00000136636	215567304	215621807	1
ENSG00000152785	81030708	81057627	4
ENSG00000178467	48989889	49007153	3
ENSG00000205097	190024367	190027257	4
ENSG00000089682	107061885	107118823	X
ENSG00000234828	149351709	149896233	4
ENSG00000108961	8288654	8290092	17
ENSG00000151136	107318421	107659642	12
ENSG00000109686	151102751	151325605	4
ENSG00000160219	154675249	154751583	X
ENSG00000138347	68087897	68212017	10
ENSG00000198844	8310241	8322514	17
ENSG00000089091	18383367	18467281	20
ENSG00000163874	37474580	37484377	1
ENSG00000104093	51447711	51622833	15
ENSG00000178149	49015488	49022293	3
ENSG00000285777	173596060	173669837	1
ENSG00000196262	44796680	44824564	7
ENSG00000184650	8339840	8346048	17
ENSG00000054392	210328252	210676296	1
ENSG00000122367	86666785	86736072	10
ENSG00000203870	154823348	154834662	X
ENSG00000102362	100671783	100732123	X
ENSG00000263809	8368638	8383187	17
ENSG00000174939	29900375	29919864	16
ENSG00000161970	8377516	8383213	17
ENSG00000250423	119078635	119150579	X
ENSG00000091010	146338839	146341728	5
ENSG00000185176	240676418	240682906	2
ENSG00000204382	52512077	52520803	X
ENSG00000113360	31400494	31532196	5
ENSG00000151640	132186948	132205759	10
ENSG00000105968	44826791	44848087	7
ENSG00000172482	240868824	240880502	2
ENSG00000224440	146814106	146814744	X
ENSG00000149925	30064164	30070457	16
ENSG00000089472	66162671	66268867	X
ENSG00000122223	160830160	160862887	1
ENSG00000161973	8729935	8745219	17
ENSG00000139370	128793194	128823958	12
ENSG00000254870	31530219	31546608	6
ENSG00000185156	8797110	8799365	17
ENSG00000276231	8802722	8867677	17
ENSG00000178057	49020459	49023495	3
ENSG00000172478	240886048	240896889	2
ENSG00000226979	31572054	31574324	6
ENSG00000101898	31547379	31548081	20
ENSG00000146676	44876299	44885530	7
ENSG00000101126	50888916	50931437	20
ENSG00000188385	132036336	132184858	10
ENSG00000136279	44044640	44069456	7
ENSG00000104938	7763210	7769605	19
ENSG00000227507	31580525	31582522	6
ENSG00000111245	110910819	110921443	12
ENSG00000065320	9021510	9244000	17
ENSG00000109180	48805212	48861817	4
ENSG00000163661	157436850	157443633	3
ENSG00000135925	218880852	218899581	2
ENSG00000165702	132944000	132991687	9
ENSG00000204482	31586124	31588909	6
ENSG00000188817	63652675	63679020	3
ENSG00000170310	9250471	9576591	17
ENSG00000171450	218959666	218962155	2
ENSG00000163634	63833870	63863868	3
ENSG00000175121	45109452	45115174	20
ENSG00000188739	235131183	235161283	1
ENSG00000163497	218981087	218985184	2
ENSG00000088881	2692780	2760108	20
ENSG00000011304	797075	812327	19
ENSG00000163499	218990189	218993422	2
ENSG00000166596	9576627	9643447	17
ENSG00000135750	233614106	233672514	1
ENSG00000181847	114276913	114310288	3
ENSG00000089169	112570380	112898881	12
ENSG00000170122	116231	118417	9
ENSG00000181378	219002846	219041527	2
ENSG00000148356	127451489	127503499	9
ENSG00000203730	182398117	182400667	1
ENSG00000131044	31870634	31945000	20
ENSG00000143341	185734391	186190949	1
ENSG00000156475	146580742	147084784	5
ENSG00000204475	31588895	31593006	6
ENSG00000154914	9644698	9729687	17
ENSG00000240045	155290227	155293683	3
ENSG00000196132	64102394	64242253	20
ENSG00000076242	36993350	37050846	3
ENSG00000180425	114391443	114400511	11
ENSG00000076053	114400030	114414203	11
ENSG00000204472	31615217	31617021	6
ENSG00000104112	51681492	51721026	15
ENSG00000188234	45825594	45853875	10
ENSG00000125522	64103802	64107565	20
ENSG00000203880	64255695	64304820	20
ENSG00000065325	9822206	9892099	17
ENSG00000163501	219054424	219060921	2
ENSG00000107862	102245371	102382899	10
ENSG00000074071	1771890	1773150	16
ENSG00000204444	31652416	31658210	6
ENSG00000213901	219161465	219170095	2
ENSG00000140280	51723011	51751585	15
ENSG00000133794	13276652	13387266	11
ENSG00000095906	1782932	1789186	16
ENSG00000116703	186443566	186461114	1
ENSG00000204439	31658298	31660778	6
ENSG00000132671	23035312	23039237	20
ENSG00000178726	23045633	23049672	20
ENSG00000204438	31661228	31666283	6
ENSG00000125810	23079360	23086324	20
ENSG00000198838	33310962	33866121	15
ENSG00000109047	9896320	9905271	17
ENSG00000171700	64073181	64079988	20
ENSG00000006788	10300865	10373130	17
ENSG00000115649	219171897	219178106	2
ENSG00000285868	157341596	157460100	5
ENSG00000172568	157341598	157345677	5
ENSG00000171695	64083376	64084398	20
ENSG00000172548	157460213	157474722	5
ENSG00000171489	48004336	48009733	X
ENSG00000166432	101882288	101932031	X
ENSG00000164708	44062727	44065567	7
ENSG00000263020	31666102	31673546	6
ENSG00000122678	44072062	44082530	7
ENSG00000113161	75336329	75364001	5
ENSG00000204427	31686955	31703356	6
ENSG00000133020	10390322	10421950	17
ENSG00000273696	135829229	135837280	X
ENSG00000196976	154477775	154479281	X
ENSG00000099769	1790413	1794971	16
ENSG00000165675	130622325	130903234	X
ENSG00000144567	219176225	219185475	2
ENSG00000089041	121132819	121188032	12
ENSG00000063854	1795620	1827157	16
ENSG00000162545	20482391	20486210	1
ENSG00000090432	20499448	20508151	1
ENSG00000183114	20552573	20555020	1
ENSG00000158825	20589086	20618903	1
ENSG00000158828	20633458	20651511	1
ENSG00000264424	10443290	10469559	17
ENSG00000158552	219195237	219209651	2
ENSG00000134371	193121983	193254815	1
ENSG00000147059	57134530	57137523	X
ENSG00000158352	50586796	50814302	X
ENSG00000109061	10492307	10518542	17
ENSG00000142541	49487510	49493057	19
ENSG00000106636	44200959	44214294	7
ENSG00000162630	193178730	193186613	1
ENSG00000182518	55143102	55161310	X
ENSG00000066557	70144805	70205579	1
ENSG00000118454	70258999	70354734	1
ENSG00000184368	20006713	20116907	X
ENSG00000162040	1911475	1918415	16
ENSG00000103043	70687439	70801160	16
ENSG00000125414	10521148	10549700	17
ENSG00000204424	31706866	31710679	6
ENSG00000116761	70411218	70439851	1
ENSG00000250641	31706904	31717918	6
ENSG00000249709	12525373	12551542	19
ENSG00000204421	31718648	31721746	6
ENSG00000127951	77193369	77199848	7
ENSG00000182985	115169218	115504957	11
ENSG00000269693	12525720	12580975	19
ENSG00000204410	31739677	31762676	6
ENSG00000146535	2728105	2844308	7
ENSG00000188033	12576100	12640098	19
ENSG00000115657	219209772	219218994	2
ENSG00000173875	12610918	12633840	19
ENSG00000007968	23506438	23531233	1
ENSG00000050767	178237476	178590393	5
ENSG00000086730	74199652	74229834	7
ENSG00000117318	23557926	23559501	1
ENSG00000138758	76949751	77040384	4
ENSG00000269242	12643831	12648397	19
ENSG00000142676	23691742	23696835	1
ENSG00000153060	10627501	10694930	16
ENSG00000104774	12646511	12666742	19
ENSG00000173674	20124525	20141838	X
ENSG00000103274	10743786	10769351	16
ENSG00000176783	179550554	179610012	5
ENSG00000165280	35053928	35072668	9
ENSG00000057757	23778418	23788232	1
ENSG00000011009	23791145	23795539	1
ENSG00000177189	20149911	20267519	X
ENSG00000284820	219209772	219222738	2
ENSG00000175567	73974672	73982843	11
ENSG00000151952	129071725	129904025	12
ENSG00000138738	120684919	120922870	4
ENSG00000198925	219219380	219229717	2
ENSG00000198270	111931282	112013185	12
ENSG00000109063	10628526	10657309	17
ENSG00000166676	10760919	10818794	16
ENSG00000117308	23795599	23800781	1
ENSG00000269590	12664828	12669397	19
ENSG00000123154	12666802	12675832	19
ENSG00000131626	70270690	70385312	11
ENSG00000182108	10928891	10942468	16
ENSG00000168434	23388493	23453189	16
ENSG00000133028	10672474	10698375	17
ENSG00000189184	137518918	137532494	4
ENSG00000204659	179678560	179681034	5
ENSG00000127022	179678628	179731641	5
ENSG00000170222	10697594	10711558	17
ENSG00000049541	74231499	74254458	7
ENSG00000187824	10699015	10730023	17
ENSG00000285589	12668071	12681834	19
ENSG00000150627	176065841	176182818	4
ENSG00000176422	56468578	56479708	12
ENSG00000105583	12668073	12669415	19
ENSG00000151948	128853427	128984968	12
ENSG00000255152	31740020	31764851	6
ENSG00000283980	12687998	12688422	19
ENSG00000103365	23463542	23521995	16
ENSG00000132004	12688053	12696631	19
ENSG00000132703	159587826	159588865	1
ENSG00000132693	159712289	159714589	1
ENSG00000233670	10822470	10838087	17
ENSG00000123144	12730640	12734684	19
ENSG00000158716	159780932	159782543	1
ENSG00000188803	11241213	11564063	17
ENSG00000092345	16586792	16670306	3
ENSG00000173681	19912860	19991061	X
ENSG00000198356	12737139	12748323	19
ENSG00000181036	159800511	159816257	1
ENSG00000039987	12751702	12758458	19
ENSG00000007174	11598470	11969748	17
ENSG00000179520	100357074	100422055	12
ENSG00000134588	133023168	133097109	X
ENSG00000151090	24117153	24495756	3
ENSG00000130119	54530183	54621521	X
ENSG00000171223	12791486	12793315	19
ENSG00000167815	12796820	12801800	19
ENSG00000204396	31765590	31777328	6
ENSG00000158714	159826811	159837492	1
ENSG00000185482	57243453	57251188	12
ENSG00000103356	23520754	23557731	16
ENSG00000243284	159854316	159862657	1
ENSG00000163516	219229783	219236679	2
ENSG00000104889	12806584	12813640	19
ENSG00000138757	75641849	75724589	4
ENSG00000213722	31727038	31730617	6
ENSG00000213085	159872364	159900165	1
ENSG00000183798	41359962	41366818	20
ENSG00000106665	74289407	74405935	7
ENSG00000168263	2717510	2730037	9
ENSG00000095066	12763003	12872740	19
ENSG00000147852	2621182	2660056	9
ENSG00000125772	5544439	5611006	20
ENSG00000089234	111642146	111685956	12
ENSG00000103353	23557721	23574389	16
ENSG00000162723	159951492	159954237	1
ENSG00000109927	121101243	121191490	11
ENSG00000256029	159834474	159873053	1
ENSG00000122641	41667168	41705834	7
ENSG00000004779	23581014	23596316	16
ENSG00000168803	43330672	43354569	15
ENSG00000024048	42564029	42693505	6
ENSG00000203896	63736283	63739103	20
ENSG00000074181	15159038	15200995	19
ENSG00000111666	101696947	101744140	12
ENSG00000120451	130866250	130916479	11
ENSG00000166847	23641466	23677472	16
ENSG00000148341	129007036	129028331	9
ENSG00000197361	63597353	63602428	15
ENSG00000112619	42696598	42722597	6
ENSG00000163521	219236598	219245478	2
ENSG00000163399	116372668	116410261	1
ENSG00000124659	42744498	42746103	6
ENSG00000183260	63861498	63862988	20
ENSG00000101150	63865228	63891545	20
ENSG00000033800	68054309	68198603	15
ENSG00000112357	136822564	136913934	6
ENSG00000171004	132626015	132961395	X
ENSG00000106123	142855061	142871094	7
ENSG00000168939	155612572	155782459	X
ENSG00000249467	36719829	36720573	X
ENSG00000203952	134237047	134246842	X
ENSG00000105131	15226919	15233435	19
ENSG00000166851	23677656	23690367	16
ENSG00000184210	70177483	70205704	X
ENSG00000204195	70234655	70240659	X
ENSG00000182747	136922301	136925660	6
ENSG00000186912	70258166	70260204	X
ENSG00000242574	32934629	32941028	6
ENSG00000120500	70268305	70281840	X
ENSG00000160410	40576853	40591399	19
ENSG00000135111	114670255	114684175	12
ENSG00000064313	119730774	119832863	8
ENSG00000054965	73400487	73598189	11
ENSG00000248993	32937364	32953122	6
ENSG00000204257	32948613	32969094	6
ENSG00000183876	150296343	150339307	5
ENSG00000070814	150357629	150400308	5
ENSG00000147127	70282093	70285002	X
ENSG00000172020	115623510	115721490	3
ENSG00000177888	197153682	197201293	1
ENSG00000154957	11977439	11997475	17
ENSG00000138795	108047545	108168956	4
ENSG00000166111	108907741	109021068	12
ENSG00000174748	23916591	23924374	3
ENSG00000138617	65234460	65300618	15
ENSG00000206053	1678256	1702280	16
ENSG00000090889	70290104	70420886	X
ENSG00000165125	142871208	142885745	7
ENSG00000175544	67452406	67461752	11
ENSG00000243364	155063737	155069553	1
ENSG00000180992	44113451	44127452	6
ENSG00000115661	219245455	219250337	2
ENSG00000137216	44126914	44155519	6
ENSG00000065559	12020829	12143830	17
ENSG00000140543	88494440	88546681	15
ENSG00000251246	155063748	155086807	1
ENSG00000149294	112961247	113278436	11
ENSG00000143590	155078837	155087538	1
ENSG00000227059	133218312	133235877	12
ENSG00000167130	129081111	129090438	9
ENSG00000128739	24823637	24978723	15
ENSG00000169242	155127876	155134899	1
ENSG00000176834	118063593	118136026	12
ENSG00000169241	155135344	155138857	1
ENSG00000101152	63895126	63936031	20
ENSG00000127412	142908101	142933746	7
ENSG00000169714	129167827	129183922	3
ENSG00000006744	12991612	13018065	17
ENSG00000160447	128702503	128720916	9
ENSG00000139351	101728648	101739472	12
ENSG00000130055	70423031	70433390	X
ENSG00000243910	219253243	219272197	2
ENSG00000137225	44158811	44184401	6
ENSG00000198276	63939829	63956416	20
ENSG00000054356	219289623	219309648	2
ENSG00000162063	2429394	2458854	16
ENSG00000138696	94757955	95158448	4
ENSG00000197993	142941114	142962363	7
ENSG00000151632	4987775	5018031	10
ENSG00000196700	63956704	63969930	20
ENSG00000090006	40592883	40629818	19
ENSG00000130590	63974116	63980008	20
ENSG00000171453	43509702	43562419	6
ENSG00000160446	128720870	128724127	9
ENSG00000154767	14145147	14178621	3
ENSG00000089177	16272104	16573448	20
ENSG00000086159	49967194	49977139	12
ENSG00000120509	70281118	70290514	X
ENSG00000095564	91923770	92031437	10
ENSG00000162062	2460086	2464963	16
ENSG00000258830	57249609	57296484	12
ENSG00000160445	128729786	128772414	9
ENSG00000257767	111753890	111791418	12
ENSG00000111696	103770453	103841234	12
ENSG00000159763	143132077	143139739	7
ENSG00000163463	155169408	155173475	1
ENSG00000010671	101349338	101390796	X
ENSG00000165131	142939343	142940868	7
ENSG00000107021	128787253	128810430	9
ENSG00000164675	123452193	123535077	7
ENSG00000273088	155169409	155187272	1
ENSG00000073792	185643130	185825042	3
ENSG00000104343	73780097	73878910	8
ENSG00000169231	155195588	155209051	1
ENSG00000111790	26938470	26966650	12
ENSG00000101251	13849247	13996443	20
ENSG00000107954	103493705	103592546	10
ENSG00000148429	11460510	11611666	10
ENSG00000157869	13361354	13484365	4
ENSG00000167136	128818500	128822676	9
ENSG00000173208	39550033	39619803	12
ENSG00000198917	128819651	128829794	9
ENSG00000128609	123536997	123557904	7
ENSG00000173511	64234584	64239264	11
ENSG00000172264	13995369	16053197	20
ENSG00000127337	69359710	69390870	12
ENSG00000162068	2471297	2474145	16
ENSG00000197321	29457338	29736959	10
ENSG00000137207	43511832	43516985	6
ENSG00000260272	2496032	2520218	16
ENSG00000185883	2513952	2520218	16
ENSG00000071203	60492778	60507430	11
ENSG00000242028	43796142	43804427	15
ENSG00000100453	24630954	24634267	14
ENSG00000259784	2513965	2527955	16
ENSG00000204979	60515392	60542721	11
ENSG00000205923	2530035	2531417	16
ENSG00000157450	58865175	59097419	15
ENSG00000140992	2537979	2603188	16
ENSG00000256394	155829729	155866277	4
ENSG00000125848	14322985	14337614	20
ENSG00000154582	73939169	73972307	8
ENSG00000151790	155854738	155920406	4
ENSG00000174255	114234631	114237578	3
ENSG00000286112	128819663	128881931	9
ENSG00000144908	126103562	126197994	3
ENSG00000101353	37101226	37179588	20
ENSG00000171097	128832942	128882494	9
ENSG00000288000	43458054	43541881	20
ENSG00000110079	60185657	60318080	11
ENSG00000185513	43489442	43550954	20
ENSG00000054654	63761899	64226433	14
ENSG00000164587	150442635	150449739	5
ENSG00000182698	219327407	219333177	2
ENSG00000105245	40665905	40690972	19
ENSG00000170807	123655866	123664290	7
ENSG00000177628	155234452	155244699	1
ENSG00000256043	155921580	155953912	4
ENSG00000106299	123681943	123749003	7
ENSG00000119147	106063246	106078155	2
ENSG00000175606	73972437	73982783	8
ENSG00000153976	13494032	13601929	17
ENSG00000124571	43522334	43576038	6
ENSG00000006831	1688574	1788674	12
ENSG00000006695	14069490	14231736	17
ENSG00000079215	36596588	36688334	5
ENSG00000115652	106093308	106194301	2
ENSG00000106302	123828983	123877481	7
ENSG00000154589	73991392	74029079	8
ENSG00000106333	100602363	100608175	7
ENSG00000166670	102770502	102780628	11
ENSG00000151062	1791963	1918666	12
ENSG00000170522	110045846	110199199	4
ENSG00000137821	70853239	71053658	15
ENSG00000106330	100612102	100615384	7
ENSG00000178125	66964099	67056604	8
ENSG00000223510	14235673	14236862	17
ENSG00000125430	14301081	14349404	17
ENSG00000172977	65711996	65719604	11
ENSG00000136802	128882133	128918039	9
ENSG00000123815	40691514	40725784	19
ENSG00000183808	93728155	93741017	8
ENSG00000175287	128920966	128942041	9
ENSG00000161542	76309478	76384521	17
ENSG00000147789	144827518	144847509	8
ENSG00000170734	43576185	43620523	6
ENSG00000106327	100620416	100642779	7
ENSG00000138660	112231740	112273110	4
ENSG00000116521	155255979	155262430	1
ENSG00000118705	37178410	37241619	20
ENSG00000162065	2475051	2509560	16
ENSG00000172432	43605316	43629264	6
ENSG00000152076	130139287	130145134	2
ENSG00000130313	17511636	17521288	19
ENSG00000102245	136648158	136660390	X
ENSG00000109736	2930561	2934834	4
ENSG00000176170	76376584	76387860	17
ENSG00000176444	155262868	155278491	1
ENSG00000124688	43629540	43640941	6
ENSG00000172426	43645036	43672600	6
ENSG00000129675	136665547	136780932	X
ENSG00000142444	10928811	10933535	19
ENSG00000104964	3052910	3063107	19
ENSG00000096088	41736711	41754109	6
ENSG00000077080	100643097	100656448	7
ENSG00000156026	72692143	72887694	10
ENSG00000175193	183829271	183884933	3
ENSG00000166783	15594387	15643154	16
ENSG00000152082	130181737	130190729	2
ENSG00000172733	30995802	31033715	8
ENSG00000137218	41770176	41786542	6
ENSG00000172354	100673567	100679174	7
ENSG00000196711	52534037	52565430	8
ENSG00000175931	76389456	76453152	17
ENSG00000124593	41780349	41790141	6
ENSG00000143630	155277463	155289848	1
ENSG00000094880	138187650	138213343	5
ENSG00000152086	130191745	130198439	2
ENSG00000072315	111768011	112082776	X
ENSG00000147443	21908873	21913690	8
ENSG00000278224	41780782	41787452	6
ENSG00000251184	128941478	128957021	9
ENSG00000175283	128945530	128947603	9
ENSG00000095319	128947699	129007096	9
ENSG00000188542	240560054	240565256	2
ENSG00000087269	2937933	2963406	4
ENSG00000187823	112083016	112457514	X
ENSG00000143627	155289293	155301438	1
ENSG00000156508	73489308	73525587	6
ENSG00000282815	125319871	125325216	X
ENSG00000228570	79826739	79850878	10
ENSG00000126768	48893447	48898143	X
ENSG00000162961	31867809	32039805	2
ENSG00000138193	93993931	94332823	10
ENSG00000161544	76527356	76551175	17
ENSG00000130227	21919662	22006585	8
ENSG00000172922	65714005	65720818	11
ENSG00000158402	138285269	138338355	5
ENSG00000214140	76527586	76553578	17
ENSG00000152683	32165841	32224379	2
ENSG00000163660	157146508	157160760	3
ENSG00000197721	207645113	207738416	1
ENSG00000126259	35855861	35867136	19
ENSG00000278522	21405401	21440499	15
ENSG00000254470	65773898	65780976	11
ENSG00000284526	76563710	76570544	17
ENSG00000070731	76565377	76586956	17
ENSG00000172818	65787063	65797214	11
ENSG00000174059	207880972	207911402	1
ENSG00000176896	13653112	13681964	X
ENSG00000172757	65823022	65862026	11
ENSG00000165168	37780018	37813461	X
ENSG00000125388	2963571	3040760	4
ENSG00000166819	89664367	89679427	15
ENSG00000070526	76624761	76643786	17
ENSG00000198223	1268800	1310381	X
ENSG00000095321	129094142	129111189	9
ENSG00000072864	15643267	15734691	16
ENSG00000142657	10398592	10420511	1
ENSG00000153832	229922302	230013119	2
ENSG00000166821	89677764	89690783	15
ENSG00000163053	230034982	230068993	2
ENSG00000172803	65833834	65856896	11
ENSG00000172336	100706121	100707486	7
ENSG00000119333	128633653	128656847	9
ENSG00000130427	100720468	100723700	7
ENSG00000251503	10430102	10452153	1
ENSG00000288625	81002142	81002279	15
ENSG00000130150	14873421	14922327	X
ENSG00000243789	41828092	41837581	15
ENSG00000135917	227683763	227718028	2
ENSG00000187764	89360787	89498130	9
ENSG00000120709	138331935	138349729	5
ENSG00000146839	100733595	100797797	7
ENSG00000175279	10430433	10442808	1
ENSG00000160049	10456522	10472529	1
ENSG00000267168	76732978	76738522	17
ENSG00000198739	66926036	67101551	10
ENSG00000161547	76734115	76737333	17
ENSG00000189376	123219967	123241377	8
ENSG00000289325	66926308	66926346	10
ENSG00000172732	65857126	65867653	11
ENSG00000165632	7818497	8016631	10
ENSG00000181544	14690388	14873255	X
ENSG00000168970	41828095	41848155	15
ENSG00000120733	138352685	138437028	5
ENSG00000144959	172630249	172711218	3
ENSG00000150593	110871795	110900006	10
ENSG00000115009	227805739	227817564	2
ENSG00000129667	76470891	76501790	17
ENSG00000122188	203765177	203776372	1
ENSG00000259305	123226189	123274284	8
ENSG00000105290	35867899	35879792	19
ENSG00000243543	45534196	45539482	20
ENSG00000165156	123248451	123275541	8
ENSG00000103260	715118	719655	16
ENSG00000170876	14125015	14143680	3
ENSG00000123977	227871054	227924344	2
ENSG00000288644	203802094	203802192	1
ENSG00000182004	203861599	203871152	1
ENSG00000103254	720581	722590	16
ENSG00000132639	10172395	10308258	20
ENSG00000147689	123178960	123210079	8
ENSG00000102053	65034788	65507887	X
ENSG00000130768	27935000	27959157	1
ENSG00000188981	3244369	3271738	4
ENSG00000243978	110358848	110456334	X
ENSG00000103245	729760	741329	16
ENSG00000137877	41848146	41894053	15
ENSG00000145287	83090048	83137075	4
ENSG00000074047	120735623	120992653	2
ENSG00000102317	48574449	48581162	X
ENSG00000180834	183815922	183825594	3
ENSG00000129422	17643795	17801094	8
ENSG00000145107	196319342	196338503	3
ENSG00000166159	1820267	1836753	12
ENSG00000101346	32207855	32238658	20
ENSG00000214413	110898730	110919201	10
ENSG00000120738	138465479	138469303	5
ENSG00000172543	65879809	65883741	11
ENSG00000197603	37106228	37249376	5
ENSG00000101940	48590042	48608869	X
ENSG00000158156	27959588	27968093	1
ENSG00000198585	131381671	131388830	3
ENSG00000173085	83261536	83284914	4
ENSG00000079263	230203110	230313215	2
ENSG00000151065	1946053	2004535	12
ENSG00000170191	25612935	25624014	20
ENSG00000181744	143971823	144048719	3
ENSG00000182118	231018958	231040254	1
ENSG00000144840	120684938	120742993	3
ENSG00000143633	231223763	231241187	1
ENSG00000130684	25673195	25696853	20
ENSG00000081386	96754553	96778129	9
ENSG00000148219	116423112	117415070	9
ENSG00000173083	83292461	83335153	4
ENSG00000104131	44537125	44563029	15
ENSG00000111752	8913896	8941467	12
ENSG00000102854	760734	768865	16
ENSG00000196411	100802565	100827523	7
ENSG00000198173	37008366	37011664	X
ENSG00000101856	119236245	119244466	X
ENSG00000163380	69106065	69123032	3
ENSG00000108061	110919367	111017307	10
ENSG00000126001	35455164	35519280	20
ENSG00000288208	45329262	45491155	1
ENSG00000126264	35902529	35904377	19
ENSG00000077713	119399336	119454478	X
ENSG00000132773	45340052	45343973	1
ENSG00000129657	77088749	77217101	17
ENSG00000134640	92969651	92985066	11
ENSG00000005022	119468422	119471396	X
ENSG00000163635	63863155	64003462	3
ENSG00000180773	93144174	93197991	11
ENSG00000077721	119474802	119591083	X
ENSG00000070759	45343883	45491163	1
ENSG00000011600	35904401	35908295	19
ENSG00000204394	31777518	31795752	6
ENSG00000185880	44728988	44767829	15
ENSG00000185662	171782432	171796126	5
ENSG00000072803	171861549	172006873	5
ENSG00000280670	45493866	45500079	1
ENSG00000132005	13961530	14007039	19
ENSG00000165323	92224818	92896473	11
ENSG00000146828	100826820	100867010	7
ENSG00000132763	45500300	45513382	1
ENSG00000113525	132541445	132556838	5
ENSG00000104529	143579697	143599541	8
ENSG00000169064	167239843	167407874	3
ENSG00000204392	31797396	31806966	6
ENSG00000169224	247507058	247577690	1
ENSG00000003056	8940361	8949761	12
ENSG00000055147	153990148	154038936	5
ENSG00000103855	73683966	73714514	15
ENSG00000150594	111077029	111080907	10
ENSG00000171136	14028148	14031551	19
ENSG00000104998	14031762	14053218	19
ENSG00000122877	62811996	62819167	10
ENSG00000204390	31809619	31815283	6
ENSG00000196611	102789401	102798160	11
ENSG00000162006	769428	783370	16
ENSG00000204389	31815543	31817946	6
ENSG00000204388	31827738	31830254	6
ENSG00000148835	103367966	103389065	10
ENSG00000197912	89490719	89557766	16
ENSG00000166348	73497538	73626117	10
ENSG00000187867	14053363	14062076	19
ENSG00000066382	30384493	30586872	11
ENSG00000139187	8950044	9010760	12
ENSG00000018610	119538149	119565409	X
ENSG00000188032	14081624	14085875	19
ENSG00000105011	14119512	14136613	19
ENSG00000196363	134135365	134159968	9
ENSG00000087077	100867387	100873454	7
ENSG00000284800	102360395	102471812	X
ENSG00000126838	9148840	9208395	12
ENSG00000101076	44355699	44432845	20
ENSG00000171053	125746279	125749867	11
ENSG00000163312	83407343	83455855	4
ENSG00000130283	18868545	18896158	19
ENSG00000128915	60419609	60479160	15
ENSG00000196844	125776113	125778828	11
ENSG00000204136	121444991	121499844	9
ENSG00000236027	125788127	125791600	11
ENSG00000131828	19343893	19361718	X
ENSG00000105669	18899514	18919387	19
ENSG00000232125	206651621	206721570	2
ENSG00000188959	110190048	110208159	9
ENSG00000237353	125833316	125840072	11
ENSG00000177489	247588360	247589313	1
ENSG00000184709	137168758	137170051	9
ENSG00000177476	247605586	247606515	1
ENSG00000095203	109171974	109321059	9
ENSG00000198331	125883614	125900646	11
ENSG00000204366	31899613	31902086	6
ENSG00000204435	31665227	31670343	6
ENSG00000133019	239386565	239915452	1
ENSG00000110060	125893485	125903221	11
ENSG00000163319	83455932	83469735	4
ENSG00000134324	11677595	11827409	2
ENSG00000087087	100875103	100888664	7
ENSG00000181458	100492619	100577444	3
ENSG00000109832	125903348	125943702	11
ENSG00000170324	48153088	48274696	10
ENSG00000180815	19360056	19515508	X
ENSG00000162636	108560089	108644900	1
ENSG00000075785	128693669	128825942	3
ENSG00000127083	92412380	92424471	9
ENSG00000037749	154038959	154220478	5
ENSG00000204001	136754386	136758543	9
ENSG00000163322	83459517	83523348	4
ENSG00000273514	41126435	41128681	9
ENSG00000151092	25718944	25790039	3
ENSG00000171459	122742303	122750783	9
ENSG00000089225	114353911	114408442	12
ENSG00000160360	136327476	136359605	9
ENSG00000130368	159890988	159917447	6
ENSG00000197081	159969082	160113507	6
ENSG00000125347	132440440	132508719	5
ENSG00000162639	108648290	108661526	1
ENSG00000269335	154541199	154565046	X
ENSG00000180336	44656404	44690308	17
ENSG00000140527	89690811	89743638	15
ENSG00000180329	44673069	44689779	17
ENSG00000109511	168092537	168187736	4
ENSG00000156414	103928456	104052667	14
ENSG00000175003	160121815	160158718	6
ENSG00000161692	44708608	44752264	17
ENSG00000064601	45890144	45898949	20
ENSG00000175189	57434784	57452062	12
ENSG00000111087	57459785	57472268	12
ENSG00000137628	168216291	168318883	4
ENSG00000130714	131502789	131523806	9
ENSG00000188095	89760591	89778754	15
ENSG00000166825	89784895	89815401	15
ENSG00000268193	18907013	18934397	19
ENSG00000134186	108692310	108702928	1
ENSG00000112561	41683978	41736259	6
ENSG00000105671	18919705	18929189	19
ENSG00000165526	126202096	126211692	11
ENSG00000073670	44758988	44781846	17
ENSG00000107643	48306639	48439360	10
ENSG00000099814	104865268	104896747	14
ENSG00000143107	108712908	108742749	1
ENSG00000166483	9573670	9593457	11
ENSG00000123329	57472264	57488814	12
ENSG00000128052	55078481	55125595	4
ENSG00000176087	140564446	140569100	5
ENSG00000160211	154517825	154547572	X
ENSG00000116266	108746674	108809523	1
ENSG00000231989	156850295	156852528	5
ENSG00000170624	155870344	156767788	5
ENSG00000162994	55172547	55232563	2
ENSG00000110108	60914158	60923443	11
ENSG00000187630	23969874	24006408	14
ENSG00000006118	60924460	60937159	11
ENSG00000151093	25782917	25794534	3
ENSG00000086189	62347284	62403943	5
ENSG00000182963	44798448	44830816	17
ENSG00000157823	89830599	89894638	15
ENSG00000085760	55236595	55269347	2
ENSG00000131097	44846353	44850476	17
ENSG00000163297	79901146	80125454	4
ENSG00000215717	109090764	109096934	1
ENSG00000013725	60971680	61020377	11
ENSG00000051128	18929201	18941261	19
ENSG00000214160	184242301	184249548	3
ENSG00000108883	44849948	44899445	17
ENSG00000132676	155687960	155739010	1
ENSG00000146830	100679507	100694250	7
ENSG00000250021	89834308	89912882	15
ENSG00000178397	6329411	6348981	7
ENSG00000284753	184249672	184258759	3
ENSG00000242498	89895006	89912952	15
ENSG00000284917	184249695	184293031	3
ENSG00000164535	6409126	6484190	7
ENSG00000112539	165279664	165309605	6
ENSG00000014641	63588609	63607197	2
ENSG00000105329	41301587	41353922	19
ENSG00000185024	105209286	105315589	14
ENSG00000182718	60347134	60402883	15
ENSG00000204386	31857659	31862905	6
ENSG00000128805	48446036	48656265	10
ENSG00000130175	11435284	11450968	19
ENSG00000166986	57475445	57517569	12
ENSG00000163888	184259213	184261553	3
ENSG00000175166	184299198	184309050	3
ENSG00000288646	53065602	53065673	6
ENSG00000110446	60937060	60952653	11
ENSG00000135316	85607779	85644063	6
ENSG00000144035	73640723	73642422	2
ENSG00000184349	107376894	107670937	5
ENSG00000136240	6445953	6484190	7
ENSG00000144034	73729104	73737400	2
ENSG00000164244	127517640	127555085	5
ENSG00000167131	44899142	44905390	17
ENSG00000132718	155859567	155885199	1
ENSG00000164889	151057210	151076526	7
ENSG00000101210	63488013	63499239	20
ENSG00000132680	155913045	155934413	1
ENSG00000165732	68956135	68985068	10
ENSG00000167311	3638512	3642316	11
ENSG00000165349	70925579	70931125	X
ENSG00000186185	44924709	44947773	17
ENSG00000129744	3645128	3664416	11
ENSG00000147168	71107404	71112108	X
ENSG00000075043	63400208	63472677	20
ENSG00000129749	3665587	3671384	11
ENSG00000165643	135693407	135704498	9
ENSG00000115234	27370496	27377535	2
ENSG00000204928	145858521	145937126	5
ENSG00000134058	69234795	69277430	5
ENSG00000148985	3797724	3826371	11
ENSG00000141933	507497	519654	19
ENSG00000107147	135702185	135795508	9
ENSG00000099804	531760	542092	19
ENSG00000131094	44959693	44968303	17
ENSG00000125351	119834022	119852998	X
ENSG00000173762	82314868	82317608	17
ENSG00000163479	156009048	156020951	1
ENSG00000197540	544034	549924	19
ENSG00000163394	26481396	26490484	4
ENSG00000141574	82321024	82334074	17
ENSG00000147065	65588377	65741931	X
ENSG00000176490	2714567	2721372	19
ENSG00000128039	55346213	55373100	4
ENSG00000145002	12424411	12436406	8
ENSG00000267001	2717769	2740048	19
ENSG00000288695	55346228	55388368	4
ENSG00000141873	2732204	2740028	19
ENSG00000153012	24998847	25030946	4
ENSG00000164920	98944403	98952104	8
ENSG00000114867	184314495	184335358	3
ENSG00000104969	2754715	2783362	19
ENSG00000163795	27377235	27380790	2
ENSG00000038210	25160663	25279204	4
ENSG00000115241	27381195	27409591	2
ENSG00000285133	57517712	57520480	12
ENSG00000101935	110194186	110440318	X
ENSG00000178773	89575758	89597246	16
ENSG00000166987	57520710	57530148	12
ENSG00000182459	82359247	82363775	17
ENSG00000158941	22604757	22620964	8
ENSG00000181396	82389210	82418637	17
ENSG00000087303	52004809	52069059	14
ENSG00000109618	25120014	25160550	4
ENSG00000183323	69280175	69332809	5
ENSG00000133136	110346103	110440372	X
ENSG00000130826	154762742	154777689	X
ENSG00000160803	156035299	156053798	1
ENSG00000115216	27427790	27442259	2
ENSG00000132698	156061160	156070504	1
ENSG00000085231	69350984	69370013	5
ENSG00000166908	57591174	57603418	12
ENSG00000260238	156212982	156243332	1
ENSG00000185324	89680737	89696354	16
ENSG00000204592	30489509	30494194	6
ENSG00000136367	23520857	23556192	14
ENSG00000048342	15469865	15601552	4
ENSG00000152942	69369293	69414801	5
ENSG00000152782	89582988	89645242	10
ENSG00000198681	153179284	153183880	X
ENSG00000125409	15303811	15341632	17
ENSG00000092051	23568038	23578790	14
ENSG00000278803	153266152	153279145	X
ENSG00000102225	47217860	47229997	X
ENSG00000242252	156242184	156243317	1
ENSG00000198952	156249224	156282825	1
ENSG00000204576	30557280	30563723	6
ENSG00000178498	57604622	57609804	12
ENSG00000015133	91271323	91417844	14
ENSG00000109099	15229773	15272292	17
ENSG00000152766	88819896	88851844	10
ENSG00000138134	88879734	88975153	10
ENSG00000204569	30600413	30618612	6
ENSG00000172009	2785503	2815807	19
ENSG00000240771	57610180	57617245	12
ENSG00000157992	27442366	27446481	2
ENSG00000163472	156282935	156293185	1
ENSG00000107796	88935074	88991339	10
ENSG00000128596	128790757	128822132	7
ENSG00000163468	156308968	156367873	1
ENSG00000100938	24232422	24239242	14
ENSG00000177105	3826978	3840959	11
ENSG00000204568	30617840	30626395	6
ENSG00000115226	27491883	27495200	2
ENSG00000015592	27235308	27258420	8
ENSG00000167325	4094707	4138932	11
ENSG00000287908	57615280	57626125	12
ENSG00000158792	89696357	89701705	16
ENSG00000135454	57623409	57633239	12
ENSG00000075399	89707134	89720898	16
ENSG00000137343	30626842	30646823	6
ENSG00000138002	27444377	27489805	2
ENSG00000172006	2819868	2836735	19
ENSG00000166619	37492472	37527931	20
ENSG00000186300	2841437	2860471	19
ENSG00000128524	128862856	128865847	7
ENSG00000131165	89640816	89657738	16
ENSG00000272899	128866330	128872047	7
ENSG00000053438	37521206	37523690	20
ENSG00000172000	2867335	2883445	19
ENSG00000158457	129144707	129169699	7
ENSG00000166321	73110375	73131828	10
ENSG00000101004	25451594	25585531	20
ENSG00000079999	10486125	10503558	19
ENSG00000128602	129188633	129213545	7
ENSG00000135452	57738013	57750219	12
ENSG00000102226	47232866	47248328	X
ENSG00000153132	140388453	140427661	4
ENSG00000187079	12674421	12944737	11
ENSG00000150281	30896614	30903547	16
ENSG00000125510	64080082	64100643	20
ENSG00000155714	21983865	22001116	16
ENSG00000088827	3686970	3712600	20
ENSG00000130734	10543895	10553418	19
ENSG00000147588	81440326	81447439	8
ENSG00000103194	84699986	84779922	16
ENSG00000106571	41960949	42264100	7
ENSG00000135446	57747727	57756013	12
ENSG00000205186	81458253	81461579	8
ENSG00000170323	81478419	81483236	8
ENSG00000132507	7306999	7312463	17
ENSG00000205301	140442262	140498377	4
ENSG00000071889	154506159	154516242	X
ENSG00000133731	81656914	81686331	8
ENSG00000122882	73130155	73169055	10
ENSG00000085733	70398404	70436584	11
ENSG00000132677	156369211	156385219	1
ENSG00000179387	140524168	140553770	4
ENSG00000064270	84368527	84464187	16
ENSG00000170419	54542325	54571080	7
ENSG00000129347	10553085	10566031	19
ENSG00000152939	69415065	69444330	5
ENSG00000109424	140559431	140568961	4
ENSG00000139266	57755103	57760411	12
ENSG00000204564	30647039	30653210	6
ENSG00000037897	57768471	57772119	12
ENSG00000121895	38966744	39032922	4
ENSG00000105926	24573268	24694193	7
ENSG00000138794	109688622	109703583	4
ENSG00000123427	57771492	57782541	12
ENSG00000254726	156072013	156082465	1
ENSG00000186377	47023669	47050751	1
ENSG00000257921	57772660	57797554	12
ENSG00000123297	57782761	57808071	12
ENSG00000204560	30653119	30673006	6
ENSG00000186160	47067231	47118318	1
ENSG00000183474	69560191	69595221	5
ENSG00000132522	7311324	7315564	17
ENSG00000123739	109709989	109730070	4
ENSG00000162366	47183582	47191044	1
ENSG00000138286	73168119	73244504	10
ENSG00000186790	47416285	47418052	1
ENSG00000285330	109713916	109801999	4
ENSG00000189030	156298624	156299307	1
ENSG00000162763	165544000	165563957	1
ENSG00000109534	109815510	109824740	4
ENSG00000143061	116574399	116667755	1
ENSG00000136267	14145049	14974777	7
ENSG00000129355	10566460	10569059	19
ENSG00000129354	10572671	10587315	19
ENSG00000166455	81053497	81077267	16
ENSG00000182103	82729940	82733864	11
ENSG00000180245	109827972	109849123	4
ENSG00000137509	82822936	82970584	11
ENSG00000010539	3222325	3236221	16
ENSG00000203879	154436913	154443467	X
ENSG00000165805	87980035	88034037	12
ENSG00000213551	73183362	73247255	10
ENSG00000204574	30571393	30597179	6
ENSG00000135821	182378098	182392206	1
ENSG00000183423	109848107	109872315	4
ENSG00000253598	81693631	81695058	8
ENSG00000138813	99511012	99542303	4
ENSG00000182180	73248843	73252693	10
ENSG00000104231	81701334	81732903	8
ENSG00000004866	116953238	117230176	7
ENSG00000133641	88033846	88050160	12
ENSG00000138279	73375101	73414076	10
ENSG00000129353	10602457	10644557	19
ENSG00000138823	99564081	99623997	4
ENSG00000170365	145481194	145559176	4
ENSG00000261915	7312661	7319174	17
ENSG00000007392	188969	229463	16
ENSG00000215041	7315628	7329393	17
ENSG00000102312	48508959	48520814	X
ENSG00000158113	122167738	122203471	12
ENSG00000237136	145680146	145771032	4
ENSG00000048740	10798397	11336675	10
ENSG00000151611	145599042	145660033	4
ENSG00000188747	137423350	137434406	9
ENSG00000277535	119072993	119076765	X
ENSG00000204671	122172029	122174221	12
ENSG00000183918	124227868	124373197	X
ENSG00000203740	170145959	170168866	1
ENSG00000176383	122203681	122208952	12
ENSG00000197822	69492292	69558104	5
ENSG00000162374	50024029	50203772	1
ENSG00000147246	114584078	114910061	X
ENSG00000256861	122207779	122266423	12
ENSG00000082269	70412941	70561174	6
ENSG00000139719	122229564	122266494	12
ENSG00000145242	65319563	65670495	4
ENSG00000102125	154411524	154421726	X
ENSG00000213339	10701430	10713437	19
ENSG00000113396	128538013	129033642	5
ENSG00000137073	33921693	34049388	9
ENSG00000155438	121726945	121736911	2
ENSG00000139880	23047062	23057538	14
ENSG00000137460	152936323	152979671	4
ENSG00000211460	121737103	121767853	2
ENSG00000129187	182890060	182917936	4
ENSG00000166130	98613405	98645113	12
ENSG00000066583	129094749	129114028	5
ENSG00000151332	36298564	36320637	14
ENSG00000099203	10832067	10836318	19
ENSG00000162086	3305406	3318852	16
ENSG00000120802	98515579	98550351	12
ENSG00000165490	82899975	82958277	11
ENSG00000173545	16451519	16465800	5
ENSG00000010438	33750679	33799231	9
ENSG00000164695	81732448	81759515	8
ENSG00000214212	10836575	10869790	19
ENSG00000168275	234373456	234385080	1
ENSG00000288622	271670	438291	5
ENSG00000169180	28097976	28211965	16
ENSG00000171617	74627406	74641424	5
ENSG00000147536	41529218	41545030	8
ENSG00000241563	10450031	10451998	1
ENSG00000121989	147844517	147930826	2
ENSG00000153207	246839098	246931948	1
ENSG00000130844	53519527	53580269	19
ENSG00000256235	150778757	150796734	5
ENSG00000148339	128068201	128109245	9
ENSG00000112893	109689927	109869625	5
ENSG00000066427	92044496	92106621	14
ENSG00000137473	146706617	146945882	4
ENSG00000137502	82973133	83071923	11
ENSG00000158669	41577187	41625001	8
ENSG00000072818	7336529	7351477	17
ENSG00000109475	108620569	108630412	4
ENSG00000139194	7115736	7128889	12
ENSG00000183137	109095110	109174418	6
ENSG00000113739	173314723	173328447	5
ENSG00000139182	7129698	7158945	12
ENSG00000138756	78776342	78916365	4
ENSG00000115947	147930396	148021604	2
ENSG00000174282	7459366	7484263	17
ENSG00000182613	181147586	181159285	5
ENSG00000177721	43039233	43043170	5
ENSG00000113108	140558268	140564781	5
ENSG00000147533	41488200	41511095	8
ENSG00000137094	34989641	34998900	9
ENSG00000153130	140257286	140385728	4
ENSG00000166484	19377721	19383544	17
ENSG00000188076	193078	194575	11
ENSG00000122386	3112560	3120517	16
ENSG00000142082	215030	236931	11
ENSG00000151247	98879276	98929133	4
ENSG00000156869	99703970	99766635	1
ENSG00000177239	137086857	137109189	9
ENSG00000166816	75111860	75116780	16
ENSG00000174885	278407	285388	11
ENSG00000033122	69567922	70151945	1
ENSG00000204406	148021011	148516971	2
ENSG00000258052	69801669	69855363	12
ENSG00000136371	79833585	79897379	15
ENSG00000166268	69825227	69959097	12
ENSG00000142102	289126	296107	11
ENSG00000059122	2911931	2951208	16
ENSG00000166482	19383442	19387190	17
ENSG00000259332	79845150	79923754	15
ENSG00000152583	87473335	87531061	4
ENSG00000086666	80059568	80138393	15
ENSG00000009694	124375903	125204312	X
ENSG00000136834	122476958	122477926	9
ENSG00000197233	122510802	122511743	9
ENSG00000239590	122519141	122520082	9
ENSG00000171505	122526358	122527296	9
ENSG00000171501	122553112	122555173	9
ENSG00000165202	122614738	122615682	9
ENSG00000135643	70366290	70434292	12
ENSG00000173679	122661566	122662648	9
ENSG00000156042	73253762	73358864	10
ENSG00000107249	3824127	4348392	9
ENSG00000166164	50313487	50368988	16
ENSG00000175899	9067664	9116229	12
ENSG00000206013	298200	299526	11
ENSG00000182272	369499	382117	11
ENSG00000143278	197038741	197067260	1
ENSG00000128482	19411125	19417276	17
ENSG00000116678	65420652	65641559	1
ENSG00000015568	109792758	109857705	2
ENSG00000184363	392614	404908	11
ENSG00000107669	121709393	121928801	10
ENSG00000128591	128830406	128859274	7
ENSG00000124786	8411435	8435561	6
ENSG00000147799	144529179	144685846	8
ENSG00000109771	185363872	185395924	4
ENSG00000175787	94259298	94301829	9
ENSG00000179148	8095900	8119047	17
ENSG00000185187	405716	417455	11
ENSG00000101916	12906620	12923169	X
ENSG00000157335	70173322	70187361	16
ENSG00000205542	12975110	12977227	X
ENSG00000165678	84139482	84154841	10
ENSG00000105723	42226225	42242625	19
ENSG00000158856	22048995	22082527	8
ENSG00000130957	94558720	94593824	9
ENSG00000188373	84173801	84185294	10
ENSG00000187268	13035617	13044682	X
ENSG00000047936	117287353	117425942	6
ENSG00000148600	84194537	84219621	10
ENSG00000165140	94603133	94640249	9
ENSG00000185527	81650459	81663112	17
ENSG00000205208	158666675	158672255	4
ENSG00000171503	158671968	158710742	4
ENSG00000204237	81665036	81666635	17
ENSG00000185298	81666737	81673904	17
ENSG00000169777	9627347	9712378	5
ENSG00000106780	120600811	120714470	9
ENSG00000175182	184335926	184348421	3
ENSG00000146094	177501904	177511274	5
ENSG00000262814	81703367	81707517	17
ENSG00000185101	417933	442011	11
ENSG00000284337	109898432	109968557	2
ENSG00000166148	63142759	63151201	12
ENSG00000119402	120751978	120793416	9
ENSG00000262660	81703371	81720539	17
ENSG00000110987	122019422	122062044	12
ENSG00000183048	81712236	81721016	17
ENSG00000214736	41787662	41789898	6
ENSG00000119392	128504655	128543874	9
ENSG00000144063	110083870	110116022	2
ENSG00000174099	65278643	65491430	12
ENSG00000197935	28994785	29005316	6
ENSG00000159352	151254709	151267479	1
ENSG00000204033	84220571	84225544	10
ENSG00000164597	107201372	107564261	7
ENSG00000268643	42234583	42255132	19
ENSG00000105732	42068477	42081552	19
ENSG00000186468	82273320	82278396	5
ENSG00000152894	127968785	128520616	6
ENSG00000148604	84230666	84259960	10
ENSG00000175591	73218281	73242427	11
ENSG00000160570	42198598	42220140	19
ENSG00000186765	81528377	81537130	17
ENSG00000101966	123859712	123913972	X
ENSG00000114859	184346185	184361650	3
ENSG00000171631	73264498	73305103	11
ENSG00000172795	112976702	113022195	5
ENSG00000144061	110122311	110205066	2
ENSG00000108469	75626845	75667189	17
ENSG00000288671	42215133	42232149	19
ENSG00000010310	45668221	45683722	19
ENSG00000158710	159918107	159925507	1
ENSG00000140379	79960892	79971196	15
ENSG00000147044	41514934	41923554	X
ENSG00000148602	84231520	84241546	10
ENSG00000167526	89560677	89564542	16
ENSG00000090487	64963022	64990310	15
ENSG00000162734	160205380	160215376	1
ENSG00000168916	124636913	124748807	5
ENSG00000197150	151028422	151047782	7
ENSG00000026025	17228241	17237593	10
ENSG00000288681	308408	315272	11
ENSG00000185885	310041	315272	11
ENSG00000110881	50057548	50083611	12
ENSG00000049239	9234774	9271337	1
ENSG00000166257	123629187	123655244	11
ENSG00000186564	47438044	47440691	1
ENSG00000244038	20651767	20661544	1
ENSG00000171497	158709127	158723396	4
ENSG00000140807	50548396	50649249	16
ENSG00000116690	186296279	186314567	1
ENSG00000113312	160009113	160065543	5
ENSG00000029559	87799554	87812435	4
ENSG00000118762	88007635	88077777	4
ENSG00000011478	45692403	45703989	19
ENSG00000166261	123723914	123741675	11
ENSG00000177051	45710629	45730896	19
ENSG00000288669	7728958	7745662	19
ENSG00000167680	4542593	4581776	19
ENSG00000205336	57610652	57665580	16
ENSG00000165006	34179005	34252523	9
ENSG00000187783	44911316	44937010	10
ENSG00000118777	88090150	88231628	4
ENSG00000103707	65001512	65029639	15
ENSG00000145808	129460281	129738683	5
ENSG00000172731	70298970	70382650	10
ENSG00000235162	105235290	105396097	12
ENSG00000259120	75646243	75647975	17
ENSG00000008226	38039205	38124025	3
ENSG00000161526	75667251	75708062	17
ENSG00000186198	65045387	65053397	15
ENSG00000223601	22208475	22218015	10
ENSG00000103710	65053337	65076690	15
ENSG00000145632	58453982	58460139	5
ENSG00000197961	9560329	9584504	19
ENSG00000148444	22316386	22320306	10
ENSG00000171204	85628573	85636539	11
ENSG00000284791	52079704	52108255	12
ENSG00000205810	10412315	10420595	12
ENSG00000197256	11164270	11197791	19
ENSG00000164978	34329506	34343711	9
ENSG00000196526	7758714	7939926	4
ENSG00000090470	65117379	65133808	15
ENSG00000090612	133181409	133214832	12
ENSG00000164976	34366666	34376898	9
ENSG00000154710	66682164	66811464	7
ENSG00000186638	34252380	34329268	9
ENSG00000126091	43705824	43931165	1
ENSG00000166855	65148219	65185342	15
ENSG00000173258	111525159	111577844	9
ENSG00000138772	78551747	78610451	4
ENSG00000188676	39934614	40016392	8
ENSG00000261221	55605647	55617269	19
ENSG00000185198	685546	695498	19
ENSG00000171202	85647967	85656547	11
ENSG00000176907	40153482	40155310	8
ENSG00000106853	111549722	111599893	9
ENSG00000223443	12136435	12138849	8
ENSG00000182310	51689128	51712387	19
ENSG00000286131	32647202	32647390	8
ENSG00000136573	11486894	11564599	8
ENSG00000179071	85683848	85686195	11
ENSG00000146833	99876958	99919531	7
ENSG00000142089	319676	329475	11
ENSG00000138615	65194760	65211473	15
ENSG00000012232	28600469	28756561	8
ENSG00000269897	22316388	22329542	10
ENSG00000167483	17523301	17553839	19
ENSG00000151364	78015715	78046191	11
ENSG00000172954	30447226	30644225	2
ENSG00000254585	23643549	23647867	15
ENSG00000145723	103086000	103120138	5
ENSG00000158525	130344816	130368730	7
ENSG00000182636	23685400	23687305	15
ENSG00000060971	38103129	38137242	3
ENSG00000259112	78016971	78079865	11
ENSG00000137819	69298912	69407780	15
ENSG00000151365	78063861	78068351	11
ENSG00000168283	22321099	22331484	10
ENSG00000151366	78068297	78079862	11
ENSG00000185372	181123122	181131169	5
ENSG00000127334	67648338	67665406	12
ENSG00000113163	75356345	75512138	5
ENSG00000132275	6595072	6603616	11
ENSG00000137818	69452814	69456205	15
ENSG00000136051	105107324	105169130	12
ENSG00000138759	78057323	78544269	4
ENSG00000163072	168786539	168865514	2
ENSG00000261587	144352219	144354954	8
ENSG00000166333	6603708	6610874	11
ENSG00000059769	111631334	111654351	9
ENSG00000244115	111631386	111670229	9
ENSG00000132475	75776434	75785893	17
ENSG00000242616	111661605	111670226	9
ENSG00000137807	69414246	69448427	15
ENSG00000169139	48008415	48064708	8
ENSG00000148154	111896814	111935369	9
ENSG00000266265	130730697	130734207	7
ENSG00000043591	114043866	114046904	10
ENSG00000243335	66628881	66649067	7
ENSG00000165813	114120862	114174232	10
ENSG00000165181	111686171	111795008	9
ENSG00000132478	75784806	75825799	17
ENSG00000168672	126552443	126558478	8
ENSG00000180535	98211439	98215457	7
ENSG00000198742	99027440	99144108	7
ENSG00000096006	49727376	49744437	6
ENSG00000165816	114239254	114294489	10
ENSG00000212993	127322183	127420066	8
ENSG00000132471	75845699	75856507	17
ENSG00000123908	140520156	140635633	8
ENSG00000204176	46578217	46594173	10
ENSG00000186272	57411161	57421934	19
ENSG00000120254	150865679	151101887	6
ENSG00000152591	87608529	87616873	4
ENSG00000196589	7018969	7021432	19
ENSG00000107130	130172404	130237303	9
ENSG00000126262	35443907	35451767	19
ENSG00000155016	107931549	107953461	4
ENSG00000196684	16134028	16158575	19
ENSG00000139620	48653211	48682238	12
ENSG00000130707	130444961	130501274	9
ENSG00000138821	102251080	102431258	4
ENSG00000146574	6794134	6826770	7
ENSG00000204175	46541736	46556658	10
ENSG00000114354	100709295	100748964	3
ENSG00000107679	122374696	122432354	10
ENSG00000196151	159235798	159286703	2
ENSG00000158042	6680385	6683340	11
ENSG00000283632	45212370	45245407	19
ENSG00000107957	103594027	103855584	10
ENSG00000186523	12182096	12194133	8
ENSG00000166341	6621330	6655809	11
ENSG00000126457	49675786	49689029	19
ENSG00000096080	43671202	43687791	6
ENSG00000111700	20810702	20916911	12
ENSG00000132481	75874164	75878581	17
ENSG00000128815	48684873	48982956	10
ENSG00000112146	53051991	53100873	6
ENSG00000148120	94726699	95087159	9
ENSG00000141569	75880335	75896951	17
ENSG00000159063	78095244	78139660	11
ENSG00000109323	102630770	102760994	4
ENSG00000136297	4905989	4959213	7
ENSG00000115504	62673851	63046487	2
ENSG00000204316	75898644	75905093	17
ENSG00000111271	111686053	111757107	12
ENSG00000213760	31544444	31548427	6
ENSG00000136237	22118236	22357154	7
ENSG00000137507	76657524	76670747	11
ENSG00000204420	31718594	31726714	6
ENSG00000267426	75898645	75930129	17
ENSG00000170777	6328375	6331891	9
ENSG00000055950	100969458	100987515	10
ENSG00000215343	12089338	12115516	8
ENSG00000136870	101398851	101410660	9
ENSG00000078579	16992181	17002345	8
ENSG00000261408	75979231	76005999	17
ENSG00000155970	17027238	17122642	8
ENSG00000182704	76782251	76798153	11
ENSG00000160408	127885321	127905408	9
ENSG00000257949	75979240	76000586	17
ENSG00000078124	76860859	77026797	11
ENSG00000167880	76004502	76027306	17
ENSG00000164932	103371538	103382989	8
ENSG00000087085	100889994	100896974	7
ENSG00000285982	103398658	103501895	8
ENSG00000164934	103414714	103443453	8
ENSG00000137203	10393186	10419659	6
ENSG00000028116	57907629	58159920	2
ENSG00000274349	66856426	66932141	9
ENSG00000079462	42297033	42303546	19
ENSG00000167881	76038775	76072517	17
ENSG00000135063	69324567	69392558	9
ENSG00000166006	75040077	75209839	12
ENSG00000257923	101815904	102283958	7
ENSG00000128833	52192322	52295804	15
ENSG00000161270	35825372	35869287	19
ENSG00000109332	102794383	102868896	4
ENSG00000198488	77034398	77041973	11
ENSG00000149260	77066961	77126155	11
ENSG00000169398	140657900	141002216	8
ENSG00000171133	111327229	111330224	9
ENSG00000198680	25676969	25678444	9
ENSG00000215126	41131306	41199261	9
ENSG00000107929	806933	931821	10
ENSG00000070444	2384073	2401104	17
ENSG00000133858	71609599	71667725	12
ENSG00000127804	2405562	2511891	17
ENSG00000189045	75611182	75681773	5
ENSG00000114742	39052013	39096671	3
ENSG00000112782	45880827	46080348	6
ENSG00000039139	13690328	14011818	5
ENSG00000165806	113679162	113730907	10
ENSG00000167635	36214602	36238771	19
ENSG00000007168	2593210	2685615	17
ENSG00000105287	46674275	46717127	19
ENSG00000139350	96907224	96953780	12
ENSG00000128989	52547045	52569883	15
ENSG00000241186	46574534	46582457	3
ENSG00000182885	57668277	57689378	16
ENSG00000283877	46581150	46617226	3
ENSG00000254550	77102840	77103331	11
ENSG00000178038	46668995	46693704	3
ENSG00000168014	74012718	74171210	11
ENSG00000137275	3063824	3115187	6
ENSG00000225921	13615335	13632739	6
ENSG00000198924	113834725	113854383	10
ENSG00000131871	101270817	101277500	15
ENSG00000159625	57694793	57731805	16
ENSG00000010017	13621498	13711835	6
ENSG00000049167	60866454	60945073	5
ENSG00000243244	48529383	48598513	2
ENSG00000148735	113751262	113783429	10
ENSG00000130340	157700387	157945077	6
ENSG00000136541	157318631	157327713	2
ENSG00000078269	157981863	158099176	6
ENSG00000234438	65076746	65079948	15
ENSG00000131873	101175727	101252048	15
ENSG00000172292	168456249	168775134	2
ENSG00000095627	114179270	114232666	10
ENSG00000184277	101621444	101652391	15
ENSG00000188269	14826241	14835185	19
ENSG00000130312	17292609	17306843	19
ENSG00000121058	56938199	56961050	17
ENSG00000104818	49031890	49033238	19
ENSG00000140854	57735739	57757244	16
ENSG00000121064	56978129	57006768	17
ENSG00000187753	86220265	86259657	9
ENSG00000142233	48661407	48673081	19
ENSG00000284922	72080331	72110782	11
ENSG00000184182	237966827	238042782	2
ENSG00000111077	53046969	53064379	12
ENSG00000107816	100996618	101007836	10
ENSG00000119138	70384604	70414657	9
ENSG00000080608	2720469	2844095	9
ENSG00000104814	38587641	38618882	19
ENSG00000181585	46694528	46710886	3
ENSG00000149231	96349241	96389956	11
ENSG00000206549	46712115	46812574	3
ENSG00000165568	4786629	4848062	10
ENSG00000283706	46712117	46717869	3
ENSG00000185418	101653596	101724473	15
ENSG00000160808	46835111	46882172	3
ENSG00000137033	6215786	6257983	9
ENSG00000112818	46793389	46839778	6
ENSG00000164326	71719275	71721048	5
ENSG00000083799	50742050	50801935	16
ENSG00000121057	57085092	57121346	17
ENSG00000136813	111360685	111484745	9
ENSG00000160801	46877721	46903799	3
ENSG00000133835	119452465	119637199	5
ENSG00000156711	36127809	36144524	6
ENSG00000183340	96389989	96507574	11
ENSG00000140479	101289784	101525202	15
ENSG00000187134	4963253	4983283	10
ENSG00000151715	129815848	129860003	11
ENSG00000170325	129899706	130002835	11
ENSG00000076770	132369320	132489968	X
ENSG00000105889	22419444	22727613	7
ENSG00000096070	36196744	36232790	6
ENSG00000153944	57255851	57684689	17
ENSG00000178982	38619082	38636955	19
ENSG00000105835	106248298	106285966	7
ENSG00000134461	5861616	5889906	10
ENSG00000134452	5890203	5937594	10
ENSG00000170185	143184917	143223874	4
ENSG00000181072	136868652	137020255	7
ENSG00000188566	137205685	137219361	9
ENSG00000160796	46979666	47009704	3
ENSG00000146858	139025706	139036042	7
ENSG00000189325	36315761	36336888	6
ENSG00000180891	57861243	57955412	17
ENSG00000105939	139043515	139132122	7
ENSG00000010030	36354091	36387800	6
ENSG00000182472	38730187	38769904	19
ENSG00000015285	48676596	48691431	X
ENSG00000145391	139495941	139606699	4
ENSG00000136451	57971547	57988259	17
ENSG00000266086	57989038	58007246	17
ENSG00000105948	139133744	139191986	7
ENSG00000136450	58000919	58007346	17
ENSG00000166971	53491040	53504411	16
ENSG00000085871	139665768	139740745	4
ENSG00000178934	38789200	38791754	19
ENSG00000173253	1049858	1057552	9
ENSG00000268940	135713639	135723539	X
ENSG00000171747	38801671	38812945	19
ENSG00000077380	171687409	171750158	2
ENSG00000264364	58083419	58095542	17
ENSG00000184985	7192538	7742836	4
ENSG00000121053	58192726	58205174	17
ENSG00000228836	135775852	135785503	X
ENSG00000167117	50761029	50767557	17
ENSG00000114739	38453890	38493142	3
ENSG00000130234	15494566	15607236	X
ENSG00000148343	129036621	129072082	9
ENSG00000118492	146598967	146815462	6
ENSG00000243678	51165435	51171744	17
ENSG00000164022	106315544	106349456	4
ENSG00000125746	45606994	45645602	19
ENSG00000002016	911736	990053	12
ENSG00000149418	130159782	130210362	11
ENSG00000068354	48539714	48562609	X
ENSG00000204991	89818179	89871319	16
ENSG00000121864	179323031	179338583	3
ENSG00000068323	49028726	49043410	X
ENSG00000134470	5943639	5978187	10
ENSG00000106686	4553386	4666674	9
ENSG00000002919	48103357	48123601	17
ENSG00000225973	55317184	55319161	15
ENSG00000094631	48801377	48824982	X
ENSG00000137200	37433219	37482827	6
ENSG00000172409	57648188	57661865	11
ENSG00000069943	55318960	55355648	15
ENSG00000205882	11993174	12000752	8
ENSG00000141002	89873570	89913627	16
ENSG00000166452	8911139	8920084	11
ENSG00000253250	90958471	90985238	8
ENSG00000155099	90993802	91040872	8
ENSG00000171109	179347709	179394936	3
ENSG00000198937	37482938	37499893	6
ENSG00000157426	56338287	56387508	4
ENSG00000157741	139230356	139308236	7
ENSG00000137876	55180806	55197049	15
ENSG00000112139	37630679	37699306	6
ENSG00000108352	40177010	40195656	17
ENSG00000155100	91070196	91087095	8
ENSG00000196305	92210207	92293854	9
ENSG00000128610	122301303	122310691	7
ENSG00000124523	13574227	13615158	6
ENSG00000214954	91101832	91219257	8
ENSG00000008311	122064583	122144308	7
ENSG00000147606	91209494	91398155	8
ENSG00000180316	36243203	36313955	6
ENSG00000176029	8920076	8933006	11
ENSG00000111684	6976185	7018477	12
ENSG00000187446	41230839	41281887	15
ENSG00000166579	8413131	8490411	17
ENSG00000175348	8947202	8965011	11
ENSG00000237541	32741391	32747198	6
ENSG00000011451	15419978	15449956	19
ENSG00000258839	89912119	89920973	16
ENSG00000198211	89919165	89936092	16
ENSG00000232629	32756098	32763532	6
ENSG00000154153	16473038	16617101	5
ENSG00000141013	90019629	90044975	16
ENSG00000114450	179396088	179451476	3
ENSG00000285920	41284007	41380996	15
ENSG00000241106	32812763	32820466	6
ENSG00000104147	41309273	41332591	15
ENSG00000129673	76453351	76470117	17
ENSG00000175356	9019476	9138114	11
ENSG00000137804	41320794	41381050	15
ENSG00000067064	1039152	1049119	10
ENSG00000159403	7080214	7092540	12
ENSG00000250264	32813767	32838822	6
ENSG00000198740	49289206	49362473	17
ENSG00000083312	72816312	72916733	5
ENSG00000240065	32844136	32859851	6
ENSG00000151033	30611779	30629762	10
ENSG00000167716	1716523	1738599	17
ENSG00000185988	1508023	1536046	19
ENSG00000128059	56393362	56435615	4
ENSG00000177853	96129715	96205288	10
ENSG00000003249	90004871	90019890	16
ENSG00000164430	73413515	73452297	6
ENSG00000095585	96189171	96271587	10
ENSG00000010704	26087281	26098343	6
ENSG00000081041	74097040	74099196	4
ENSG00000070915	56865207	56915850	16
ENSG00000160953	1354711	1378431	19
ENSG00000182585	74308470	74316789	4
ENSG00000136518	179562886	179588407	3
ENSG00000184014	9138825	9265959	11
ENSG00000136436	48831018	48866522	17
ENSG00000137806	41387218	41409403	15
ENSG00000139197	7188685	7218574	12
ENSG00000137825	41493393	41503551	15
ENSG00000138796	107989714	108035241	4
ENSG00000104738	47960185	47978160	8
ENSG00000115255	1491166	1497927	19
ENSG00000062524	41503637	41513887	15
ENSG00000128563	102363872	102426676	7
ENSG00000141867	15235519	15332545	19
ENSG00000189056	103471381	103989658	7
ENSG00000136522	179588285	179604649	3
ENSG00000051108	56932142	56944864	16
ENSG00000057935	42494569	42756947	2
ENSG00000103932	41517176	41544269	15
ENSG00000178772	194339768	194351328	3
ENSG00000172061	194355249	194369743	3
ENSG00000138755	76001275	76007509	4
ENSG00000041802	194640791	194672463	3
ENSG00000213523	140537340	140557677	5
ENSG00000169245	76021118	76023497	4
ENSG00000104915	13144058	13150383	19
ENSG00000135541	135283407	135498434	6
ENSG00000169248	76033682	76041415	4
ENSG00000136868	113221544	113264492	9
ENSG00000070495	76712832	76726799	17
ENSG00000043143	134524312	134583230	5
ENSG00000176386	113255835	113275572	9
ENSG00000136875	113275642	113294009	9
ENSG00000189157	76214040	76283783	4
ENSG00000092445	41557675	41583589	15
ENSG00000185112	194685883	194689037	3
ENSG00000134107	4979437	4985323	3
ENSG00000272414	76251721	76311129	4
ENSG00000173868	49223366	49230787	17
ENSG00000158571	54932961	54998534	X
ENSG00000118804	76306733	76311130	4
ENSG00000134108	5122249	5180911	3
ENSG00000151806	44678420	44700928	4
ENSG00000186075	39868202	39877896	17
ENSG00000120314	140664868	140674124	5
ENSG00000087237	56961923	56983845	16
ENSG00000160888	13150411	13154911	19
ENSG00000165188	113297093	113303376	9
ENSG00000158497	143812161	143820716	5
ENSG00000134109	5187646	5219958	3
ENSG00000174339	180739123	180740058	5
ENSG00000173250	146513144	146516190	5
ENSG00000148225	113313222	113340298	9
ENSG00000166471	9280654	9314636	11
ENSG00000113649	146447311	146511961	5
ENSG00000141837	13206442	13633025	19
ENSG00000163281	44682200	44726588	4
ENSG00000108587	30477362	30527592	17
ENSG00000169926	31326835	31435665	15
ENSG00000104312	89757806	89791064	8
ENSG00000164815	104126341	104208047	7
ENSG00000058335	78959906	79090780	15
ENSG00000165312	23439075	23442377	10
ENSG00000120549	23694746	24547848	10
ENSG00000119411	113349541	113371233	9
ENSG00000180801	113900284	113979727	4
ENSG00000180376	56557161	56621837	3
ENSG00000119431	113373419	113376986	9
ENSG00000148218	113386312	113401290	9
ENSG00000102409	103215108	103217246	X
ENSG00000125089	8182072	8241803	4
ENSG00000205339	9384652	9448127	11
ENSG00000047644	10015254	10144474	X
ENSG00000164823	89901849	89927888	8
ENSG00000128617	128772485	128775794	7
ENSG00000140848	57092583	57148369	16
ENSG00000138413	208236229	208266074	2
ENSG00000089737	94048287	94081202	14
ENSG00000104325	90001405	90053633	8
ENSG00000148229	113407235	113410675	9
ENSG00000110448	61102489	61127852	11
ENSG00000122687	2234195	2242205	7
ENSG00000157653	113410054	113429690	9
ENSG00000167987	61130257	61161615	11
ENSG00000232593	53094142	53170914	X
ENSG00000106266	2251770	2354318	7
ENSG00000268235	102215298	102229532	X
ENSG00000139438	109713825	109770495	12
ENSG00000229859	61203307	61213098	11
ENSG00000215029	102456862	102471842	X
ENSG00000003096	117897813	118117340	X
ENSG00000154025	18950345	19022595	17
ENSG00000172775	57152466	57186116	16
ENSG00000168356	38845764	39052157	3
ENSG00000111199	109783087	109833406	12
ENSG00000204956	141330514	141512975	5
ENSG00000027075	61187559	61550976	14
ENSG00000081853	141338760	141512975	5
ENSG00000136213	2403588	2448484	7
ENSG00000103811	78921058	78949574	15
ENSG00000002822	1815793	2233243	7
ENSG00000188352	20658309	20995955	9
ENSG00000254245	141343829	141512975	5
ENSG00000152592	87650280	87664361	4
ENSG00000254221	141350099	141512975	5
ENSG00000262576	141355021	141512975	5
ENSG00000104320	89924515	90003228	8
ENSG00000256713	61241175	61251444	11
ENSG00000118785	87975667	87983532	4
ENSG00000253910	141359994	141512975	5
ENSG00000253485	141364162	141512975	5
ENSG00000262209	141370242	141512975	5
ENSG00000225366	110520896	110523021	X
ENSG00000102145	48786540	48794311	X
ENSG00000253731	141373891	141512975	5
ENSG00000253537	141382739	141512975	5
ENSG00000253953	141387698	141512975	5
ENSG00000253767	141390157	141512975	5
ENSG00000032389	3188925	3377830	2
ENSG00000204025	111876051	111903990	X
ENSG00000261934	141402778	141512975	5
ENSG00000147162	71533087	71575892	X
ENSG00000253846	141412987	141512975	5
ENSG00000254122	141417645	141512975	5
ENSG00000092068	23125295	23183674	14
ENSG00000175662	17843511	17972422	17
ENSG00000253873	141421047	141512975	5
ENSG00000167986	61299451	61342596	11
ENSG00000286192	1815804	2242215	7
ENSG00000102931	57245259	57253635	16
ENSG00000122543	5879827	5886363	7
ENSG00000253159	141430507	141512975	5
ENSG00000072133	84058346	84206356	X
ENSG00000122674	5898725	5926550	7
ENSG00000125149	67109941	67148544	16
ENSG00000240184	141475947	141512977	5
ENSG00000177383	184710364	184712064	3
ENSG00000188921	20999509	21031640	9
ENSG00000187068	185076838	185153060	3
ENSG00000071909	170178145	170655171	2
ENSG00000109501	6269849	6303265	4
ENSG00000171855	21077104	21077942	9
ENSG00000156931	184812143	185052614	3
ENSG00000177047	21140632	21141832	9
ENSG00000137080	21165637	21166660	9
ENSG00000235453	32551144	32568621	9
ENSG00000254959	30752137	30892081	7
ENSG00000148396	136440096	136483759	9
ENSG00000147010	19533977	19887600	X
ENSG00000106125	30771417	30892387	7
ENSG00000242419	141484997	141512975	5
ENSG00000240764	141489081	141512975	5
ENSG00000250424	30852273	30923812	7
ENSG00000240583	30911853	30925517	7
ENSG00000171720	141620876	141636849	5
ENSG00000237172	67148104	67150998	16
ENSG00000102871	67154185	67159909	16
ENSG00000172493	86935002	87141039	4
ENSG00000106128	30938669	30993254	7
ENSG00000135722	67159932	67164570	16
ENSG00000176153	64939152	64942746	14
ENSG00000198668	90396502	90408268	14
ENSG00000080298	3218297	3526004	9
ENSG00000265690	67163385	67165815	16
ENSG00000148498	34109560	34815325	10
ENSG00000196123	67175599	67184040	16
ENSG00000179455	23565674	23630075	15
ENSG00000140285	49423237	49488775	15
ENSG00000182896	7355123	7357219	17
ENSG00000196344	99412261	99435510	4
ENSG00000179044	67184379	67190185	16
ENSG00000164620	141636950	141641064	5
ENSG00000169660	82418318	82442645	17
ENSG00000140264	43777087	43804427	15
ENSG00000196455	130678934	130746829	3
ENSG00000185467	99173572	99250075	7
ENSG00000129518	34515938	34539704	14
ENSG00000276547	141397947	141512975	5
ENSG00000063438	321714	438291	5
ENSG00000177752	44622088	44678556	4
ENSG00000013374	151341772	151378449	7
ENSG00000092199	21209136	21269494	14
ENSG00000056291	72031902	72148305	4
ENSG00000205250	67192155	67198918	16
ENSG00000145730	102753981	103029730	5
ENSG00000107104	470291	746105	9
ENSG00000197386	3041363	3243957	4
ENSG00000102890	67199111	67204029	16
ENSG00000139433	109850945	109880541	12
ENSG00000103994	42412823	42491141	15
ENSG00000163347	190305707	190322446	3
ENSG00000221944	232543883	232550557	2
ENSG00000163001	55519604	55545079	2
ENSG00000113946	190322541	190412138	3
ENSG00000221869	47736913	47738164	8
ENSG00000172262	43065176	43192021	5
ENSG00000253729	47773111	47960178	8
ENSG00000109083	28328325	28335489	17
ENSG00000139151	18683169	18738100	12
ENSG00000017260	130850595	131016712	3
ENSG00000236398	143183419	143184435	7
ENSG00000168701	67227103	67229278	16
ENSG00000221937	143222037	143223079	7
ENSG00000197448	143244093	143270854	7
ENSG00000239672	51153559	51162428	17
ENSG00000164241	127045235	127073506	5
ENSG00000135723	67229387	67247481	16
ENSG00000144395	196639554	196763490	2
ENSG00000214944	73626158	73941993	5
ENSG00000171016	55538884	55588947	15
ENSG00000069966	52115100	52191392	15
ENSG00000177938	18738119	18739188	12
ENSG00000139144	18242961	18648416	12
ENSG00000141052	12665890	12768949	17
ENSG00000162383	53087179	53142638	1
ENSG00000135740	67237683	67272191	16
ENSG00000178826	143279957	143288048	7
ENSG00000109790	39045039	39126857	4
ENSG00000154016	19020656	19047011	17
ENSG00000106144	143288215	143307696	7
ENSG00000119041	196763035	196799725	2
ENSG00000104064	50275389	50355408	15
ENSG00000181038	76726830	76733936	17
ENSG00000083782	90963682	91005026	12
ENSG00000168676	67289428	67326760	16
ENSG00000135334	87674860	87702233	6
ENSG00000139329	91102629	91111494	12
ENSG00000197894	99070978	99088801	4
ENSG00000118434	88047841	88066838	6
ENSG00000011465	91140484	91183217	12
ENSG00000147724	138130023	138497261	8
ENSG00000171163	248850006	248859144	1
ENSG00000135336	87590067	87667453	6
ENSG00000159784	143353400	143362770	7
ENSG00000011143	58205441	58219605	17
ENSG00000159708	67326798	67385204	16
ENSG00000187944	196804417	196809355	2
ENSG00000197121	196833004	196927796	2
ENSG00000176230	20110739	20122199	14
ENSG00000150527	39230231	39388513	14
ENSG00000169436	138588235	138914041	8
ENSG00000148357	130265760	130434123	9
ENSG00000159840	143381295	143391111	7
ENSG00000163743	75479033	75514764	4
ENSG00000172869	119037772	119249138	5
ENSG00000149476	61333220	61353295	11
ENSG00000172456	59296638	59810647	1
ENSG00000169783	77613027	77820900	15
ENSG00000159713	67389809	67393518	16
ENSG00000095303	122370530	122395703	9
ENSG00000137261	24544104	24646191	6
ENSG00000111775	120438090	120440737	12
ENSG00000111780	120438198	120460006	12
ENSG00000170855	120443964	120446384	12
ENSG00000159714	67394152	67416833	16
ENSG00000166920	45430579	45448761	15
ENSG00000257218	120446444	120463749	12
ENSG00000004139	28364356	28404049	17
ENSG00000146904	143390289	143408856	7
ENSG00000115594	102064544	102179874	2
ENSG00000088986	120469850	120498493	12
ENSG00000162144	61348754	61362283	11
ENSG00000140511	88877294	88895597	15
ENSG00000176387	67430652	67437553	16
ENSG00000159723	67482571	67483547	16
ENSG00000157766	88803436	88875353	15
ENSG00000110871	120503279	120534434	12
ENSG00000076351	28394642	28407197	17
ENSG00000112308	24704861	24719998	6
ENSG00000183889	16317444	16350590	16
ENSG00000185899	143443453	143444409	7
ENSG00000221855	143477873	143478796	7
ENSG00000112312	24774931	24786099	6
ENSG00000104723	15417215	15766649	8
ENSG00000271079	143571801	143574387	7
ENSG00000283528	143639230	143647646	7
ENSG00000109103	28546708	28552631	17
ENSG00000127914	91940840	92110673	7
ENSG00000167272	120578764	120581402	12
ENSG00000145908	150894392	150904983	5
ENSG00000101977	139581770	139708216	X
ENSG00000260914	69299682	69322700	16
ENSG00000086570	151504092	151591331	5
ENSG00000132612	69311350	69326939	16
ENSG00000272822	48903503	48957365	12
ENSG00000139537	48904110	48931840	12
ENSG00000149532	61402641	61430031	11
ENSG00000109107	28573115	28576948	17
ENSG00000182952	26538366	26546933	6
ENSG00000248713	99636529	99657828	4
ENSG00000213380	69320140	69339583	16
ENSG00000197888	68537173	68576413	4
ENSG00000275221	27837880	27838375	6
ENSG00000066923	100177563	100221488	7
ENSG00000276903	27865317	27865798	6
ENSG00000184357	27866792	27867588	6
ENSG00000162946	231626790	232041272	1
ENSG00000275379	27871845	27872346	6
ENSG00000275126	27873148	27873534	6
ENSG00000197153	27890315	27893106	6
ENSG00000196620	68646597	68670652	4
ENSG00000278677	27892699	27893185	6
ENSG00000274641	27893425	27893891	6
ENSG00000168131	27911185	27912396	6
ENSG00000171481	122675130	122676104	9
ENSG00000175764	121815674	122093606	9
ENSG00000066379	30058899	30064909	6
ENSG00000186314	145471799	145835369	5
ENSG00000134285	48921518	48926474	12
ENSG00000258429	69326913	69330588	16
ENSG00000013810	1712858	1745171	4
ENSG00000272617	69328644	69334871	16
ENSG00000260371	69335091	69356306	16
ENSG00000259900	69335276	69351730	16
ENSG00000106927	114060127	114078328	9
ENSG00000132603	69337996	69343106	16
ENSG00000164329	79612120	79688246	5
ENSG00000166949	67063763	67195173	15
ENSG00000148513	37125598	37232567	10
ENSG00000115598	102187006	102240002	2
ENSG00000169884	48965340	48971735	12
ENSG00000157315	69343250	69351786	16
ENSG00000136883	114086126	114099292	9
ENSG00000204619	30066709	30070333	6
ENSG00000132604	69355567	69408571	16
ENSG00000183779	37695782	37700019	8
ENSG00000147475	37736601	37758422	8
ENSG00000181418	48995149	48999375	12
ENSG00000119946	99329356	99394330	10
ENSG00000167550	49064676	49070025	12
ENSG00000115602	102311502	102352037	2
ENSG00000159899	35791003	35809732	9
ENSG00000204616	30102897	30113090	6
ENSG00000139549	49086656	49094801	12
ENSG00000156234	77511753	77611834	4
ENSG00000123416	49127782	49131397	12
ENSG00000176715	89088375	89164121	16
ENSG00000131844	71579531	71658706	5
ENSG00000120053	99396870	99430624	10
ENSG00000204614	30136124	30148735	6
ENSG00000179046	188091272	188109603	4
ENSG00000168828	35869463	35870401	9
ENSG00000177992	87882877	87888903	9
ENSG00000204613	30151943	30161211	6
ENSG00000185920	95442980	95517057	9
ENSG00000169129	114294824	114404756	10
ENSG00000180251	102473226	102533972	2
ENSG00000103591	67200667	67255195	15
ENSG00000204610	30163206	30172693	6
ENSG00000076382	28577565	28599025	17
ENSG00000134287	48935723	48957487	12
ENSG00000138669	81087370	81215222	4
ENSG00000241962	99141485	99322741	2
ENSG00000288640	112450460	112490941	7
ENSG00000256591	61429220	61485822	11
ENSG00000144182	99154955	99163157	2
ENSG00000146054	181193924	181205293	5
ENSG00000122591	22889371	23014130	7
ENSG00000136305	24305187	24311430	14
ENSG00000204385	31863192	31879046	6
ENSG00000273155	99154998	99195298	2
ENSG00000147471	37762595	37779768	8
ENSG00000158411	99161427	99181058	2
ENSG00000167985	61430042	61446733	11
ENSG00000100439	22598290	22612963	14
ENSG00000164604	113078331	113087778	7
ENSG00000104067	29699367	29968915	15
ENSG00000111652	6724014	6731875	12
ENSG00000129910	89171748	89195492	16
ENSG00000106268	2242226	2251146	7
ENSG00000150471	61200326	62078335	4
ENSG00000162148	61481120	61490931	11
ENSG00000185414	99181152	99199561	2
ENSG00000181619	59429022	59465380	14
ENSG00000186469	51826195	51979342	14
ENSG00000123240	13099449	13138308	10
ENSG00000146063	181222499	181235808	5
ENSG00000189326	143025928	143034702	X
ENSG00000189023	35798342	35803772	X
ENSG00000144214	99284238	99304742	2
ENSG00000174016	80335504	80445311	X
ENSG00000170100	89217703	89237141	16
ENSG00000269433	154257582	154271090	X
ENSG00000229674	37994272	37994904	X
ENSG00000232030	26160601	26162410	X
ENSG00000198021	141583674	141584738	X
ENSG00000115514	99318982	99340702	2
ENSG00000165521	88612431	88792953	14
ENSG00000269437	102360395	102440008	X
ENSG00000204628	181236897	181248096	5
ENSG00000213676	32115264	32128253	6
ENSG00000007202	28614446	28645454	17
ENSG00000020181	37784191	37844896	8
ENSG00000103226	16232506	16300806	16
ENSG00000204950	61508749	61511018	11
ENSG00000268902	152708261	152714549	X
ENSG00000106682	74174231	74197122	7
ENSG00000149016	62575045	62591637	11
ENSG00000178605	304529	318796	X
ENSG00000278057	154271265	154295853	X
ENSG00000149480	62593214	62601865	11
ENSG00000268988	143711955	143720752	X
ENSG00000287585	149414877	149415506	X
ENSG00000269226	104063871	104076236	X
ENSG00000164638	5274369	5306912	7
ENSG00000269313	49162564	49168774	X
ENSG00000104221	37843268	37849861	8
ENSG00000178074	199911293	199955935	2
ENSG00000162971	199928913	199955736	2
ENSG00000184216	154010506	154019902	X
ENSG00000204315	32128707	32130288	6
ENSG00000155849	36852906	37449223	7
ENSG00000156675	37858618	37899497	8
ENSG00000065328	13161558	13211110	10
ENSG00000221988	32153441	32163678	6
ENSG00000250366	95866587	95925663	14
ENSG00000156050	73931501	73950414	14
ENSG00000149499	62602218	62612775	11
ENSG00000115112	121216587	121285202	2
ENSG00000119723	73949926	73963670	14
ENSG00000132581	28648346	28662189	17
ENSG00000169154	37934281	37940124	8
ENSG00000144015	95592001	95599778	2
ENSG00000285880	37934340	37965953	8
ENSG00000188778	37962990	37966599	8
ENSG00000187840	38030534	38060365	8
ENSG00000109111	28662198	28702679	17
ENSG00000115524	197388515	197435079	2
ENSG00000147465	38142700	38150992	8
ENSG00000169297	30304206	30309390	X
ENSG00000175324	38163335	38176730	8
ENSG00000140470	99971437	100342005	15
ENSG00000165623	13221766	13234374	10
ENSG00000086712	16786432	16844519	X
ENSG00000258388	32153845	32171978	6
ENSG00000107537	13277796	13302412	10
ENSG00000189143	73799542	73832690	7
ENSG00000156735	38176533	38213301	8
ENSG00000258083	141916399	141920625	7
ENSG00000213215	143954844	143997312	7
ENSG00000240720	92141643	92179531	7
ENSG00000089692	6772512	6778455	12
ENSG00000102054	16839283	16870362	X
ENSG00000114126	141944428	142149544	3
ENSG00000085788	38225218	38275558	8
ENSG00000146776	105604772	105876599	7
ENSG00000241404	32164595	32168281	6
ENSG00000140471	100559369	100603230	15
ENSG00000183718	181254077	181261150	5
ENSG00000010610	6786858	6820799	12
ENSG00000251380	135444214	135447348	5
ENSG00000164972	34379019	34397828	9
ENSG00000255833	135444226	135452351	5
ENSG00000249915	271621	314974	5
ENSG00000164970	34398184	34458570	9
ENSG00000115541	197500140	197503449	2
ENSG00000183621	30820207	31031937	10
ENSG00000183475	100602589	100651701	15
ENSG00000161048	103099776	103149560	7
ENSG00000204310	32168212	32178096	6
ENSG00000270757	197500413	197550726	2
ENSG00000187097	73958010	74019399	14
ENSG00000115540	197515571	197553699	2
ENSG00000169891	16946658	17153272	X
ENSG00000154227	100400395	100544995	15
ENSG00000165238	93184122	93320572	9
ENSG00000109113	28714281	28718429	17
ENSG00000152455	14878820	14904315	10
ENSG00000149489	62611722	62615116	11
ENSG00000149541	62615296	62622154	11
ENSG00000132434	55365337	55433737	7
ENSG00000160867	177086905	177098144	5
ENSG00000157110	30384511	30572256	8
ENSG00000114405	62319015	62336213	3
ENSG00000250510	6821624	6829972	12
ENSG00000197889	14959388	14988050	10
ENSG00000168016	36826819	36945057	3
ENSG00000026103	88953813	89029605	10
ENSG00000119636	74019349	74082863	14
ENSG00000156500	134796395	134854835	X
ENSG00000089597	62624826	62646726	11
ENSG00000055609	152134922	152436644	7
ENSG00000110811	6828407	6839847	12
ENSG00000119711	74056847	74084492	14
ENSG00000172340	67360460	67654612	3
ENSG00000182511	90883695	90895776	15
ENSG00000154479	169645425	169694405	2
ENSG00000187091	38007496	38029642	3
ENSG00000204308	32178405	32180793	6
ENSG00000101928	134887632	134915257	X
ENSG00000144362	169694454	169701708	2
ENSG00000125492	132582606	132590252	9
ENSG00000213160	169694488	169776989	2
ENSG00000125485	132592997	132670401	9
ENSG00000204304	32184733	32190202	6
ENSG00000184785	134990991	134992473	X
ENSG00000180964	103252995	103255192	X
ENSG00000119614	74239449	74262738	14
ENSG00000204065	103273691	103276750	X
ENSG00000119688	74285269	74303055	14
ENSG00000133134	103309346	103311007	X
ENSG00000138385	169791933	169812064	2
ENSG00000213654	32190766	32195523	6
ENSG00000111664	6839954	6847393	12
ENSG00000136872	101420560	101449664	9
ENSG00000197265	30578318	30658236	8
ENSG00000089820	153907367	153934999	X
ENSG00000204301	32194843	32224067	6
ENSG00000164023	107824563	107915047	4
ENSG00000138382	169810081	169824931	2
ENSG00000253457	30638580	30646064	8
ENSG00000120903	27459756	27479883	8
ENSG00000136932	97904489	97922500	9
ENSG00000138688	122152331	122364167	4
ENSG00000114850	156539553	156555149	3
ENSG00000107159	35673928	35681159	9
ENSG00000204287	32439878	32445046	6
ENSG00000123453	133663560	133739955	9
ENSG00000034533	131013875	131027649	3
ENSG00000146112	30676389	30687895	6
ENSG00000010626	6873569	6914241	12
ENSG00000198242	28719985	28724359	17
ENSG00000120915	27490781	27545564	8
ENSG00000169228	177301198	177303744	5
ENSG00000163636	64010550	64024010	3
ENSG00000196557	1153106	1221771	16
ENSG00000196230	30717435	30725538	6
ENSG00000158786	20139323	20150381	1
ENSG00000118733	101802560	101996926	1
ENSG00000137312	30727709	30742732	6
ENSG00000144381	197486584	197516737	2
ENSG00000160606	28724348	28727935	17
ENSG00000114805	155375580	155745071	3
ENSG00000160602	28725897	28743455	17
ENSG00000133980	74303069	74360008	14
ENSG00000197299	90717346	90816166	15
ENSG00000169230	177303799	177306949	5
ENSG00000157870	2586491	2591469	1
ENSG00000205659	74084956	74201493	14
ENSG00000197776	49693105	49753150	14
ENSG00000111674	6913745	6923698	12
ENSG00000146678	45888360	45893660	7
ENSG00000169220	177357924	177372596	5
ENSG00000123700	70168673	70180044	17
ENSG00000186919	76071961	76083666	17
ENSG00000179085	155139891	155140595	1
ENSG00000173080	155941638	155943087	1
ENSG00000183347	89364059	89388160	1
ENSG00000185085	62646848	62653302	11
ENSG00000146674	45912245	45921874	7
ENSG00000182687	76074781	76077537	17
ENSG00000255432	62649694	62665178	11
ENSG00000120937	11857464	11858945	1
ENSG00000278615	62662817	62665210	11
ENSG00000028310	850291	892801	5
ENSG00000165525	49782083	49852821	14
ENSG00000148337	128161251	128204383	9
ENSG00000182473	76081016	76121576	17
ENSG00000116685	11919591	11926428	1
ENSG00000214756	62665309	62668496	11
ENSG00000102030	153929225	153935080	X
ENSG00000137331	30743199	30744548	6
ENSG00000204922	62670273	62673686	11
ENSG00000083444	11934205	11975538	1
ENSG00000162191	62676498	62679117	11
ENSG00000137285	3223324	3231730	6
ENSG00000180822	3231403	3303373	6
ENSG00000018408	149517235	149736714	3
ENSG00000122642	32957404	33006930	7
ENSG00000137266	3268962	3457050	6
ENSG00000134460	6010689	6062370	10
ENSG00000111676	6924463	6942321	12
ENSG00000144749	66378797	66501263	3
ENSG00000134453	6089034	6117457	10
ENSG00000165527	49893079	49897054	14
ENSG00000120885	27596917	27614700	8
ENSG00000165410	34709113	34714823	14
ENSG00000071539	892884	919357	5
ENSG00000111678	6942978	6946003	12
ENSG00000122643	33014130	33062796	7
ENSG00000111679	6946468	6961316	12
ENSG00000116691	12019466	12032045	1
ENSG00000170525	6144934	6254644	10
ENSG00000145506	1008802	1038943	5
ENSG00000156313	38269163	38327544	X
ENSG00000198604	34752731	34875647	14
ENSG00000177363	62686406	62689530	11
ENSG00000234857	62690275	62727384	11
ENSG00000162188	62707676	62709201	11
ENSG00000144357	169827454	170084131	2
ENSG00000163982	4188726	4226929	4
ENSG00000137267	3153497	3157544	6
ENSG00000120949	12063303	12144207	1
ENSG00000214753	62712630	62727457	11
ENSG00000132406	4235542	4248223	4
ENSG00000111799	75084326	75206267	6
ENSG00000113504	1050384	1112063	5
ENSG00000168826	4290251	4321786	4
ENSG00000150768	112025408	112064404	11
ENSG00000164610	33094797	33109405	7
ENSG00000197253	1227272	1230184	16
ENSG00000197008	64794388	64833681	7
ENSG00000174963	147386046	147406809	3
ENSG00000168818	4415742	4542346	4
ENSG00000140564	90868588	90883564	15
ENSG00000115263	162142882	162152404	2
ENSG00000164405	132866630	132868847	5
ENSG00000205085	128671693	128687877	7
ENSG00000172236	1240379	1242554	16
ENSG00000162521	32651142	32686211	1
ENSG00000164406	132873444	132875046	5
ENSG00000187416	104328603	104908561	7
ENSG00000168077	27633868	27676776	8
ENSG00000165671	177131830	177300213	5
ENSG00000196659	177548998	177552796	2
ENSG00000197557	177612999	177618742	2
ENSG00000197635	161992245	162074394	2
ENSG00000090534	184371935	184381968	3
ENSG00000075303	87833568	87876360	7
ENSG00000147419	27733316	27772653	8
ENSG00000113722	150166778	150184558	5
ENSG00000092020	35085467	35122517	14
ENSG00000161010	179835133	179862173	5
ENSG00000168824	4348140	4419058	4
ENSG00000095917	1256059	1259008	16
ENSG00000111669	6867119	6870948	12
ENSG00000006634	87876216	87909553	7
ENSG00000169251	161104696	161253532	3
ENSG00000103275	1308880	1327018	16
ENSG00000172183	88635670	88656483	15
ENSG00000177673	231592864	231594276	2
ENSG00000166794	64155740	64163134	15
ENSG00000168539	62908679	62921807	11
ENSG00000157404	54657267	54740783	4
ENSG00000103723	82659281	82710112	15
ENSG00000204842	111443485	111599676	12
ENSG00000079785	15591178	15634346	2
ENSG00000166352	36594369	36675695	11
ENSG00000075142	88205115	88226993	7
ENSG00000169057	154021573	154137103	X
ENSG00000100890	35121846	35277622	14
ENSG00000171320	27771949	27812640	8
ENSG00000162520	32679906	32703596	1
ENSG00000145743	107859035	108382098	5
ENSG00000163947	56727418	57079329	3
ENSG00000107719	70478767	70668754	10
ENSG00000162522	32741830	32774970	1
ENSG00000185305	53883942	54310582	5
ENSG00000127954	88270892	88306894	7
ENSG00000013288	6575189	6623362	4
ENSG00000168078	27809624	27838082	8
ENSG00000150773	112063218	112074274	11
ENSG00000116497	32816767	32858875	1
ENSG00000067248	55256055	55307694	5
ENSG00000101901	111665811	111760649	X
ENSG00000258790	35122549	35317474	14
ENSG00000008277	87934143	88202889	7
ENSG00000100902	35278633	35317493	14
ENSG00000186635	72685069	72793599	11
ENSG00000129654	76136333	76141245	17
ENSG00000160097	32862268	32872482	1
ENSG00000182628	59109857	59155260	17
ENSG00000121905	32885994	32898441	1
ENSG00000068489	59155732	59206709	17
ENSG00000205765	41904188	41921636	5
ENSG00000121900	32894594	32901438	1
ENSG00000168079	27869883	27992673	8
ENSG00000132563	138439057	138446969	5
ENSG00000163993	6693878	6697170	4
ENSG00000112697	75252924	75284948	6
ENSG00000095539	100969504	100985871	10
ENSG00000178988	6707701	6709865	4
ENSG00000186222	6716174	6717664	4
ENSG00000170871	6781375	6884170	4
ENSG00000143222	161152776	161158856	1
ENSG00000007516	1333638	1349441	16
ENSG00000189233	28021964	28083936	8
ENSG00000265303	59197566	59215226	17
ENSG00000185924	1934677	2025334	17
ENSG00000108963	2030137	2043898	17
ENSG00000165219	125261794	125367207	9
ENSG00000143224	161166056	161178013	1
ENSG00000134014	28089673	28191156	8
ENSG00000243449	2041995	2043964	4
ENSG00000113240	178602664	178630615	5
ENSG00000137601	169369704	169612632	4
ENSG00000139973	61811974	62112550	14
ENSG00000289503	62075340	62128421	14
ENSG00000169488	19975591	19976565	14
ENSG00000196383	19999913	20004760	14
ENSG00000146197	35213956	35253079	6
ENSG00000114737	50606489	50611774	3
ENSG00000151445	77426675	77457952	14
ENSG00000056050	169729470	169757944	4
ENSG00000082996	149812770	149962139	3
ENSG00000065029	35258909	35295985	6
ENSG00000148795	102830531	102837472	10
ENSG00000181381	168356735	168537786	4
ENSG00000262664	2042022	2043425	17
ENSG00000177374	2054154	2063241	17
ENSG00000070366	2059839	2303785	17
ENSG00000158850	161171310	161177968	1
ENSG00000179218	12938578	12944489	19
ENSG00000166275	102854259	102864961	10
ENSG00000073578	218303	257082	5
ENSG00000270316	102854272	102901899	10
ENSG00000214435	102869470	102901899	10
ENSG00000130303	17402939	17405630	19
ENSG00000112033	35342558	35428191	6
ENSG00000271271	69588417	69639642	4
ENSG00000163749	76312997	76421868	4
ENSG00000158859	161184302	161199054	1
ENSG00000076685	103087185	103277605	10
ENSG00000168081	28316986	28343355	8
ENSG00000158869	161215234	161220699	1
ENSG00000186918	28345590	28402701	8
ENSG00000197885	23889951	23946591	3
ENSG00000107731	71212570	71302864	10
ENSG00000158874	161222292	161223631	1
ENSG00000198755	35468401	35470785	6
ENSG00000141971	17405722	17433724	19
ENSG00000180346	89111533	89114901	4
ENSG00000198246	71319259	71381423	10
ENSG00000113448	58969038	60522120	5
ENSG00000168214	26163455	26435131	4
ENSG00000007866	35473597	35497079	6
ENSG00000167720	2303383	2325260	17
ENSG00000214050	28348287	28490278	8
ENSG00000130950	94318198	94328644	9
ENSG00000163785	134065303	134250859	3
ENSG00000158882	161225939	161230746	1
ENSG00000100591	77457870	77469472	14
ENSG00000077150	102394110	102402524	10
ENSG00000147862	14081843	14398983	9
ENSG00000114735	50569152	50596168	3
ENSG00000167721	2322396	2336657	17
ENSG00000112041	35497874	35512896	6
ENSG00000100593	77474394	77498816	14
ENSG00000167632	139727725	140458579	8
ENSG00000100596	77505997	77616637	14
ENSG00000072858	113532555	113629575	3
ENSG00000115053	231453531	231483641	2
ENSG00000188051	17435509	17448668	19
ENSG00000143257	161229666	161238244	1
ENSG00000008283	63432304	63446354	17
ENSG00000269035	17436611	17460804	19
ENSG00000171773	17455425	17460926	19
ENSG00000139163	22625075	22690665	12
ENSG00000105538	48720585	48740610	19
ENSG00000100626	69259277	69357033	14
ENSG00000284934	122207662	122227534	12
ENSG00000156413	5830408	5839722	19
ENSG00000175455	123897305	123961408	3
ENSG00000130383	5865826	5870540	19
ENSG00000187109	76036585	76084735	12
ENSG00000130363	158972871	159000202	6
ENSG00000099866	489176	505343	19
ENSG00000042980	24294069	24359014	8
ENSG00000169446	135960588	135974029	X
ENSG00000164691	159034468	159045152	6
ENSG00000126970	64915802	65034713	X
ENSG00000146267	99271168	99350062	6
ENSG00000132423	99369401	99394195	6
ENSG00000166224	70815905	70895816	10
ENSG00000172270	571277	583494	19
ENSG00000132424	99397629	99425331	6
ENSG00000198947	31097677	33339609	X
ENSG00000164096	119296419	119304445	4
ENSG00000065613	103967140	104029233	10
ENSG00000145384	119317250	119322138	4
ENSG00000123552	99432325	99521728	6
ENSG00000145390	119212587	119295518	4
ENSG00000159640	63477061	63498380	17
ENSG00000100632	69380128	69398299	14
ENSG00000172428	240126563	240136807	2
ENSG00000114395	50350845	50358460	3
ENSG00000029364	69398015	69462390	14
ENSG00000178602	240139026	240144562	2
ENSG00000176485	63573195	63616883	11
ENSG00000114529	112086335	112131004	3
ENSG00000120471	128934731	128943399	11
ENSG00000130414	239892450	240025743	2
ENSG00000134028	24384285	24406013	8
ENSG00000133316	62832342	62841809	11
ENSG00000239620	127283783	127288046	3
ENSG00000091986	112596797	112649530	3
ENSG00000035928	39287456	39366375	4
ENSG00000186088	77310751	77416349	7
ENSG00000065618	104031286	104085880	10
ENSG00000069206	24440930	24526970	8
ENSG00000186628	82755362	82806070	15
ENSG00000198121	110873263	111038470	9
ENSG00000007520	1349240	1351878	16
ENSG00000165325	93329971	93438487	11
ENSG00000081177	69191498	69244020	14
ENSG00000134072	9757347	9769992	3
ENSG00000133393	15865719	15888625	16
ENSG00000105464	48393668	48444931	19
ENSG00000264813	63484823	63521848	17
ENSG00000165124	110365248	110579880	9
ENSG00000105523	48599961	48615076	19
ENSG00000147488	52110838	52460959	8
ENSG00000006638	3594507	3606875	19
ENSG00000198909	63622415	63696305	17
ENSG00000127947	77537295	77640069	7
ENSG00000250151	9793082	9835401	3
ENSG00000156232	82809628	82836108	15
ENSG00000188517	108808725	109302752	4
ENSG00000105298	3610645	3626815	19
ENSG00000279170	99520976	99589899	6
ENSG00000166192	72114258	72143692	15
ENSG00000140006	63597039	63641871	14
ENSG00000112237	99542387	99568825	6
ENSG00000198133	67447084	67533739	14
ENSG00000072518	63838928	63911020	11
ENSG00000180035	30378106	30400108	16
ENSG00000175318	72159806	72197787	15
ENSG00000171135	9890574	9894349	3
ENSG00000215277	23185316	23273477	14
ENSG00000163701	9902612	9916402	3
ENSG00000196358	132162058	132244526	9
ENSG00000179965	30407414	30431108	16
ENSG00000179918	30443631	30445874	16
ENSG00000171102	133205277	133209250	9
ENSG00000169957	30524004	30526821	16
ENSG00000030304	110668779	110806558	9
ENSG00000071537	81471547	81533853	14
ENSG00000186111	3630183	3700468	19
ENSG00000261459	30525923	30534852	16
ENSG00000169951	30553764	30558374	16
ENSG00000107960	103856806	103918332	10
ENSG00000137817	72241181	72272999	15
ENSG00000197162	30573740	30585769	16
ENSG00000138670	81426393	82044244	4
ENSG00000156853	30602558	30624012	16
ENSG00000135083	160249083	160345396	5
ENSG00000167123	128411751	128437351	9
ENSG00000140022	81260652	81436465	14
ENSG00000156858	30650717	30656413	16
ENSG00000170606	133052013	133106449	5
ENSG00000165949	94104836	94116695	14
ENSG00000283189	49416777	49429314	3
ENSG00000105127	15353385	15379815	19
ENSG00000179041	66429014	66430733	8
ENSG00000047365	35948221	36244514	4
ENSG00000145020	49416778	49422685	3
ENSG00000285655	66430185	66445324	8
ENSG00000285791	66432486	66518524	8
ENSG00000169194	132656263	132661110	5
ENSG00000205436	103094725	103110559	14
ENSG00000107438	95237572	95291012	10
ENSG00000129493	31291788	31420550	14
ENSG00000147576	66432492	66468907	8
ENSG00000173124	95194200	95228929	10
ENSG00000136490	63695888	63701172	17
ENSG00000221813	144000320	144008793	7
ENSG00000156860	30658431	30670810	16
ENSG00000145734	71455651	71567820	5
ENSG00000146618	19144782	19145421	7
ENSG00000122783	135092363	135170795	7
ENSG00000165633	49014236	49115522	10
ENSG00000106772	76611376	76906114	9
ENSG00000089351	34994784	35026471	19
ENSG00000005844	30472658	30523567	16
ENSG00000146859	135148072	135166215	7
ENSG00000108424	47649476	47685505	17
ENSG00000105875	135183839	135211555	7
ENSG00000172538	49131154	49134021	10
ENSG00000184227	73537143	73543796	14
ENSG00000165383	48909480	48939840	10
ENSG00000108242	94683729	94736190	10
ENSG00000119673	73567620	73575658	14
ENSG00000187021	116590385	116609175	10
ENSG00000177465	73591873	73595766	14
ENSG00000205669	73610945	73619888	14
ENSG00000148408	137877782	138124624	9
ENSG00000119661	73644875	73703732	14
ENSG00000151422	108747841	109196841	5
ENSG00000178522	70592256	70607288	4
ENSG00000172901	115962454	116027619	5
ENSG00000176903	73711783	73714384	14
ENSG00000140043	73851831	73885726	14
ENSG00000169085	66492326	66518524	8
ENSG00000087903	5993164	6199572	19
ENSG00000132463	70815783	70839897	4
ENSG00000212807	144228244	144239605	7
ENSG00000243896	144257663	144264792	7
ENSG00000070770	58157907	58198106	16
ENSG00000148110	94374569	94461042	9
ENSG00000258653	73851971	73932278	14
ENSG00000164684	80628451	80874781	8
ENSG00000119725	73886617	73932521	14
ENSG00000137078	35649295	35650931	9
ENSG00000073861	47733236	47746122	17
ENSG00000221970	144312419	144322737	7
ENSG00000050327	144355288	144380632	7
ENSG00000155096	102826111	102893864	8
ENSG00000103023	58279997	58295047	16
ENSG00000006025	47807372	47821834	17
ENSG00000137101	35609982	35646810	9
ENSG00000131504	141515016	141619055	5
ENSG00000165863	116663696	116670264	10
ENSG00000273025	72266746	72319946	15
ENSG00000140488	72284727	72320157	15
ENSG00000180228	178431292	178451512	2
ENSG00000179958	30423615	30430030	16
ENSG00000151208	77790791	77926755	10
ENSG00000078237	4307763	4360028	12
ENSG00000109684	10486395	10684768	4
ENSG00000103222	15949138	16143257	16
ENSG00000118972	4368227	4379712	12
ENSG00000130382	6210381	6279975	19
ENSG00000153291	46652915	46678190	6
ENSG00000118971	4269771	4305353	12
ENSG00000148053	84668375	85095751	9
ENSG00000102924	49277917	49281838	16
ENSG00000167769	6306142	6333612	19
ENSG00000179826	18120955	18138488	11
ENSG00000106410	144397240	144410227	7
ENSG00000176495	59358895	59371714	11
ENSG00000180113	46687875	46704319	6
ENSG00000166152	49373804	49399431	16
ENSG00000135414	55743122	55757264	12
ENSG00000176798	4994851	5005536	11
ENSG00000260729	72284727	72375981	15
ENSG00000125656	6361531	6370242	19
ENSG00000172487	56354291	56361511	11
ENSG00000146070	46704201	46735693	6
ENSG00000181518	123902167	123909229	11
ENSG00000179361	74541206	74598131	15
ENSG00000205323	55752463	55817724	12
ENSG00000174982	55648327	55652854	11
ENSG00000181903	55662201	55666195	11
ENSG00000221836	144048948	144058845	7
ENSG00000181767	56103687	56107658	11
ENSG00000221933	144069811	144075870	7
ENSG00000172742	59511368	59520703	11
ENSG00000102935	49487524	49857919	16
ENSG00000221858	144086278	144098953	7
ENSG00000198099	99123657	99157792	4
ENSG00000165916	47418769	47426473	11
ENSG00000221938	144123176	144131188	7
ENSG00000125652	6372794	6375250	19
ENSG00000217128	131641714	131797017	5
ENSG00000184863	155644451	155781485	7
ENSG00000125651	6379572	6393981	19
ENSG00000159111	47823272	47831541	17
ENSG00000069122	46852522	46954943	6
ENSG00000273540	86079871	87049169	15
ENSG00000257390	55757275	55827546	12
ENSG00000132466	73073376	73258798	4
ENSG00000141294	47831634	47837719	17
ENSG00000123353	55818041	55821879	12
ENSG00000248485	161258745	161285450	1
ENSG00000188931	161364733	161367876	1
ENSG00000145029	49422333	49429326	3
ENSG00000204311	178451346	178462102	2
ENSG00000121281	50246137	50318135	16
ENSG00000164690	155799980	155812463	7
ENSG00000128872	51751597	51816363	15
ENSG00000265107	147756199	147773362	1
ENSG00000123342	55835433	55842966	12
ENSG00000141295	47837692	47841289	17
ENSG00000204356	31952087	31959038	6
ENSG00000165272	33441156	33447596	9
ENSG00000121634	147902795	147909269	1
ENSG00000148606	77953148	78029522	10
ENSG00000100583	77376689	77392163	14
ENSG00000188092	147928393	147993592	1
ENSG00000165555	77394021	77423523	14
ENSG00000105982	156640281	156677130	7
ENSG00000164061	49554477	49671549	3
ENSG00000122133	135561756	135566955	9
ENSG00000168952	24809454	25050147	14
ENSG00000116095	178480457	178516463	2
ENSG00000113749	175658030	175710756	5
ENSG00000181240	6426037	6433779	19
ENSG00000145741	73498408	73505667	5
ENSG00000143977	70281362	70293740	2
ENSG00000164062	49674014	49683971	3
ENSG00000182481	68035636	68047364	17
ENSG00000260007	68184032	68229718	15
ENSG00000125648	6436079	6465203	19
ENSG00000128973	68206992	68257211	15
ENSG00000065357	55927319	55954027	12
ENSG00000182185	67819779	68730218	14
ENSG00000237693	150846521	150900736	5
ENSG00000069020	66596380	67169593	5
ENSG00000261371	64319415	64413776	17
ENSG00000173692	231056845	231173116	2
ENSG00000204007	135623648	135639540	9
ENSG00000138326	78033760	78056813	10
ENSG00000236543	135604345	135619893	9
ENSG00000148386	135663309	135666961	9
ENSG00000271605	64449037	64468643	17
ENSG00000127191	136881912	136926607	9
ENSG00000142449	8065402	8149592	19
ENSG00000049768	49250438	49264800	X
ENSG00000105983	156668946	156893216	7
ENSG00000181009	5776165	5783355	11
ENSG00000183389	5999445	6006946	11
ENSG00000171944	5128776	5138356	11
ENSG00000196341	124302831	124315099	11
ENSG00000165355	39397684	39432466	14
ENSG00000172769	58402464	58406874	11
ENSG00000171533	75586918	75669038	11
ENSG00000256525	64477785	64497054	17
ENSG00000232434	136842478	136848801	9
ENSG00000119335	128683424	128696400	9
ENSG00000182070	5146824	5154757	11
ENSG00000172324	59416969	59426413	11
ENSG00000121274	50152911	50235310	16
ENSG00000182634	124036013	124041325	11
ENSG00000181001	5786471	5791265	11
ENSG00000172365	58421238	58428121	11
ENSG00000116688	11980181	12015211	1
ENSG00000230045	7256904	7259914	8
ENSG00000174937	56469274	56473352	11
ENSG00000233132	7264526	7267536	8
ENSG00000197125	124437445	124445696	11
ENSG00000167014	44956687	44979229	15
ENSG00000223885	7279770	7282780	8
ENSG00000171496	122567117	122583384	9
ENSG00000214530	72754729	72794047	11
ENSG00000157657	113876282	114056593	9
ENSG00000119969	94545329	94613905	10
ENSG00000215373	7287392	7290402	8
ENSG00000233295	7295014	7298024	8
ENSG00000108854	64542282	64662307	17
ENSG00000230549	7332387	7333979	8
ENSG00000205363	73735458	73753351	15
ENSG00000236125	7337115	7338707	8
ENSG00000204348	31969810	31972290	6
ENSG00000178997	41182725	41230757	15
ENSG00000215372	7355517	7385558	8
ENSG00000179776	66366622	66404784	16
ENSG00000092148	31100117	31207804	14
ENSG00000106714	39064710	39288315	9
ENSG00000164068	49689538	49721529	3
ENSG00000177257	7414855	7416863	8
ENSG00000177243	7428888	7430348	8
ENSG00000164871	7442684	7463674	8
ENSG00000243708	41837775	41848147	15
ENSG00000137871	56630176	56734086	15
ENSG00000146909	156949712	156973176	7
ENSG00000113758	177456608	177474401	5
ENSG00000108654	64498254	64508199	17
ENSG00000224389	32014795	32035418	6
ENSG00000177023	7470308	7475082	8
ENSG00000187082	7482504	7486400	8
ENSG00000130675	156994051	157010663	7
ENSG00000186599	7487679	7489593	8
ENSG00000290184	49258343	49270477	X
ENSG00000148204	123356170	123380324	9
ENSG00000102144	77910739	78129295	X
ENSG00000198129	7495911	7509311	8
ENSG00000255251	7539627	7542450	8
ENSG00000196782	139716753	140154184	4
ENSG00000255378	7778591	7781413	8
ENSG00000106633	44143213	44198170	7
ENSG00000282933	119942834	119992838	X
ENSG00000217555	66552563	66566251	16
ENSG00000186572	7811720	7815716	8
ENSG00000168228	25312774	25370383	4
ENSG00000203989	120072264	120077690	X
ENSG00000186562	7821004	7823880	8
ENSG00000196954	104942866	104969366	11
ENSG00000186579	7825139	7829053	8
ENSG00000101883	120109051	120245267	X
ENSG00000106689	124001670	124033301	9
ENSG00000176782	7836436	7841242	8
ENSG00000176797	7881392	7882663	8
ENSG00000131721	120158613	120165630	X
ENSG00000171711	7894677	7896716	8
ENSG00000215356	7926337	7952413	8
ENSG00000288841	131432759	131446473	9
ENSG00000107099	214854	465259	9
ENSG00000254788	66552587	66579135	16
ENSG00000177485	120250752	120258398	X
ENSG00000138785	105682627	105895986	4
ENSG00000237038	7971661	7973253	8
ENSG00000225327	7976393	7977985	8
ENSG00000140932	66579448	66588275	16
ENSG00000233115	8011782	8017011	8
ENSG00000125355	120258650	120311556	X
ENSG00000215354	8019429	8024652	8
ENSG00000254229	8027077	8031818	8
ENSG00000147654	109539711	109570072	8
ENSG00000140931	66603874	66613892	16
ENSG00000253305	141408021	141512975	5
ENSG00000137757	104994235	105023168	11
ENSG00000175471	94703690	95285094	5
ENSG00000170279	148590766	148615860	7
ENSG00000204131	71910845	72161750	X
ENSG00000138642	88378739	88443097	4
ENSG00000106462	148807257	148884321	7
ENSG00000176020	49716829	49719684	3
ENSG00000173540	49716844	49723973	3
ENSG00000102309	72181353	72302926	X
ENSG00000137875	52109263	52112775	15
ENSG00000184574	6618835	6635960	12
ENSG00000186166	118998138	119015793	11
ENSG00000069869	55826922	55993660	15
ENSG00000111644	6638075	6647433	12
ENSG00000289767	109539726	109539800	8
ENSG00000147642	109573978	109691791	8
ENSG00000186871	72204657	72239027	X
ENSG00000198034	72255679	72277248	X
ENSG00000183723	66614750	66696743	16
ENSG00000145293	82430590	82461177	4
ENSG00000188800	40245947	40251684	1
ENSG00000231852	32038327	32041644	6
ENSG00000118181	119015712	119018691	11
ENSG00000125931	72301638	72307187	X
ENSG00000084073	40258041	40294180	1
ENSG00000166170	103556545	103562657	14
ENSG00000128040	56809860	56821742	4
ENSG00000126214	103561896	103714249	14
ENSG00000185359	81683326	81703138	17
ENSG00000188603	28474111	28495575	16
ENSG00000187288	9866711	9880255	3
ENSG00000049089	40300489	40317813	1
ENSG00000196655	119018763	119025454	11
ENSG00000179010	6640091	6642729	4
ENSG00000111653	6650301	6663142	12
ENSG00000011243	15380050	15419141	19
ENSG00000249948	22692914	22819575	4
ENSG00000086758	53532096	53686752	X
ENSG00000055118	150944961	150978321	7
ENSG00000138778	103105349	103198445	4
ENSG00000114648	47282917	47346816	3
ENSG00000153404	92168	189972	5
ENSG00000188199	79703227	79714681	10
ENSG00000108021	5684731	5763779	10
ENSG00000156976	186783205	186789897	3
ENSG00000132915	149857953	149944793	5
ENSG00000161714	45108959	45133354	17
ENSG00000172375	119102198	119118544	11
ENSG00000119943	98383565	98415182	10
ENSG00000177910	88129305	88138475	9
ENSG00000090054	92000087	92115413	9
ENSG00000180573	26124145	26139116	6
ENSG00000135205	77122434	77329533	7
ENSG00000282988	26195595	26199293	6
ENSG00000181513	45132600	45144181	17
ENSG00000197409	26196784	26197286	6
ENSG00000196866	26198784	26199293	6
ENSG00000124575	26234212	26234987	6
ENSG00000274618	26240393	26240793	6
ENSG00000275663	26246611	26246996	6
ENSG00000277775	26250142	26250635	6
ENSG00000278588	26272931	26273412	6
ENSG00000186470	26365159	26378320	6
ENSG00000107521	98410939	98446963	10
ENSG00000187801	40450102	40463718	1
ENSG00000155850	149960758	149993455	5
ENSG00000158887	161304735	161309968	1
ENSG00000197375	132369710	132395613	5
ENSG00000155428	72959485	72969466	7
ENSG00000145220	4267701	4290154	4
ENSG00000159335	6765516	6770952	12
ENSG00000255054	25811470	25823744	1
ENSG00000117640	25818640	25832942	1
ENSG00000236609	6615610	6624290	7
ENSG00000173610	69588417	69653249	4
ENSG00000205903	6637318	6658279	7
ENSG00000170426	56923133	56934408	12
ENSG00000172273	119121580	119136059	11
ENSG00000186834	45148475	45152099	17
ENSG00000166856	56994492	56998447	12
ENSG00000136448	44957992	45109016	17
ENSG00000124508	26383096	26394874	6
ENSG00000166860	56998836	57006546	12
ENSG00000119397	121074660	121177729	9
ENSG00000164404	132861181	132866884	5
ENSG00000166863	57010000	57028883	12
ENSG00000164631	6688433	6706947	7
ENSG00000187821	185018490	185020953	4
ENSG00000188818	795605	858973	5
ENSG00000106077	73736094	73738852	7
ENSG00000152595	87821398	87846814	4
ENSG00000185115	29264989	29269822	15
ENSG00000163093	169479480	169506655	2
ENSG00000172350	119149052	119162653	11
ENSG00000034053	28884483	29118315	15
ENSG00000150625	175632934	176002664	4
ENSG00000289758	98414002	98446920	10
ENSG00000067057	3066333	3137718	10
ENSG00000112852	141094606	141098703	5
ENSG00000161381	39063313	39154394	17
ENSG00000285765	7579644	7582653	8
ENSG00000104957	13731760	13763296	19
ENSG00000183770	138944224	138947137	3
ENSG00000113205	141100473	141103827	5
ENSG00000206262	138947217	138953990	3
ENSG00000081818	141121818	141125623	5
ENSG00000285687	7571995	7575006	8
ENSG00000113209	141135206	141138615	5
ENSG00000285975	7556700	7559712	8
ENSG00000206260	139003962	139006268	3
ENSG00000251569	169479480	169525922	2
ENSG00000184814	139019031	139020926	3
ENSG00000285937	7738387	7741396	8
ENSG00000233701	139042102	139044892	3
ENSG00000285607	7761330	7764340	8
ENSG00000239474	169509702	169526258	2
ENSG00000113211	141150057	141153287	5
ENSG00000285720	7746034	7749044	8
ENSG00000113212	141172644	141176383	5
ENSG00000114113	139452884	139480747	3
ENSG00000120322	141177790	141180539	5
ENSG00000285913	7723091	7726101	8
ENSG00000272674	141182387	141186226	5
ENSG00000169894	100949534	100968347	7
ENSG00000285657	7753682	7756692	8
ENSG00000127423	25831913	25859458	1
ENSG00000285814	7715443	7718453	8
ENSG00000177839	141187127	141191541	5
ENSG00000138399	169528508	169573875	2
ENSG00000285620	7730739	7733749	8
ENSG00000163428	120324509	120349354	3
ENSG00000285950	7768977	7771988	8
ENSG00000120324	141192353	141195647	5
ENSG00000182749	25861484	25875708	1
ENSG00000153707	8314246	10613002	9
ENSG00000129691	38105493	38144076	8
ENSG00000197479	141199610	141203779	5
ENSG00000117632	25884181	25906991	1
ENSG00000120328	141208697	141212571	5
ENSG00000172367	119185457	119190223	11
ENSG00000206557	32817997	32897824	3
ENSG00000187372	141213919	141218979	5
ENSG00000037757	13764522	13774282	19
ENSG00000169876	101020072	101058859	7
ENSG00000120327	141223343	141227759	5
ENSG00000026950	26402237	26415208	6
ENSG00000140263	45023147	45077185	15
ENSG00000279983	141223372	141245861	5
ENSG00000113248	141245395	141249365	5
ENSG00000157150	12153068	12158912	3
ENSG00000178913	141259884	141320784	5
ENSG00000120329	141302635	141304049	5
ENSG00000273841	69362026	69370013	5
ENSG00000104979	13774456	13778773	19
ENSG00000132024	13906201	13930879	19
ENSG00000164093	110617423	110642123	4
ENSG00000169871	101085481	101097967	7
ENSG00000107331	137007234	137028915	9
ENSG00000114209	167683298	167734939	3
ENSG00000166866	57028517	57051198	12
ENSG00000138398	169584342	169641406	2
ENSG00000105991	27092993	27096000	7
ENSG00000120729	137867858	137887851	5
ENSG00000105996	27100354	27102686	7
ENSG00000187147	44405194	44651724	1
ENSG00000140279	45092650	45114172	15
ENSG00000141748	39156894	39167484	17
ENSG00000111801	26440472	26453415	6
ENSG00000197576	27128507	27130780	7
ENSG00000141750	39210541	39225945	17
ENSG00000078795	137887968	137942747	5
ENSG00000076706	119308529	119321521	11
ENSG00000165630	13586939	13668445	10
ENSG00000164167	146175703	146200000	4
ENSG00000164944	94487689	94553529	8
ENSG00000106004	27141052	27143681	7
ENSG00000106006	27145396	27150603	7
ENSG00000120519	146253975	146522372	4
ENSG00000122592	27153716	27157936	7
ENSG00000140274	45114326	45118421	15
ENSG00000170190	75087727	75106162	17
ENSG00000078399	27162438	27175180	7
ENSG00000257184	27163535	27180013	7
ENSG00000005073	27181157	27185232	7
ENSG00000131142	8052318	8062660	19
ENSG00000137857	45129933	45165576	15
ENSG00000113141	140647058	140662480	5
ENSG00000130377	6135247	6193094	19
ENSG00000106031	27193503	27200091	7
ENSG00000109272	73853296	73854483	4
ENSG00000126106	44635238	44674481	1
ENSG00000163739	73869393	73871308	4
ENSG00000125449	75109952	75130272	17
ENSG00000106038	27242700	27250493	7
ENSG00000163737	73980811	73982027	4
ENSG00000125458	75130225	75131757	17
ENSG00000288796	73981074	73988190	4
ENSG00000104413	94641074	94707466	8
ENSG00000111875	118894152	118909171	6
ENSG00000163736	73986439	73988190	4
ENSG00000166881	57055643	57088063	12
ENSG00000111877	118813442	118935162	6
ENSG00000198520	44674692	44725591	1
ENSG00000163735	73995642	73998677	4
ENSG00000175535	116545931	116567855	10
ENSG00000173020	67266473	67286556	11
ENSG00000163734	74036589	74038807	4
ENSG00000130305	73302516	73308826	7
ENSG00000250673	146214515	146232267	4
ENSG00000138767	77713387	77819615	4
ENSG00000166886	57089043	57095476	12
ENSG00000137124	38392702	38398661	9
ENSG00000266200	116620953	116645143	10
ENSG00000137142	38406528	38424454	9
ENSG00000189159	75135248	75168281	17
ENSG00000108219	80454265	80533124	10
ENSG00000135333	93240020	93419687	6
ENSG00000214654	120792403	120801787	9
ENSG00000109758	3441968	3449486	4
ENSG00000137145	19230435	19374281	9
ENSG00000166888	57095408	57132139	12
ENSG00000142945	44739818	44767767	1
ENSG00000146755	73312536	73328082	7
ENSG00000063601	150692971	150765108	X
ENSG00000175920	3463306	3501473	4
ENSG00000115750	9843443	9934416	2
ENSG00000077800	73328161	73358637	7
ENSG00000080824	102080742	102139699	14
ENSG00000163956	3503612	3532446	4
ENSG00000172932	67289300	67302485	11
ENSG00000188612	75165586	75182959	17
ENSG00000167642	38244035	38292615	19
ENSG00000107819	101031234	101041241	10
ENSG00000163536	167735243	167825569	3
ENSG00000125450	75205659	75235758	17
ENSG00000164220	76615482	76623413	5
ENSG00000134317	9951693	10002277	2
ENSG00000135297	73461578	73509236	6
ENSG00000181104	76716126	76735770	5
ENSG00000164251	76818933	76835315	5
ENSG00000214279	133453928	133523558	10
ENSG00000159788	3293021	3439913	4
ENSG00000120129	172768096	172771195	5
ENSG00000153993	84995553	85187056	7
ENSG00000078304	101761709	101927989	14
ENSG00000204022	88586753	88606976	10
ENSG00000137154	19375715	19380236	9
ENSG00000172830	67303478	67312607	11
ENSG00000114698	146192335	146251179	3
ENSG00000037241	172958729	172969771	5
ENSG00000264717	47918662	47923524	10
ENSG00000167641	38251237	38256532	19
ENSG00000155252	97640671	97676434	10
ENSG00000156162	94719703	94793836	8
ENSG00000186073	36579626	36810248	15
ENSG00000274070	74964705	75031528	7
ENSG00000177076	19409009	19452505	9
ENSG00000267748	38289151	38304910	19
ENSG00000107833	101781325	101783446	10
ENSG00000113732	172983771	173035445	5
ENSG00000167645	38303558	38317273	19
ENSG00000029993	150980509	150990771	X
ENSG00000155886	19507452	19789037	9
ENSG00000274523	75027122	75074228	7
ENSG00000264006	5153920	5185187	10
ENSG00000172059	10042849	10054836	2
ENSG00000164463	173056352	173139284	5
ENSG00000142937	44775251	44778779	1
ENSG00000124486	41085445	41236579	X
ENSG00000107036	5629025	5776557	9
ENSG00000171848	10120698	10211725	2
ENSG00000156170	94895533	95116455	8
ENSG00000119919	99532942	99536524	10
ENSG00000142959	44783585	44788170	1
ENSG00000125447	75236599	75262363	17
ENSG00000113734	173144442	173164387	5
ENSG00000285932	99651595	99732112	10
ENSG00000198018	99659509	99711241	10
ENSG00000172613	67317871	67398410	11
ENSG00000173846	44800377	44805990	1
ENSG00000119929	99702558	99756134	10
ENSG00000188763	73433778	73436120	7
ENSG00000014919	99710868	99732127	10
ENSG00000146587	5045821	5069487	7
ENSG00000156172	95244913	95269201	8
ENSG00000004846	20615667	20777038	7
ENSG00000108091	59788747	59906556	10
ENSG00000147408	19404161	19758029	8
ENSG00000175202	72675798	72686182	15
ENSG00000117425	44819844	44843253	1
ENSG00000140463	72686179	72738475	15
ENSG00000145642	64690442	64718190	5
ENSG00000188313	146515180	146544856	3
ENSG00000170312	60778331	60794852	10
ENSG00000110697	67491768	67506263	11
ENSG00000153006	64718148	64768691	5
ENSG00000113719	172834251	172952792	5
ENSG00000070785	44850522	44986722	1
ENSG00000109381	139028112	139177218	4
ENSG00000115756	10302889	10427617	2
ENSG00000155287	99610519	99622793	10
ENSG00000120215	5890889	5910606	9
ENSG00000288677	22130458	22131010	8
ENSG00000178287	7847876	7868867	8
ENSG00000126107	45002540	45011324	1
ENSG00000148826	132783179	132786147	10
ENSG00000129514	37589552	37596059	14
ENSG00000171811	132808392	132942823	10
ENSG00000011114	93237550	93333092	14
ENSG00000099219	5749832	5879537	9
ENSG00000153015	64766368	65102412	5
ENSG00000072195	219434843	219493629	2
ENSG00000120913	22578279	22598025	8
ENSG00000167644	38304164	38305006	19
ENSG00000126088	45010950	45015575	1
ENSG00000113810	160399274	160434954	3
ENSG00000174951	48748011	48755390	19
ENSG00000171130	149872968	149891204	7
ENSG00000135222	69955256	69965728	4
ENSG00000104907	13104902	13117567	19
ENSG00000159322	72751294	72785846	15
ENSG00000187581	93347182	93348356	14
ENSG00000146083	176526712	176538025	5
ENSG00000175785	93718298	93788485	14
ENSG00000109205	70195725	70204576	4
ENSG00000167797	67506497	67508649	11
ENSG00000140067	93918894	93929608	14
ENSG00000106052	27739331	27844564	7
ENSG00000125445	75261674	75266376	17
ENSG00000136404	83107572	83144854	15
ENSG00000182521	55414210	55456726	14
ENSG00000068400	48973720	49002265	X
ENSG00000074276	176542511	176595974	5
ENSG00000167791	67518912	67524517	11
ENSG00000125454	75272981	75289510	17
ENSG00000133958	93333219	93707876	14
ENSG00000084207	67583742	67586656	11
ENSG00000286143	219491867	219498244	2
ENSG00000181617	70226124	70235252	4
ENSG00000124006	219550728	219571859	2
ENSG00000105270	36014660	36033343	19
ENSG00000164323	185159665	185209504	4
ENSG00000166503	83112738	83207823	15
ENSG00000258728	34646631	34661886	9
ENSG00000167792	67605653	67612554	11
ENSG00000162408	6521347	6554513	1
ENSG00000137070	34652162	34661902	9
ENSG00000109762	185204237	185370185	4
ENSG00000169594	83255884	83284664	15
ENSG00000049192	65148738	65481920	5
ENSG00000173662	6555307	6579755	1
ENSG00000137802	41774434	41827855	15
ENSG00000161277	36034984	36054739	19
ENSG00000119321	113161006	113221458	9
ENSG00000105258	36113709	36115213	19
ENSG00000204859	6579994	6589280	1
ENSG00000061273	47782722	47833132	12
ENSG00000177885	75318076	75405709	17
ENSG00000105254	36114289	36125947	19
ENSG00000197416	81524981	81590139	8
ENSG00000170469	139396563	139404089	5
ENSG00000225781	143052341	143053282	7
ENSG00000221910	143935233	143936186	7
ENSG00000221989	144109583	144110539	7
ENSG00000171316	60678740	60868028	8
ENSG00000198822	86643909	86864879	7
ENSG00000288629	89579592	89579654	1
ENSG00000171488	89633072	89769903	1
ENSG00000123999	219569162	219575711	2
ENSG00000144589	219597857	219616451	2
ENSG00000108666	32324565	32350023	17
ENSG00000091073	76461676	76505995	7
ENSG00000145476	186191567	186213463	4
ENSG00000070886	22563489	22603595	1
ENSG00000175857	58491435	58497090	5
ENSG00000183032	36677921	37172606	14
ENSG00000126247	36139953	36150353	19
ENSG00000061492	138083990	138092365	5
ENSG00000088926	186266189	186289681	4
ENSG00000119285	236549005	236604516	1
ENSG00000156030	73715122	73790285	14
ENSG00000175895	95115642	95156698	8
ENSG00000124588	2987987	3019755	6
ENSG00000112981	138115175	138139443	5
ENSG00000167799	67627938	67629937	11
ENSG00000132744	67642555	67650730	11
ENSG00000031003	137937960	138051961	5
ENSG00000213186	160432445	160485773	3
ENSG00000197901	62936385	62984967	11
ENSG00000108298	39200283	39204840	17
ENSG00000186432	160495007	160565571	3
ENSG00000178966	83980798	84004074	9
ENSG00000114923	219627394	219641980	2
ENSG00000186146	9444414	9450666	4
ENSG00000250317	25861830	25929813	4
ENSG00000151917	56955107	57027346	6
ENSG00000165269	33383179	33402682	9
ENSG00000092096	23346314	23352912	14
ENSG00000174137	1617915	1684313	4
ENSG00000168116	57046532	57055239	6
ENSG00000145416	163524298	164384050	4
ENSG00000197062	28267058	28278224	6
ENSG00000169856	52755053	52791078	15
ENSG00000092067	23117036	23120256	14
ENSG00000203734	138795911	138904070	6
ENSG00000104133	44554818	44663688	15
ENSG00000139865	37595629	38041442	14
ENSG00000181222	7484366	7514616	17
ENSG00000204604	52838010	52857649	19
ENSG00000149452	62989154	63015841	11
ENSG00000179674	160677160	160678448	3
ENSG00000244020	237004103	237004441	1
ENSG00000083937	87227271	87255556	3
ENSG00000183018	4498881	4539035	17
ENSG00000075702	36054649	36105108	19
ENSG00000117758	27773219	27824443	1
ENSG00000179468	143026200	143027132	7
ENSG00000064419	128954180	129055173	7
ENSG00000164347	74721206	74767147	5
ENSG00000114251	55465715	55490539	3
ENSG00000165271	33461353	33473930	9
ENSG00000164674	158650014	158764876	6
ENSG00000132382	4538897	4555386	17
ENSG00000117751	27830782	27851676	1
ENSG00000186340	169215780	169254050	6
ENSG00000183833	119703022	119767102	3
ENSG00000185246	45084107	45116282	14
ENSG00000149742	63369785	63410294	11
ENSG00000115884	20200797	20225433	2
ENSG00000130713	130693721	130707288	9
ENSG00000132256	5663195	5938619	11
ENSG00000143878	20447074	20449440	2
ENSG00000130775	27872543	27886685	1
ENSG00000138430	174072447	174248599	2
ENSG00000100442	45115599	45135319	14
ENSG00000111424	47841537	47943048	12
ENSG00000167741	4556927	4560818	17
ENSG00000117748	27891524	27914746	1
ENSG00000285585	119703076	119807570	3
ENSG00000129534	45203190	45253540	14
ENSG00000112337	25912754	25930691	6
ENSG00000178403	112513516	112516180	4
ENSG00000285480	151207837	151210488	7
ENSG00000226690	12469621	12542222	7
ENSG00000151474	13643706	14462142	10
ENSG00000164346	74766991	74780113	5
ENSG00000188176	4583999	4608319	17
ENSG00000170906	54102728	54109257	19
ENSG00000114767	51933429	51941904	3
ENSG00000138658	112539333	112636995	4
ENSG00000182095	5306790	5425414	7
ENSG00000212864	137220247	137222240	9
ENSG00000165684	136375567	136400176	9
ENSG00000217236	174334954	174338500	2
ENSG00000161905	4630919	4642294	17
ENSG00000138433	174348022	174395712	2
ENSG00000132254	6474683	6481479	11
ENSG00000198780	74777574	74866966	5
ENSG00000180929	51955381	51957499	3
ENSG00000134291	47963569	47968878	12
ENSG00000117122	16974502	16980632	1
ENSG00000187790	45135930	45200890	14
ENSG00000114786	51974706	51989183	3
ENSG00000283329	38694266	38720133	9
ENSG00000137252	55106460	55282617	6
ENSG00000119508	99821855	99866891	9
ENSG00000144306	174395730	174429575	2
ENSG00000204701	29108058	29114770	6
ENSG00000141456	4669774	4704337	17
ENSG00000205277	100969565	101018939	7
ENSG00000204657	29585121	29590500	6
ENSG00000203907	73368555	73395133	6
ENSG00000105618	54115410	54131719	19
ENSG00000124701	41053202	41064891	6
ENSG00000268223	116032324	116060118	5
ENSG00000204520	31399784	31415315	6
ENSG00000019582	150401637	150412969	5
ENSG00000136874	99906654	99974534	9
ENSG00000159363	16985958	17011928	1
ENSG00000151151	58191517	58267894	10
ENSG00000078487	100400826	100428992	7
ENSG00000122873	58269162	58289586	10
ENSG00000283977	6481485	6508978	11
ENSG00000174720	112637077	112657696	4
ENSG00000132286	6481501	6484681	11
ENSG00000205279	127649082	127658630	5
ENSG00000107485	8045378	8075198	10
ENSG00000213347	177301461	177312757	5
ENSG00000112739	4021267	4064983	6
ENSG00000141480	4710596	4721499	17
ENSG00000166340	6612768	6619448	11
ENSG00000139219	47972967	48004554	12
ENSG00000243989	51983340	51989197	3
ENSG00000204120	232697299	232860605	2
ENSG00000178177	17841187	18021876	4
ENSG00000155506	154682986	154817605	5
ENSG00000170379	143620952	143730410	7
ENSG00000136861	120388875	120580170	9
ENSG00000156515	69269984	69401884	10
ENSG00000109610	24789912	24800842	4
ENSG00000181982	24803514	24980204	4
ENSG00000145975	4049434	4087344	6
ENSG00000185177	57117676	57139864	7
ENSG00000105617	54155161	54159721	19
ENSG00000219545	7640711	7968020	7
ENSG00000167608	54160108	54173250	19
ENSG00000164707	135681231	135729258	7
ENSG00000138760	76158737	76234536	4
ENSG00000117118	17018722	17054032	1
ENSG00000198721	4115693	4135597	6
ENSG00000106304	123925237	123971414	7
ENSG00000117115	17066761	17119451	1
ENSG00000125505	54173412	54189882	19
ENSG00000105997	27106184	27152583	7
ENSG00000142623	17205128	17246007	1
ENSG00000174945	2679522	2775500	7
ENSG00000142619	17249098	17284233	1
ENSG00000197123	64228474	64266931	7
ENSG00000161920	4731428	4733608	17
ENSG00000234444	64307459	64356634	7
ENSG00000142871	85580761	85584589	1
ENSG00000141497	4739833	4746119	17
ENSG00000170892	54189938	54194536	19
ENSG00000079387	48042897	48106079	12
ENSG00000182545	20505537	20513884	14
ENSG00000258436	20590073	20591376	14
ENSG00000172717	67189393	67228550	14
ENSG00000173041	64519878	64563075	7
ENSG00000205403	109731008	109802150	4
ENSG00000273238	573880	576295	4
ENSG00000143512	222522258	222548104	1
ENSG00000133256	625573	670782	4
ENSG00000214022	150368189	150374044	7
ENSG00000142484	4771884	4783213	17
ENSG00000249141	166858094	166956124	6
ENSG00000170889	54200809	54249003	19
ENSG00000182853	4785285	4786433	17
ENSG00000026297	166922113	166957191	6
ENSG00000143498	222557902	222589933	1
ENSG00000182327	4788964	4790589	17
ENSG00000142507	4796144	4798502	17
ENSG00000196456	150368790	150398630	7
ENSG00000100532	54509812	54539292	14
ENSG00000171115	150450630	150479393	7
ENSG00000129219	4807152	4823434	17
ENSG00000086598	123584533	123598582	12
ENSG00000106526	150243916	150323725	7
ENSG00000164600	31337465	31340726	7
ENSG00000111364	123602077	123620943	12
ENSG00000182218	99645129	99680569	14
ENSG00000154305	222618097	222668007	1
ENSG00000106341	31687215	31708455	7
ENSG00000162244	51993522	51995895	3
ENSG00000166780	15434475	15625028	16
ENSG00000170782	6876625	6877619	11
ENSG00000213462	64990356	65006743	7
ENSG00000134824	61792980	61867354	11
ENSG00000036530	99684298	99727301	14
ENSG00000244482	54236592	54242791	19
ENSG00000216937	32446140	32882874	10
ENSG00000198039	64870172	64930981	7
ENSG00000133392	15703135	15857028	16
ENSG00000169020	672436	674330	4
ENSG00000181472	151364115	151391559	6
ENSG00000155906	151398898	151452158	6
ENSG00000164086	52048919	52056571	3
ENSG00000164548	23504780	23532041	7
ENSG00000169026	681829	689271	4
ENSG00000178172	148202794	148215137	5
ENSG00000164087	52075226	52154690	3
ENSG00000111361	123620406	123633766	12
ENSG00000248109	148221650	148243580	5
ENSG00000214510	148268180	148286255	5
ENSG00000066629	99737693	99942060	14
ENSG00000196800	148168546	148175619	5
ENSG00000141503	4833340	4898061	17
ENSG00000145777	111070062	111078026	5
ENSG00000146476	151452258	151470101	6
ENSG00000023330	52198086	52214327	3
ENSG00000105609	54249421	54257301	19
ENSG00000134987	111092321	111130502	5
ENSG00000186063	222668013	222713210	1
ENSG00000120262	151494017	151621193	6
ENSG00000169193	23597382	23644708	7
ENSG00000111358	123633739	123662604	12
ENSG00000173113	64316460	64317559	11
ENSG00000137504	85657742	85682908	11
ENSG00000197061	26103933	26104337	6
ENSG00000168993	784957	826129	4
ENSG00000183807	116752197	116765719	6
ENSG00000174914	56699095	56703884	11
ENSG00000196998	49074433	49101170	X
ENSG00000254466	59473315	59479361	11
ENSG00000173612	116792085	116829083	6
ENSG00000188211	17351800	17377341	11
ENSG00000188732	23680130	23703249	7
ENSG00000162819	222712553	222735196	1
ENSG00000215375	673580	682028	4
ENSG00000131042	54273812	54281184	19
ENSG00000109906	114059041	114256765	11
ENSG00000169223	177315805	177351840	5
ENSG00000185002	116877212	116932161	6
ENSG00000173366	52221081	52231190	3
ENSG00000113328	163437569	163446151	5
ENSG00000247596	52228612	52246788	3
ENSG00000176571	86866415	87615219	8
ENSG00000006611	17493895	17544416	11
ENSG00000164088	52245759	52250599	3
ENSG00000169435	73571550	73620631	4
ENSG00000105808	102579646	102616756	7
ENSG00000153310	129839593	130017504	8
ENSG00000180658	131699644	131701401	6
ENSG00000236761	131708441	131711017	6
ENSG00000015171	130088	254637	10
ENSG00000118523	131948176	131951372	6
ENSG00000170584	163446526	163460102	5
ENSG00000118518	127266726	127288567	6
ENSG00000172345	81309053	81324183	15
ENSG00000187554	223109404	223143248	1
ENSG00000072571	163460203	163491941	5
ENSG00000164091	52254434	52288020	3
ENSG00000169429	73740519	73743716	4
ENSG00000072840	5711201	5814305	4
ENSG00000164010	42817122	42844991	1
ENSG00000124812	49834257	49877096	6
ENSG00000188869	81331088	81374213	15
ENSG00000168237	52287089	52295257	3
ENSG00000163930	52401008	52410008	3
ENSG00000177684	49960249	49964164	6
ENSG00000214642	49968677	49969625	6
ENSG00000181215	5897373	6200555	4
ENSG00000203970	50009138	50021994	6
ENSG00000284684	6064977	6070162	4
ENSG00000001630	92084987	92134803	7
ENSG00000284626	90234200	90265462	15
ENSG00000261147	90249556	90272208	15
ENSG00000174123	38772238	38782990	4
ENSG00000180872	50042099	50049929	6
ENSG00000254440	138215986	138218491	6
ENSG00000244694	47856673	48111197	6
ENSG00000182768	90265659	90275778	15
ENSG00000164011	42846573	42852477	1
ENSG00000227729	103940426	103942561	14
ENSG00000166183	104085686	104115582	14
ENSG00000198315	28141883	28159460	6
ENSG00000275674	90266317	90314499	15
ENSG00000185344	123712353	123761755	12
ENSG00000213214	144186083	144195879	7
ENSG00000103876	80152490	80186946	15
ENSG00000174125	38790677	38856817	4
ENSG00000001631	92197498	92246166	7
ENSG00000154309	222815022	223005995	1
ENSG00000174130	38822897	38856817	4
ENSG00000188162	17547259	17647150	11
ENSG00000197712	38867677	38945739	4
ENSG00000163923	187120948	187180908	3
ENSG00000135298	68635282	69390571	6
ENSG00000066735	104136454	104180894	14
ENSG00000108556	4897771	4934438	17
ENSG00000085365	78360611	78480739	5
ENSG00000104880	7348937	7472485	19
ENSG00000073849	186930325	187078553	3
ENSG00000203857	119507198	119515054	1
ENSG00000198077	40875439	40882752	19
ENSG00000205710	4899418	4902934	17
ENSG00000288712	68635890	68635967	6
ENSG00000197653	123762188	123935720	12
ENSG00000143067	119619377	119648266	1
ENSG00000108784	42536241	42544449	17
ENSG00000280236	29395631	29398008	6
ENSG00000134240	119748002	119768905	1
ENSG00000204687	29486697	29487956	6
ENSG00000243729	29353749	29431967	6
ENSG00000112462	29373423	29375291	6
ENSG00000118432	88139864	88166347	6
ENSG00000089775	64449106	64505213	14
ENSG00000204252	33004182	33009591	6
ENSG00000179841	64465499	64474503	14
ENSG00000183801	7485388	7511377	11
ENSG00000108786	42552922	42555214	17
ENSG00000168310	184385702	184474558	4
ENSG00000099785	8413270	8439017	19
ENSG00000134193	119794017	119811580	1
ENSG00000100714	64388031	64463457	14
ENSG00000223865	33075990	33089696	6
ENSG00000164256	23443586	23528093	5
ENSG00000166387	7513298	7657127	11
ENSG00000068120	42561467	42566277	17
ENSG00000189144	37735833	37817300	19
ENSG00000163884	126342635	126357408	3
ENSG00000132842	78000522	78294762	5
ENSG00000134249	119893533	119896515	1
ENSG00000092621	119648411	119744218	1
ENSG00000163885	126394909	126436556	3
ENSG00000257103	34172504	34229288	19
ENSG00000131470	42572310	42577831	17
ENSG00000259417	80195481	80252213	15
ENSG00000070476	126437601	126475891	3
ENSG00000128951	48331011	48343373	15
ENSG00000204231	33193588	33200665	6
ENSG00000099875	2037465	2051244	19
ENSG00000077782	38400215	38468834	8
ENSG00000159650	126481166	126517773	3
ENSG00000152137	119171555	119224855	12
ENSG00000204228	33204655	33206831	6
ENSG00000110841	27523431	27695564	12
ENSG00000100697	95086228	95158010	14
ENSG00000204227	33208500	33212722	6
ENSG00000180697	126526999	126558965	3
ENSG00000132026	12825478	12835428	19
ENSG00000141699	42579513	42610623	17
ENSG00000181541	150582151	150584693	4
ENSG00000115474	232765802	232776565	2
ENSG00000223501	33250272	33272047	6
ENSG00000174004	196639694	196662004	3
ENSG00000198589	150264435	151015727	4
ENSG00000180370	196739857	196832647	3
ENSG00000066248	232878701	233013256	2
ENSG00000176046	28532708	28539008	16
ENSG00000197165	28591943	28597050	16
ENSG00000174007	196706277	196712250	3
ENSG00000037042	42659284	42667006	17
ENSG00000166147	48408313	48645721	15
ENSG00000175161	84958989	86074429	3
ENSG00000068137	42667914	42676994	17
ENSG00000105707	35040506	35066573	19
ENSG00000260851	66469812	66517312	16
ENSG00000115488	233032672	233035057	2
ENSG00000166548	66508003	66552544	16
ENSG00000138435	174747592	174787935	2
ENSG00000167900	78174091	78187233	17
ENSG00000198805	20461992	20477094	14
ENSG00000184432	139353946	139389736	3
ENSG00000188368	42302098	42310814	19
ENSG00000261341	50776141	50793142	19
ENSG00000027644	156840063	156859117	1
ENSG00000188321	9323772	9351162	19
ENSG00000166394	7665100	7677222	11
ENSG00000231500	33272075	33276511	6
ENSG00000089685	78214186	78225636	17
ENSG00000130764	3778559	3796498	1
ENSG00000164334	119629558	119635822	5
ENSG00000162980	151788984	151828492	2
ENSG00000148737	112950247	113167678	10
ENSG00000170458	140631728	140633700	5
ENSG00000038274	163503114	163519558	5
ENSG00000172053	49095932	49105130	3
ENSG00000165861	72969451	73027131	14
ENSG00000235863	33277123	33284832	6
ENSG00000227057	33279108	33289247	6
ENSG00000284770	235367360	235452443	1
ENSG00000163214	38797729	38875934	2
ENSG00000125743	45687460	45692569	19
ENSG00000181827	56087280	56245082	15
ENSG00000171942	15728024	15729052	19
ENSG00000260001	7914830	7919097	19
ENSG00000261949	49423749	49428987	19
ENSG00000179284	12965159	12974760	19
ENSG00000172519	15787661	15800357	19
ENSG00000137656	116748170	116772987	11
ENSG00000171936	15737985	15742343	19
ENSG00000237521	9247344	9252625	19
ENSG00000094661	15082211	15092970	19
ENSG00000180448	1065923	1086628	19
ENSG00000184619	8356902	8376704	17
ENSG00000198690	30890559	30943108	15
ENSG00000177469	42402449	42423256	17
ENSG00000204220	33289302	33298401	6
ENSG00000109917	116773799	116788039	11
ENSG00000174236	27696447	27697596	12
ENSG00000061794	27710822	27756295	12
ENSG00000168610	42313324	42388540	17
ENSG00000163170	74135400	74147912	2
ENSG00000171495	40998017	41071342	5
ENSG00000237441	33291654	33298942	6
ENSG00000285772	92112159	92179511	7
ENSG00000289027	92112176	92245924	7
ENSG00000148215	122788933	122789895	9
ENSG00000285953	92144723	92245943	7
ENSG00000087448	27780048	27803040	12
ENSG00000197768	137251261	137253483	9
ENSG00000119707	73058532	73123899	14
ENSG00000114978	74152528	74178898	2
ENSG00000196313	72879349	72951440	7
ENSG00000087494	27958084	27972733	12
ENSG00000065911	74186172	74217565	2
ENSG00000009954	73440406	73522293	7
ENSG00000198707	88049016	88142099	12
ENSG00000164975	15422734	15465953	9
ENSG00000106635	73536356	73557690	7
ENSG00000186723	15804549	15815664	19
ENSG00000127515	14840466	14848922	19
ENSG00000160113	17231883	17245919	19
ENSG00000166912	30938941	30991628	15
ENSG00000153071	39371675	39462300	5
ENSG00000110243	116789367	116792420	11
ENSG00000105619	54107020	54115657	19
ENSG00000110244	116820700	116823304	11
ENSG00000110245	116829706	116833072	11
ENSG00000130045	88534033	88584274	9
ENSG00000198722	35161992	35405338	9
ENSG00000006704	74453790	74602605	7
ENSG00000167977	2682523	2709030	16
ENSG00000181781	463346	474983	19
ENSG00000135913	218450251	218568351	2
ENSG00000236104	33314406	33317942	6
ENSG00000130202	44846175	44889223	19
ENSG00000285064	33321386	33329286	6
ENSG00000286920	33323628	33329279	6
ENSG00000204695	29301701	29313017	6
ENSG00000137204	43295694	43305538	6
ENSG00000118137	116835751	116837622	11
ENSG00000172382	2712419	2720551	16
ENSG00000187806	72398302	72408367	15
ENSG00000130204	44890569	44903689	19
ENSG00000145335	89700345	89838315	4
ENSG00000213614	72340924	72376420	15
ENSG00000007038	2817180	2826304	16
ENSG00000160584	116843402	117098437	11
ENSG00000146215	43299710	43308826	6
ENSG00000100767	73237497	73274640	14
ENSG00000110799	5948877	6124770	12
ENSG00000197594	131808016	131895155	6
ENSG00000130203	44905791	44909393	19
ENSG00000005001	2852730	2858170	16
ENSG00000145934	166979029	168264157	5
ENSG00000130208	44914247	44919349	19
ENSG00000153446	5044122	5066110	16
ENSG00000267467	44942237	44945496	19
ENSG00000224916	44942238	44949565	19
ENSG00000234906	44946035	44949565	19
ENSG00000237649	33391823	33409896	6
ENSG00000104853	44954585	44993341	19
ENSG00000140995	89948697	89968060	16
ENSG00000198855	108515277	108525837	12
ENSG00000113600	39284140	39371324	5
ENSG00000075856	108522214	108561400	12
ENSG00000112511	33410399	33416453	6
ENSG00000272391	75416786	75486299	7
ENSG00000144580	218568580	218597080	2
ENSG00000138722	89879532	89954629	4
ENSG00000214897	153395639	153401392	X
ENSG00000131187	177402133	177416583	5
ENSG00000067842	153517642	153582939	X
ENSG00000040275	169583636	169604778	5
ENSG00000133961	73275107	73458617	14
ENSG00000127946	75533298	75738962	7
ENSG00000184478	5938751	5951347	11
ENSG00000163738	74114174	74303099	4
ENSG00000184698	5383812	5393263	11
ENSG00000187918	5449323	5456518	11
ENSG00000168000	62689289	62709845	11
ENSG00000198837	153929501	153946718	1
ENSG00000115556	218607855	218637184	2
ENSG00000124882	74365145	74388749	4
ENSG00000188868	12317477	12333720	19
ENSG00000109321	74445136	74455005	4
ENSG00000112514	33416442	33418317	6
ENSG00000106823	92493554	92536655	9
ENSG00000198342	12345944	12365905	19
ENSG00000052802	165327667	165343164	4
ENSG00000196466	12390016	12401271	19
ENSG00000204767	169861303	169980495	5
ENSG00000268870	12391949	12441082	19
ENSG00000180855	12429706	12441021	19
ENSG00000106852	122202577	122229626	9
ENSG00000134516	169637268	170083382	5
ENSG00000160741	153947669	153958615	1
ENSG00000269755	12433103	12484816	19
ENSG00000109472	165361194	165498547	4
ENSG00000242852	12461184	12513854	19
ENSG00000181963	4449295	4450361	11
ENSG00000196778	4482646	4493497	11
ENSG00000182791	66590176	66593063	11
ENSG00000136003	108562582	108569368	12
ENSG00000173992	66593153	66606019	11
ENSG00000196826	12461559	12551474	19
ENSG00000073331	112285509	112442621	4
ENSG00000105607	12891160	12914207	19
ENSG00000006606	75769533	75789896	7
ENSG00000106178	75810825	75823356	7
ENSG00000074582	218658764	218663443	2
ENSG00000005486	75842602	75888926	7
ENSG00000239306	66616626	66629934	11
ENSG00000140548	90001324	90082206	15
ENSG00000204071	102140476	102142970	X
ENSG00000248643	66616626	66646469	11
ENSG00000143578	153967534	153974361	1
ENSG00000197283	33419661	33453689	6
ENSG00000183160	108589851	108598320	12
ENSG00000082458	70444835	70505490	X
ENSG00000173933	66638667	66668374	11
ENSG00000182054	90083045	90102477	15
ENSG00000161860	12898786	12919293	19
ENSG00000189077	75986831	75994656	7
ENSG00000134531	13196723	13219941	12
ENSG00000103168	84177847	84187070	16
ENSG00000179820	53864763	53876435	19
ENSG00000109189	52590960	52659301	4
ENSG00000173914	66664998	66677887	11
ENSG00000063046	53006282	53042215	12
ENSG00000126583	53879190	53907652	19
ENSG00000196391	90352284	90369146	15
ENSG00000134909	128965060	129279324	11
ENSG00000023318	99979185	100099052	9
ENSG00000170468	73490933	73493394	14
ENSG00000100906	35401079	35404749	14
ENSG00000140575	90388242	90502239	15
ENSG00000170088	165070608	165208549	4
ENSG00000132356	40759389	40798374	5
ENSG00000127952	75996338	76048004	7
ENSG00000151338	37197894	37579125	14
ENSG00000272297	186426546	186555328	4
ENSG00000143543	153974269	153977674	1
ENSG00000083857	186587794	186726722	4
ENSG00000163481	218663892	218672002	2
ENSG00000172037	49121114	49133118	3
ENSG00000196422	135479079	135488893	9
ENSG00000160345	135495181	135501734	9
ENSG00000155465	22773222	22829820	14
ENSG00000105605	53909278	53943950	19
ENSG00000145592	40825262	40835222	5
ENSG00000101811	100820391	100841520	X
ENSG00000285641	153975850	153986246	1
ENSG00000160349	135521438	135526540	9
ENSG00000143545	153981617	153986358	1
ENSG00000142408	53962937	53990215	19
ENSG00000163482	218672069	218702716	2
ENSG00000249581	17515165	17527104	4
ENSG00000132357	40841308	40860175	5
ENSG00000139155	20695332	20753386	12
ENSG00000130433	53991637	54012666	19
ENSG00000002549	17577198	17607972	4
ENSG00000146701	76048051	76067508	7
ENSG00000122136	135546126	135549969	9
ENSG00000095015	56815549	56896152	5
ENSG00000189068	54040825	54063953	19
ENSG00000177352	49162535	49166331	3
ENSG00000007952	100843324	100874359	X
ENSG00000011638	21158377	21180616	16
ENSG00000185909	49171598	49176486	3
ENSG00000177954	153990762	153992155	1
ENSG00000155542	56909260	56925532	5
ENSG00000126883	131125573	131234663	9
ENSG00000130997	2071918	2242121	4
ENSG00000162642	85249953	85259672	1
ENSG00000236980	49177634	49191858	3
ENSG00000163646	150926163	150972727	3
ENSG00000213588	33453970	33457544	6
ENSG00000062582	43866558	43869893	7
ENSG00000116198	3812086	3857396	1
ENSG00000120253	149724315	149749665	6
ENSG00000162066	2520357	2531422	16
ENSG00000139116	39293228	39443390	12
ENSG00000006837	134286350	134371047	5
ENSG00000270617	43866558	43906589	7
ENSG00000240303	132558138	132660082	3
ENSG00000171714	21782659	22283567	11
ENSG00000089558	42156891	42181142	17
ENSG00000106608	43875894	43926411	7
ENSG00000123933	2247432	2262109	4
ENSG00000105643	18001132	18014102	19
ENSG00000182489	100913445	100929433	X
ENSG00000161610	42184060	42185452	17
ENSG00000182492	153494980	153509546	X
ENSG00000159733	2269582	2418651	4
ENSG00000166145	40844018	40858207	15
ENSG00000167925	42188799	42194532	17
ENSG00000285991	149817937	149896011	6
ENSG00000120256	149818757	149864359	6
ENSG00000078967	43926436	43956136	7
ENSG00000203722	149916878	149923121	6
ENSG00000119048	134371184	134392108	5
ENSG00000105325	3506311	3538334	19
ENSG00000135912	218710835	218755416	2
ENSG00000129682	138614727	139222777	X
ENSG00000131015	149942014	149949235	6
ENSG00000237190	134402065	134411881	5
ENSG00000135317	85504776	85594156	6
ENSG00000274810	132558142	132722459	3
ENSG00000164330	158695916	159099916	5
ENSG00000010244	32350132	32381885	17
ENSG00000129048	132597270	132618967	3
ENSG00000099364	30923055	30948783	16
ENSG00000047056	1049538	1160991	10
ENSG00000101958	14529298	14731812	X
ENSG00000206113	2418974	2462942	4
ENSG00000088726	12733528	12769457	3
ENSG00000005893	120426148	120469365	X
ENSG00000243566	76510525	76516522	7
ENSG00000152208	92303966	93810157	4
ENSG00000179335	74598500	74645414	15
ENSG00000213928	24161234	24168043	14
ENSG00000197790	4545191	4546144	11
ENSG00000146707	76609986	76627279	7
ENSG00000255012	56609236	56614874	11
ENSG00000226807	141433829	141507230	8
ENSG00000099385	30833626	30894302	16
ENSG00000145860	159157409	159210053	5
ENSG00000176925	4821321	4822456	11
ENSG00000280204	58212720	58216084	11
ENSG00000284609	124395534	124399024	11
ENSG00000284680	124382394	124384499	11
ENSG00000170683	7937171	7941708	11
ENSG00000170790	6863057	6874717	11
ENSG00000172320	59436469	59451380	11
ENSG00000176893	4912588	4919350	11
ENSG00000176895	4903783	4909462	11
ENSG00000180974	5880629	5887079	11
ENSG00000181698	56274154	56276819	11
ENSG00000289346	74796150	74890585	7
ENSG00000196247	64666099	64711577	7
ENSG00000135929	218781749	218815293	2
ENSG00000172238	93828753	93830964	4
ENSG00000187486	17365172	17389331	11
ENSG00000242732	72127110	72131915	X
ENSG00000046653	13770939	13938638	X
ENSG00000226490	141514638	141518737	8
ENSG00000163104	94207611	94291292	4
ENSG00000169155	126805006	126838210	9
ENSG00000184933	6791736	6799689	11
ENSG00000103549	30761745	30776307	16
ENSG00000197428	4637477	4643060	11
ENSG00000180785	4643420	4655488	11
ENSG00000188124	6765626	6771976	11
ENSG00000136273	47963288	47979615	7
ENSG00000234560	124026798	124030634	11
ENSG00000110711	67468174	67491154	11
ENSG00000136859	127087348	127122635	9
ENSG00000169598	3857267	3885429	1
ENSG00000161091	3538261	3574290	19
ENSG00000107854	91798426	91865475	10
ENSG00000205497	4942831	4947605	11
ENSG00000169599	69396113	69437628	2
ENSG00000172890	71453109	71524107	11
ENSG00000172785	120837	179147	9
ENSG00000164332	159263290	159286036	5
ENSG00000180938	124973295	124979389	8
ENSG00000243279	49071161	49074002	X
ENSG00000165995	18140424	18543557	10
ENSG00000174460	118823824	118826968	X
ENSG00000104549	124998497	125022283	8
ENSG00000102172	21940709	21994837	X
ENSG00000164746	48035511	48061304	7
ENSG00000288626	147611590	147611796	1
ENSG00000162836	147629652	147670524	1
ENSG00000144713	12834485	12841582	3
ENSG00000184613	44508275	44921848	12
ENSG00000180638	19678288	19718979	17
ENSG00000113302	159314780	159330863	5
ENSG00000064961	3572777	3579088	19
ENSG00000077279	111293779	111412429	X
ENSG00000115568	218633329	218659655	2
ENSG00000129007	68190705	68206079	15
ENSG00000127152	99169287	99272197	14
ENSG00000158683	47740202	47948466	7
ENSG00000145740	69093991	69131069	5
ENSG00000290230	144078642	144084330	8
ENSG00000082701	119821321	120094994	3
ENSG00000178896	144078648	144080648	8
ENSG00000183476	78077808	78104370	15
ENSG00000147434	42752620	42796392	8
ENSG00000184716	43794162	43800220	15
ENSG00000188760	219543663	219550595	2
ENSG00000163106	94298535	94342876	4
ENSG00000153066	11679083	11742857	16
ENSG00000244411	71527267	71528669	11
ENSG00000092330	24238286	24242663	14
ENSG00000131931	42836674	42843325	8
ENSG00000109132	41744082	41748725	4
ENSG00000241233	71538025	71539209	11
ENSG00000254997	71548420	71549608	11
ENSG00000179855	3585478	3593541	19
ENSG00000116667	184387029	184629019	1
ENSG00000204572	71565563	71566735	11
ENSG00000198885	96325317	96330517	2
ENSG00000120925	42849637	42897290	8
ENSG00000163040	131527675	131533666	2
ENSG00000161328	537527	554912	11
ENSG00000007080	17933015	17943991	19
ENSG00000109133	41935129	41960803	4
ENSG00000125945	23359448	23369836	1
ENSG00000153406	4461691	4495763	16
ENSG00000167202	77984036	78077724	15
ENSG00000184544	9771434	9791592	17
ENSG00000134057	69167135	69178245	5
ENSG00000183397	3539171	3544030	19
ENSG00000204219	23380909	23424748	1
ENSG00000105701	18531751	18544077	19
ENSG00000167822	56134721	56140201	11
ENSG00000092098	24146683	24160660	14
ENSG00000168172	42896946	43030535	8
ENSG00000006071	17392498	17476894	11
ENSG00000132361	2689386	2712663	17
ENSG00000285779	153959151	153975887	1
ENSG00000162885	235447190	235504452	1
ENSG00000179950	143816344	143830709	8
ENSG00000215301	41333348	41364472	X
ENSG00000158517	74774011	74789315	7
ENSG00000145850	156919292	156963226	5
ENSG00000222038	130611440	130658037	2
ENSG00000103253	726936	735525	16
ENSG00000204634	101007228	101252866	2
ENSG00000104059	29120252	29570979	15
ENSG00000182308	41981756	41986465	4
ENSG00000014824	41990502	42090461	4
ENSG00000155868	157137424	157159019	5
ENSG00000170613	157161846	157166264	5
ENSG00000230778	40278372	40283064	15
ENSG00000103653	74782080	74803197	15
ENSG00000154917	133824235	133895882	3
ENSG00000151292	123512177	123617049	5
ENSG00000285292	151207837	151227166	7
ENSG00000173110	161524540	161526894	1
ENSG00000163013	73254682	73284478	2
ENSG00000143125	110451149	110457358	1
ENSG00000089505	66566393	66579137	16
ENSG00000188037	143316111	143352083	7
ENSG00000143105	110517217	110519175	1
ENSG00000177301	110519837	110631474	1
ENSG00000156381	102501767	102509799	14
ENSG00000154518	175176258	175181710	2
ENSG00000188848	42110853	42152878	4
ENSG00000188315	49268596	49277232	3
ENSG00000089902	102592649	102730561	14
ENSG00000240445	18667629	18682314	17
ENSG00000178343	42397488	42402487	4
ENSG00000111716	21635342	21757857	12
ENSG00000114316	49277144	49340712	3
ENSG00000125457	75266228	75271231	17
ENSG00000105700	18557762	18569387	19
ENSG00000215203	42892713	43030658	4
ENSG00000187514	231706895	231713551	2
ENSG00000166126	102922663	102933596	14
ENSG00000185477	89236383	89307800	4
ENSG00000160752	155308748	155320666	1
ENSG00000183208	90233808	90245811	15
ENSG00000204779	65282101	65285209	9
ENSG00000184305	90127394	91605295	4
ENSG00000147996	65668805	65734041	9
ENSG00000131323	102777449	102911500	14
ENSG00000106263	2354086	2380745	7
ENSG00000186665	67991099	67996469	17
ENSG00000062038	68636189	68727468	16
ENSG00000113263	157142933	157255185	5
ENSG00000137766	53978201	54628707	15
ENSG00000141736	39687914	39730426	17
ENSG00000139330	91050491	91058024	12
ENSG00000138798	109912883	110013766	4
ENSG00000127328	69738860	69823204	12
ENSG00000164418	100962701	102081622	6
ENSG00000221983	18571730	18577550	19
ENSG00000051596	175917873	176034680	5
ENSG00000039068	68737292	68835537	16
ENSG00000173517	77100656	77420144	15
ENSG00000118257	205681990	205798133	2
ENSG00000151322	32934396	33820863	14
ENSG00000047346	52581317	52709817	15
ENSG00000121957	108875350	108934545	1
ENSG00000106009	2537810	2555694	7
ENSG00000170085	176238367	176345991	5
ENSG00000145014	194587673	194633689	3
ENSG00000128564	101162509	101165569	7
ENSG00000005108	11370365	11832198	7
ENSG00000138792	110365733	110565285	4
ENSG00000006016	18572220	18607741	19
ENSG00000131773	135457456	135656722	8
ENSG00000146809	123567010	123639481	7
ENSG00000006015	18588685	18592337	19
ENSG00000108639	78168581	78173527	17
ENSG00000122203	176346062	176361807	5
ENSG00000124788	16299112	16761491	6
ENSG00000164651	20782279	20786886	7
ENSG00000048405	127346790	127431924	7
ENSG00000105696	18607430	18621039	19
ENSG00000232070	21098811	21103724	14
ENSG00000169347	20309574	20327808	16
ENSG00000141376	60677453	61392838	17
ENSG00000164983	124306189	124372701	8
ENSG00000198429	11887782	11914329	19
ENSG00000288708	16328342	16328431	6
ENSG00000145194	184276011	184293031	3
ENSG00000096696	7541617	7586714	6
ENSG00000140254	45117366	45129938	15
ENSG00000128512	111726110	112206407	7
ENSG00000196757	11925068	11950773	19
ENSG00000139263	58872149	58920504	12
ENSG00000213741	49570984	49599164	14
ENSG00000267179	11925075	11979290	19
ENSG00000197858	144082337	144093149	8
ENSG00000197054	11965037	11980617	19
ENSG00000250374	165053866	165060554	4
ENSG00000175414	176365487	176401865	5
ENSG00000178950	849276	932373	4
ENSG00000165501	49598761	49614672	14
ENSG00000048162	176383946	176388927	5
ENSG00000286098	11987641	12078106	19
ENSG00000257355	12017888	12052967	19
ENSG00000286132	12075327	12113325	19
ENSG00000132010	12092843	12140355	19
ENSG00000188396	44805893	44807351	1
ENSG00000213297	12132117	12156731	19
ENSG00000165502	49618530	49620626	14
ENSG00000257591	12142090	12156734	19
ENSG00000168282	49620799	49623481	14
ENSG00000146066	176388751	176389761	5
ENSG00000165506	49625174	49635244	14
ENSG00000161642	54369133	54391298	12
ENSG00000175416	176392501	176416539	5
ENSG00000104892	45333434	45351520	19
ENSG00000082482	215005775	215237090	1
ENSG00000168566	7590198	7611967	6
ENSG00000100479	49643555	49688422	14
ENSG00000169344	20333051	20356301	16
ENSG00000112578	41921499	41933046	6
ENSG00000113194	176447628	176510074	5
ENSG00000112576	41934934	42050357	6
ENSG00000113763	176810519	176880898	5
ENSG00000104881	45379638	45406349	19
ENSG00000090097	51957454	51974016	3
ENSG00000160883	176880869	176899346	5
ENSG00000169340	20359175	20404737	16
ENSG00000177675	7346685	7479897	12
ENSG00000165516	49768130	49786385	14
ENSG00000183549	20409534	20441336	16
ENSG00000116747	193059454	193091777	1
ENSG00000177971	75639085	75648706	15
ENSG00000214575	82543201	82648861	15
ENSG00000123992	219372043	219400022	2
ENSG00000127419	932387	958656	4
ENSG00000087206	176905005	177022633	5
ENSG00000183747	20451461	20487669	16
ENSG00000108684	33013087	34174964	17
ENSG00000117877	45406644	45410737	19
ENSG00000241058	18545561	18659285	10
ENSG00000111783	106583004	106762803	12
ENSG00000104884	45349837	45370918	19
ENSG00000230062	46746933	46759506	6
ENSG00000249853	114055596	114343023	6
ENSG00000001167	41072974	41102403	6
ENSG00000165997	18659431	18681639	10
ENSG00000113761	177022696	177081189	5
ENSG00000108788	42567072	42573239	17
ENSG00000158406	26277609	26285638	6
ENSG00000150275	53802771	55627942	10
ENSG00000204618	30070266	30075849	6
ENSG00000204702	29099490	29102701	6
ENSG00000204688	29457155	29464328	6
ENSG00000078674	17922842	18029948	8
ENSG00000008516	3046062	3060726	16
ENSG00000204700	29170907	29175811	6
ENSG00000146373	124962437	125092633	6
ENSG00000167194	30023198	30027736	16
ENSG00000184840	177592203	177597242	5
ENSG00000007237	9910606	10198606	17
ENSG00000103037	58515479	58523842	16
ENSG00000118729	115700021	115768714	1
ENSG00000080815	73136418	73223691	14
ENSG00000134207	114089291	114153880	1
ENSG00000027847	177600132	177610330	5
ENSG00000229474	44665732	44711323	15
ENSG00000204580	30876421	30900156	6
ENSG00000145214	958887	986895	4
ENSG00000186815	113221050	113298585	12
ENSG00000235711	79282722	79298239	15
ENSG00000215252	34525095	34588503	15
ENSG00000125107	58519951	58629885	16
ENSG00000175325	177992235	177996242	5
ENSG00000114346	172750682	172821474	3
ENSG00000163467	156337314	156346995	1
ENSG00000145911	178113532	178126081	5
ENSG00000165066	41645177	41650817	8
ENSG00000145916	178130996	178150568	5
ENSG00000145217	979073	993440	4
ENSG00000185404	230327184	230403732	2
ENSG00000243710	43172330	43254358	1
ENSG00000127415	986997	1004564	4
ENSG00000184659	65737146	65738396	9
ENSG00000181404	14475	73865	9
ENSG00000244234	178184505	178187371	5
ENSG00000166529	100049774	100065040	7
ENSG00000117395	43164175	43270936	1
ENSG00000197451	178204533	178211163	5
ENSG00000166069	37921939	37967724	15
ENSG00000187796	136363956	136373681	9
ENSG00000198093	51889235	51905040	19
ENSG00000127418	1009936	1026898	4
ENSG00000273045	99141707	99151669	2
ENSG00000029534	41653220	41896741	8
ENSG00000164896	151076624	151080866	7
ENSG00000163328	174431571	174487094	2
ENSG00000116874	119031216	119140654	1
ENSG00000176024	51927147	51948759	19
ENSG00000184361	45254393	45262094	17
ENSG00000131264	73447053	73455171	X
ENSG00000065600	212363928	212414901	1
ENSG00000256683	51964340	51986856	19
ENSG00000006062	45263119	45317029	17
ENSG00000289701	136361904	136373644	9
ENSG00000125386	2536647	2732573	4
ENSG00000158169	95099054	95426796	9
ENSG00000009780	27725961	27763116	1
ENSG00000079805	10718055	10833488	19
ENSG00000175309	178208471	178232802	5
ENSG00000184206	84235773	84245358	15
ENSG00000166938	66293217	66333898	15
ENSG00000110876	108621895	108633894	12
ENSG00000106331	127610292	127618142	7
ENSG00000123096	26121991	26299290	12
ENSG00000213424	40654665	40665181	17
ENSG00000167916	40697991	40703752	17
ENSG00000110880	108645109	108731526	12
ENSG00000204897	40748021	40755331	17
ENSG00000137492	76349898	76381132	11
ENSG00000171446	40776808	40782550	17
ENSG00000197223	68041130	68110948	2
ENSG00000173908	40792196	40799959	17
ENSG00000170929	9087061	9095669	19
ENSG00000198874	66995173	67239514	7
ENSG00000179240	76381303	76414619	11
ENSG00000161807	9114828	9115763	19
ENSG00000170920	9126012	9126950	19
ENSG00000023572	193090866	193106114	1
ENSG00000130803	9140397	9163424	19
ENSG00000186395	40818117	40822614	17
ENSG00000254732	57741779	57804771	11
ENSG00000187242	40861303	40867223	17
ENSG00000258643	23306833	23326175	14
ENSG00000198561	57753243	57819546	11
ENSG00000198752	102932380	103057549	14
ENSG00000077254	77695987	77759852	1
ENSG00000171431	40875889	40885242	17
ENSG00000154124	14664664	14699850	5
ENSG00000075131	66336191	66386746	15
ENSG00000114127	142306607	142448062	3
ENSG00000108244	40922700	40937646	17
ENSG00000188000	9178979	9188818	19
ENSG00000174667	9210276	9219589	19
ENSG00000079432	42268537	42295797	19
ENSG00000205143	34621049	34629066	9
ENSG00000145912	178149463	178153894	5
ENSG00000155034	5431335	5513809	7
ENSG00000119408	124257606	124353307	9
ENSG00000169032	66386837	66491656	15
ENSG00000115414	215360440	215436073	2
ENSG00000055130	148697914	148801110	7
ENSG00000135077	157085422	157142869	5
ENSG00000259384	63917200	63918839	17
ENSG00000167580	49950737	49958878	12
ENSG00000176871	118032687	118062430	12
ENSG00000285947	63917203	63931385	17
ENSG00000007314	63938554	63972918	17
ENSG00000187969	74304180	74305034	X
ENSG00000172572	20368537	20688583	12
ENSG00000136930	124353465	124415444	9
ENSG00000224383	63998351	64004305	17
ENSG00000166289	29665459	29675477	19
ENSG00000185385	14878203	14886132	19
ENSG00000104936	45769709	45782552	19
ENSG00000174446	66490135	66497780	15
ENSG00000103042	58665109	58684770	16
ENSG00000108622	64002594	64020634	17
ENSG00000136931	124481236	124507420	9
ENSG00000174444	66498015	66524532	15
ENSG00000123066	115957905	116277693	12
ENSG00000121577	119636457	119665324	3
ENSG00000175854	128275379	128316123	9
ENSG00000168884	2741648	2756342	4
ENSG00000138495	119654513	119677454	3
ENSG00000178607	64039080	64130819	17
ENSG00000134644	30931506	31065991	1
ENSG00000283599	71667542	71671527	X
ENSG00000188039	16719847	16817963	19
ENSG00000101812	104039956	104042454	X
ENSG00000131724	118727133	118794535	X
ENSG00000182150	95871264	96121154	9
ENSG00000007402	50362613	50504244	3
ENSG00000087266	2793071	2841098	4
ENSG00000125166	58707131	58734342	16
ENSG00000141526	82217934	82261129	17
ENSG00000003987	17296794	17413528	8
ENSG00000198898	116811070	116922049	7
ENSG00000103479	53433977	53491648	16
ENSG00000174442	66504959	66550130	15
ENSG00000003989	17497088	17570573	8
ENSG00000101974	139726346	139945276	X
ENSG00000108849	43940804	43942476	17
ENSG00000126814	60971441	60981170	14
ENSG00000161653	44004622	44009068	17
ENSG00000103494	53598153	53703938	16
ENSG00000221829	35073835	35080004	9
ENSG00000127511	16829398	16880353	19
ENSG00000139974	60981114	61114316	14
ENSG00000021461	99828013	99866093	7
ENSG00000091947	44011188	44023946	17
ENSG00000134545	10442264	10454685	12
ENSG00000161654	44034328	44067619	17
ENSG00000125319	44141906	44162476	17
ENSG00000087274	2843844	2930076	4
ENSG00000104213	17576433	17644071	8
ENSG00000161664	44170447	44179084	17
ENSG00000198363	61500556	61714640	8
ENSG00000168591	44186970	44191929	17
ENSG00000118307	25108289	25195162	12
ENSG00000127533	16888999	16892606	19
ENSG00000160111	16892951	17026815	19
ENSG00000273706	36936785	36944612	17
ENSG00000234829	21227243	21228222	9
ENSG00000228083	21239002	21240005	9
ENSG00000147873	21304326	21305313	9
ENSG00000198642	21329665	21335404	9
ENSG00000198826	32615144	32639941	15
ENSG00000188379	21384255	21385398	9
ENSG00000182107	61277370	61281761	14
ENSG00000101871	10445310	10833654	X
ENSG00000120242	21409117	21410185	9
ENSG00000275700	36948925	37056871	17
ENSG00000197919	21440439	21441316	9
ENSG00000184995	21480839	21482313	9
ENSG00000145675	68215740	68301821	5
ENSG00000131351	17049729	17075625	19
ENSG00000151327	35045117	35116630	14
ENSG00000215644	81804132	81814008	17
ENSG00000258947	89921392	89938761	16
ENSG00000129460	23469679	23509862	14
ENSG00000196511	144451941	144836395	7
ENSG00000225663	81822361	81833302	17
ENSG00000215788	6460786	6466175	1
ENSG00000140030	88005135	88014811	14
ENSG00000099624	1241746	1244825	19
ENSG00000065457	75596868	75623300	16
ENSG00000166923	32718004	32745106	15
ENSG00000146555	3301252	4269000	7
ENSG00000261794	30604028	30617752	15
ENSG00000205707	25195216	25209645	12
ENSG00000182676	81833492	81835050	17
ENSG00000188467	48120990	48142672	15
ENSG00000141522	81867721	81871378	17
ENSG00000184160	3766348	3768526	4
ENSG00000070729	57882340	57971128	16
ENSG00000164112	121758881	121765427	4
ENSG00000105711	35030470	35040449	19
ENSG00000205693	27762427	27780236	12
ENSG00000177479	48918821	48986382	3
ENSG00000233932	48178122	48203758	15
ENSG00000139445	109277978	109309284	12
ENSG00000074803	48178438	48304078	15
ENSG00000109320	102501330	102617302	4
ENSG00000110906	109448655	109477359	12
ENSG00000100433	88180103	88326907	14
ENSG00000187902	55428740	55443300	19
ENSG00000136261	16646131	16706523	7
ENSG00000277531	46424697	46428936	19
ENSG00000197816	97307304	97378751	9
ENSG00000089356	35115823	35124324	19
ENSG00000291314	10566888	10576955	X
ENSG00000222036	18967434	19003752	14
ENSG00000124313	53225828	53321350	X
ENSG00000159579	57186137	57240469	16
ENSG00000151148	109477402	109536705	12
ENSG00000260691	67832765	67920552	9
ENSG00000183684	81887835	81891586	17
ENSG00000178222	1056250	1113564	4
ENSG00000141552	81890790	81900991	17
ENSG00000136243	23181841	23201011	7
ENSG00000198825	119726042	119829147	10
ENSG00000189067	11547722	11636381	16
ENSG00000206474	29439306	29440977	6
ENSG00000204704	29044213	29045175	6
ENSG00000145920	175796310	175884021	5
ENSG00000235109	28324693	28356271	6
ENSG00000197119	100291116	100306547	14
ENSG00000099810	21802636	21937651	9
ENSG00000183454	9753404	10182928	16
ENSG00000156136	70992538	71030914	4
ENSG00000129055	134477706	134486716	3
ENSG00000105778	32495426	32588726	7
ENSG00000132000	13931187	13953392	19
ENSG00000077264	110944285	111227361	X
ENSG00000140107	100323339	100330421	14
ENSG00000053328	110243940	110358349	6
ENSG00000114019	134355347	134375479	3
ENSG00000135525	136342281	136550819	6
ENSG00000107651	119892707	119944657	10
ENSG00000140105	100333790	100376805	14
ENSG00000283567	55463001	55464751	19
ENSG00000129946	416589	461033	19
ENSG00000117625	211258377	211316385	1
ENSG00000145321	71741696	71804041	4
ENSG00000106003	2512529	2529177	7
ENSG00000170234	160061801	160119450	5
ENSG00000284491	12802031	12813581	19
ENSG00000213853	10528422	10580632	16
ENSG00000181588	1554672	1568325	19
ENSG00000223802	18868545	18896727	19
ENSG00000147889	21967752	21995301	9
ENSG00000049883	72320367	72368395	5
ENSG00000234186	27066927	27069166	16
ENSG00000166188	57994676	58000672	16
ENSG00000229809	30569672	30572734	16
ENSG00000114544	126006357	126101561	3
ENSG00000160868	99756960	99784248	7
ENSG00000166451	81006552	81033114	16
ENSG00000246922	65092760	65115200	15
ENSG00000213030	49047638	49049111	19
ENSG00000205076	38770968	38773517	19
ENSG00000183979	81900745	81902905	17
ENSG00000166664	30360566	30393849	15
ENSG00000170954	53107879	53133077	19
ENSG00000168772	104468308	104494901	4
ENSG00000185813	81900958	81911432	17
ENSG00000147394	152898067	152973481	X
ENSG00000186352	185396021	185400628	4
ENSG00000179902	109105951	109113857	1
ENSG00000109775	185399537	185425979	4
ENSG00000147883	22002903	22009305	9
ENSG00000153684	28378621	28392021	15
ENSG00000176406	103500610	104254430	8
ENSG00000198853	35490111	35561898	9
ENSG00000104848	49067397	49072699	19
ENSG00000171903	15912367	15934867	19
ENSG00000121766	31296982	31364953	1
ENSG00000205423	50024410	50037088	16
ENSG00000128731	28111040	28322179	15
ENSG00000215187	35561831	35563899	9
ENSG00000106638	73567537	73578791	7
ENSG00000205129	185426249	185449826	4
ENSG00000279073	137031241	137040436	9
ENSG00000122140	135499984	135504673	9
ENSG00000168491	185445182	185471752	4
ENSG00000107014	5299864	5304716	9
ENSG00000016402	136999971	137045180	6
ENSG00000107018	5334930	5339876	9
ENSG00000178201	57454790	57457140	19
ENSG00000142235	48485271	48513935	19
ENSG00000171033	78516340	78605267	8
ENSG00000107020	5357971	5437925	9
ENSG00000178175	72439903	72507410	5
ENSG00000205730	19113932	19121629	16
ENSG00000126856	90056566	90092072	16
ENSG00000104432	78675743	78805523	8
ENSG00000120217	5450503	5470566	9
ENSG00000211445	151020591	151028988	5
ENSG00000196155	67277510	67289499	16
ENSG00000104827	49022869	49024333	19
ENSG00000118515	134169248	134318112	6
ENSG00000144868	133038391	133397775	3
ENSG00000105556	305573	344815	19
ENSG00000145901	151029945	151093577	5
ENSG00000152926	64971772	65006684	7
ENSG00000091140	107891162	107931730	7
ENSG00000169851	30720369	31146805	4
ENSG00000104427	78666050	78719765	8
ENSG00000258597	94364316	94366698	14
ENSG00000100811	100238298	100282788	14
ENSG00000197646	5510531	5571282	9
ENSG00000164342	186068911	186088073	4
ENSG00000151150	60026298	60733490	10
ENSG00000174652	9412429	9435573	19
ENSG00000160932	143017982	143023832	8
ENSG00000120162	27325209	27529814	9
ENSG00000221955	125082636	125212864	3
ENSG00000169299	37826660	37862937	4
ENSG00000147896	27524290	27526498	9
ENSG00000290292	23272422	23299796	14
ENSG00000147894	27535640	27573866	9
ENSG00000139428	109553715	109573580	12
ENSG00000126756	47651796	47659180	X
ENSG00000139946	56117814	56301524	14
ENSG00000143157	166839447	166856359	1
ENSG00000140406	81000923	81005788	15
ENSG00000157890	65895079	66253756	15
ENSG00000100652	69775416	69797241	14
ENSG00000205209	34590644	34677159	19
ENSG00000160781	156243320	156248117	1
ENSG00000172687	21358930	21388582	19
ENSG00000198732	69854131	70032366	14
ENSG00000250254	37960398	37961128	4
ENSG00000105143	14950033	15022990	19
ENSG00000135605	48135783	48269838	4
ENSG00000176956	143157914	143160711	8
ENSG00000174482	27937617	29213601	9
ENSG00000277494	143213218	143217170	8
ENSG00000177125	126860639	126885878	9
ENSG00000181638	143246821	143262705	8
ENSG00000213694	88990863	89005155	9
ENSG00000090581	1351931	1365737	16
ENSG00000100678	70044215	70189480	14
ENSG00000148082	89005771	89178818	9
ENSG00000198836	193593144	193697811	3
ENSG00000264668	143247110	143276403	8
ENSG00000250571	143267433	143276931	8
ENSG00000074966	48066393	48134250	4
ENSG00000033030	122471599	122501073	12
ENSG00000259330	40323692	40326715	15
ENSG00000123975	89311195	89316703	9
ENSG00000233041	40351033	40356434	15
ENSG00000099331	17075777	17214537	19
ENSG00000140323	40358219	40378621	15
ENSG00000185730	143289676	143299952	8
ENSG00000119523	99216425	99221942	9
ENSG00000140320	40439721	40468236	15
ENSG00000106803	99222064	99230615	9
ENSG00000109689	26857601	27025381	4
ENSG00000164744	47987148	48029119	7
ENSG00000289653	102858046	102863860	8
ENSG00000147526	38728186	38853028	8
ENSG00000187531	81911939	81921323	17
ENSG00000106799	99104038	99154192	9
ENSG00000111011	122503454	122527000	12
ENSG00000169105	40470984	40473158	15
ENSG00000128928	40405485	40435947	15
ENSG00000143344	183636085	183928532	1
ENSG00000066813	20536226	20576427	16
ENSG00000253276	106654360	106661158	7
ENSG00000174428	75092573	75149817	7
ENSG00000197535	52307281	52529132	15
ENSG00000204590	30541381	30556489	6
ENSG00000197063	81918270	81927735	17
ENSG00000116882	119368779	119394130	1
ENSG00000184445	122527246	122626396	12
ENSG00000170852	32868172	32894131	7
ENSG00000131848	56219670	56368383	19
ENSG00000185650	68787660	68796253	14
ENSG00000197724	93576584	93679587	9
ENSG00000146530	12330885	12403941	7
ENSG00000183010	81932384	81942412	17
ENSG00000196405	99971449	100144236	14
ENSG00000172469	95577485	95609470	6
ENSG00000142856	63440770	63593721	1
ENSG00000153885	33795933	33815763	19
ENSG00000135318	85449584	85495791	6
ENSG00000048828	93451685	93566112	9
ENSG00000005187	20610243	20797581	16
ENSG00000271793	85504776	85678733	6
ENSG00000104177	48134632	48178353	15
ENSG00000065882	37891084	38139175	4
ENSG00000091129	108147623	108456717	7
ENSG00000135577	142058330	142147122	6
ENSG00000137338	28281572	28302549	6
ENSG00000171291	11848726	11883750	19
ENSG00000158022	26051301	26068436	1
ENSG00000105576	12699201	12724011	19
ENSG00000137404	30688047	30691420	6
ENSG00000116396	110210314	110283100	1
ENSG00000066654	20702816	20742084	16
ENSG00000163875	37489993	37514766	1
ENSG00000182782	122701293	122703357	12
ENSG00000255398	122714756	122716811	12
ENSG00000154188	107249482	107498055	8
ENSG00000196917	122726076	122730844	12
ENSG00000204246	104535749	104536856	9
ENSG00000179055	104694518	104695462	9
ENSG00000124557	26500303	26510425	6
ENSG00000285082	117704157	118083691	9
ENSG00000130783	122774526	122827528	12
ENSG00000005189	20806429	20849665	16
ENSG00000120875	29333064	29350684	8
ENSG00000176290	19868197	19869143	14
ENSG00000176281	19920607	19921578	14
ENSG00000176165	28764329	28770277	14
ENSG00000155085	109492855	109691217	6
ENSG00000178860	71841560	71844412	8
ENSG00000164683	79762371	79767857	8
ENSG00000107282	69427532	69672371	9
ENSG00000126821	63684216	63728065	14
ENSG00000166090	23372809	23376403	14
ENSG00000133962	91580696	91780707	14
ENSG00000140332	70047790	70098176	15
ENSG00000282872	26164101	26168963	1
ENSG00000130787	122834453	122862961	12
ENSG00000131238	40072710	40097260	1
ENSG00000188647	69709522	69760011	9
ENSG00000274750	26224199	26227473	6
ENSG00000146399	132643312	132659182	6
ENSG00000137434	10671418	10694797	6
ENSG00000112245	63521746	63583588	6
ENSG00000070214	105244622	105439171	9
ENSG00000138750	76107562	76148485	4
ENSG00000178440	49942056	50011654	10
ENSG00000146426	154832697	155257723	6
ENSG00000140092	91869411	91947987	14
ENSG00000204149	49982190	50011654	10
ENSG00000240247	6996766	6999198	8
ENSG00000239839	7015869	7018297	8
ENSG00000109184	51843000	51916837	4
ENSG00000164816	7055304	7056739	8
ENSG00000166743	20623235	20698890	16
ENSG00000206034	7312722	7320096	8
ENSG00000079102	91954972	92103286	8
ENSG00000151532	112446998	112818744	10
ENSG00000139722	122865330	122896127	12
ENSG00000183044	8674596	8784575	16
ENSG00000185105	81939645	81947233	17
ENSG00000185269	81952507	81961840	17
ENSG00000167612	51888009	51891727	12
ENSG00000095794	35126791	35212958	10
ENSG00000196683	22812628	22822849	7
ENSG00000167491	19385826	19508932	19
ENSG00000117868	158730995	158830253	7
ENSG00000171680	6467122	6520074	1
ENSG00000139567	51906908	51923361	12
ENSG00000100503	50719763	50831162	14
ENSG00000119383	129110950	129148946	9
ENSG00000184009	81509413	81523847	17
ENSG00000160336	53431984	53461862	19
ENSG00000188283	37217926	37248740	19
ENSG00000164776	56080283	56092996	7
ENSG00000204519	57681969	57717301	19
ENSG00000135503	51951699	51997078	12
ENSG00000269026	57682045	57753575	19
ENSG00000179909	57696275	57709204	19
ENSG00000083814	57719751	57727624	19
ENSG00000152443	57746815	57758148	19
ENSG00000164850	1082208	1093815	7
ENSG00000197782	40069152	40090943	19
ENSG00000253293	27170605	27180261	7
ENSG00000188993	51993652	52020363	4
ENSG00000163069	52020706	52038299	4
ENSG00000261115	141074064	141480380	7
ENSG00000198624	151181052	151224093	5
ENSG00000275896	142760398	142774564	7
ENSG00000161835	52006946	52015889	12
ENSG00000081803	122318411	122886759	7
ENSG00000163071	52051304	52097299	4
ENSG00000196743	151212150	151270440	5
ENSG00000179299	40749925	40811184	4
ENSG00000123358	52022832	52059507	12
ENSG00000184857	8780384	8797642	16
ENSG00000186334	151276358	151303766	5
ENSG00000221874	52928475	52962823	19
ENSG00000153048	8852942	8869012	16
ENSG00000158691	28378955	28399747	6
ENSG00000180257	52949379	52962911	19
ENSG00000269964	77650274	77927045	6
ENSG00000146433	158536436	158635429	6
ENSG00000229314	114323098	114326479	9
ENSG00000197937	53124072	53159075	19
ENSG00000186335	151314972	151347590	5
ENSG00000146360	109978256	109980720	6
ENSG00000163697	40810027	41216714	4
ENSG00000014123	96521595	96555276	6
ENSG00000197497	53159213	53193386	19
ENSG00000112214	96562548	96618626	6
ENSG00000228278	114329869	114333251	9
ENSG00000122335	158109519	158168280	6
ENSG00000197928	53235381	53254898	19
ENSG00000106948	114334156	114394405	9
ENSG00000196131	53258292	53261837	19
ENSG00000123643	151437046	151492379	5
ENSG00000170949	53066606	53103434	19
ENSG00000136011	103587273	103766719	12
ENSG00000291309	143041844	143045678	8
ENSG00000261667	143080630	143083486	8
ENSG00000157168	31639222	32855666	8
ENSG00000288715	89317046	89418292	16
ENSG00000185624	81843159	81860856	17
ENSG00000086504	366969	371289	16
ENSG00000178386	44051367	44067999	19
ENSG00000186026	44072159	44089613	19
ENSG00000267680	44094361	44109886	19
ENSG00000272047	158168350	158199344	6
ENSG00000095397	114402080	114505473	9
ENSG00000185760	72621792	73198853	6
ENSG00000105877	21543039	21901839	7
ENSG00000256294	44112181	44134822	19
ENSG00000129925	370788	387113	16
ENSG00000155980	57546026	57586633	12
ENSG00000196923	177483394	177497606	5
ENSG00000263002	44141554	44160313	19
ENSG00000131462	42609641	42615238	17
ENSG00000167380	44165073	44178381	19
ENSG00000184451	42678889	42683917	17
ENSG00000197467	69801880	69964275	10
ENSG00000108797	42682531	42699993	17
ENSG00000258311	55716036	55724703	12
ENSG00000103202	396725	410367	16
ENSG00000119522	123379654	123930152	9
ENSG00000135437	55720367	55724705	12
ENSG00000175697	120164645	120285222	3
ENSG00000248167	30328907	30346854	6
ENSG00000116977	236518000	236552981	1
ENSG00000241370	30345131	30346884	6
ENSG00000169282	156037701	156539138	3
ENSG00000108799	42700275	42745049	17
ENSG00000135404	55725323	55729707	12
ENSG00000122574	29806486	29917061	7
ENSG00000136197	42909273	42912305	7
ENSG00000105784	87627548	87832296	7
ENSG00000276368	27814302	27814777	6
ENSG00000273703	27815022	27815489	6
ENSG00000197238	27824092	27824480	6
ENSG00000273542	27831174	27831560	6
ENSG00000136816	129803157	129811281	9
ENSG00000112799	6588108	6654983	6
ENSG00000136827	129812942	129824244	9
ENSG00000278828	27810051	27811300	6
ENSG00000204525	31268749	31272130	6
ENSG00000131115	44207547	44237268	19
ENSG00000136819	129827290	129835863	9
ENSG00000242612	401858	412487	16
ENSG00000113456	34905260	34918989	5
ENSG00000133619	149714781	149734575	7
ENSG00000136878	129834698	129881828	9
ENSG00000159915	44259880	44275317	19
ENSG00000289761	41143022	41143099	4
ENSG00000154277	41256413	41268455	4
ENSG00000113460	34915677	34925996	5
ENSG00000213022	51002508	51009634	19
ENSG00000129451	51012739	51020175	19
ENSG00000167757	51022216	51028039	19
ENSG00000153044	69189574	69210357	5
ENSG00000125144	56666730	56668065	16
ENSG00000204632	29826967	29831125	6
ENSG00000260734	71429980	71442054	16
ENSG00000261611	71447600	71489311	16
ENSG00000134056	69217760	69230158	5
ENSG00000125337	167996241	168045091	6
ENSG00000131951	59919713	60066817	14
ENSG00000157429	71464555	71565089	16
ENSG00000148180	121207794	121332843	9
ENSG00000131477	42758447	42763041	17
ENSG00000257743	142111718	142222324	7
ENSG00000176928	75025346	75052558	5
ENSG00000145700	75068275	75236911	5
ENSG00000163320	88051944	88149885	3
ENSG00000131475	42773449	42779599	17
ENSG00000152359	75674124	75717448	5
ENSG00000146376	129576132	129710177	6
ENSG00000288654	88058139	88058216	3
ENSG00000186474	51029092	51035230	19
ENSG00000175105	88059255	88144660	3
ENSG00000158467	129225030	129430211	7
ENSG00000167695	732412	742968	17
ENSG00000183873	38548057	38649687	3
ENSG00000179409	744421	753999	17
ENSG00000140835	71525233	71538748	16
ENSG00000168350	100143957	100159645	14
ENSG00000198650	71565660	71577092	16
ENSG00000100664	103333544	103345025	14
ENSG00000171861	782353	792509	17
ENSG00000112541	165327287	165988117	6
ENSG00000167759	51055626	51065114	19
ENSG00000092871	35005990	35089319	17
ENSG00000140832	71626161	71642114	16
ENSG00000111412	116710171	116738070	12
ENSG00000040199	71637835	71724701	16
ENSG00000071127	10068089	10116972	4
ENSG00000135116	116856144	116881441	12
ENSG00000184954	55469200	55470138	12
ENSG00000205327	55492378	55493316	12
ENSG00000231389	33064569	33080775	6
ENSG00000122012	76083383	76353939	5
ENSG00000198502	32517353	32530287	6
ENSG00000129437	51077495	51084245	19
ENSG00000106346	6104949	6161564	7
ENSG00000267618	35011349	35121493	17
ENSG00000242485	1401909	1407293	1
ENSG00000196735	32628179	32647062	6
ENSG00000142544	51097606	51108409	19
ENSG00000073598	35121615	35130732	17
ENSG00000129450	51124906	51136651	19
ENSG00000111319	6346843	6377730	12
ENSG00000179403	1434861	1442882	1
ENSG00000073536	35128730	35142304	17
ENSG00000291313	103334237	103335932	14
ENSG00000215915	1449689	1470163	1
ENSG00000186648	24052009	24069729	14
ENSG00000145703	76403285	76708132	5
ENSG00000135776	229516582	229558707	1
ENSG00000168995	51142299	51153526	19
ENSG00000166747	71729000	71809201	16
ENSG00000179344	32659467	32668383	6
ENSG00000121716	100352176	100367831	7
ENSG00000170846	6663396	6676755	4
ENSG00000185619	705748	770089	4
ENSG00000169679	110637528	110678063	2
ENSG00000176454	34358633	34367196	15
ENSG00000135763	229626247	229660200	1
ENSG00000178828	19814029	19815283	1
ENSG00000105383	51225064	51243860	19
ENSG00000169914	19882395	19912945	1
ENSG00000173464	20582892	20609884	14
ENSG00000188784	19920009	19923617	1
ENSG00000111321	6375045	6391571	12
ENSG00000177186	248323630	248324568	1
ENSG00000177174	248348775	248349713	1
ENSG00000172379	80404350	80597933	15
ENSG00000165617	58633967	58648321	14
ENSG00000162456	46545641	46551647	1
ENSG00000141161	35147817	35189345	17
ENSG00000196569	128883138	129516566	6
ENSG00000049540	74027789	74069907	7
ENSG00000079277	46557407	46616843	1
ENSG00000142549	51311644	51330891	19
ENSG00000197406	101560139	101563452	14
ENSG00000186806	51331536	51342139	19
ENSG00000171209	70238382	70251474	4
ENSG00000105379	51345169	51366388	19
ENSG00000100749	96797304	96954846	14
ENSG00000229924	9170409	9176730	4
ENSG00000189099	151277161	151291862	4
ENSG00000269403	51350373	51368099	19
ENSG00000229894	165277807	165279704	4
ENSG00000160318	51367098	51369003	19
ENSG00000139192	6451690	6466517	12
ENSG00000168421	40191011	40246967	4
ENSG00000105374	51371606	51372701	19
ENSG00000105370	51379909	51387974	19
ENSG00000131876	101281510	101295282	15
ENSG00000010278	6199715	6238271	12
ENSG00000262874	51388289	51390591	19
ENSG00000142512	51410020	51417803	19
ENSG00000166750	35243071	35273655	17
ENSG00000106804	120932987	121075195	9
ENSG00000164305	184627696	184650062	4
ENSG00000185379	35092221	35121522	17
ENSG00000187954	144449582	144462871	8
ENSG00000291316	144449582	144465430	8
ENSG00000196586	75749201	75919537	6
ENSG00000140465	74719542	74725536	15
ENSG00000117407	43933320	43937240	1
ENSG00000291317	144463817	144465667	8
ENSG00000103546	55655988	55707645	16
ENSG00000171643	76850001	76921650	5
ENSG00000082556	53225724	53251637	8
ENSG00000145708	76953045	76981158	5
ENSG00000117408	43946950	43968022	1
ENSG00000104055	43232590	43266928	15
ENSG00000153094	111119378	111168445	2
ENSG00000136997	127735434	127742951	8
ENSG00000164134	139301446	139420033	4
ENSG00000164252	77029251	77065234	5
ENSG00000117410	43974487	43978295	1
ENSG00000274102	22070241	22083221	15
ENSG00000215186	72654697	72669599	15
ENSG00000164933	103398635	103415189	8
ENSG00000110955	56638175	56645984	12
ENSG00000206190	25677273	25865184	15
ENSG00000285000	77030902	77152155	5
ENSG00000132846	77072072	77087285	5
ENSG00000107164	130578965	130638352	9
ENSG00000164736	54457935	54460892	8
ENSG00000104237	54509422	54871720	8
ENSG00000110958	56663341	56688408	12
ENSG00000179213	51246348	51269330	19
ENSG00000158079	94030794	94109856	9
ENSG00000118965	19910263	19990105	2
ENSG00000159214	43991359	43996528	1
ENSG00000248385	54069895	54081365	19
ENSG00000073282	189631389	189897276	3
ENSG00000204577	54216278	54223506	19
ENSG00000120071	46029916	46225389	17
ENSG00000128944	40382721	40394288	15
ENSG00000284762	77086732	77427124	5
ENSG00000136848	121567057	121785530	9
ENSG00000226288	4581743	4593340	11
ENSG00000113231	77210449	77428256	5
ENSG00000196517	43991500	44031467	1
ENSG00000167332	4680171	4697854	11
ENSG00000166509	78022515	78066761	16
ENSG00000254737	124012997	124018732	11
ENSG00000074319	18468336	18526951	11
ENSG00000115155	26457203	26558756	2
ENSG00000186153	78099400	79212667	16
ENSG00000122733	34957608	34982544	9
ENSG00000285625	56714612	56741535	12
ENSG00000025423	56752161	56787790	12
ENSG00000283526	131545523	131559815	9
ENSG00000157654	109498325	110172512	9
ENSG00000183090	143577302	143700675	4
ENSG00000187116	54307070	54313166	19
ENSG00000197465	143870864	143905563	4
ENSG00000019995	124942123	124988189	10
ENSG00000196531	56712305	56731628	12
ENSG00000175029	124984317	125161170	10
ENSG00000151116	18529609	18588747	11
ENSG00000250361	143996104	144019380	4
ENSG00000175595	13920138	13952348	16
ENSG00000239961	54333185	54339162	19
ENSG00000183060	99715697	99733561	15
ENSG00000167613	54351384	54370558	19
ENSG00000091262	16149565	16223522	16
ENSG00000284976	137217494	137219361	9
ENSG00000276040	61190036	61196280	9
ENSG00000140563	94231538	94483952	15
ENSG00000196539	248473351	248474307	1
ENSG00000203661	248488589	248491113	1
ENSG00000183310	248573801	248574757	1
ENSG00000170180	144109303	144140751	4
ENSG00000283205	87956214	87956883	9
ENSG00000275969	66986304	66992550	9
ENSG00000189181	248681322	248682328	1
ENSG00000187238	152613811	152614098	1
ENSG00000185962	152622834	152623103	1
ENSG00000187223	152663380	152664659	1
ENSG00000159455	152686123	152687397	1
ENSG00000120235	21350253	21350956	9
ENSG00000137337	30699807	30717447	6
ENSG00000233816	21367372	21368057	9
ENSG00000187173	152698345	152699442	1
ENSG00000179058	129612225	129621101	9
ENSG00000204501	13315581	13322598	1
ENSG00000236637	21186618	21187587	9
ENSG00000167110	128255829	128276026	9
ENSG00000204481	13341892	13347134	1
ENSG00000066468	121478332	121598458	10
ENSG00000204479	13389632	13392629	1
ENSG00000141252	508503	721717	17
ENSG00000172031	92029985	92063538	1
ENSG00000069956	51952106	52067375	15
ENSG00000112592	170554302	170572870	6
ENSG00000228594	1598012	1600135	1
ENSG00000189409	1632163	1635263	1
ENSG00000179119	18606403	18634791	11
ENSG00000136869	117704175	117724735	9
ENSG00000167614	54415219	54436904	19
ENSG00000289025	52045846	52045899	15
ENSG00000288864	32613860	32697095	15
ENSG00000165282	35087237	35096619	9
ENSG00000129757	2883213	2885775	11
ENSG00000188626	28698583	28738384	15
ENSG00000189339	1659529	1692795	1
ENSG00000127241	187217282	187291980	3
ENSG00000166199	43880811	43920274	11
ENSG00000138606	45167214	45201175	15
ENSG00000118898	4882507	4960741	16
ENSG00000204305	32180968	32184322	6
ENSG00000163217	68860909	68871397	2
ENSG00000008128	1702379	1724357	1
ENSG00000183607	68945232	68952893	2
ENSG00000164253	77425970	77620611	5
ENSG00000261649	28841832	28848675	15
ENSG00000182544	53251251	53254406	12
ENSG00000169605	68974573	68980980	2
ENSG00000135476	53268299	53293638	12
ENSG00000278570	71792638	71818259	15
ENSG00000167615	54448887	54462016	19
ENSG00000169604	69013176	69249327	2
ENSG00000196990	133577081	133609389	9
ENSG00000103184	4958330	5019157	16
ENSG00000123454	133636363	133659329	9
ENSG00000205126	44047981	44059977	11
ENSG00000091513	133746040	133796641	3
ENSG00000033011	5033702	5087379	16
ENSG00000140577	90529923	90645345	15
ENSG00000110455	44065925	44084237	11
ENSG00000187616	133514586	133528612	9
ENSG00000160323	133414358	133459402	9
ENSG00000123349	53295291	53299452	12
ENSG00000285713	144210701	145098174	4
ENSG00000164161	144646156	144745271	4
ENSG00000275183	54461732	54463778	19
ENSG00000167617	54465026	54473296	19
ENSG00000162004	722582	726954	16
ENSG00000278129	58278955	58302791	19
ENSG00000174640	133932701	134052184	3
ENSG00000052850	44260440	44310139	11
ENSG00000198131	58228594	58277495	19
ENSG00000151348	44095648	44251962	11
ENSG00000164162	144831908	145098541	4
ENSG00000167004	43746394	43773279	15
ENSG00000139637	53299695	53307177	12
ENSG00000242120	70194479	70312638	3
ENSG00000153002	148791102	148860187	3
ENSG00000171540	77628712	77638713	5
ENSG00000171530	77691166	77868780	5
ENSG00000134398	23690310	23713226	16
ENSG00000133710	148025683	148137382	5
ENSG00000094914	53307456	53324864	12
ENSG00000008130	1751232	1780457	1
ENSG00000131398	50311937	50333515	19
ENSG00000111961	148272304	148552044	6
ENSG00000144891	148697784	148743008	3
ENSG00000131408	50329653	50383388	19
ENSG00000172016	79157003	79159753	2
ENSG00000163687	58192257	58214697	3
ENSG00000112242	20401879	20493714	6
ENSG00000178821	1917590	1919279	1
ENSG00000179165	36390551	36442854	6
ENSG00000166869	23755026	23758935	16
ENSG00000030110	33572547	33580293	6
ENSG00000164163	145098288	145129524	4
ENSG00000158477	158254424	158258269	1
ENSG00000163686	58237532	58295693	3
ENSG00000166501	23835983	24220611	16
ENSG00000172348	46220736	46491972	6
ENSG00000162951	80288351	80304752	2
ENSG00000158481	158289923	158294774	1
ENSG00000173068	16409503	16870843	9
ENSG00000124782	7107597	7251980	6
ENSG00000066032	79185231	80648861	2
ENSG00000158485	158327951	158331531	1
ENSG00000163684	58306245	58324695	3
ENSG00000158488	158353696	158357553	1
ENSG00000284906	30624548	30773002	15
ENSG00000168297	58332880	58426127	3
ENSG00000174450	23439038	23447243	15
ENSG00000183629	28519611	28533014	15
ENSG00000166801	59142748	59155039	11
ENSG00000006116	24256335	24362412	16
ENSG00000122257	24537693	24572863	16
ENSG00000173898	66682497	66744670	11
ENSG00000283288	139471004	139473700	5
ENSG00000184584	139475533	139482935	5
ENSG00000164164	145110838	145180589	4
ENSG00000142539	50415799	50428409	19
ENSG00000115271	162318840	162371595	2
ENSG00000269404	50418938	50431314	19
ENSG00000227717	28553568	28563779	15
ENSG00000273756	23324535	23334196	15
ENSG00000237850	28347851	28358084	15
ENSG00000169758	76059958	76229121	15
ENSG00000170374	53326575	53345315	12
ENSG00000185591	53380176	53416446	12
ENSG00000112761	112054075	112069686	6
ENSG00000086967	50432892	50466321	19
ENSG00000186306	158398522	158399466	1
ENSG00000159556	76336773	76342475	15
ENSG00000117505	93345907	93369493	1
ENSG00000171604	139647299	139683882	5
ENSG00000055332	37099210	37157522	2
ENSG00000135409	53423855	53431672	12
ENSG00000169918	31475398	31870789	15
ENSG00000162889	206684905	206734281	1
ENSG00000166441	8682788	8714759	11
ENSG00000180357	64460578	64686068	15
ENSG00000142530	50466785	50476848	19
ENSG00000131508	139526431	139628434	5
ENSG00000172179	22287244	22302826	6
ENSG00000156219	76011184	76114048	4
ENSG00000180304	64687573	64703281	15
ENSG00000185345	161347417	162727775	6
ENSG00000182831	9091644	9121635	16
ENSG00000161671	50476400	50490871	19
ENSG00000162892	206897443	206904139	1
ENSG00000140650	8788823	8862534	16
ENSG00000149968	102835801	102843609	11
ENSG00000204531	31164337	31180731	6
ENSG00000205352	53441678	53446645	12
ENSG00000113048	72214953	72321717	5
ENSG00000262406	102862736	102874982	11
ENSG00000187720	71096952	71783383	15
ENSG00000152467	58034025	58054631	19
ENSG00000137692	103050686	103092194	11
ENSG00000162894	206903317	206923247	1
ENSG00000176293	58059239	58086310	19
ENSG00000094916	54230942	54280133	12
ENSG00000167005	56429133	56452199	16
ENSG00000121413	58083838	58118427	19
ENSG00000162896	206928522	206946466	1
ENSG00000123405	54292111	54301015	12
ENSG00000288725	56430556	56501497	16
ENSG00000187240	103109410	103479863	11
ENSG00000171914	62390526	62844631	15
ENSG00000111481	54301202	54351846	12
ENSG00000125124	56465640	56582667	16
ENSG00000162897	206957965	206970625	1
ENSG00000124406	42408373	42657121	4
ENSG00000181894	58126248	58155110	19
ENSG00000177191	41425359	41428730	19
ENSG00000182795	207018522	207032756	1
ENSG00000130255	5674947	5691875	19
ENSG00000198890	107056674	107067636	1
ENSG00000180071	38540567	38620596	9
ENSG00000142669	26280086	26281522	1
ENSG00000169442	26317958	26320523	1
ENSG00000176083	26361634	26374522	1
ENSG00000077232	182716255	182794464	2
ENSG00000174917	5678421	5680516	19
ENSG00000230453	33524251	33608848	9
ENSG00000142910	31576485	31587686	1
ENSG00000167733	5680604	5688523	19
ENSG00000166922	32641676	32697098	15
ENSG00000185963	92711363	92764833	9
ENSG00000134321	6865557	6898239	2
ENSG00000162517	31629866	31644896	1
ENSG00000139572	54362445	54364487	12
ENSG00000151692	6917412	7068286	2
ENSG00000127081	92844182	92878038	9
ENSG00000111639	6491886	6493841	12
ENSG00000138614	65578753	65611289	15
ENSG00000168291	58427630	58433857	3
ENSG00000162929	61065871	61138034	2
ENSG00000085840	52372829	52404423	1
ENSG00000153347	95391366	95450454	5
ENSG00000010292	6493356	6531955	12
ENSG00000165023	90609832	90642862	9
ENSG00000152969	6026199	6200591	4
ENSG00000214087	81681187	81683797	17
ENSG00000196116	97412096	97496125	9
ENSG00000164291	95555101	95605102	5
ENSG00000136938	97983341	98015943	9
ENSG00000141576	76142465	76240493	17
ENSG00000214300	100307702	100322196	7
ENSG00000178015	95620087	95622142	5
ENSG00000095380	98056732	98083077	9
ENSG00000145569	14581792	14616180	5
ENSG00000143751	225982702	225999343	1
ENSG00000114757	179794958	180037053	3
ENSG00000289360	105040848	105040925	7
ENSG00000288914	105040858	105040956	7
ENSG00000173678	102650319	102662625	7
ENSG00000106785	98069275	98119222	9
ENSG00000163041	226061851	226072019	1
ENSG00000137815	41408408	41483563	15
ENSG00000170092	75492320	75504316	7
ENSG00000152670	55738017	55817157	5
ENSG00000262461	73075972	73086038	7
ENSG00000275976	73047862	73057911	7
ENSG00000286038	75280790	75289501	7
ENSG00000106789	98120975	98192637	9
ENSG00000286014	75335343	75345396	7
ENSG00000185040	76531313	76543297	7
ENSG00000185262	76265348	76271298	17
ENSG00000095383	98199011	98255649	9
ENSG00000186645	77022306	77032361	7
ENSG00000166823	89749875	89751249	15
ENSG00000205482	77050391	77062558	7
ENSG00000214013	42273201	42353666	15
ENSG00000136206	43997897	44010124	7
ENSG00000132510	7834217	7854796	17
ENSG00000182827	226144679	226186741	1
ENSG00000106290	100106876	100119841	7
ENSG00000111640	6534512	6538374	12
ENSG00000107242	68705240	69009176	9
ENSG00000185155	226223618	226227060	1
ENSG00000143753	224175756	224193441	1
ENSG00000186860	41314912	41315710	17
ENSG00000006059	41346092	41350828	17
ENSG00000123609	151270470	151289894	2
ENSG00000174915	448268	491399	11
ENSG00000131738	41363498	41369813	17
ENSG00000143748	224227334	224330189	1
ENSG00000094796	41393721	41397608	17
ENSG00000123610	151357592	151380046	2
ENSG00000149089	34853094	34916379	11
ENSG00000108417	41420547	41424585	17
ENSG00000080345	151409883	151508013	2
ENSG00000108950	68535113	68601367	17
ENSG00000185033	90160604	90229679	15
ENSG00000187866	68780065	68785566	9
ENSG00000189357	81928428	81934998	9
ENSG00000110435	34915829	35020591	11
ENSG00000186788	81943500	81950093	9
ENSG00000164509	55851357	55922854	5
ENSG00000214929	81988772	81995253	9
ENSG00000196365	5691834	5720572	19
ENSG00000224470	71808439	71885268	16
ENSG00000109705	13540830	13544508	4
ENSG00000038219	13568738	13627725	4
ENSG00000182149	71845996	71931199	16
ENSG00000141337	68259182	68422731	17
ENSG00000187239	129887187	130043189	9
ENSG00000122859	69571698	69573422	10
ENSG00000095787	28532493	28623112	10
ENSG00000196704	68205481	68257712	17
ENSG00000019505	45240302	45286341	11
ENSG00000177595	799179	809753	11
ENSG00000188549	40331452	40340939	15
ENSG00000111641	6556863	6568691	12
ENSG00000136521	179604690	179627647	3
ENSG00000174898	5720637	5778734	19
ENSG00000112562	168441151	168673445	6
ENSG00000112077	49605175	49636839	6
ENSG00000212123	5782960	5784746	19
ENSG00000155158	15163622	15307360	9
ENSG00000267157	5784005	5785619	19
ENSG00000134352	55935095	55995022	5
ENSG00000186318	117285232	117316259	11
ENSG00000141994	5784832	5791225	19
ENSG00000143771	224356858	224379459	1
ENSG00000177303	75500261	75515537	17
ENSG00000288698	179604807	179784179	3
ENSG00000188501	66547179	66565998	15
ENSG00000058056	179653032	179804366	3
ENSG00000176532	29563835	29567293	7
ENSG00000164532	35202430	35254100	7
ENSG00000183682	39491636	39529869	1
ENSG00000171119	5805067	5828324	19
ENSG00000267740	5866171	5903787	19
ENSG00000163909	39623435	39639643	1
ENSG00000263001	74650231	74760692	7
ENSG00000174886	5891276	5904006	19
ENSG00000182173	75515944	75524735	17
ENSG00000112394	111087503	111231194	6
ENSG00000116983	39678648	39691485	1
ENSG00000137161	42929480	42939294	6
ENSG00000267314	5904841	5914707	19
ENSG00000197872	16549459	16666331	2
ENSG00000177693	101922042	101923113	15
ENSG00000198704	28503296	28528215	6
ENSG00000187650	5904872	5910853	19
ENSG00000140545	88898683	88913468	15
ENSG00000167654	3879864	3928082	19
ENSG00000090621	39560709	39576790	1
ENSG00000124702	43014103	43021298	6
ENSG00000102984	71859680	71895336	16
ENSG00000073350	75525080	75575209	17
ENSG00000243641	36002909	36003867	9
ENSG00000120210	5123880	5185647	9
ENSG00000120211	5231419	5235304	9
ENSG00000138835	113444731	113597743	9
ENSG00000196843	96536743	96552634	2
ENSG00000167657	3958453	3971123	19
ENSG00000118513	135181308	135219173	6
ENSG00000143369	150508062	150513789	1
ENSG00000114982	96593170	96642787	2
ENSG00000167658	3976056	3985463	19
ENSG00000189129	80131682	80145359	10
ENSG00000119938	91628442	91633071	10
ENSG00000196549	155024124	155183704	3
ENSG00000152457	14897359	14954432	10
ENSG00000185043	90229975	90234047	15
ENSG00000105229	4007736	4039386	19
ENSG00000143420	150600851	150629612	1
ENSG00000151575	56243971	56445997	15
ENSG00000102967	72008588	72027664	16
ENSG00000113492	34998101	35048135	5
ENSG00000178951	4043303	4066899	19
ENSG00000103966	41895933	41972557	15
ENSG00000126934	4090321	4124122	19
ENSG00000048649	77660009	77820869	11
ENSG00000140830	72044289	72094431	16
ENSG00000159337	42067009	42094562	15
ENSG00000060566	4153631	4173054	19
ENSG00000143457	150646230	150697154	1
ENSG00000126858	32142454	32253374	17
ENSG00000140829	72093613	72112912	16
ENSG00000188089	41981394	42051190	15
ENSG00000143452	150698060	150720895	1
ENSG00000110077	60172015	60184666	11
ENSG00000103642	63121833	63142061	15
ENSG00000168724	34929559	34958964	5
ENSG00000077463	4174109	4182566	19
ENSG00000185088	63125872	63158021	15
ENSG00000255154	58306262	58320193	3
ENSG00000166106	130448645	130476645	11
ENSG00000249715	96642737	96704887	2
ENSG00000183496	82041778	82046119	15
ENSG00000183378	7689437	7706477	11
ENSG00000143384	150560895	150579738	1
ENSG00000188659	82262810	82284930	15
ENSG00000177042	695591	705028	11
ENSG00000166589	66908122	66918917	16
ENSG00000278662	82339993	82349475	15
ENSG00000154342	228006998	228061271	1
ENSG00000285238	6556886	6607367	12
ENSG00000166363	6845683	6846636	11
ENSG00000143793	228100726	228105411	1
ENSG00000171014	123939617	123940573	11
ENSG00000197978	82429816	82439153	15
ENSG00000186119	55819630	55820571	11
ENSG00000150261	56346039	56346998	11
ENSG00000114988	96705929	96740064	2
ENSG00000172154	56093308	56094240	11
ENSG00000178358	6921002	6921994	11
ENSG00000172459	56663686	56664618	11
ENSG00000181961	55343201	55344187	11
ENSG00000279051	58030953	58031906	11
ENSG00000111642	6570082	6614524	12
ENSG00000166736	113975075	113990313	11
ENSG00000164185	122129546	122182658	5
ENSG00000213139	186538441	186546702	3
ENSG00000182774	82536750	82540459	15
ENSG00000250803	122129622	122182658	5
ENSG00000113838	186546067	186570543	3
ENSG00000181751	103258763	103278660	5
ENSG00000159692	1211445	1250333	4
ENSG00000145725	103120149	103212799	5
ENSG00000162910	228106679	228109312	1
ENSG00000260836	82536788	82573194	15
ENSG00000283149	186581995	186597103	3
ENSG00000140598	82130206	82262773	15
ENSG00000145192	186613060	186621318	3
ENSG00000119396	121178133	121223014	9
ENSG00000158158	96760902	96811874	2
ENSG00000090512	186635969	186653141	3
ENSG00000167470	1248553	1259143	19
ENSG00000168763	96816245	96835382	2
ENSG00000140534	89575469	89631056	15
ENSG00000099622	1259384	1274880	19
ENSG00000119912	92451684	92574096	10
ENSG00000197694	128552558	128633662	9
ENSG00000255298	124256376	124266224	11
ENSG00000163126	96824526	96857934	2
ENSG00000229183	61222347	61231694	11
ENSG00000113905	186660216	186678234	3
ENSG00000166592	66921679	66925536	16
ENSG00000166813	89608789	89663086	15
ENSG00000166595	66932065	66934423	16
ENSG00000091181	3066324	3126613	3
ENSG00000213337	96836611	96858016	2
ENSG00000172831	66934444	66945096	16
ENSG00000186513	58189070	58194053	11
ENSG00000181785	56027654	56038191	11
ENSG00000279486	6783020	6791558	11
ENSG00000181074	5754243	5755958	11
ENSG00000168412	186526792	186555567	4
ENSG00000168758	96859718	96870757	2
ENSG00000149554	125625163	125676255	11
ENSG00000109436	140620782	140756385	4
ENSG00000140525	89243945	89317261	15
ENSG00000063978	2462220	2515857	4
ENSG00000152778	89414568	89421605	10
ENSG00000132329	237858893	237912106	2
ENSG00000150093	32887273	33005792	10
ENSG00000172828	66961245	66975149	16
ENSG00000124003	222671658	222709930	2
ENSG00000123983	222860942	222944639	2
ENSG00000126561	42287547	42311943	17
ENSG00000196275	74796151	74851605	7
ENSG00000067955	67028984	67101058	16
ENSG00000198835	228149930	228159826	1
ENSG00000181873	228165804	228182257	1
ENSG00000181652	151012209	151024499	7
ENSG00000290180	2512477	2625320	4
ENSG00000184178	52872982	53366066	4
ENSG00000102878	67164681	67169945	16
ENSG00000154370	228393673	228406835	1
ENSG00000072201	53459301	53701405	4
ENSG00000164900	151148009	151174745	7
ENSG00000197849	124241095	124254364	11
ENSG00000248767	290170	294422	7
ENSG00000181939	55554307	55555419	11
ENSG00000176900	4881819	4882883	11
ENSG00000127922	96481626	96709880	7
ENSG00000166368	6891574	6892500	11
ENSG00000279116	124319262	124320197	11
ENSG00000254834	56576774	56577721	11
ENSG00000181499	123942867	123943838	11
ENSG00000221931	123753580	123754518	11
ENSG00000170953	124539635	124545333	11
ENSG00000067560	49359139	49412998	3
ENSG00000280090	124423942	124424871	11
ENSG00000162931	228407935	228416861	1
ENSG00000255223	56542340	56543257	11
ENSG00000181371	56490435	56491370	11
ENSG00000196099	123805408	123806349	11
ENSG00000180628	91163012	91284337	10
ENSG00000072952	10573091	10693988	11
ENSG00000152705	134967907	135011696	5
ENSG00000177646	128879596	128924003	3
ENSG00000069011	135027734	135034813	5
ENSG00000154493	126424997	126798708	10
ENSG00000109220	54009789	54064605	4
ENSG00000173852	34927292	35038271	7
ENSG00000145832	135476913	135889770	5
ENSG00000171960	42658335	42676758	1
ENSG00000145216	53377569	53464382	4
ENSG00000171862	87862563	87971930	10
ENSG00000099381	30957754	30984664	16
ENSG00000105989	117275451	117323152	7
ENSG00000181965	135534282	135535964	5
ENSG00000145824	135570679	135579279	5
ENSG00000213859	7351889	7354944	17
ENSG00000167447	59209400	59215239	17
ENSG00000103024	1770320	1771561	16
ENSG00000154438	117363222	117428123	7
ENSG00000204323	75633434	75641404	17
ENSG00000011083	150190062	150222788	5
ENSG00000179859	7913339	7916289	17
ENSG00000255713	58166982	58171411	17
ENSG00000115318	74532258	74555690	2
ENSG00000184640	77280569	77500596	17
ENSG00000285043	30053123	30070414	16
ENSG00000138315	72893584	72933036	10
ENSG00000070808	150219491	150290093	5
ENSG00000138308	72934762	72954806	10
ENSG00000122884	73007217	73096974	10
ENSG00000159648	57976435	57988116	16
ENSG00000077063	117710651	117874139	7
ENSG00000172188	55602360	55607645	11
ENSG00000172377	58116742	58125530	11
ENSG00000167800	67631303	67639763	11
ENSG00000180934	6019336	6034338	11
ENSG00000185338	11254417	11256204	16
ENSG00000213918	3611728	3680143	16
ENSG00000198283	58506807	58508105	11
ENSG00000174970	55965755	55969945	11
ENSG00000065978	42682418	42703805	1
ENSG00000167359	5440570	5441514	11
ENSG00000279012	5323359	5324297	11
ENSG00000176540	48365485	48366465	11
ENSG00000181616	5544489	5548540	11
ENSG00000181718	56231282	56234255	11
ENSG00000169704	129060779	129062406	3
ENSG00000186714	32602721	32794662	11
ENSG00000172780	129087569	129122801	3
ENSG00000172464	56641489	56642439	11
ENSG00000166884	59456961	59457905	11
ENSG00000177963	207708	215113	11
ENSG00000261796	129087575	129161036	3
ENSG00000075891	100735396	100829944	10
ENSG00000240682	129127415	129161063	3
ENSG00000033100	151232483	151240979	7
ENSG00000164007	42733093	42740254	1
ENSG00000168488	28822999	28837237	16
ENSG00000117385	42746335	42767084	1
ENSG00000160991	102433106	102456825	7
ENSG00000172269	119096025	119108331	11
ENSG00000204843	74361154	74392087	2
ENSG00000274570	73104008	73155431	7
ENSG00000164647	90154456	90164829	7
ENSG00000172215	45940933	45948351	3
ENSG00000184500	93873051	93980003	3
ENSG00000157214	90167590	90238137	7
ENSG00000148680	90740823	90858039	10
ENSG00000001460	24356999	24416934	1
ENSG00000204147	50739318	50816495	10
ENSG00000104140	40872214	40874234	15
ENSG00000148584	50799409	50885675	10
ENSG00000104142	40894450	40903975	15
ENSG00000196453	149431363	149461062	7
ENSG00000055163	157266079	157395595	5
ENSG00000181220	149472696	149497817	7
ENSG00000128917	40929340	40939073	15
ENSG00000001461	24415802	24472976	1
ENSG00000135248	128709061	128731743	7
ENSG00000128965	40952962	40956512	15
ENSG00000180720	46383789	46391776	11
ENSG00000137727	110577042	110713189	11
ENSG00000178750	94014365	94028597	3
ENSG00000178700	94047836	94063389	3
ENSG00000128908	40978880	41116280	15
ENSG00000228300	1275530	1279244	19
ENSG00000178694	94062980	94131832	3
ENSG00000004799	95583499	95596516	7
ENSG00000105610	12884422	12887201	19
ENSG00000117602	24502351	24541040	1
ENSG00000008441	12995475	13098796	19
ENSG00000169379	93980139	94055678	3
ENSG00000158560	95772506	96110322	7
ENSG00000184454	24556087	24609328	1
ENSG00000177606	58776845	58784048	1
ENSG00000176108	80991598	81009517	17
ENSG00000116539	155335268	155563162	1
ENSG00000170959	30830369	31369810	11
ENSG00000148459	26697701	26746798	10
ENSG00000197774	1772810	1781708	16
ENSG00000181409	81110487	81166221	17
ENSG00000109670	152320544	152536092	4
ENSG00000136754	26746593	26861087	10
ENSG00000167523	89657740	89671272	16
ENSG00000117906	76931738	76954393	15
ENSG00000168418	84218657	84240012	16
ENSG00000103404	23061406	23149452	16
ENSG00000015153	42157104	42238349	12
ENSG00000182667	131370478	132336822	11
ENSG00000114812	42489299	42537573	3
ENSG00000196172	23739195	23758891	19
ENSG00000205832	4556340	4600758	16
ENSG00000225180	81165507	81183166	17
ENSG00000167302	81228277	81239091	17
ENSG00000277481	71929538	72000402	16
ENSG00000140391	77041404	77083984	15
ENSG00000134283	42238447	42459715	12
ENSG00000011590	35704558	35717038	19
ENSG00000008517	3065297	3082192	16
ENSG00000198300	56810077	56840728	19
ENSG00000169989	152769354	152779730	4
ENSG00000145248	48483343	48489526	4
ENSG00000182223	48490252	48494389	4
ENSG00000108479	75751594	75765236	17
ENSG00000075539	48497357	48780322	4
ENSG00000084652	32179675	32198285	1
ENSG00000140368	76993359	77037475	15
ENSG00000170322	129863636	129895590	11
ENSG00000177370	997129	1003671	17
ENSG00000205899	1270444	1271815	17
ENSG00000184811	1279662	1300978	17
ENSG00000108953	1344275	1400222	17
ENSG00000160051	32205671	32208682	1
ENSG00000260097	102345746	102356444	7
ENSG00000183615	32247222	32248856	1
ENSG00000116478	32292083	32333635	1
ENSG00000188186	100148912	100155944	7
ENSG00000159842	1003519	1229738	17
ENSG00000135272	114922094	115019917	7
ENSG00000093183	42547969	42601080	3
ENSG00000178187	178941191	178966433	5
ENSG00000289604	144266674	144269288	7
ENSG00000135253	128862042	128910719	7
ENSG00000175130	32333839	32336233	1
ENSG00000162526	32351521	32364312	1
ENSG00000113262	178977587	178996206	5
ENSG00000168679	110362851	110391082	1
ENSG00000234284	179023804	179035064	5
ENSG00000177932	179060373	179083977	5
ENSG00000260916	55340032	55408510	15
ENSG00000087116	179110853	179345461	5
ENSG00000273520	73019719	73029766	7
ENSG00000146857	135231979	135258663	7
ENSG00000178795	77216558	77301687	11
ENSG00000275572	2474728	2476894	7
ENSG00000005075	102473128	102478922	7
ENSG00000221866	132123340	132648688	7
ENSG00000008324	42581840	42596934	3
ENSG00000157119	42685537	42692544	3
ENSG00000110497	46396414	46594125	11
ENSG00000099204	114431112	114768061	10
ENSG00000010282	42692663	42702824	3
ENSG00000269699	56774547	56840731	19
ENSG00000146067	177519789	177554586	5
ENSG00000109586	173168811	173323967	4
ENSG00000288784	144183466	144186080	7
ENSG00000134248	110401249	110407942	1
ENSG00000139168	42312086	42326257	12
ENSG00000069974	55202966	55319113	15
ENSG00000198492	28736621	28769775	1
ENSG00000082898	61476032	61538741	2
ENSG00000112851	65883128	66082546	5
ENSG00000010295	6538961	6556073	12
ENSG00000253304	29119429	29123903	1
ENSG00000244607	42705756	42773253	3
ENSG00000116353	29192657	29230942	1
ENSG00000189042	36687612	36727701	19
ENSG00000154114	121024072	121090776	11
ENSG00000280571	42705756	42804518	3
ENSG00000181061	42782908	42804490	3
ENSG00000272333	35717973	35738880	19
ENSG00000178115	30552050	30565684	15
ENSG00000214226	56791913	56838773	17
ENSG00000218305	48924547	48927454	7
ENSG00000198517	1530702	1543043	7
ENSG00000144648	42804752	42887974	3
ENSG00000171262	38454127	38487710	15
ENSG00000151553	114821744	114899832	10
ENSG00000153933	56834107	56869567	17
ENSG00000164855	1542235	1560821	7
ENSG00000286231	220786990	220884503	1
ENSG00000180432	42856005	42875898	3
ENSG00000114853	42653697	42667580	3
ENSG00000136630	220879431	220885059	1
ENSG00000172575	38488103	38565575	15
ENSG00000050165	11956207	12009769	11
ENSG00000173389	51894876	51903353	3
ENSG00000121060	56836387	56914080	17
ENSG00000224982	119593774	119643075	12
ENSG00000116141	220528136	220664461	1
ENSG00000165832	114938195	114977676	10
ENSG00000111725	119667864	119681624	12
ENSG00000184345	51861615	51863424	3
ENSG00000214681	51873721	51875601	3
ENSG00000188716	75037472	75073642	10
ENSG00000157778	1567332	1571005	7
ENSG00000041880	51942345	51948867	3
ENSG00000079393	75094432	75109221	10
ENSG00000225968	1665745	1747946	7
ENSG00000128606	102913000	102945111	7
ENSG00000115339	165747588	165794659	2
ENSG00000178917	44494847	44510636	3
ENSG00000222011	102748971	102809225	7
ENSG00000122966	119685791	119877320	12
ENSG00000196345	44555193	44594173	3
ENSG00000141580	82614562	82648553	17
ENSG00000166924	100483927	100494802	7
ENSG00000106351	100539203	100568220	7
ENSG00000156671	75099586	75182123	10
ENSG00000129167	18017555	18046269	11
ENSG00000123607	165857475	165953851	2
ENSG00000196646	12163064	12189871	19
ENSG00000165637	75210154	75231448	10
ENSG00000141542	82654973	82698698	17
ENSG00000205307	100572228	100573900	7
ENSG00000004777	35774532	35788822	19
ENSG00000144792	44578223	44599694	3
ENSG00000162817	220690363	220699153	1
ENSG00000117593	173824653	173858808	1
ENSG00000186448	44584888	44648471	3
ENSG00000168959	88504576	89065982	11
ENSG00000106336	100583982	100601117	7
ENSG00000141560	82716706	82730328	17
ENSG00000145388	118685392	118715433	4
ENSG00000169981	44648732	44660791	3
ENSG00000166926	60327255	60396596	11
ENSG00000126500	64035931	64119173	11
ENSG00000080503	1980290	2193624	9
ENSG00000283267	90316503	90321304	7
ENSG00000150433	125094389	125111763	11
ENSG00000109738	157076125	157172090	4
ENSG00000284292	99325879	99394653	7
ENSG00000185313	38696802	38816286	3
ENSG00000241685	99325898	99366262	7
ENSG00000135870	173931084	174022357	1
ENSG00000167378	43584367	43596134	19
ENSG00000167363	82735615	82751196	17
ENSG00000124444	43596392	43601157	19
ENSG00000226763	43596617	43614498	19
ENSG00000062822	50384204	50418018	19
ENSG00000141556	82752042	82945914	17
ENSG00000130429	99374249	99394816	7
ENSG00000138735	119494397	119628804	4
ENSG00000197852	111680630	111755824	1
ENSG00000131375	15206152	15252916	3
ENSG00000276600	205976740	206003461	1
ENSG00000165644	75233641	75236030	10
ENSG00000158769	160995211	161021343	1
ENSG00000110693	15966449	16739591	11
ENSG00000155749	201288271	201357398	2
ENSG00000148660	73812501	73874591	10
ENSG00000131370	15254353	15341368	3
ENSG00000106244	99392048	99408597	7
ENSG00000270149	160997957	161038962	1
ENSG00000115993	201377207	201451500	2
ENSG00000106245	99408641	99419616	7
ENSG00000215845	161037631	161038977	1
ENSG00000214367	2227464	2242133	4
ENSG00000158773	161039251	161045977	1
ENSG00000146834	100428322	100434126	7
ENSG00000178163	10439880	10457426	4
ENSG00000179938	30082955	30096690	15
ENSG00000289690	100397577	100434107	7
ENSG00000082146	201387858	201480846	2
ENSG00000230358	67276941	67289005	7
ENSG00000109265	56049098	56330609	4
ENSG00000166925	100463359	100479232	7
ENSG00000261247	30135051	30148748	15
ENSG00000206562	15381275	15440566	3
ENSG00000213471	90249530	90265482	15
ENSG00000180988	5808924	5821483	11
ENSG00000178809	75395063	75410996	7
ENSG00000137491	75100563	75206549	11
ENSG00000144597	15427598	15450635	3
ENSG00000215045	6496778	6551461	7
ENSG00000174780	56467617	56503681	4
ENSG00000138600	50702266	50765948	15
ENSG00000155754	201487421	201619178	2
ENSG00000186517	161046946	161069970	1
ENSG00000206561	15450133	15521751	3
ENSG00000089693	6747996	6767475	12
ENSG00000136247	6577434	6589374	7
ENSG00000143217	161070998	161089558	1
ENSG00000082126	201644870	201698694	2
ENSG00000169136	49928702	49933935	19
ENSG00000162755	161098361	161100346	1
ENSG00000143256	161100556	161118055	1
ENSG00000095059	12675717	12681880	19
ENSG00000158793	161118086	161125445	1
ENSG00000146576	6590021	6608726	7
ENSG00000140297	59594875	59640239	15
ENSG00000131373	15560699	15601852	3
ENSG00000261594	75240774	75243704	11
ENSG00000140307	59638062	59657541	15
ENSG00000137486	75260122	75351705	11
ENSG00000215021	6965327	6970780	12
ENSG00000138668	82352498	82374503	4
ENSG00000223614	64207203	64220290	7
ENSG00000136244	22725884	22732002	7
ENSG00000158796	161120974	161132688	1
ENSG00000176125	100888721	100889715	7
ENSG00000128891	40528683	40565054	15
ENSG00000237621	141887148	141888092	7
ENSG00000106603	43608456	43729717	7
ENSG00000120837	104117086	104138241	12
ENSG00000104885	2163933	2232578	19
ENSG00000108094	35008504	35127006	10
ENSG00000196188	206008535	206023909	1
ENSG00000104886	2230084	2237704	19
ENSG00000255150	104303739	104305205	12
ENSG00000135119	116738178	116853631	12
ENSG00000183696	48088628	48108736	7
ENSG00000185947	31873807	31917357	16
ENSG00000166133	40569299	40574949	15
ENSG00000137812	40594020	40664342	15
ENSG00000149243	75422394	75433203	11
ENSG00000163050	226940286	226987544	1
ENSG00000104897	2236824	2248655	19
ENSG00000149948	65824460	65966291	12
ENSG00000064309	125955796	126063335	11
ENSG00000103355	2783953	2787948	16
ENSG00000104899	2249309	2252073	19
ENSG00000177200	53054991	53329150	16
ENSG00000213921	39776595	39786291	19
ENSG00000138395	201790461	201895550	2
ENSG00000067225	72199029	72231819	15
ENSG00000105202	39834458	39846379	19
ENSG00000174574	38991276	39006059	1
ENSG00000111596	70243002	70354993	12
ENSG00000168653	39026318	39034636	1
ENSG00000164619	33904308	34156427	7
ENSG00000152795	82422565	82430462	4
ENSG00000288674	226870184	226987545	1
ENSG00000012171	50267558	50277546	3
ENSG00000121931	110947190	110963965	1
ENSG00000162777	111185969	111204535	1
ENSG00000223547	12064731	12081565	19
ENSG00000129933	19320829	19358754	19
ENSG00000153914	66139971	66183615	5
ENSG00000003393	201700267	201782112	2
ENSG00000110700	17074388	17077715	11
ENSG00000064886	111200771	111243440	1
ENSG00000284691	150400702	150412470	7
ENSG00000257446	12043805	12052961	19
ENSG00000237247	7030578	7033011	19
ENSG00000164692	94394895	94431227	7
ENSG00000205718	7037749	7040179	19
ENSG00000230522	7049321	7051735	19
ENSG00000130544	7069703	7087968	19
ENSG00000011405	17077730	17207986	11
ENSG00000179564	50279087	50288114	3
ENSG00000290316	186208979	186258469	4
ENSG00000186792	50292831	50299405	3
ENSG00000167414	46633953	46636541	19
ENSG00000197013	21496682	21556270	19
ENSG00000068796	62306162	62391025	5
ENSG00000160321	21932958	22010949	19
ENSG00000164344	186226438	186258471	4
ENSG00000053501	17215346	17219829	19
ENSG00000243477	50296402	50299416	3
ENSG00000110011	64230278	64234286	11
ENSG00000135702	75528530	75536108	16
ENSG00000090520	186567403	186585800	3
ENSG00000174938	29871159	29899550	16
ENSG00000277865	22458903	22469226	15
ENSG00000182950	75724041	75727688	15
ENSG00000151475	127730400	127774292	4
ENSG00000086475	13317428	13348298	10
ENSG00000154743	12484421	12541549	3
ENSG00000118046	1177558	1228431	19
ENSG00000156171	111117163	111140203	1
ENSG00000140367	75843307	75901078	15
ENSG00000164070	127781821	127840733	4
ENSG00000156603	57703710	57712221	11
ENSG00000172425	118527472	118531197	11
ENSG00000169291	154469772	154502412	1
ENSG00000165626	13438484	13529014	10
ENSG00000149582	118531041	118547280	11
ENSG00000127995	94509219	94557019	7
ENSG00000187980	20161253	20186518	1
ENSG00000164050	48403854	48430086	3
ENSG00000180739	10512742	10517931	19
ENSG00000142515	50854915	50860764	19
ENSG00000143252	161314381	161363206	1
ENSG00000167196	75903876	75942511	15
ENSG00000139190	6462237	6470677	12
ENSG00000156113	76869601	77638369	10
ENSG00000142731	127880893	127899224	4
ENSG00000106609	66921225	66958551	7
ENSG00000143437	150809713	150876708	1
ENSG00000153814	27830573	28180795	7
ENSG00000169752	75935969	76059795	15
ENSG00000135486	54280193	54287088	12
ENSG00000259803	89195761	89201651	16
ENSG00000178980	47778677	47784686	19
ENSG00000255524	28637654	28658744	16
ENSG00000113249	157026742	157069396	5
ENSG00000126524	66987680	66995693	7
ENSG00000180209	30370934	30377991	16
ENSG00000188227	37506939	37548762	19
ENSG00000164073	127917799	127966034	4
ENSG00000180917	71281389	71289715	16
ENSG00000205238	102551226	102563538	7
ENSG00000105323	41262496	41307787	19
ENSG00000205838	34838833	34900511	5
ENSG00000184616	74904289	74915078	7
ENSG00000172137	71358713	71390436	16
ENSG00000140374	76188555	76311730	15
ENSG00000086300	26291862	26374383	7
ENSG00000118096	118544528	118572970	11
ENSG00000164051	48432164	48440456	3
ENSG00000141579	82829434	82840022	17
ENSG00000198677	95461755	95555050	5
ENSG00000176845	83079609	83095122	17
ENSG00000232112	48440257	48444208	3
ENSG00000213689	48465811	48467645	3
ENSG00000167377	71447597	71463095	16
ENSG00000267060	42968088	42980433	17
ENSG00000114268	48517684	48562015	3
ENSG00000010270	38178245	38230670	7
ENSG00000005882	50094737	50112152	17
ENSG00000185905	29742463	29745990	16
ENSG00000174992	29778256	29782973	16
ENSG00000083067	70529060	71446904	9
ENSG00000143799	226360210	226408154	1
ENSG00000167371	29811382	29815892	16
ENSG00000197658	63079940	63144221	11
ENSG00000280893	29812261	29820092	16
ENSG00000280789	29816152	29822489	16
ENSG00000198851	118304730	118316175	11
ENSG00000167562	52555822	52587174	19
ENSG00000281348	29817239	29830627	16
ENSG00000013364	29820394	29848039	16
ENSG00000289746	38259643	38273636	7
ENSG00000180347	31514090	31656504	7
ENSG00000167100	50110040	50130160	17
ENSG00000198046	56439325	56478065	19
ENSG00000118058	118436456	118526832	11
ENSG00000105198	39602524	39607474	19
ENSG00000079616	29790727	29805385	16
ENSG00000158864	161197104	161214723	1
ENSG00000196584	152644776	152676193	7
ENSG00000108819	50133737	50150677	17
ENSG00000174206	64186316	64222296	12
ENSG00000105146	57231009	57235548	19
ENSG00000185306	64264762	64390758	12
ENSG00000132436	50444128	50542535	7
ENSG00000108821	50184101	50201632	17
ENSG00000145040	48561718	48563781	3
ENSG00000010256	48599002	48610976	3
ENSG00000184575	64404392	64451125	12
ENSG00000169393	47994632	48025154	19
ENSG00000132437	50458436	50565405	7
ENSG00000126464	49591182	49626439	19
ENSG00000248483	93733220	93741600	5
ENSG00000197128	57466663	57477570	19
ENSG00000175745	93583222	93594611	5
ENSG00000171970	2900928	2918473	19
ENSG00000183396	48620759	48621769	3
ENSG00000285978	178694605	178729335	5
ENSG00000225697	48625723	48635493	3
ENSG00000169131	178711512	178730659	5
ENSG00000285901	4273762	4405490	12
ENSG00000175203	57529633	57547224	12
ENSG00000177045	45764785	45769252	19
ENSG00000178338	178859953	178888122	5
ENSG00000161298	36604817	36634114	19
ENSG00000138834	1706166	1770351	16
ENSG00000167105	50271406	50281485	17
ENSG00000285891	178694572	178697761	5
ENSG00000261739	23354748	23368341	15
ENSG00000242110	33986165	34008104	5
ENSG00000197020	21722771	21767579	19
ENSG00000015532	50346126	50363138	17
ENSG00000007047	45079288	45305284	19
ENSG00000175265	34378935	34437808	15
ENSG00000165119	83968083	83980631	9
ENSG00000092820	158765741	158819368	6
ENSG00000289791	33997007	34008084	5
ENSG00000111846	10492223	10629368	6
ENSG00000108826	50367857	50373207	17
ENSG00000164074	127965306	128039953	4
ENSG00000197043	151100706	151157815	5
ENSG00000154920	50373220	50381483	17
ENSG00000164040	128269237	128288829	4
ENSG00000105048	55132698	55149206	19
ENSG00000108829	50375059	50397523	17
ENSG00000182117	34339159	34343180	15
ENSG00000091831	151656691	152129619	6
ENSG00000108823	50164214	50175928	17
ENSG00000035664	63907036	64072033	15
ENSG00000135365	45929319	46121454	11
ENSG00000138709	128061286	128222931	4
ENSG00000185811	50304068	50405101	7
ENSG00000184047	122207663	122227456	12
ENSG00000288636	17005068	17011757	1
ENSG00000117450	45510914	45542732	1
ENSG00000103196	84819985	84920768	16
ENSG00000183706	22094522	22095862	15
ENSG00000273173	24954987	24977850	15
ENSG00000008300	48636463	48662886	3
ENSG00000279408	21651844	21652968	15
ENSG00000182974	21637909	21638992	15
ENSG00000132780	45583846	45618904	1
ENSG00000137843	40217428	40277487	15
ENSG00000118495	143940300	144064599	6
ENSG00000172421	62343941	62416480	17
ENSG00000153786	84974175	85011535	16
ENSG00000018510	177392746	177567024	2
ENSG00000087995	62423875	62453385	17
ENSG00000174358	1201595	1225111	5
ENSG00000153789	85098358	85112472	16
ENSG00000213672	48673844	48686364	3
ENSG00000135709	85027782	85094230	16
ENSG00000011028	62627670	62693597	17
ENSG00000164363	1225381	1246189	5
ENSG00000111667	6852148	6866632	12
ENSG00000288721	41793314	41921139	6
ENSG00000124641	41905354	41921139	6
ENSG00000164362	1253147	1295068	5
ENSG00000204983	142749468	142753072	7
ENSG00000214872	57537595	57550272	11
ENSG00000187987	28431930	28443502	6
ENSG00000232268	4593750	4595013	11
ENSG00000140743	22345936	22437165	16
ENSG00000167346	4704784	4992431	11
ENSG00000112530	162727132	163315500	6
ENSG00000198286	2906142	3044228	7
ENSG00000176922	4848237	4849208	11
ENSG00000277149	72558744	72828200	7
ENSG00000133895	64803510	64811294	11
ENSG00000135540	138422043	138692571	6
ENSG00000198535	62066977	62070917	15
ENSG00000068745	48688003	48740353	3
ENSG00000196678	20780193	20900349	16
ENSG00000145439	168863770	169010275	4
ENSG00000205502	62163535	62165285	15
ENSG00000140451	64815632	64825668	15
ENSG00000129116	168497052	168928457	4
ENSG00000197261	49550666	49561907	6
ENSG00000138092	24793136	24822376	2
ENSG00000091137	107660828	107717809	7
ENSG00000112624	42746958	42868558	6
ENSG00000146872	62458658	62615481	17
ENSG00000127329	70515870	70637440	12
ENSG00000049656	1317752	1345099	5
ENSG00000196747	27808173	27808667	6
ENSG00000273802	26216200	26216688	6
ENSG00000185130	27807479	27807929	6
ENSG00000233822	27838545	27855709	6
ENSG00000277224	26199516	26199988	6
ENSG00000275713	26251614	26252075	6
ENSG00000188215	20854925	20900358	16
ENSG00000180596	26114873	26123926	6
ENSG00000115137	24943636	24972094	2
ENSG00000105879	107743073	107761667	7
ENSG00000273983	26270918	26271413	6
ENSG00000278705	26026896	26027283	6
ENSG00000276966	26204610	26205021	6
ENSG00000135569	132588592	132589741	6
ENSG00000158373	26158122	26171349	6
ENSG00000102897	20899868	20925006	16
ENSG00000120279	152697897	152724569	6
ENSG00000188996	655939	657100	6
ENSG00000161911	41149337	41154347	6
ENSG00000186994	8322584	8343262	19
ENSG00000241839	64841883	64868002	15
ENSG00000114270	48564073	48595329	3
ENSG00000289491	30610211	30610351	16
ENSG00000164663	41789896	41895375	6
ENSG00000249240	64841883	64930920	15
ENSG00000091138	107765467	107803225	7
ENSG00000138031	24819169	24920237	2
ENSG00000005513	981770	986979	16
ENSG00000166839	64911902	64958691	15
ENSG00000197279	28080568	28089563	6
ENSG00000156689	58834065	58904215	11
ENSG00000244355	31715348	31717919	6
ENSG00000162078	2830253	2839585	16
ENSG00000204514	57848731	57889074	19
ENSG00000159588	45620044	45624057	1
ENSG00000044090	43037617	43053943	6
ENSG00000289281	3004132	3004859	16
ENSG00000173465	65570460	65573942	11
ENSG00000154553	185500660	185535507	4
ENSG00000132600	68310951	68360852	16
ENSG00000105472	50723364	50725708	19
ENSG00000176973	65572349	65574198	11
ENSG00000160460	40466241	40576464	19
ENSG00000153294	47685864	47722021	6
ENSG00000249931	32389599	32403292	15
ENSG00000160999	102285091	102321711	7
ENSG00000173442	65576046	65592650	11
ENSG00000142319	1392794	1445440	5
ENSG00000159592	45627304	45688113	1
ENSG00000106628	44114631	44124358	7
ENSG00000196812	28107689	28130082	6
ENSG00000136709	127701027	127811187	2
ENSG00000226314	28161769	28169594	6
ENSG00000137185	28224886	28233487	6
ENSG00000173338	65592836	65595996	11
ENSG00000153395	1456480	1523962	5
ENSG00000182175	93035271	93089211	15
ENSG00000080493	71062667	71572087	4
ENSG00000159596	45688181	45694436	1
ENSG00000187626	28241697	28252269	6
ENSG00000189134	28259297	28260958	6
ENSG00000124635	27125897	27132795	6
ENSG00000196787	27133043	27133535	6
ENSG00000276180	27139282	27139678	6
ENSG00000197903	27146361	27146855	6
ENSG00000274997	27147106	27147562	6
ENSG00000121270	48165773	48247568	16
ENSG00000143570	153959099	153968184	1
ENSG00000173327	65597756	65615382	11
ENSG00000112812	27247701	27256624	6
ENSG00000173349	127701497	127705242	2
ENSG00000172058	70900669	70918530	5
ENSG00000144231	127843553	127858155	2
ENSG00000140299	59659146	59689339	15
ENSG00000142864	67407810	67430415	1
ENSG00000136715	127941217	128028120	2
ENSG00000172062	70925030	70953942	5
ENSG00000197136	65615776	65637439	11
ENSG00000184508	90929968	90935196	15
ENSG00000105136	57487711	57496098	19
ENSG00000213445	65638101	65650918	11
ENSG00000004939	44248390	44268141	17
ENSG00000155530	134127299	134264595	7
ENSG00000075975	12557057	12586208	3
ENSG00000158553	27285903	27312273	6
ENSG00000124613	27374615	27403908	6
ENSG00000140553	90930180	90954093	15
ENSG00000172667	178960121	179072215	3
ENSG00000198160	66924895	66988619	1
ENSG00000096654	27450743	27473118	6
ENSG00000176842	54930865	54934485	16
ENSG00000137413	42050513	42087461	6
ENSG00000132613	70661204	70686053	16
ENSG00000205060	134289332	134316930	7
ENSG00000104783	43766533	43780976	19
ENSG00000121879	179148114	179240093	3
ENSG00000140987	3382081	3401065	16
ENSG00000125637	113157325	113209396	2
ENSG00000122566	26171151	26201529	7
ENSG00000249437	70968166	71025339	5
ENSG00000214787	60200270	60243137	11
ENSG00000213967	23914876	23945159	19
ENSG00000168056	65538559	65558930	11
ENSG00000184730	28494643	28498964	16
ENSG00000188171	20619939	20661596	19
ENSG00000185864	21834569	21880827	16
ENSG00000130518	18257098	18274500	19
ENSG00000108309	44308413	44318670	17
ENSG00000064995	34877462	34889192	6
ENSG00000213973	22752183	22784151	19
ENSG00000197808	36636618	36666853	19
ENSG00000166965	90954881	90963125	15
ENSG00000111850	87322583	87399749	6
ENSG00000241553	9792495	9807101	3
ENSG00000149922	30085793	30091924	16
ENSG00000136854	127579370	127696027	9
ENSG00000145736	71035016	71067689	5
ENSG00000115286	1383527	1395589	19
ENSG00000203872	87344813	87365463	6
ENSG00000167208	50666300	50681353	16
ENSG00000272514	87407972	87464465	6
ENSG00000109756	159103013	159360174	4
ENSG00000013306	44319625	44324870	17
ENSG00000143947	55231903	55235853	2
ENSG00000198901	90966040	90995629	15
ENSG00000184471	1088226	1096244	16
ENSG00000163964	196639775	196736007	3
ENSG00000153815	81444808	81711762	16
ENSG00000213204	87408012	87511634	6
ENSG00000164414	87470623	87512336	6
ENSG00000197763	126571779	126655124	3
ENSG00000162426	8318114	8344167	1
ENSG00000198203	108288639	108309915	2
ENSG00000159720	67438014	67481181	16
ENSG00000117245	20664014	20718017	1
ENSG00000146282	87513459	87590028	6
ENSG00000179097	87792706	87993839	3
ENSG00000114779	51968510	51983409	3
ENSG00000284946	90966190	91022566	15
ENSG00000170006	152618628	152680012	4
ENSG00000139193	6444955	6451718	12
ENSG00000139200	6693791	6700815	12
ENSG00000184056	90998673	91022603	15
ENSG00000087088	48954815	48961798	19
ENSG00000288637	153152435	153415081	4
ENSG00000239732	52221080	52225645	3
ENSG00000030582	44345246	44353106	17
ENSG00000163918	186789880	186807058	3
ENSG00000188295	247099962	247104372	1
ENSG00000261701	72063148	72077246	16
ENSG00000183303	7795974	7796942	11
ENSG00000166225	69470349	69579793	12
ENSG00000198075	108377911	108388989	2
ENSG00000168040	70203296	70207390	11
ENSG00000103021	58231157	58283836	16
ENSG00000146414	145864245	145964423	6
ENSG00000116750	193012250	193060080	1
ENSG00000204869	46039182	46077118	19
ENSG00000283703	125946044	125958647	11
ENSG00000131620	69985907	70189530	11
ENSG00000135945	99400475	99490035	2
ENSG00000180044	160225422	160228213	3
ENSG00000232382	98463201	98472924	3
ENSG00000157106	18804860	18926408	16
ENSG00000144681	36380503	36548007	3
ENSG00000188293	46229742	46231243	19
ENSG00000182315	7056207	7069665	19
ENSG00000196218	38433691	38595273	19
ENSG00000161682	44353215	44363853	17
ENSG00000198398	190428655	190449901	3
ENSG00000005961	44372180	44389649	17
ENSG00000185518	91099950	91302565	15
ENSG00000231213	146576555	146605346	3
ENSG00000164520	149883179	149898113	6
ENSG00000145362	112818032	113384221	4
ENSG00000144852	119780484	119818487	3
ENSG00000110203	72114869	72139892	11
ENSG00000111404	18080869	18320107	12
ENSG00000112186	17393595	17557780	6
ENSG00000176371	84600986	84627796	15
ENSG00000176547	48324920	48325955	11
ENSG00000160613	117204337	117232525	11
ENSG00000275066	37514807	37609472	17
ENSG00000173262	7812512	7891148	12
ENSG00000196604	130073535	130129222	2
ENSG00000177483	237798389	237842808	2
ENSG00000113889	186717348	186744410	3
ENSG00000177082	84639285	84654343	15
ENSG00000173559	191678068	191741097	2
ENSG00000010319	52433035	52445103	3
ENSG00000114854	52451100	52454041	3
ENSG00000235169	3772749	3775982	1
ENSG00000010322	52455118	52493068	3
ENSG00000116514	32936445	32964809	1
ENSG00000110367	118747763	118791164	11
ENSG00000167522	89267630	89490561	16
ENSG00000137414	17600302	17611719	6
ENSG00000162419	28668778	28719353	1
ENSG00000112137	12716312	13290446	6
ENSG00000197696	84655129	84658563	15
ENSG00000168497	191834310	191847088	2
ENSG00000154222	52345723	52366205	1
ENSG00000165923	47659591	47715389	11
ENSG00000114841	52316319	52400492	3
ENSG00000163017	73892314	73919865	2
ENSG00000112559	41636882	41654244	6
ENSG00000197362	149069641	149090782	7
ENSG00000126882	131258076	131277365	9
ENSG00000204947	149102784	149126324	7
ENSG00000097007	130713043	130887675	9
ENSG00000204248	33162681	33192499	6
ENSG00000155660	149003062	149028662	7
ENSG00000224420	49689594	49690575	19
ENSG00000095139	118572390	118603033	11
ENSG00000275395	39863323	39934626	19
ENSG00000289760	100478099	100478170	7
ENSG00000076108	56595596	56636816	12
ENSG00000173406	56994778	58546734	1
ENSG00000106952	114893343	114930595	9
ENSG00000114956	73926826	73958961	2
ENSG00000161681	50659255	50719802	19
ENSG00000105894	137227341	137343774	7
ENSG00000041982	115019575	115118207	9
ENSG00000105851	106865278	106908980	7
ENSG00000076201	47381011	47413435	3
ENSG00000149196	86302211	86345943	11
ENSG00000197147	89524829	89597861	1
ENSG00000189195	92080305	92184725	1
ENSG00000187605	73984910	74108176	2
ENSG00000278053	37609739	37643446	17
ENSG00000181733	8721634	8732160	19
ENSG00000106305	6009255	6023834	7
ENSG00000170923	9100407	9107475	19
ENSG00000176695	107104	117102	19
ENSG00000167992	61258286	61295316	11
ENSG00000204866	46143106	46161298	19
ENSG00000198380	69319780	69387250	2
ENSG00000058673	203795623	203854999	1
ENSG00000163832	47495640	47513712	3
ENSG00000187135	29525994	29564551	19
ENSG00000157999	6031376	6036552	7
ENSG00000141854	14072536	14075062	19
ENSG00000001626	117287120	117715971	7
ENSG00000139211	47075707	47079959	12
ENSG00000170948	8832377	8843340	19
ENSG00000198178	7729383	7751605	12
ENSG00000105737	41998321	42070206	19
ENSG00000275410	37686431	37745059	17
ENSG00000257017	72054505	72061055	16
ENSG00000137497	72002864	72080693	11
ENSG00000114646	47562238	47580792	3
ENSG00000204290	32393339	32407181	6
ENSG00000203877	83853360	83857515	6
ENSG00000139220	81257975	81759553	12
ENSG00000172673	127708072	127918631	6
ENSG00000132591	28855010	28861061	17
ENSG00000135999	148644440	148787569	2
ENSG00000050393	13786557	13814568	6
ENSG00000072071	14147743	14206187	19
ENSG00000174891	158105855	158545730	3
ENSG00000112419	143536845	143831185	6
ENSG00000168280	148875227	149026759	2
ENSG00000167536	28897781	28903079	17
ENSG00000205413	93099513	93118023	7
ENSG00000131864	57119138	57131926	19
ENSG00000188175	93188534	93226469	7
ENSG00000132017	13952509	13961449	19
ENSG00000131236	40040233	40072649	1
ENSG00000269526	53013921	53016123	19
ENSG00000077009	3933069	3942416	19
ENSG00000109118	28905250	28951771	17
ENSG00000173572	55891699	55932336	19
ENSG00000177409	93130056	93148385	7
ENSG00000113971	132680609	132722432	3
ENSG00000204536	31142439	31158238	6
ENSG00000182566	7728957	7733906	19
ENSG00000162009	1072747	1081454	16
ENSG00000103449	51135982	51152334	16
ENSG00000011332	38211006	38229714	19
ENSG00000170381	83363238	83649139	7
ENSG00000180096	30378135	30395991	16
ENSG00000132153	47802909	47850195	3
ENSG00000161513	74862497	74873031	17
ENSG00000122512	5970925	6009130	7
ENSG00000157368	70579895	70660682	16
ENSG00000150556	149038107	149215262	2
ENSG00000116176	1221651	1225268	16
ENSG00000103154	83968244	84002776	16
ENSG00000149926	30024427	30052978	16
ENSG00000187123	149329985	149474138	2
ENSG00000081870	53916574	53945699	1
ENSG00000140943	84053761	84116942	16
ENSG00000164045	48157146	48188417	3
ENSG00000133216	22710839	22921500	1
ENSG00000168288	149569637	149587778	2
ENSG00000099337	38319845	38332076	19
ENSG00000103035	74296814	74306288	16
ENSG00000170113	22773063	22829789	15
ENSG00000187556	13862063	13880757	19
ENSG00000132016	13882348	13906452	19
ENSG00000164047	48223347	48225491	3
ENSG00000164048	48241100	48299253	3
ENSG00000140839	74408631	74421478	16
ENSG00000130270	1782075	1812276	19
ENSG00000175701	110211529	110245420	2
ENSG00000140157	22838644	22869362	15
ENSG00000144115	88170295	88186636	2
ENSG00000172113	48290722	48301685	3
ENSG00000143183	165724293	165827755	1
ENSG00000196436	74376306	74392115	16
ENSG00000140798	48080882	48156018	16
ENSG00000074706	154154496	154356803	6
ENSG00000131732	81301587	81313297	5
ENSG00000172782	74877302	74893781	17
ENSG00000182040	74916083	74923256	17
ENSG00000197191	137225174	137226315	9
ENSG00000183034	74922950	74933912	17
ENSG00000106976	128191655	128255248	9
ENSG00000176204	76747685	77593319	2
ENSG00000182938	74935898	74949992	17
ENSG00000205084	75536741	75556289	16
ENSG00000115963	150468195	150539011	2
ENSG00000172497	81329996	81394179	5
ENSG00000167861	74950742	74973166	17
ENSG00000275835	22983192	23039572	15
ENSG00000131943	29698937	29715789	19
ENSG00000248333	1635225	1659012	1
ENSG00000197110	39243455	39245250	19
ENSG00000164049	48372219	48401259	3
ENSG00000214046	16630751	16660442	19
ENSG00000145687	81412804	81751797	5
ENSG00000155760	202033855	202038441	2
ENSG00000109089	74987632	75005800	17
ENSG00000103363	2771414	2777289	16
ENSG00000115970	43230851	43596038	2
ENSG00000167862	75012670	75021261	17
ENSG00000167863	75038863	75046985	17
ENSG00000164053	48446710	48467645	3
ENSG00000103044	69105653	69118719	16
ENSG00000184166	3088484	3104422	17
ENSG00000253506	61590421	61591219	17
ENSG00000108506	61865367	61928016	17
ENSG00000065609	83552880	83709691	6
ENSG00000168802	69118010	69132588	16
ENSG00000273749	22867052	22981063	15
ENSG00000110330	102347211	102378670	11
ENSG00000286140	69118010	69132588	16
ENSG00000198736	1938229	1943199	16
ENSG00000140986	1943974	1957606	16
ENSG00000082175	101029624	101129813	11
ENSG00000140990	1959538	1961975	16
ENSG00000072954	16661139	16690023	19
ENSG00000114554	126982693	127037389	3
ENSG00000140988	1962058	1964841	16
ENSG00000099822	589881	617159	19
ENSG00000108389	58489529	58517905	17
ENSG00000099821	617221	633537	19
ENSG00000169402	6754103	6799365	7
ENSG00000198015	93467514	93516214	12
ENSG00000120756	142596393	142713664	3
ENSG00000185442	92617448	92809884	15
ENSG00000023171	123358428	123627774	11
ENSG00000070388	639879	644373	19
ENSG00000241149	63998849	64018081	7
ENSG00000197461	497258	520296	7
ENSG00000136492	61679139	61863559	17
ENSG00000070423	647526	663233	19
ENSG00000185480	102120183	102197520	12
ENSG00000258484	68818221	68946811	15
ENSG00000155026	5925550	5970689	7
ENSG00000163710	142815922	142889206	3
ENSG00000184140	101803509	101806887	15
ENSG00000182854	101812202	101820197	15
ENSG00000179580	1966823	1968975	16
ENSG00000070404	676392	683392	19
ENSG00000183751	1972053	1982929	16
ENSG00000128849	57375967	57550717	15
ENSG00000111665	6844793	6851292	12
ENSG00000130173	11237450	11241943	19
ENSG00000135175	97984687	97991169	7
ENSG00000283247	45859994	45873082	7
ENSG00000130167	11296139	11326996	19
ENSG00000158321	69598296	70793506	7
ENSG00000188582	142949164	142963674	3
ENSG00000263155	57591904	57685364	15
ENSG00000081307	132654446	132679794	3
ENSG00000111671	6870935	6889358	12
ENSG00000105514	11322068	11346270	19
ENSG00000177575	7470811	7503893	12
ENSG00000180090	3291017	3298360	17
ENSG00000105246	4229523	4237528	19
ENSG00000180016	3397104	3398410	17
ENSG00000127780	3432870	3433841	17
ENSG00000141255	3440019	3513852	17
ENSG00000113558	134148935	134176964	5
ENSG00000132003	13795443	13832254	19
ENSG00000115604	102311529	102398777	2
ENSG00000089847	4182689	4224814	19
ENSG00000232535	98306752	98312843	3
ENSG00000163719	9649433	9702393	3
ENSG00000196408	1978917	1984192	16
ENSG00000019169	118942194	118994660	2
ENSG00000235118	206642487	206649365	2
ENSG00000163046	132147591	132257969	2
ENSG00000255529	57706695	57782762	15
ENSG00000184924	24789728	24793391	2
ENSG00000288920	23762944	23871162	19
ENSG00000162390	54542257	54639192	1
ENSG00000162959	31865060	32011230	2
ENSG00000272772	134157088	134225861	5
ENSG00000113575	134194035	134226073	5
ENSG00000137878	57591908	57714745	15
ENSG00000146648	55019017	55211628	7
ENSG00000084090	96184859	96208827	2
ENSG00000130309	17555649	17583162	19
ENSG00000108381	3472374	3503405	17
ENSG00000117448	45550543	45570049	1
ENSG00000127561	1989660	1994275	16
ENSG00000183735	64452090	64502114	12
ENSG00000108839	6996049	7010754	17
ENSG00000125650	6375148	6379058	19
ENSG00000088247	6413102	6424811	19
ENSG00000065054	2025356	2039026	16
ENSG00000137745	102942995	102955732	11
ENSG00000273345	134196905	134371044	5
ENSG00000003137	72129238	72147862	2
ENSG00000206077	710355	784729	5
ENSG00000105520	11355386	11365698	19
ENSG00000219200	7012417	7014532	17
ENSG00000161055	180590105	180591499	5
ENSG00000137075	36336396	36487548	9
ENSG00000162687	196225779	196609225	1
ENSG00000134326	6840570	6866635	2
ENSG00000037280	180601506	180649624	5
ENSG00000161939	7012635	7017520	17
ENSG00000177106	694438	727727	11
ENSG00000258315	7014495	7017525	17
ENSG00000130726	58544064	58550722	19
ENSG00000115942	200908977	200963680	2
ENSG00000231192	98130721	98138548	3
ENSG00000236032	98147479	98156614	3
ENSG00000230301	98263252	98265356	3
ENSG00000156983	9731729	9748019	3
ENSG00000065057	2039815	2047866	16
ENSG00000161940	7023050	7030290	17
ENSG00000174327	7036015	7040117	17
ENSG00000132514	7074537	7080307	17
ENSG00000167962	1997654	2009821	16
ENSG00000122705	36190856	36304781	9
ENSG00000119013	201071433	201085750	2
ENSG00000130725	58555712	58558954	19
ENSG00000141505	7173431	7179564	17
ENSG00000152527	43637260	43767987	2
ENSG00000103197	2047967	2089491	16
ENSG00000130635	134641803	134844843	9
ENSG00000204463	31639028	31652705	6
ENSG00000130724	58551452	58555105	19
ENSG00000241598	1620958	1622138	11
ENSG00000204571	71581855	71603353	11
ENSG00000177947	196761	200261	11
ENSG00000167676	4502192	4518486	19
ENSG00000132535	7187187	7219841	17
ENSG00000011376	45388561	45554726	3
ENSG00000063169	47608196	47703277	19
ENSG00000230178	181367268	181368262	5
ENSG00000138036	43774039	43810010	2
ENSG00000153179	64507001	64697564	12
ENSG00000185627	236966	252984	11
ENSG00000133302	94618669	94739436	5
ENSG00000126243	35935358	35946624	19
ENSG00000143387	150794880	150809577	1
ENSG00000135677	64713445	64759431	12
ENSG00000205138	35995188	35996312	19
ENSG00000181392	36003307	36008813	19
ENSG00000176256	33860475	33864791	1
ENSG00000128604	128937457	128950038	7
ENSG00000185261	94150851	94618604	5
ENSG00000028277	42086110	42196585	19
ENSG00000113648	135334381	135399914	5
ENSG00000142920	33081104	33123492	1
ENSG00000138075	43812472	43838865	2
ENSG00000143921	43831942	43882988	2
ENSG00000166800	18455824	18479601	11
ENSG00000144791	45555394	45686341	3
ENSG00000288591	64759496	64977509	12
ENSG00000110171	6448613	6474459	11
ENSG00000116525	33145399	33182059	1
ENSG00000183578	51056598	51105276	15
ENSG00000160339	134880810	134887523	9
ENSG00000223658	43675151	43676429	2
ENSG00000137869	51208057	51338601	15
ENSG00000138380	202912214	202988263	2
ENSG00000163823	46201711	46208313	3
ENSG00000156076	65050626	65121305	12
ENSG00000085265	134903232	134917912	9
ENSG00000121807	46353864	46360940	3
ENSG00000121797	46407166	46412997	3
ENSG00000163131	150730079	150765957	1
ENSG00000283473	46612525	46626543	3
ENSG00000183625	46130890	46266706	3
ENSG00000174106	65169583	65248355	12
ENSG00000012223	46435645	46485234	3
ENSG00000211450	57741491	57743554	11
ENSG00000015676	44379119	44490658	7
ENSG00000110492	46380756	46383837	11
ENSG00000106829	79571773	79726882	9
ENSG00000280987	139273752	139331671	5
ENSG00000073060	124776856	124882668	12
ENSG00000058404	44210019	44334577	7
ENSG00000130598	1838981	1841680	11
ENSG00000183814	226231149	226309869	1
ENSG00000142186	65525077	65538704	11
ENSG00000186399	30400562	30414260	15
ENSG00000092531	42491233	42545356	15
ENSG00000239382	36009120	36014239	19
ENSG00000163825	46494611	46500950	3
ENSG00000163827	46515385	46606948	3
ENSG00000274764	13049476	13056575	1
ENSG00000275774	13115488	13116854	1
ENSG00000038382	14143342	14532128	5
ENSG00000138095	43886224	43996226	2
ENSG00000179412	13163914	13165631	1
ENSG00000213516	88979456	88992960	1
ENSG00000117226	89006679	89022894	1
ENSG00000050426	51047962	51060424	12
ENSG00000163703	9933793	9945413	3
ENSG00000204694	29425504	29457071	6
ENSG00000080546	108984309	109094846	6
ENSG00000130159	11505929	11529172	19
ENSG00000019144	118606440	118658031	11
ENSG00000117228	89051882	89065360	1
ENSG00000153303	168053095	168101511	6
ENSG00000285942	42497395	42548786	15
ENSG00000180979	42537820	42548802	15
ENSG00000213221	136359480	136363744	9
ENSG00000130560	135932969	135961373	9
ENSG00000137814	42548828	42569994	15
ENSG00000162645	89106132	89150456	1
ENSG00000148411	136006537	136095289	9
ENSG00000177733	137745651	137754363	5
ENSG00000110925	51061205	51083664	12
ENSG00000238227	136114581	136118875	9
ENSG00000150756	10225507	10249897	5
ENSG00000107187	136196250	136205128	9
ENSG00000213512	89131742	89176009	1
ENSG00000077348	41386371	41397362	19
ENSG00000162654	89181144	89198942	1
ENSG00000061936	131711081	131799738	12
ENSG00000150753	10249929	10266389	5
ENSG00000159433	42575606	42720998	15
ENSG00000165661	136206333	136245812	9
ENSG00000183019	7677088	7679829	19
ENSG00000126705	27534035	27604431	1
ENSG00000112486	167111807	167139141	6
ENSG00000260220	136249973	136306901	9
ENSG00000142459	7830218	7864976	19
ENSG00000140326	42723544	42737128	15
ENSG00000288701	131373636	131500197	9
ENSG00000000938	27612064	27635185	1
ENSG00000072778	7217125	7225266	17
ENSG00000066044	7958573	8005659	19
ENSG00000177169	131894622	131923150	12
ENSG00000130477	17601336	17688365	19
ENSG00000164237	10275875	10307902	5
ENSG00000291303	131430129	131430218	9
ENSG00000128881	42738730	42920809	15
ENSG00000148153	112683926	112718149	9
ENSG00000145495	10353695	10440388	5
ENSG00000177192	131929200	131945896	12
ENSG00000126709	27666064	27672212	1
ENSG00000148158	112750760	112881671	9
ENSG00000068654	86020216	86106155	2
ENSG00000085741	76186325	76210736	11
ENSG00000228623	112988129	113012192	9
ENSG00000107263	131576770	131740076	9
ENSG00000165457	72216601	72221950	11
ENSG00000174197	41621134	41773081	15
ENSG00000124762	36676460	36687337	6
ENSG00000130479	17719242	17734513	19
ENSG00000198598	131828393	131851783	12
ENSG00000277058	13060769	13062878	1
ENSG00000255587	36697826	36733184	6
ENSG00000137959	78619902	78646145	1
ENSG00000137168	36854827	36874803	6
ENSG00000198663	36871870	36928964	6
ENSG00000204583	132603150	132610582	12
ENSG00000167173	75195643	75212169	15
ENSG00000187848	132618776	132622388	12
ENSG00000174151	109494052	109502932	1
ENSG00000109991	57338352	57372396	11
ENSG00000167195	75258334	75273455	15
ENSG00000140478	75282835	75295807	15
ENSG00000181754	109504178	109509738	1
ENSG00000065135	109548615	109600195	1
ENSG00000145491	10441524	10472029	5
ENSG00000164530	36948263	36964837	6
ENSG00000140365	75336020	75343224	15
ENSG00000165458	72223701	72239147	11
ENSG00000176884	137138346	137168756	9
ENSG00000132170	12287368	12434356	3
ENSG00000137409	36965807	36986298	6
ENSG00000004975	7225342	7234517	17
ENSG00000134183	109603091	109619929	1
ENSG00000179913	17794828	17813576	19
ENSG00000115232	181457202	181538940	2
ENSG00000073756	186671791	186680922	1
ENSG00000248099	17816512	17821574	19
ENSG00000130513	18374731	18389176	19
ENSG00000105656	18442663	18522116	19
ENSG00000137193	37170152	37175428	6
ENSG00000172738	37212180	37258155	6
ENSG00000065883	39950121	40099580	7
ENSG00000026508	35138882	35232402	11
ENSG00000153904	85318481	85578363	1
ENSG00000040633	7235029	7239722	17
ENSG00000112182	89926528	90296843	6
ENSG00000181666	37312837	37369365	19
ENSG00000155380	112911847	112957593	1
ENSG00000214336	88446787	88452693	2
ENSG00000172073	88524649	88529585	2
ENSG00000153574	88691673	88750929	2
ENSG00000140398	75346955	75357115	15
ENSG00000134259	115285904	115338770	1
ENSG00000124496	42224931	42452051	6
ENSG00000188976	944203	959309	1
ENSG00000170296	7240008	7242449	17
ENSG00000087338	69829660	69881384	2
ENSG00000262526	7240427	7244635	17
ENSG00000175826	7243591	7252491	17
ENSG00000112299	132680849	132714055	6
ENSG00000112303	132743870	132763459	6
ENSG00000105642	17951293	18000085	19
ENSG00000140400	75355207	75368612	15
ENSG00000187583	966482	975865	1
ENSG00000124380	69893956	69905575	2
ENSG00000005483	104940943	105115019	7
ENSG00000059728	69897688	69942945	2
ENSG00000176894	132687587	132704985	12
ENSG00000183647	57599885	57612722	19
ENSG00000188290	998962	1000172	1
ENSG00000112787	132489551	132585188	12
ENSG00000166704	57977076	58003349	19
ENSG00000187608	1001138	1014540	1
ENSG00000169564	70087477	70089203	2
ENSG00000262302	7246829	7262089	17
ENSG00000188157	1020120	1056118	1
ENSG00000181885	7259903	7263983	17
ENSG00000115998	70149885	70248615	2
ENSG00000188112	42092233	42142620	6
ENSG00000186017	36445119	36489902	19
ENSG00000181856	7281718	7288257	17
ENSG00000231738	85014311	85036277	12
ENSG00000213719	31730581	31739763	6
ENSG00000115827	171434217	171485052	2
ENSG00000166598	103930107	103953931	12
ENSG00000197647	12014715	12035741	19
ENSG00000176978	137110542	137118309	9
ENSG00000131126	43401496	43418597	19
ENSG00000113583	133955510	133968674	5
ENSG00000006047	7288263	7294639	17
ENSG00000124466	43460787	43465608	19
ENSG00000130948	96235306	96302176	9
ENSG00000071967	171522247	171558129	2
ENSG00000213585	133971871	134004975	5
ENSG00000272886	53283429	53347586	3
ENSG00000176531	43474954	43504935	19
ENSG00000237651	61145068	61164828	2
ENSG00000120278	150599883	150843665	6
ENSG00000129646	76274049	76308276	17
ENSG00000234745	31353872	31367067	6
ENSG00000081059	134114681	134151865	5
ENSG00000154997	55793540	55862755	7
ENSG00000124356	73828916	73873659	2
ENSG00000016391	53812335	53846419	3
ENSG00000056736	53846568	53865794	3
ENSG00000105755	43506719	43527230	19
ENSG00000256407	54132686	54200073	1
ENSG00000270885	35731639	35743521	17
ENSG00000285269	96235331	96352058	9
ENSG00000270765	35744511	35753239	17
ENSG00000116221	54184041	54225464	1
ENSG00000130958	96313444	96383711	9
ENSG00000271447	35756249	35795707	17
ENSG00000174109	1419752	1420756	16
ENSG00000176472	43525497	43536130	19
ENSG00000284395	1431078	1434441	16
ENSG00000134815	47349315	47382704	19
ENSG00000197599	1434383	1444556	16
ENSG00000113812	53867066	53882152	3
ENSG00000117601	173903800	173917327	1
ENSG00000140750	24919389	25015666	16
ENSG00000270806	35760887	35765079	17
ENSG00000165244	96385941	96418370	9
ENSG00000135775	230642481	230693982	1
ENSG00000270379	35854946	35868891	17
ENSG00000144554	10026370	10101932	3
ENSG00000130956	96450169	96491336	9
ENSG00000105419	47403124	47419527	19
ENSG00000081377	96490241	96619843	9
ENSG00000169410	75463251	75579315	15
ENSG00000204954	103940763	103965708	12
ENSG00000139372	103965822	103988874	12
ENSG00000135773	230747384	230802003	1
ENSG00000169375	75369379	75455842	15
ENSG00000181693	56288462	56292254	11
ENSG00000134571	47331406	47352702	11
ENSG00000212122	113432553	113434989	5
ENSG00000047188	113513694	113595285	5
ENSG00000119280	230837119	230869589	1
ENSG00000271503	35871491	35880793	17
ENSG00000103018	69398402	69466264	16
ENSG00000188906	40196744	40369285	12
ENSG00000137965	78649796	78664078	1
ENSG00000131095	44903159	44916937	17
ENSG00000158865	24845841	24911628	16
ENSG00000118160	47428017	47471893	19
ENSG00000171444	113022106	113488823	5
ENSG00000230246	87914488	87923657	9
ENSG00000086062	33104082	33167356	9
ENSG00000163239	154502219	154548147	1
ENSG00000118162	47475150	47484265	19
ENSG00000114491	124730433	124749273	3
ENSG00000122711	33218365	33248567	9
ENSG00000137474	77128246	77215241	11
ENSG00000107262	33247820	33264720	9
ENSG00000160714	154548577	154559028	1
ENSG00000105402	47487637	47515091	19
ENSG00000072041	84859491	84913629	12
ENSG00000174136	98768650	98798643	5
ENSG00000086065	33264879	33282070	9
ENSG00000137076	35696948	35732195	9
ENSG00000153922	98853985	98929007	5
ENSG00000160710	154581695	154628013	1
ENSG00000168907	42139034	42156636	15
ENSG00000169955	30530367	30535347	16
ENSG00000082781	124761948	124901418	3
ENSG00000103319	22206278	22288738	16
ENSG00000118156	47520690	47573148	19
ENSG00000164485	137143820	137173648	6
ENSG00000170074	177707981	177784435	5
ENSG00000168792	29560547	29567037	17
ENSG00000179168	38384267	38388082	19
ENSG00000111897	122443351	122471807	6
ENSG00000197302	31713229	31794869	16
ENSG00000167543	29566052	29573157	17
ENSG00000135549	122471917	122726373	6
ENSG00000188766	38388421	38399587	19
ENSG00000173702	124905442	124953819	3
ENSG00000166887	42158701	42208307	15
ENSG00000189190	52749942	52786807	19
ENSG00000157343	35737032	35749079	6
ENSG00000182986	52860851	52897693	19
ENSG00000136068	58008398	58172251	3
ENSG00000180264	124450451	124478589	9
ENSG00000161980	46407	53608	16
ENSG00000108262	29573475	29594054	17
ENSG00000161981	53828	57669	16
ENSG00000113712	149492982	149551471	5
ENSG00000196748	35776594	35779552	6
ENSG00000103152	77007	85851	16
ENSG00000136811	128455186	128501292	9
ENSG00000268480	8630633	8681151	19
ENSG00000179846	45149744	45160982	19
ENSG00000204140	35781019	35793675	6
ENSG00000167754	50943303	50953093	19
ENSG00000137392	35794982	35797344	6
ENSG00000149932	29940885	29973050	16
ENSG00000139304	80402178	80680273	12
ENSG00000197753	35797206	35845397	6
ENSG00000096063	35832966	35921342	6
ENSG00000110169	6431049	6442617	11
ENSG00000103978	42210447	42273534	15
ENSG00000015413	89613308	89638456	16
ENSG00000167755	50958631	50969673	19
ENSG00000165899	80099537	80380880	12
ENSG00000112977	10679230	10761234	5
ENSG00000149972	99020949	100358885	11
ENSG00000169035	50976468	50984099	19
ENSG00000166669	10326434	10483638	16
ENSG00000169862	10971836	11904446	5
ENSG00000089127	112905856	112933219	12
ENSG00000198720	29589769	29614761	17
ENSG00000179134	39342421	39385710	19
ENSG00000189298	28349947	28369172	6
ENSG00000103647	68578993	68727806	15
ENSG00000123612	157526767	157628864	2
ENSG00000112679	291630	351355	6
ENSG00000125734	6729914	6737580	19
ENSG00000140350	68778535	68820897	15
ENSG00000173065	28755980	28855232	17
ENSG00000166833	19350724	20121601	11
ENSG00000186118	46668855	46673594	1
ENSG00000140853	56989485	57083531	16
ENSG00000159658	46674659	46719146	1
ENSG00000106078	51016212	51316818	7
ENSG00000115170	157736251	157876330	2
ENSG00000179761	28950513	29057216	17
ENSG00000255346	69014695	69062762	15
ENSG00000137265	391739	411443	6
ENSG00000143801	226870184	226927726	1
ENSG00000111331	112938051	112976460	12
ENSG00000108387	58520250	58544368	17
ENSG00000027697	137197483	137219449	6
ENSG00000254415	51639478	51646825	19
ENSG00000138604	69160584	69272217	15
ENSG00000223638	55759097	55763421	19
ENSG00000105261	36111143	36113711	19
ENSG00000126251	35371068	35372962	19
ENSG00000099625	1228287	1238027	19
ENSG00000290203	68930504	69062743	15
ENSG00000165688	136410630	136427992	9
ENSG00000282301	99684957	99735102	7
ENSG00000213793	52904415	52923470	19
ENSG00000170909	54094668	54102692	19
ENSG00000132185	161706972	161714352	1
ENSG00000079841	71886550	72403150	6
ENSG00000244623	99876062	99877033	7
ENSG00000288558	107563971	107623317	7
ENSG00000075790	107580246	107629170	7
ENSG00000111335	112978395	113011723	12
ENSG00000081721	161749758	161757238	1
ENSG00000082512	211326615	211374946	1
ENSG00000130244	38403093	38409088	19
ENSG00000128714	176092721	176095944	2
ENSG00000170178	176099795	176102489	2
ENSG00000128713	176104216	176109754	2
ENSG00000157895	121000486	121016502	12
ENSG00000128710	176108790	176119937	2
ENSG00000128709	176122719	176124937	2
ENSG00000161888	11131520	11155807	19
ENSG00000175879	176129694	176132695	2
ENSG00000170385	211571568	211579161	1
ENSG00000146013	138252380	138274621	5
ENSG00000170166	176151550	176153226	2
ENSG00000113070	140332843	140346603	5
ENSG00000198570	211476522	211492162	1
ENSG00000113140	151661096	151686975	5
ENSG00000167749	50906351	50911395	19
ENSG00000155393	50065967	50107272	16
ENSG00000118217	161766298	161977574	1
ENSG00000187037	37683766	37833788	7
ENSG00000290149	37683843	37950412	7
ENSG00000086289	37920640	37951936	7
ENSG00000232258	8537605	8590511	16
ENSG00000269741	50996018	51009581	19
ENSG00000128645	176188668	176190907	2
ENSG00000086288	37848597	37900397	7
ENSG00000103034	58462846	58513628	16
ENSG00000128652	176136612	176173102	2
ENSG00000158417	99337371	99401326	2
ENSG00000039537	41142116	41261438	5
ENSG00000177119	45215987	45482280	12
ENSG00000099139	75890644	76362975	9
ENSG00000131737	41377669	41382306	17
ENSG00000160145	124033369	124726325	3
ENSG00000131558	133253073	134066589	7
ENSG00000182534	76672551	76711004	17
ENSG00000130669	39125770	39182816	19
ENSG00000137955	75786197	75795086	1
ENSG00000070081	17208153	17349980	11
ENSG00000175866	81035122	81117434	17
ENSG00000144218	99545419	100192428	2
ENSG00000112936	40909492	41020216	5
ENSG00000167618	54497879	54510687	19
ENSG00000135002	76385526	76394517	9
ENSG00000138829	128257909	128659185	5
ENSG00000110218	94128841	94181968	11
ENSG00000239998	54572920	54590287	19
ENSG00000280094	122628125	122657627	9
ENSG00000085514	100367530	100400096	7
ENSG00000057468	75796882	75913242	1
ENSG00000123901	94377316	94401419	11
ENSG00000064835	87259404	87276584	3
ENSG00000254986	66480013	66509657	11
ENSG00000213047	197504748	197775696	1
ENSG00000106246	99416739	99466163	7
ENSG00000104974	54593582	54602381	19
ENSG00000248919	99419749	99466197	7
ENSG00000114547	125969160	125983454	3
ENSG00000170500	100271875	100322501	2
ENSG00000164818	726699	786475	7
ENSG00000104972	54617158	54638022	19
ENSG00000168778	123671110	123708399	12
ENSG00000115526	100391860	100417668	2
ENSG00000155511	153489615	153813869	5
ENSG00000051341	121431431	121545988	3
ENSG00000188191	549197	727650	7
ENSG00000134376	197268204	197478455	1
ENSG00000186103	121567949	121590622	3
ENSG00000163833	121593379	121630295	3
ENSG00000134077	9362971	9386791	3
ENSG00000111229	110434823	110450422	12
ENSG00000127824	219249710	219277902	2
ENSG00000242019	54724442	54736632	19
ENSG00000156959	9498361	9553822	3
ENSG00000068028	50329782	50340980	3
ENSG00000243772	54738513	54753052	19
ENSG00000135924	219279342	219286898	2
ENSG00000125498	54769793	54784322	19
ENSG00000111231	110452486	110469268	12
ENSG00000205177	33698261	33700826	11
ENSG00000128573	114086327	114693772	7
ENSG00000110429	33740939	33774543	11
ENSG00000140416	63042632	63071915	15
ENSG00000117400	43337818	43354466	1
ENSG00000167633	54816468	54830778	19
ENSG00000153822	70053429	70135608	17
ENSG00000117399	43358981	43363203	1
ENSG00000204856	110468415	110490385	12
ENSG00000181408	82371765	82377458	17
ENSG00000278599	38127951	38138868	17
ENSG00000053524	183178041	183428778	3
ENSG00000172150	3197519	3198448	17
ENSG00000278299	38057693	38068634	17
ENSG00000138381	189661385	189670831	2
ENSG00000170703	48762234	48817229	17
ENSG00000286053	189661452	189666437	2
ENSG00000111237	110491083	110502111	12
ENSG00000169045	179614178	179634784	5
ENSG00000286165	189661519	189667881	2
ENSG00000128694	189746660	189763227	2
ENSG00000066322	43363398	43368074	1
ENSG00000240403	54850443	54867207	19
ENSG00000151164	110501655	110533556	12
ENSG00000279000	7924592	7931268	11
ENSG00000172362	58438994	58442236	11
ENSG00000176742	5199735	5200682	11
ENSG00000128699	189770267	189784364	2
ENSG00000280314	56315144	56320639	11
ENSG00000172457	56741223	56748697	11
ENSG00000132388	4269259	4366675	17
ENSG00000133805	10308313	10507579	11
ENSG00000170049	7921859	7929856	17
ENSG00000151687	189674290	189761193	2
ENSG00000214706	50287732	50292918	3
ENSG00000186431	54874235	54891420	19
ENSG00000183011	7856685	7885238	17
ENSG00000274611	38181659	38192555	17
ENSG00000144224	135741734	135785056	2
ENSG00000159479	43383917	43389808	1
ENSG00000108395	58982638	59106921	17
ENSG00000196850	110533245	110583318	12
ENSG00000168807	69187147	69309052	16
ENSG00000115850	135787850	135837184	2
ENSG00000152601	152243828	152465780	3
ENSG00000214558	65301476	65306574	6
ENSG00000001084	53497341	53616970	6
ENSG00000122986	110627841	110704950	12
ENSG00000116337	109616104	109632051	1
ENSG00000177951	167784	207399	11
ENSG00000176953	28950807	28967092	16
ENSG00000048991	135531455	135725270	2
ENSG00000186818	54643889	54670359	19
ENSG00000148935	22625509	22813001	11
ENSG00000186298	110719680	110742939	12
ENSG00000153982	59220467	59275970	17
ENSG00000140945	82626965	83800640	16
ENSG00000145879	148312419	148315922	5
ENSG00000105185	32581190	32587453	19
ENSG00000188486	119093874	119095465	11
ENSG00000134817	57233577	57237250	11
ENSG00000204852	110614027	110663431	12
ENSG00000149305	113904796	113949079	11
ENSG00000175155	59331655	59401729	17
ENSG00000204909	148321203	148339852	5
ENSG00000124743	53647916	53665756	6
ENSG00000204264	32840717	32844679	6
ENSG00000167178	74100311	74138540	15
ENSG00000145868	148383935	148442836	5
ENSG00000066279	197084121	197146694	1
ENSG00000161955	7558292	7561608	17
ENSG00000185201	303655	309397	11
ENSG00000105186	32597006	32676597	19
ENSG00000230989	83719311	83819737	16
ENSG00000178033	116511639	116524788	6
ENSG00000164451	116529013	116561127	6
ENSG00000110200	72106378	72112780	11
ENSG00000103550	19701937	19718235	16
ENSG00000129009	74173710	74176872	15
ENSG00000111832	116571409	116597675	6
ENSG00000103540	19523811	19553408	16
ENSG00000137868	74179466	74212267	15
ENSG00000163515	108743424	108757410	3
ENSG00000231861	98497681	98498631	3
ENSG00000144671	38282294	38318575	3
ENSG00000176510	143509256	143519469	7
ENSG00000170412	74424851	74451653	17
ENSG00000196329	150722253	150750033	7
ENSG00000111834	116616479	116632985	6
ENSG00000170044	102099244	102479841	3
ENSG00000128534	118184144	118204035	7
ENSG00000153975	116635618	116668794	6
ENSG00000196911	116681187	116741867	6
ENSG00000169047	226731312	226799820	2
ENSG00000283128	155474256	155644406	7
ENSG00000144468	226835581	226999215	2
ENSG00000167851	74466399	74484794	17
ENSG00000146910	155474206	155555450	7
ENSG00000186326	32675848	32678300	19
ENSG00000213965	32691821	32713792	19
ENSG00000225526	12514934	12561059	3
ENSG00000173809	32719753	32829580	19
ENSG00000171148	9779967	9793011	3
ENSG00000106012	2558972	2614733	7
ENSG00000167191	19856691	19886167	16
ENSG00000169031	227164624	227314792	2
ENSG00000204351	31959116	31969818	6
ENSG00000117020	243488233	243851079	1
ENSG00000164270	148446042	148677235	5
ENSG00000184154	72080337	72096895	11
ENSG00000178789	74521174	74531475	17
ENSG00000174628	19716456	19858467	16
ENSG00000144644	30726197	30894661	3
ENSG00000167850	74541073	74546115	17
ENSG00000204345	74579365	74592283	17
ENSG00000021488	32830509	32869767	19
ENSG00000169733	82047902	82051831	17
ENSG00000172969	75664328	75667220	3
ENSG00000150995	4493345	4847506	3
ENSG00000102981	67660946	67662774	16
ENSG00000124074	67662945	67667265	16
ENSG00000182334	7824818	7830840	11
ENSG00000149506	60867542	60875693	11
ENSG00000169718	82057506	82065887	17
ENSG00000168955	227362038	227381995	2
ENSG00000159761	67666814	67668757	16
ENSG00000234511	170229104	170252575	5
ENSG00000173744	227472152	227561217	2
ENSG00000179709	55947832	55988629	19
ENSG00000110756	18278668	18322198	11
ENSG00000141098	67674531	67719339	16
ENSG00000230561	127703361	127941507	5
ENSG00000080709	114055926	114496500	5
ENSG00000171487	55999726	56061810	19
ENSG00000198156	28342517	28363508	16
ENSG00000197213	56189686	56197815	19
ENSG00000213822	51478539	51491301	19
ENSG00000179583	10866222	10943021	16
ENSG00000167552	49184686	49189080	12
ENSG00000126266	35347902	35353864	19
ENSG00000122008	75511845	75609991	5
ENSG00000125730	6677704	6730562	19
ENSG00000135451	49323236	49331731	12
ENSG00000143970	25733753	25878487	2
ENSG00000169710	82078338	82098294	17
ENSG00000140481	74202705	74336472	15
ENSG00000198912	3889125	3900293	1
ENSG00000110768	18322295	18367045	11
ENSG00000084731	25926598	25982749	2
ENSG00000249115	35612735	35625355	19
ENSG00000140459	74337759	74367646	15
ENSG00000183856	156525405	156572604	1
ENSG00000146285	107702154	107824317	6
ENSG00000138623	74409289	74433958	15
ENSG00000136295	2631961	2664802	7
ENSG00000186897	49332409	49337188	12
ENSG00000175449	95646777	95684773	5
ENSG00000178401	49346888	49357546	12
ENSG00000126254	35629030	35637686	19
ENSG00000084733	26034084	26137454	2
ENSG00000025796	107867756	107958208	6
ENSG00000151176	113358566	113391629	12
ENSG00000145757	95652181	95698711	5
ENSG00000173432	18266260	18269977	11
ENSG00000213413	100218241	100221490	7
ENSG00000138629	74445977	74461182	15
ENSG00000174749	112145454	112195256	4
ENSG00000286075	6329411	6348967	7
ENSG00000157833	26173088	26189663	2
ENSG00000163623	84491985	84499292	4
ENSG00000136238	6374527	6403967	7
ENSG00000135094	113392445	113426301	12
ENSG00000164292	95713522	95824383	5
ENSG00000163624	84583127	84651334	4
ENSG00000163382	156591756	156609507	1
ENSG00000135931	231198546	231376848	2
ENSG00000039523	67518418	67546788	16
ENSG00000110777	111352255	111455630	11
ENSG00000139410	113422380	113438276	12
ENSG00000196859	40958417	40966948	17
ENSG00000163625	84668765	84966690	4
ENSG00000146263	97142161	97283217	6
ENSG00000173221	95751319	95822726	5
ENSG00000212899	40993430	40994164	17
ENSG00000212900	40999193	40999906	17
ENSG00000105672	35641745	35644871	19
ENSG00000212901	41008521	41019324	17
ENSG00000221852	41026026	41027208	17
ENSG00000009950	73593194	73624543	7
ENSG00000221880	41033884	41034874	17
ENSG00000188581	41040541	41041450	17
ENSG00000212724	41059240	41060114	17
ENSG00000213417	41065116	41065879	17
ENSG00000204381	111540280	111561745	11
ENSG00000212721	41117181	41118373	17
ENSG00000213416	41123091	41124182	17
ENSG00000198271	41148924	41149825	17
ENSG00000171396	41159649	41160748	17
ENSG00000089116	113462033	113472280	12
ENSG00000141506	8878911	8965712	17
ENSG00000132702	156619331	156625725	1
ENSG00000081189	88717117	88904257	5
ENSG00000089060	113298759	113359493	12
ENSG00000126267	35648323	35658782	19
ENSG00000132692	156641390	156659532	1
ENSG00000204498	31546870	31558829	6
ENSG00000170145	111602449	111730855	11
ENSG00000105668	35666517	35678481	19
ENSG00000137707	111467526	111514367	11
ENSG00000102575	11574653	11579993	19
ENSG00000183644	111514778	111537043	11
ENSG00000146192	37005646	37029069	6
ENSG00000145349	113418054	113761927	4
ENSG00000151117	18693122	18704785	11
ENSG00000108840	44076746	44123702	17
ENSG00000179057	18704312	18726230	11
ENSG00000129455	50996007	51002711	19
ENSG00000132688	156668763	156677407	1
ENSG00000143320	156699606	156705816	1
ENSG00000111540	55973913	55996683	12
ENSG00000068305	99565417	99716488	15
ENSG00000110786	18727928	18792721	11
ENSG00000143319	156721891	156728766	1
ENSG00000143303	156728442	156736960	1
ENSG00000118503	137867214	137883314	6
ENSG00000106460	12211270	12243367	7
ENSG00000169976	144094884	144095573	6
ENSG00000135604	144150487	144191939	6
ENSG00000204314	32148359	32153083	6
ENSG00000139531	55997180	56006641	12
ENSG00000175221	867630	893218	19
ENSG00000285085	32150495	32154373	6
ENSG00000102974	67562467	67639177	16
ENSG00000083097	83067666	83171350	6
ENSG00000143314	156737303	156741590	1
ENSG00000106459	129611720	129757082	7
ENSG00000143321	156742109	156766925	1
ENSG00000183695	19054455	19060717	11
ENSG00000170255	18933499	18939414	11
ENSG00000172146	3207539	3218896	17
ENSG00000123411	56007659	56038435	12
ENSG00000072310	17810399	17837002	17
ENSG00000166086	134069071	134152001	11
ENSG00000143294	156750610	156800815	1
ENSG00000183571	98968229	99007792	15
ENSG00000182253	99098217	99135593	15
ENSG00000027869	156806243	156816848	1
ENSG00000197728	56041351	56044697	12
ENSG00000186591	129830732	129952960	7
ENSG00000141084	67723070	67806560	16
ENSG00000103852	99136323	99251223	15
ENSG00000257411	56101331	56109289	12
ENSG00000170515	56104537	56113910	12
ENSG00000123091	51236273	51273447	1
ENSG00000013392	83193357	83198935	6
ENSG00000204344	31971091	31982821	6
ENSG00000151502	134224671	134247788	11
ENSG00000196367	98877933	99050831	7
ENSG00000172232	825097	832018	19
ENSG00000237330	1070967	1074306	1
ENSG00000151500	134248279	134253370	11
ENSG00000131591	1081818	1116361	1
ENSG00000196415	840999	848175	19
ENSG00000102904	67806765	67832148	16
ENSG00000204913	39927732	39944999	17
ENSG00000229117	56116590	56117967	12
ENSG00000176809	64854130	64919480	17
ENSG00000268500	51610960	51630401	19
ENSG00000139641	56118250	56144674	12
ENSG00000134138	36889204	37101299	15
ENSG00000174562	50825289	50837213	19
ENSG00000073605	39904595	39919854	17
ENSG00000151498	134253548	134265855	11
ENSG00000167595	35758143	35771166	19
ENSG00000115138	25160853	25168903	2
ENSG00000168394	32845209	32853816	6
ENSG00000081052	227002714	227164453	2
ENSG00000267631	49035569	49036895	19
ENSG00000225950	49061066	49065076	19
ENSG00000135482	56118260	56127514	12
ENSG00000105251	4279266	4290722	19
ENSG00000085831	51287258	51345116	1
ENSG00000092841	56158346	56163496	12
ENSG00000167664	4292227	4302431	19
ENSG00000149311	108223044	108369102	11
ENSG00000204099	241809065	241817413	2
ENSG00000167549	29614756	29622912	17
ENSG00000135535	109366514	109382467	6
ENSG00000105255	4304598	4323843	19
ENSG00000178297	2360238	2426261	19
ENSG00000102901	67828157	67847811	16
ENSG00000188389	241849884	241858894	2
ENSG00000167525	28703197	28711888	17
ENSG00000185250	109390215	109441171	6
ENSG00000188011	241869600	241873823	2
ENSG00000129951	812488	821955	19
ENSG00000216921	241893988	241902551	2
ENSG00000204889	40977715	40987135	17
ENSG00000198858	896503	913245	19
ENSG00000163359	237324003	237414328	2
ENSG00000141194	58148384	58159585	17
ENSG00000221926	15627960	15684311	17
ENSG00000139613	56162359	56189567	12
ENSG00000116014	917287	921005	19
ENSG00000166105	134274245	134319564	11
ENSG00000135587	109440724	109443919	6
ENSG00000154928	134795260	135260467	3
ENSG00000135596	109444062	109465968	6
ENSG00000197561	851014	856247	19
ENSG00000172489	56252254	56253222	11
ENSG00000277932	5893208	5902730	11
ENSG00000177030	644233	707118	11
ENSG00000089639	19629476	19643657	19
ENSG00000145012	188153284	188890671	3
ENSG00000140612	84669538	84716460	15
ENSG00000168286	67842320	67844195	16
ENSG00000187607	15699577	15720787	17
ENSG00000038358	67873052	67884499	16
ENSG00000114654	129001304	129040742	3
ENSG00000172995	35638945	35794496	3
ENSG00000162105	70467854	71252577	11
ENSG00000168255	102537918	102572653	7
ENSG00000105726	19645198	19663676	19
ENSG00000187634	923923	944575	1
ENSG00000112365	109460632	109483239	6
ENSG00000156875	100038095	100083377	1
ENSG00000013375	83147324	83193936	6
ENSG00000188038	67884885	67888855	16
ENSG00000284981	102537919	102543696	7
ENSG00000285437	102562133	102572583	7
ENSG00000255104	15699552	15745940	17
ENSG00000159792	67893254	67929676	16
ENSG00000156876	100083563	100132955	1
ENSG00000141086	67927640	67932365	16
ENSG00000228049	102665368	102671663	7
ENSG00000122477	100148448	100178273	1
ENSG00000078549	31052308	31111474	7
ENSG00000214946	15732247	15746162	17
ENSG00000181896	19668796	19683509	19
ENSG00000103740	78167468	78245688	15
ENSG00000137992	100186919	100249834	1
ENSG00000261884	67929614	67936017	16
ENSG00000205220	67934506	67936864	16
ENSG00000105708	19710472	19733112	19
ENSG00000064547	19623655	19628930	19
ENSG00000181852	56202179	56221933	12
ENSG00000109572	169612633	169723673	4
ENSG00000175084	219418377	219426735	2
ENSG00000125744	45485294	45497055	19
ENSG00000236320	35543985	35560819	17
ENSG00000183560	94304580	94308146	11
ENSG00000151503	134150113	134225504	11
ENSG00000213398	67939750	67944131	16
ENSG00000184060	30906344	30959322	17
ENSG00000137996	100266216	100292769	1
ENSG00000140403	78264086	78282196	15
ENSG00000244255	31927698	31952048	6
ENSG00000141096	67975663	67980549	16
ENSG00000136205	47275154	47582558	7
ENSG00000136531	165194993	165392310	2
ENSG00000137948	91949343	92014426	1
ENSG00000243649	31945650	31952086	6
ENSG00000167261	67987394	68000586	16
ENSG00000139579	56222015	56229854	12
ENSG00000290263	2078998	2242276	4
ENSG00000181481	30970984	30999911	17
ENSG00000072832	5748084	5893086	4
ENSG00000228789	31053450	31059890	6
ENSG00000213889	45488777	45502513	19
ENSG00000112473	33200305	33204439	6
ENSG00000167264	67987746	68079320	16
ENSG00000140395	78277835	78299703	15
ENSG00000139540	56230049	56237846	12
ENSG00000154258	68974488	69060949	17
ENSG00000112695	75237675	75250323	6
ENSG00000125741	45527767	45602212	19
ENSG00000177464	45589764	45602212	19
ENSG00000018869	56375846	56393538	19
ENSG00000204296	32288526	32371907	6
ENSG00000122545	35800932	35907110	7
ENSG00000139645	56237807	56258384	12
ENSG00000196605	9751993	9793180	19
ENSG00000154262	69078702	69141895	17
ENSG00000135469	56266890	56270966	12
ENSG00000197766	859453	867884	19
ENSG00000173575	92886203	93027996	15
ENSG00000154263	69147214	69244846	17
ENSG00000184261	47509290	47570985	2
ENSG00000105639	17824780	17848071	19
ENSG00000062485	56271699	56300391	12
ENSG00000198092	68053198	68129869	4
ENSG00000138081	47789316	47906498	2
ENSG00000185873	68226653	68245694	4
ENSG00000121774	32013868	32060850	1
ENSG00000145041	51395867	51500015	3
ENSG00000083896	68310387	68350090	4
ENSG00000183020	924881	1012245	11
ENSG00000121775	32072031	32102866	1
ENSG00000145949	2663629	2770330	6
ENSG00000144857	113211003	113287459	3
ENSG00000263201	68013436	68015911	16
ENSG00000254852	14742533	14765462	16
ENSG00000124562	34757505	34773857	6
ENSG00000103512	14833721	14896157	16
ENSG00000105640	17859910	17864153	19
ENSG00000065060	34792083	34877514	6
ENSG00000174292	7380534	7389774	17
ENSG00000064999	34889255	35091406	6
ENSG00000025800	32108056	32176563	1
ENSG00000087128	68447463	68497604	4
ENSG00000177311	141324213	141449792	3
ENSG00000105641	17871945	17895174	19
ENSG00000172893	71428193	71452868	11
ENSG00000151726	184755595	184826818	4
ENSG00000142405	53793741	53824403	19
ENSG00000172071	88556741	88691518	2
ENSG00000172123	35410922	35433283	17
ENSG00000179588	88453280	88537031	16
ENSG00000160050	32200595	32205453	1
ENSG00000154760	35435096	35448837	17
ENSG00000124678	35118071	35148610	6
ENSG00000164080	51538719	51668667	3
ENSG00000158545	88570403	88631964	16
ENSG00000064703	111754832	111775602	1
ENSG00000172716	35350305	35373701	17
ENSG00000269825	52650447	52690496	19
ENSG00000197857	12224686	12294883	19
ENSG00000124391	88638572	88640468	16
ENSG00000163946	56620132	56683265	3
ENSG00000051523	88643275	88651083	16
ENSG00000189430	54906148	54916140	19
ENSG00000171360	41436154	41440983	17
ENSG00000166206	26543552	26939539	15
ENSG00000108759	41459513	41467386	17
ENSG00000144785	56285916	56316059	12
ENSG00000126337	41486136	41492546	17
ENSG00000110074	126269024	126278131	11
ENSG00000257727	56309842	56316119	12
ENSG00000171401	41500981	41505705	17
ENSG00000022556	54953130	55001142	19
ENSG00000167508	88651935	88663161	16
ENSG00000122406	92832013	92841924	1
ENSG00000188452	181535041	181680665	2
ENSG00000114124	141763408	141819352	3
ENSG00000214063	842812	867116	11
ENSG00000171346	41513745	41522529	17
ENSG00000110944	56334174	56340410	12
ENSG00000131389	14402576	14489349	3
ENSG00000175336	56360568	56362857	12
ENSG00000134538	21131194	21239796	12
ENSG00000171345	41523617	41528308	17
ENSG00000154511	92832737	92961522	1
ENSG00000185669	88677688	88686507	16
ENSG00000171403	41565836	41572059	17
ENSG00000158717	88696499	88706408	16
ENSG00000121351	21354959	21379980	12
ENSG00000186847	41582279	41586895	17
ENSG00000186297	26866911	26949208	15
ENSG00000143033	93079235	93139079	1
ENSG00000121350	21437615	21471250	12
ENSG00000186832	41609778	41615899	17
ENSG00000174177	88706483	88715396	16
ENSG00000173812	41688885	41692668	17
ENSG00000188729	191199241	191265615	3
ENSG00000206560	15667236	15859771	3
ENSG00000004700	21468910	21501669	12
ENSG00000197079	41476710	41481151	17
ENSG00000277200	2720801	2749652	17
ENSG00000172809	74203582	74210655	17
ENSG00000162992	181668295	181680827	2
ENSG00000088053	55013705	55038264	19
ENSG00000144591	219498865	219513898	2
ENSG00000140519	89471398	89496589	15
ENSG00000141540	74213571	74262020	17
ENSG00000111711	21501781	21518408	12
ENSG00000160439	55039108	55071291	19
ENSG00000285077	30624494	30649529	15
ENSG00000096092	52671113	52686588	6
ENSG00000244067	52750087	52763475	6
ENSG00000171566	154535005	154550400	4
ENSG00000140521	89305198	89334861	15
ENSG00000134548	21526296	21541249	12
ENSG00000197442	136557046	136793097	6
ENSG00000171595	74274234	74314884	17
ENSG00000139131	32727490	32755897	12
ENSG00000189410	20719731	20732837	1
ENSG00000163539	33496245	33718356	3
ENSG00000166337	6606294	6612539	11
ENSG00000103429	14632931	14669236	16
ENSG00000189013	54803610	54814517	19
ENSG00000167535	48813794	48828941	12
ENSG00000187049	61392393	61398866	11
ENSG00000023892	35297818	35321771	6
ENSG00000291307	89330208	89333809	15
ENSG00000117298	21217247	21345572	1
ENSG00000261652	55408495	55418798	15
ENSG00000166444	8693351	8910951	11
ENSG00000172349	81159575	81314058	15
ENSG00000196169	74326210	74355820	17
ENSG00000069764	14672548	14694308	16
ENSG00000171564	154563011	154572807	4
ENSG00000112039	35452338	35467104	6
ENSG00000224712	14703411	14726342	16
ENSG00000232810	31575565	31578336	6
ENSG00000188897	11359845	11527247	16
ENSG00000112333	108166022	108188805	6
ENSG00000172845	173880850	173965373	2
ENSG00000171560	154583126	154590742	4
ENSG00000204347	74356416	74361868	17
ENSG00000159753	67644988	67657569	16
ENSG00000171557	154604134	154612967	4
ENSG00000112335	108211222	108261246	6
ENSG00000108679	78971238	78979947	17
ENSG00000124440	46297042	46343433	19
ENSG00000081087	108029245	108165854	6
ENSG00000115677	241227264	241317061	2
ENSG00000172602	48857145	48865870	12
ENSG00000102879	30182827	30189076	16
ENSG00000174233	48766194	48789089	12
ENSG00000244731	31982057	32002681	6
ENSG00000138685	122826682	122898236	4
ENSG00000051825	123152320	123244014	12
ENSG00000068078	1793293	1808872	4
ENSG00000171302	78991716	79009867	17
ENSG00000143502	223220819	223364233	1
ENSG00000159674	1166932	1208962	4
ENSG00000173918	79022814	79049788	17
ENSG00000011485	46347087	46392981	19
ENSG00000232653	32593456	32607310	15
ENSG00000109458	143336876	143474565	4
ENSG00000167280	79074824	79088599	17
ENSG00000129003	61852389	62060473	15
ENSG00000158805	89720400	89740925	16
ENSG00000111328	123250112	123272334	12
ENSG00000178395	223393415	223395465	1
ENSG00000162620	74026015	74198187	1
ENSG00000167281	79089345	79611051	17
ENSG00000151552	17460261	17512206	4
ENSG00000116783	74235387	74544428	1
ENSG00000139697	123289109	123364847	12
ENSG00000167513	88803789	88809258	16
ENSG00000169515	46410329	46413564	19
ENSG00000189348	53277462	53284947	19
ENSG00000180532	57668935	57679152	19
ENSG00000163683	39546336	39638902	4
ENSG00000141965	4791734	4801273	19
ENSG00000182156	79730943	79742219	17
ENSG00000127666	4815932	4831712	19
ENSG00000105355	4838341	4867694	19
ENSG00000173894	79778148	79787983	17
ENSG00000078140	39698109	39782792	4
ENSG00000231925	33299694	33314284	6
ENSG00000198931	88809339	88811937	16
ENSG00000133026	8474207	8631376	17
ENSG00000168386	99828811	100114513	3
ENSG00000130921	123233385	123258079	12
ENSG00000150990	124946825	124989131	12
ENSG00000181789	129249606	129277773	3
ENSG00000205784	4890437	4902896	19
ENSG00000141012	88813734	88856970	16
ENSG00000162621	74469376	74512611	1
ENSG00000276043	4903080	4962154	19
ENSG00000178965	74568117	74673792	1
ENSG00000121892	39822863	39977956	4
ENSG00000116791	74705482	74733408	1
ENSG00000184992	124993645	125031231	12
ENSG00000183624	129278828	129306186	3
ENSG00000081760	125065434	125143333	12
ENSG00000129993	88874858	88977207	16
ENSG00000267059	1578339	1605445	19
ENSG00000133812	9776776	10304877	11
ENSG00000127540	1597169	1605473	19
ENSG00000056972	111555381	111606906	6
ENSG00000171124	5842888	5851471	19
ENSG00000078177	40056797	40158252	4
ENSG00000166359	33132090	33175799	19
ENSG00000167515	88856220	88862686	16
ENSG00000030419	212999691	213152427	2
ENSG00000162623	74733152	74766678	1
ENSG00000172771	129401321	129428651	3
ENSG00000132405	6909242	7033118	4
ENSG00000130881	33177603	33208864	19
ENSG00000129071	129430947	129440179	3
ENSG00000259030	74198235	74544393	1
ENSG00000130876	33208664	33225850	19
ENSG00000273079	13437942	13982002	12
ENSG00000135346	87085498	87095106	6
ENSG00000187741	89726683	89816977	16
ENSG00000112115	52186375	52190638	6
ENSG00000153879	33373685	33382686	19
ENSG00000112118	52264014	52284881	6
ENSG00000104904	2269509	2273490	19
ENSG00000139233	66116555	66130750	12
ENSG00000163914	129528639	129535344	3
ENSG00000173013	7040849	7043001	4
ENSG00000166710	44711358	44718851	15
ENSG00000173011	7041899	7057952	4
ENSG00000228144	66123917	66169985	12
ENSG00000178804	129543175	129551467	3
ENSG00000109519	7058671	7068085	4
ENSG00000090376	66189195	66254622	12
ENSG00000178597	7430285	7434930	4
ENSG00000004399	129555214	129606676	3
ENSG00000172007	139453232	139476609	4
ENSG00000145365	112272968	112285955	4
ENSG00000273734	2269525	2341172	19
ENSG00000091127	105439661	105522271	7
ENSG00000188305	2274631	2282175	19
ENSG00000120251	157204182	157387146	4
ENSG00000220008	2287164	2308154	19
ENSG00000250799	35799988	35813299	19
ENSG00000112116	52236681	52245689	6
ENSG00000144407	208359714	208854503	2
ENSG00000127311	66302493	66343643	12
ENSG00000135314	73241314	73310365	6
ENSG00000154358	228208044	228378876	1
ENSG00000229833	7629788	7631956	19
ENSG00000137221	43477523	43506556	6
ENSG00000157764	140719327	140924929	7
ENSG00000288702	233729042	233773300	2
ENSG00000076944	7636772	7647873	19
ENSG00000071575	12716910	12742734	2
ENSG00000110911	50979401	51028566	12
ENSG00000242366	233617633	233773300	2
ENSG00000182923	134485699	134587789	3
ENSG00000288705	233712907	233773300	2
ENSG00000176009	8937578	8943016	11
ENSG00000280021	4768979	4769938	11
ENSG00000160695	119067818	119081972	11
ENSG00000077235	27459555	27549913	16
ENSG00000196126	32577902	32589848	6
ENSG00000185127	169702126	169706360	6
ENSG00000203733	142132925	142135358	6
ENSG00000188886	96122818	96138502	2
ENSG00000228727	31762656	31764850	6
ENSG00000204599	30326479	30343729	6
ENSG00000126861	31272013	31297539	17
ENSG00000244122	233681901	233773300	2
ENSG00000140538	87859751	88256791	15
ENSG00000185862	31303770	31314105	17
ENSG00000265118	31305213	31318831	17
ENSG00000126860	31316410	31321749	17
ENSG00000124299	33386950	33521823	19
ENSG00000088727	47227998	47283451	3
ENSG00000233087	131360492	131364168	2
ENSG00000131242	31391675	31538211	17
ENSG00000261272	31010474	31035402	6
ENSG00000240053	31669976	31673776	6
ENSG00000150750	111245725	111286401	11
ENSG00000146385	132552672	132553756	6
ENSG00000237110	132538277	132539336	6
ENSG00000204371	31879759	31897698	6
ENSG00000214290	111298546	111308735	11
ENSG00000178105	108665058	108940999	11
ENSG00000274512	37978155	37989060	17
ENSG00000153956	81946444	82443956	7
ENSG00000173456	119334527	119337309	11
ENSG00000223953	119338942	119340940	11
ENSG00000092931	76735865	76781449	17
ENSG00000235718	119338942	119346705	11
ENSG00000155052	124025287	124921219	2
ENSG00000140265	43358172	43371043	15
ENSG00000047578	27550133	27780344	16
ENSG00000036672	119355215	119381711	11
ENSG00000137822	43369221	43409771	15
ENSG00000174946	151197832	151203216	3
ENSG00000174944	151212117	151278542	3
ENSG00000138271	151294086	151316820	3
ENSG00000144426	203014608	203226378	2
ENSG00000181631	151326312	151329549	3
ENSG00000169313	151336843	151384753	3
ENSG00000152580	151425384	151461061	3
ENSG00000160799	46921726	46982010	3
ENSG00000127554	1984193	1987749	16
ENSG00000154096	119415476	119424985	11
ENSG00000123600	171315746	171434802	2
ENSG00000139547	56951431	56959374	12
ENSG00000131148	85771758	85799608	16
ENSG00000135392	55820960	55830824	12
ENSG00000173769	44241886	44332098	3
ENSG00000286105	37212181	37258144	6
ENSG00000067369	43403061	43510728	15
ENSG00000204052	43506968	43510346	6
ENSG00000122786	134744252	134970729	7
ENSG00000204428	31676684	31684040	6
ENSG00000179152	44338119	44409451	3
ENSG00000075089	100199122	100241865	12
ENSG00000248712	119190250	119196769	11
ENSG00000167889	76868404	76950393	17
ENSG00000235272	166583009	166586678	6
ENSG00000277075	26216921	26217437	6
ENSG00000237988	29550407	29557773	6
ENSG00000124818	47781982	47832780	6
ENSG00000131143	85798633	85807068	16
ENSG00000172927	69294151	69341682	11
ENSG00000150722	181954241	182131398	2
ENSG00000163440	55556519	55592245	4
ENSG00000109255	55595229	55636698	4
ENSG00000110092	69641156	69654474	11
ENSG00000188994	87151803	87265943	6
ENSG00000244617	69960089	69961631	2
ENSG00000196228	108239968	108265351	2
ENSG00000177558	35224800	35228739	19
ENSG00000140968	85899116	85922606	16
ENSG00000125571	112911165	112918882	2
ENSG00000149716	69653076	69675416	11
ENSG00000146243	78867551	78946440	6
ENSG00000179314	6057807	6124427	17
ENSG00000105698	35268962	35279821	19
ENSG00000130396	167826893	167972023	6
ENSG00000250821	55819790	55837489	4
ENSG00000130779	122271432	122422669	12
ENSG00000090989	55853648	55905086	4
ENSG00000213658	28984826	28990784	16
ENSG00000169967	127298668	127388465	2
ENSG00000162344	69698238	69704022	11
ENSG00000136527	185914558	185938103	3
ENSG00000141371	60392429	60431426	17
ENSG00000075388	69771022	69775341	11
ENSG00000160683	118883892	118897787	11
ENSG00000062725	60443158	60526242	17
ENSG00000186174	118893875	118925926	11
ENSG00000110375	118925164	118958559	11
ENSG00000118849	158696892	158732489	3
ENSG00000183598	149813225	149813693	1
ENSG00000184260	149886918	149887411	1
ENSG00000176302	118971712	118981287	11
ENSG00000184270	149887469	149887965	1
ENSG00000178096	149887890	149900798	1
ENSG00000108474	16217191	16351797	17
ENSG00000105697	35280716	35285143	19
ENSG00000144134	113627229	113643396	2
ENSG00000159164	149903318	149917844	1
ENSG00000118855	158732198	158829719	3
ENSG00000174799	55948871	56033361	4
ENSG00000105695	35292125	35313807	19
ENSG00000256269	119084866	119093834	11
ENSG00000166963	43510958	43531620	15
ENSG00000143368	149923317	149927803	1
ENSG00000166582	16342534	16353656	17
ENSG00000168781	43533462	43590208	15
ENSG00000150337	149782671	149791675	1
ENSG00000154556	185585444	185956652	4
ENSG00000162039	1833986	1872178	16
ENSG00000170315	16380798	16382745	17
ENSG00000128595	128739292	128773400	7
ENSG00000170128	200872981	200874178	1
ENSG00000103313	3242027	3256633	16
ENSG00000187688	16415571	16437003	17
ENSG00000116852	200969390	201023714	1
ENSG00000084676	24491254	24770702	2
ENSG00000105699	35248330	35267964	19
ENSG00000134160	31001065	31161160	15
ENSG00000146247	78934419	79078287	6
ENSG00000214216	158962928	159266307	3
ENSG00000108946	68511780	68551319	17
ENSG00000151967	159839861	159897360	3
ENSG00000157212	154943687	155003124	7
ENSG00000156564	40391591	40587364	6
ENSG00000111728	22063773	22437041	12
ENSG00000114861	70954693	71583978	3
ENSG00000083099	89568144	89638749	6
ENSG00000196387	133080474	133107526	12
ENSG00000007129	41549518	41586844	19
ENSG00000079691	25279078	25620530	6
ENSG00000284308	74414176	74421619	2
ENSG00000169189	27224994	27268772	16
ENSG00000155744	200973718	201071671	2
ENSG00000074590	106063345	106138954	12
ENSG00000105352	41619015	41627074	19
ENSG00000212725	41046541	41047316	17
ENSG00000204880	41096981	41098142	17
ENSG00000204887	41029351	41030195	17
ENSG00000007306	41673303	41706976	19
ENSG00000157219	155070324	155087392	7
ENSG00000161594	41835685	41848384	17
ENSG00000121749	71839707	71927248	12
ENSG00000130226	153748133	154894285	7
ENSG00000105388	41708585	41730433	19
ENSG00000178502	41848518	41865423	17
ENSG00000131473	41866917	41930542	17
ENSG00000116857	201134772	201171574	1
ENSG00000077238	27313668	27364778	16
ENSG00000267881	41708657	41756737	19
ENSG00000086548	41750977	41772211	19
ENSG00000115718	127418427	127429242	2
ENSG00000112159	89642498	89819794	6
ENSG00000170956	41796587	41811554	19
ENSG00000109452	142023160	142847432	4
ENSG00000273111	41837074	41844697	19
ENSG00000142025	41844743	41852333	19
ENSG00000072163	127638381	127681786	2
ENSG00000163395	201190824	201228952	1
ENSG00000105372	41860255	41872925	19
ENSG00000103522	27402174	27452042	16
ENSG00000196600	63158437	63243599	11
ENSG00000268041	41907704	41928449	19
ENSG00000105404	41956681	41959321	19
ENSG00000081248	201039512	201112451	1
ENSG00000169246	21402237	21448567	16
ENSG00000186908	76764103	76853696	12
ENSG00000149187	47465933	47565569	11
ENSG00000285505	41956879	41994232	19
ENSG00000105409	41966582	41997497	19
ENSG00000172366	636817	648474	16
ENSG00000204815	41930617	41966503	17
ENSG00000173786	41966763	41977740	17
ENSG00000161996	649311	667833	16
ENSG00000077454	100574011	100586129	7
ENSG00000109794	186104419	186175337	4
ENSG00000168259	41976421	42021376	17
ENSG00000179615	55572468	55575612	12
ENSG00000179695	55444069	55453347	12
ENSG00000120820	103988987	104064183	12
ENSG00000111052	80792520	80937934	12
ENSG00000135250	105110704	105399308	7
ENSG00000214700	27081057	27082578	12
ENSG00000261308	51817899	51848718	12
ENSG00000214029	133104779	133130274	12
ENSG00000203943	84298366	84389957	1
ENSG00000150977	123415039	123436684	12
ENSG00000060237	752579	911452	12
ENSG00000284713	69155478	69162440	11
ENSG00000156738	60455846	60470752	11
ENSG00000174529	205083129	205084460	1
ENSG00000116984	236795260	236921278	1
ENSG00000182261	7957537	7965447	11
ENSG00000166840	58905398	59043527	11
ENSG00000008282	106090505	106112589	7
ENSG00000105369	41877279	41881372	19
ENSG00000103269	675671	678268	16
ENSG00000152784	80183879	80204329	4
ENSG00000126453	49665142	49673916	19
ENSG00000143742	225777813	225790468	1
ENSG00000006468	13891229	13991425	7
ENSG00000144230	127645864	127652639	2
ENSG00000255274	118003634	118088299	11
ENSG00000287725	69072915	69162440	11
ENSG00000196187	225845536	225882380	1
ENSG00000103266	680224	682870	16
ENSG00000116127	73385758	73625166	2
ENSG00000149483	61361964	61377890	11
ENSG00000138675	80266639	80336680	4
ENSG00000166407	8224309	8268716	11
ENSG00000175110	139005806	139360497	3
ENSG00000130413	8391868	8594289	11
ENSG00000068024	239048168	239401654	2
ENSG00000243709	225886282	225911382	1
ENSG00000255835	225886696	225924278	1
ENSG00000105612	12875209	12881595	19
ENSG00000161999	681670	684528	16
ENSG00000143768	225936598	225941383	1
ENSG00000111490	64759484	64881033	12
ENSG00000143819	225810124	225845563	1
ENSG00000130165	11551147	11559230	19
ENSG00000105392	47819779	47843330	19
ENSG00000144895	150546678	150586016	3
ENSG00000168256	42011382	42025644	17
ENSG00000120798	95020229	95073628	12
ENSG00000116649	11054584	11060020	1
ENSG00000178928	47801232	47819051	19
ENSG00000130475	17747718	17788568	19
ENSG00000171824	11066618	11099869	1
ENSG00000127580	684622	690444	16
ENSG00000286095	219496131	219498287	2
ENSG00000115738	8678845	8684461	2
ENSG00000172508	67414968	67425607	11
ENSG00000127585	692498	705808	16
ENSG00000267221	42038232	42050601	17
ENSG00000108771	42101404	42112714	17
ENSG00000143797	8852690	9003709	2
ENSG00000140983	668100	674174	16
ENSG00000105819	103297407	103331818	7
ENSG00000137494	83193712	83260694	11
ENSG00000108773	42113111	42121367	17
ENSG00000152049	223052190	223198399	2
ENSG00000134313	8721081	8837630	2
ENSG00000136059	37988059	38007188	3
ENSG00000184752	94895297	95003748	12
ENSG00000117614	25222276	25232502	1
ENSG00000127948	75899200	75986855	7
ENSG00000022840	120533480	120577588	12
ENSG00000117616	25242249	25338213	1
ENSG00000165494	83156988	83187451	11
ENSG00000260325	42122804	42123352	17
ENSG00000170836	60600193	60666280	17
ENSG00000114686	131462212	131502983	3
ENSG00000108557	17681458	17811453	17
ENSG00000187010	25272393	25330445	1
ENSG00000136478	64147227	64263260	17
ENSG00000233436	57743514	57752675	11
ENSG00000247595	18588781	18610255	11
ENSG00000149043	1828307	1837521	11
ENSG00000198064	30222897	30255268	16
ENSG00000196353	131533555	132285410	3
ENSG00000284209	34351499	34381110	16
ENSG00000162194	62662817	62672267	11
ENSG00000083093	23603160	23641321	16
ENSG00000288623	120534697	120534957	12
ENSG00000075415	98593591	98606379	12
ENSG00000204397	105041326	105101431	11
ENSG00000128422	41619442	41624842	17
ENSG00000152404	107326360	107457825	11
ENSG00000185245	4932277	4935023	17
ENSG00000076604	28744011	28750956	17
ENSG00000140694	14435700	14632728	16
ENSG00000131899	18225635	18244875	17
ENSG00000007372	31784779	31817961	11
ENSG00000120868	98645290	98735433	12
ENSG00000145198	184229585	184242329	3
ENSG00000005249	107044705	107161811	7
ENSG00000204414	63909597	63911341	17
ENSG00000173421	49198428	49258106	3
ENSG00000141338	68867289	68955392	17
ENSG00000286137	75307376	75317429	7
ENSG00000144821	108380368	108529322	3
ENSG00000119820	32277904	32316594	2
ENSG00000006576	77798773	77957503	7
ENSG00000018699	32628032	32821051	2
ENSG00000085978	233210051	233295674	2
ENSG00000073111	127598410	127622436	3
ENSG00000108932	68267026	68291267	17
ENSG00000114631	127629185	127672802	3
ENSG00000184860	81988855	82011481	16
ENSG00000006740	12789498	12991643	17
ENSG00000114626	127672935	127680926	3
ENSG00000086696	82035004	82098534	16
ENSG00000135341	90513573	90587086	6
ENSG00000135698	82147798	82170224	16
ENSG00000179603	126438598	127253093	7
ENSG00000187715	127915232	127987671	3
ENSG00000074416	127689062	128052190	3
ENSG00000180353	121631399	121660927	3
ENSG00000161040	102811189	103074839	7
ENSG00000174238	1517718	1562792	17
ENSG00000197943	81779279	81962685	16
ENSG00000224940	128350325	128361690	7
ENSG00000173226	121769761	121835079	3
ENSG00000106069	29146547	29514328	7
ENSG00000130561	233307816	233347055	2
ENSG00000124772	36740775	36839444	6
ENSG00000091536	18108756	18179802	17
ENSG00000174943	29905012	29926236	16
ENSG00000072062	14091688	14118084	19
ENSG00000145088	121835183	121886526	3
ENSG00000177688	149400262	149401278	6
ENSG00000077044	233354494	233472104	2
ENSG00000178199	149446795	149485014	6
ENSG00000188827	3581181	3611606	16
ENSG00000289762	14112324	14112476	19
ENSG00000171051	51745172	51804115	19
ENSG00000163406	121894401	121944188	3
ENSG00000055208	149218641	149411613	6
ENSG00000105397	10350533	10380608	19
ENSG00000093144	127288712	127343609	6
ENSG00000171490	11833850	11851580	16
ENSG00000111269	12611827	12645108	12
ENSG00000157680	137381037	137847092	7
ENSG00000183150	12660890	12696207	12
ENSG00000183726	25338317	25362361	1
ENSG00000178878	12725917	12829975	12
ENSG00000213782	12813316	12829981	12
ENSG00000204178	25430858	25500209	1
ENSG00000178732	194394821	194399266	3
ENSG00000065534	123610049	123884332	3
ENSG00000198860	184051651	184123978	1
ENSG00000182158	137874979	138002086	7
ENSG00000103342	11868128	11916082	16
ENSG00000183091	151485336	151734487	2
ENSG00000258890	64506865	64542461	17
ENSG00000251369	57535257	57559863	19
ENSG00000135100	120978543	121002512	12
ENSG00000160838	156920632	156933094	1
ENSG00000106436	101613330	101629296	7
ENSG00000259009	47859235	47861721	19
ENSG00000290147	42155406	42180056	6
ENSG00000105398	47870467	47886315	19
ENSG00000287363	42155406	42163418	6
ENSG00000048545	42173364	42181338	6
ENSG00000153157	10886831	10979320	6
ENSG00000155816	240014348	240475187	1
ENSG00000063015	28954901	29006440	17
ENSG00000188493	40740856	40751553	19
ENSG00000105849	19695461	19709037	7
ENSG00000173452	19719315	19773617	7
ENSG00000071462	73683597	73698212	7
ENSG00000048462	11965210	11968068	16
ENSG00000077312	40750637	40765389	19
ENSG00000197977	10980759	11044305	6
ENSG00000158486	20933111	21159441	16
ENSG00000091527	133573686	133590261	3
ENSG00000224531	11093834	11138733	6
ENSG00000244476	11102489	11111725	6
ENSG00000079689	25652201	25701783	6
ENSG00000091704	130380339	130388114	7
ENSG00000261857	40771648	40777490	19
ENSG00000290217	25652210	25738044	6
ENSG00000164508	25723397	25726562	6
ENSG00000146047	25726777	25727345	6
ENSG00000112164	39048781	39091303	6
ENSG00000180875	240489573	240612155	1
ENSG00000068097	60041008	60078922	17
ENSG00000163781	133598175	133662380	3
ENSG00000080802	135361795	135510145	7
ENSG00000086544	40717112	40740860	19
ENSG00000143382	150549369	150560937	1
ENSG00000112167	39104063	39115193	6
ENSG00000164626	39188971	39229475	6
ENSG00000167807	10305427	10316009	19
ENSG00000161904	33771202	33789130	6
ENSG00000268400	7629796	7647477	19
ENSG00000174437	110280756	110351093	12
ENSG00000105613	12833951	12874952	19
ENSG00000102996	58025754	58046901	16
ENSG00000229453	48306842	48333661	3
ENSG00000015520	44512535	44541330	7
ENSG00000168779	158095905	158106420	3
ENSG00000184007	31906421	31944856	1
ENSG00000105499	48047843	48110817	19
ENSG00000103005	57999546	58021618	16
ENSG00000096395	33794673	33804003	6
ENSG00000008294	50962174	51120868	17
ENSG00000187527	193274789	193378820	3
ENSG00000169855	78597239	79767998	3
ENSG00000288678	31919563	31919628	1
ENSG00000137942	93448118	93554661	1
ENSG00000251608	29414928	29418905	6
ENSG00000170473	55901413	55932618	12
ENSG00000189367	127438406	127459389	6
ENSG00000254206	29381310	29406711	16
ENSG00000157077	52142089	52348671	1
ENSG00000185664	55954105	55973317	12
ENSG00000255330	127438406	127519001	6
ENSG00000136271	44565804	44575051	7
ENSG00000196502	28605196	28614279	16
ENSG00000185453	48170680	48197620	19
ENSG00000102977	67657512	67660810	16
ENSG00000184530	127519455	127591820	6
ENSG00000105483	48180770	48255946	19
ENSG00000124493	34018643	34155622	6
ENSG00000163632	63819299	63848636	3
ENSG00000150676	85855101	85920021	11
ENSG00000162493	13583465	13617957	1
ENSG00000233412	98166696	98169774	3
ENSG00000197584	178272932	178844429	3
ENSG00000137501	85694224	85811159	11
ENSG00000196220	8980591	9363053	3
ENSG00000158604	44577894	44582287	7
ENSG00000162542	19682240	19799945	1
ENSG00000167207	50693588	50733077	16
ENSG00000115275	74461057	74465410	2
ENSG00000105953	44606572	44709066	7
ENSG00000123374	55966781	55972789	12
ENSG00000178922	43450989	43453989	1
ENSG00000102893	47461123	47701523	16
ENSG00000115590	101991960	102028544	2
ENSG00000186577	34246381	34249108	6
ENSG00000167182	47896150	47928957	17
ENSG00000144550	9703826	9729908	3
ENSG00000108852	43875357	43909711	17
ENSG00000173401	75334670	75370560	12
ENSG00000272325	34279679	34392669	6
ENSG00000185219	44431705	44477670	3
ENSG00000137309	34236873	34246231	6
ENSG00000138442	202874261	203014798	2
ENSG00000180481	75391089	75432688	12
ENSG00000114857	42600655	42648735	3
ENSG00000121753	31727117	31764893	1
ENSG00000139278	75480753	75503863	12
ENSG00000214338	127472806	127519335	6
ENSG00000146216	43243481	43288258	6
ENSG00000122515	44748581	44769881	7
ENSG00000111615	75490863	75511636	12
ENSG00000116030	202206182	202238599	2
ENSG00000049618	156776020	157210779	6
ENSG00000198843	150602875	150630436	3
ENSG00000179626	55549602	55555832	12
ENSG00000152936	25409307	25648579	12
ENSG00000178150	48270081	48287608	19
ENSG00000105479	48296457	48321971	19
ENSG00000251692	1485886	1488981	16
ENSG00000055044	202265736	202303661	2
ENSG00000100726	1493344	1510457	16
ENSG00000155903	141487027	141615344	3
ENSG00000142227	48321509	48330553	19
ENSG00000048052	18086949	19002416	7
ENSG00000075651	171600404	171810950	3
ENSG00000065361	56076799	56103505	12
ENSG00000103249	1444934	1475077	16
ENSG00000105486	48115445	48170603	19
ENSG00000204217	202376327	202567751	2
ENSG00000131467	42824385	42843760	17
ENSG00000162631	107140007	107484923	1
ENSG00000289490	202377112	202377168	2
ENSG00000138439	202634969	202769757	2
ENSG00000183662	68004247	68545621	3
ENSG00000163374	155659443	155689000	1
ENSG00000010818	142751469	142956698	6
ENSG00000113811	53884417	53891885	3
ENSG00000243943	27582969	27623217	2
ENSG00000114650	47413681	47477126	3
ENSG00000072657	72087266	72670758	12
ENSG00000277639	53035690	53052897	16
ENSG00000172824	66988589	67010417	16
ENSG00000131018	152121687	152637801	6
ENSG00000176714	27625638	27629012	2
ENSG00000198522	27628247	27651511	2
ENSG00000164054	48467798	48504826	3
ENSG00000141562	82458180	82490537	17
ENSG00000187857	55362975	55369279	12
ENSG00000185821	55426254	55427192	12
ENSG00000188324	55293988	55296569	12
ENSG00000030066	47778087	47848555	11
ENSG00000139223	48472559	48473622	12
ENSG00000177627	48482498	48496524	12
ENSG00000167531	48567684	48570066	12
ENSG00000180185	1826967	1840207	16
ENSG00000168101	4693562	4695859	16
ENSG00000123307	55019974	55030017	12
ENSG00000170605	55126406	55132750	12
ENSG00000283516	8882351	8885351	16
ENSG00000111266	12473282	12562863	12
ENSG00000215148	2798470	2805304	16
ENSG00000261509	33360841	33363478	16
ENSG00000172081	2071036	2096673	19
ENSG00000154781	14651762	14672659	3
ENSG00000205456	32253286	32255928	16
ENSG00000275034	33304306	33306945	16
ENSG00000099840	2096429	2099593	19
ENSG00000243716	22479121	22536535	16
ENSG00000013588	12891559	12917937	12
ENSG00000013583	12974870	13000265	12
ENSG00000010318	52410660	52423641	3
ENSG00000119760	27650809	27663840	2
ENSG00000180219	99647753	99650114	12
ENSG00000181929	49002274	49018807	12
ENSG00000074660	1633858	1645744	17
ENSG00000149428	119044188	119057227	11
ENSG00000214967	16379140	16393972	16
ENSG00000059377	139777051	140020325	7
ENSG00000151006	31083437	31089628	16
ENSG00000274286	96112876	96116571	2
ENSG00000011566	39249266	39437301	2
ENSG00000131944	32972209	32978229	19
ENSG00000270800	34284887	34426071	6
ENSG00000178252	49007062	49015953	3
ENSG00000205022	88863333	88866660	16
ENSG00000127530	14789260	14835376	19
ENSG00000183632	32673528	32676165	16
ENSG00000124614	34417454	34426069	6
ENSG00000115257	1481428	1490752	19
ENSG00000284484	75660227	75677009	16
ENSG00000008838	40019097	40061215	17
ENSG00000125170	57471922	57487327	16
ENSG00000124507	34466061	34535229	6
ENSG00000163931	53224712	53256052	3
ENSG00000142396	58305374	58316812	19
ENSG00000111276	12685498	12722369	12
ENSG00000105650	18207965	18248200	19
ENSG00000124664	34537802	34556333	6
ENSG00000089248	112013348	112023449	12
ENSG00000196821	34587288	34696859	6
ENSG00000170667	102479976	102517777	7
ENSG00000234719	11927259	11976643	16
ENSG00000111300	112026689	112108796	12
ENSG00000137166	41546381	41602384	6
ENSG00000233232	28456329	28472336	16
ENSG00000181019	69706996	69726668	16
ENSG00000248487	51971426	51981196	3
ENSG00000184945	240691866	240698483	2
ENSG00000132305	86143932	86195472	2
ENSG00000180767	126524155	126543291	3
ENSG00000163507	108549864	108589644	3
ENSG00000235098	1418420	1421769	1
ENSG00000141101	69741871	69754926	16
ENSG00000143740	227728200	227781826	1
ENSG00000135148	112125538	112153604	12
ENSG00000113851	3144628	3179727	3
ENSG00000204532	56202273	56209461	19
ENSG00000234465	43575801	43583964	19
ENSG00000117411	43978943	43991170	1
ENSG00000102908	69565094	69704666	16
ENSG00000186838	39515139	39520675	19
ENSG00000204595	53631999	53637014	19
ENSG00000162745	161983192	162023869	1
ENSG00000179873	55785397	55836800	19
ENSG00000187862	156579723	156587719	1
ENSG00000173064	112160188	112382439	12
ENSG00000162891	206865623	206869223	1
ENSG00000113805	74262568	74614659	3
ENSG00000137976	84398484	84415018	1
ENSG00000269720	17387196	17394196	19
ENSG00000228567	53266676	53267723	19
ENSG00000284638	3482110	3483441	19
ENSG00000160007	46860997	47005077	19
ENSG00000203663	248030070	248042305	1
ENSG00000130751	47019837	47045775	19
ENSG00000198128	248046836	248063407	1
ENSG00000108641	19334308	19378193	17
ENSG00000171180	248231417	248244679	1
ENSG00000185090	37793847	37801137	1
ENSG00000197980	156825481	157046129	3
ENSG00000157873	2555639	2565382	1
ENSG00000291237	159669069	159762529	6
ENSG00000144843	119579268	119589945	3
ENSG00000130748	47045909	47048624	19
ENSG00000130749	47064187	47113776	19
ENSG00000013441	200853009	200864691	2
ENSG00000174844	57293699	57544344	3
ENSG00000139178	7089587	7109238	12
ENSG00000142230	47113274	47210636	19
ENSG00000188997	78171249	78188626	11
ENSG00000175711	82942149	83051809	17
ENSG00000118369	78188812	78215232	11
ENSG00000204267	32821833	32838739	6
ENSG00000111731	22448583	22544546	12
ENSG00000163882	184361710	184368596	3
ENSG00000135932	230712842	230821075	2
ENSG00000174990	87881546	87936580	16
ENSG00000204505	13171848	13179459	1
ENSG00000105327	47220822	47232766	19
ENSG00000177151	248636356	248645278	1
ENSG00000180708	158418210	158426237	1
ENSG00000033327	78215293	78418348	11
ENSG00000168264	234604269	234610178	1
ENSG00000163092	166888480	167259753	2
ENSG00000162775	110338506	110346681	1
ENSG00000180616	73165010	73176633	17
ENSG00000166685	73193055	73208507	17
ENSG00000105321	47255980	47273701	19
ENSG00000081692	227730425	227735411	1
ENSG00000182973	32685145	32773875	3
ENSG00000172530	87949244	88077318	16
ENSG00000179023	18480930	18485974	1
ENSG00000173171	155208695	155213824	1
ENSG00000257704	47274885	47275723	19
ENSG00000167283	118401346	118433278	11
ENSG00000143862	202133404	202144743	1
ENSG00000141219	73232233	73248959	17
ENSG00000160877	13116862	13141147	19
ENSG00000170075	202122886	202133592	1
ENSG00000137513	78435620	78575194	11
ENSG00000099341	38374563	38383850	19
ENSG00000143376	151612006	151699091	1
ENSG00000166278	31897785	31945673	6
ENSG00000187959	73248449	73262352	17
ENSG00000115966	175072250	175168382	2
ENSG00000179604	73283624	73312005	17
ENSG00000065000	2100988	2164468	19
ENSG00000133193	73207353	73236753	17
ENSG00000173531	49683947	49689501	3
ENSG00000183077	78187358	78207702	17
ENSG00000166546	66427295	66493529	16
ENSG00000212657	41307700	41309309	17
ENSG00000189051	8390702	8397827	17
ENSG00000188958	191267168	191330526	3
ENSG00000187997	78146385	78166297	17
ENSG00000159409	151700058	151716803	1
ENSG00000187555	8892097	8975328	16
ENSG00000214978	9800608	9822079	17
ENSG00000109016	21123364	21193265	17
ENSG00000144741	66133610	66388116	3
ENSG00000111241	4428155	4445815	12
ENSG00000167699	757097	782294	17
ENSG00000175197	57516588	57521737	12
ENSG00000158636	76444923	76553031	11
ENSG00000196510	110372900	110403730	12
ENSG00000178796	151710433	151729805	1
ENSG00000143436	151759647	151763496	1
ENSG00000130812	10092338	10102678	19
ENSG00000183914	7717744	7833742	17
ENSG00000104856	45001461	45038192	19
ENSG00000168314	39467198	39529479	3
ENSG00000143450	151762899	151771334	1
ENSG00000104859	45039045	45070956	19
ENSG00000181234	128267170	128707911	12
ENSG00000183336	29453590	29454351	16
ENSG00000205328	55400529	55401467	12
ENSG00000261740	29443230	29454651	16
ENSG00000123395	52069246	52077495	12
ENSG00000102898	67846882	67872567	16
ENSG00000144893	151085286	151437072	3
ENSG00000213171	151800264	151805419	1
ENSG00000256660	10010627	10018796	12
ENSG00000196407	151847101	151853712	1
ENSG00000133195	72645949	73092712	17
ENSG00000159445	151870866	151909637	1
ENSG00000198673	61708273	62279150	12
ENSG00000197747	151982915	151993859	1
ENSG00000123473	47250139	47314892	1
ENSG00000170291	7251416	7259940	17
ENSG00000126746	6666477	6689572	12
ENSG00000170684	45071500	45076478	19
ENSG00000142252	45079195	45091518	19
ENSG00000213066	166999174	167052718	6
ENSG00000129965	2132538	2161209	11
ENSG00000104946	49877666	49888750	19
ENSG00000196290	200889327	200903938	2
ENSG00000181555	47016428	47164113	3
ENSG00000254647	2159779	2161221	11
ENSG00000183318	8747524	8758559	17
ENSG00000055483	78787381	78841441	17
ENSG00000180176	2163929	2171815	11
ENSG00000272980	166999336	167139138	6
ENSG00000119004	203238977	203306026	2
ENSG00000213024	49906825	49929764	19
ENSG00000198324	111360651	111369121	12
ENSG00000152818	144285335	144853034	6
ENSG00000084453	21264600	21419594	12
ENSG00000178084	184053047	184060673	3
ENSG00000161652	50152548	50163281	19
ENSG00000186038	184097064	184106995	3
ENSG00000198854	152719522	152720470	1
ENSG00000240386	152775140	152777024	1
ENSG00000186226	152786214	152788426	1
ENSG00000063244	55654146	55674716	19
ENSG00000204209	33318558	33323016	6
ENSG00000172155	152796721	152798181	1
ENSG00000020129	35557473	35567274	1
ENSG00000187510	92702843	92772455	12
ENSG00000270647	35809482	35864615	17
ENSG00000130758	40191426	40215575	19
ENSG00000090975	122983480	123151090	12
ENSG00000183734	2268498	2270588	11
ENSG00000110665	2295628	2303049	11
ENSG00000176771	132671788	133568463	2
ENSG00000064201	2301997	2318204	11
ENSG00000174521	40216058	40218384	19
ENSG00000161204	184186095	184194012	3
ENSG00000105219	40222208	40226697	19
ENSG00000116819	35573314	35595328	1
ENSG00000151914	56457987	56954830	6
ENSG00000237763	103655760	103664554	1
ENSG00000176946	241584405	241637158	2
ENSG00000105221	40230317	40285536	19
ENSG00000161944	7101322	7115700	17
ENSG00000165685	10170542	10191804	12
ENSG00000166153	100203669	100267079	12
ENSG00000188219	131209536	131265278	2
ENSG00000174876	103687415	103696454	1
ENSG00000131096	43952733	44004469	17
ENSG00000008323	6310436	6328506	12
ENSG00000273604	38671703	38674957	17
ENSG00000103051	70480568	70523560	16
ENSG00000275023	38705273	38729795	17
ENSG00000168137	9397615	9479240	3
ENSG00000149091	46332905	46380554	11
ENSG00000187733	103745323	103758726	1
ENSG00000186603	45326895	45328710	1
ENSG00000197454	248013660	248024276	1
ENSG00000117643	25616791	25786206	1
ENSG00000277972	38730341	38735605	17
ENSG00000064933	189784085	189877629	2
ENSG00000277258	38733898	38749817	17
ENSG00000136052	104801801	104958744	12
ENSG00000162430	25800193	25818221	1
ENSG00000277791	38752741	38764225	17
ENSG00000136045	107685799	107713162	12
ENSG00000173212	116111399	116138149	1
ENSG00000276293	38765691	38800126	17
ENSG00000163531	204828651	205022822	1
ENSG00000273559	38800441	38825355	17
ENSG00000110851	107732871	107761272	12
ENSG00000275489	38835086	38841438	17
ENSG00000173826	63523334	63548977	17
ENSG00000038532	10944539	11182186	16
ENSG00000187855	107774704	107776644	12
ENSG00000139364	125186386	125662377	12
ENSG00000160392	40319536	40348527	19
ENSG00000197111	53452102	53481162	12
ENSG00000136485	63550222	63594286	17
ENSG00000090013	40447765	40465764	19
ENSG00000131152	87302876	87334273	16
ENSG00000103264	87326987	87392142	16
ENSG00000088038	54137749	54155681	19
ENSG00000114770	183919934	184017939	3
ENSG00000288894	63550603	63608347	17
ENSG00000136463	63600882	63608365	17
ENSG00000140941	87383953	87404779	16
ENSG00000198933	47694161	47712052	17
ENSG00000167286	118339075	118342705	11
ENSG00000289722	1833987	1884294	16
ENSG00000160654	118344344	118355161	11
ENSG00000087152	44191805	44200113	17
ENSG00000184144	205042937	205078289	1
ENSG00000135976	97113153	97264521	2
ENSG00000205629	25111731	25178231	16
ENSG00000285827	118401602	118482737	11
ENSG00000137752	105025397	105035250	11
ENSG00000168517	45160700	45170040	17
ENSG00000003402	201116154	201176687	2
ENSG00000174326	7041621	7044092	17
ENSG00000103375	25215731	25228932	16
ENSG00000172992	45023338	45061131	17
ENSG00000155592	25236001	25257845	16
ENSG00000162129	72285495	72434680	11
ENSG00000166473	81100875	81220370	16
ENSG00000186090	184031544	184039369	3
ENSG00000139625	53479669	53500063	12
ENSG00000161202	184155377	184173614	3
ENSG00000188878	75909574	75941140	17
ENSG00000139546	53500921	53506431	12
ENSG00000181625	29454533	29458219	16
ENSG00000161203	184174689	184184214	3
ENSG00000143028	109466546	109482134	1
ENSG00000154429	229321011	229343294	1
ENSG00000205045	35464249	35537678	17
ENSG00000153250	160272151	160493807	2
ENSG00000204361	114678527	114707069	11
ENSG00000143632	229430365	229434104	1
ENSG00000095110	114518934	114559881	11
ENSG00000259224	7481446	7483496	17
ENSG00000282034	30704067	30745169	16
ENSG00000128487	20008865	20319026	17
ENSG00000187815	40477290	40496343	1
ENSG00000273003	65014182	65040570	11
ENSG00000224578	51553436	51647132	16
ENSG00000117010	40531573	40548167	1
ENSG00000110025	65027439	65040572	11
ENSG00000180098	28553085	28578545	1
ENSG00000008710	2088708	2135898	16
ENSG00000184378	169766921	169769561	3
ENSG00000250506	76000855	76005999	17
ENSG00000267281	53506691	53625979	12
ENSG00000085274	169773396	169789716	3
ENSG00000168061	65040901	65044828	11
ENSG00000170653	53507856	53626410	12
ENSG00000257008	74367458	74372600	17
ENSG00000168060	65044818	65058553	11
ENSG00000141068	27456448	27626438	17
ENSG00000188060	28592200	28595449	1
ENSG00000240038	103553815	103579534	1
ENSG00000123636	159318979	159616569	2
ENSG00000171757	169793003	169812986	3
ENSG00000243480	103617427	103625780	1
ENSG00000072134	19215615	19336715	17
ENSG00000114248	169839172	169869935	3
ENSG00000117266	205504596	205532793	1
ENSG00000135390	53632726	53677408	12
ENSG00000187033	169911572	169939175	3
ENSG00000125629	118088452	118110997	2
ENSG00000198774	85800703	85836409	12
ENSG00000146670	65066300	65084164	11
ENSG00000133636	85874295	85882992	12
ENSG00000144229	136765545	137677718	2
ENSG00000182050	85955666	86838904	12
ENSG00000008952	169966635	169998373	3
ENSG00000162300	65084210	65088398	11
ENSG00000184611	162371407	162838767	2
ENSG00000112200	57086844	57170305	6
ENSG00000139132	32399558	32646050	12
ENSG00000138018	26308547	26395885	2
ENSG00000187066	65084979	65089375	11
ENSG00000136682	113437691	113496204	2
ENSG00000149823	65089324	65111862	11
ENSG00000164729	35192520	35194393	17
ENSG00000198863	42980565	42995142	17
ENSG00000173890	170037995	170085392	3
ENSG00000176927	29929200	30108452	17
ENSG00000188306	169812870	169837773	3
ENSG00000174567	204198163	204213988	1
ENSG00000164081	51662693	51704323	3
ENSG00000167964	2140803	2154165	16
ENSG00000143850	204218853	204377665	1
ENSG00000149809	65111845	65116384	11
ENSG00000164082	51707068	51718613	3
ENSG00000130816	10133342	10231286	19
ENSG00000131653	2155698	2178129	16
ENSG00000112280	70216040	70303084	6
ENSG00000214686	51778561	51779241	3
ENSG00000114503	196935402	196942594	3
ENSG00000197056	35032172	35115859	1
ENSG00000170921	62966235	63427703	17
ENSG00000270170	196942674	196943543	3
ENSG00000119227	196946356	196969060	3
ENSG00000163602	72371825	72446621	3
ENSG00000196428	150408298	150466422	3
ENSG00000118308	25004342	25108335	12
ENSG00000206384	130517177	130677044	3
ENSG00000167971	2177180	2196605	16
ENSG00000155368	119366924	119372550	2
ENSG00000203910	92217915	92245813	1
ENSG00000176155	82101460	82212878	17
ENSG00000174276	65116403	65117701	11
ENSG00000167965	2204248	2209453	16
ENSG00000174842	92246402	92298987	1
ENSG00000149806	65120630	65122177	11
ENSG00000273291	42809446	43055871	3
ENSG00000182983	42906142	42919334	3
ENSG00000108528	4937130	4940053	17
ENSG00000162298	65121780	65134532	11
ENSG00000163788	43286512	43424764	3
ENSG00000144451	213284389	214410501	2
ENSG00000122484	92299059	92402056	1
ENSG00000112053	35943516	36024868	6
ENSG00000144649	42979087	43067898	3
ENSG00000108523	4940008	4945222	17
ENSG00000196639	11137093	11263557	3
ENSG00000135624	73233420	73253021	2
ENSG00000279111	158578919	158579899	1
ENSG00000187701	248649838	248655528	1
ENSG00000197548	11272309	11557665	3
ENSG00000203757	158716327	158720720	1
ENSG00000163563	158831351	158849506	1
ENSG00000196266	159313720	159314659	1
ENSG00000196772	247814660	247824119	1
ENSG00000197591	247840928	247841896	1
ENSG00000162722	247857187	247880138	1
ENSG00000139574	53506688	53507484	12
ENSG00000108518	4945652	4949061	17
ENSG00000186710	113149724	113159276	12
ENSG00000238243	247895587	247896531	1
ENSG00000177275	247924889	247935339	1
ENSG00000279263	247948858	247949796	1
ENSG00000197532	158544550	158554405	1
ENSG00000149792	65122183	65127371	11
ENSG00000112062	36027782	36111236	6
ENSG00000108515	4948092	4957131	17
ENSG00000121903	33472645	33501643	1
ENSG00000123064	113157173	113185479	12
ENSG00000198104	248375746	248391811	1
ENSG00000162727	248145148	248146086	1
ENSG00000198601	248174821	248181067	1
ENSG00000034971	171635417	171652688	1
ENSG00000014216	65180566	65212006	11
ENSG00000187730	2019329	2030758	1
ENSG00000144560	11556069	11771350	3
ENSG00000139405	113185526	113192368	12
ENSG00000115468	232606057	232682776	2
ENSG00000166578	113195441	113221094	12
ENSG00000116809	15941869	15976132	1
ENSG00000135144	113056730	113098028	12
ENSG00000196834	130459455	130509707	2
ENSG00000135457	51093656	51173135	12
ENSG00000091640	4959226	4967817	17
ENSG00000170802	48314637	48379295	2
ENSG00000130158	11199295	11262524	19
ENSG00000112319	133240514	133532128	6
ENSG00000108509	4967992	4987675	17
ENSG00000171303	26692722	26733420	2
ENSG00000182685	2209253	2210905	16
ENSG00000183888	16004236	16008807	1
ENSG00000179915	49918503	51225575	2
ENSG00000173641	16014028	16019594	1
ENSG00000184207	2211593	2214840	16
ENSG00000123106	28133249	28581511	12
ENSG00000167967	2223580	2235742	16
ENSG00000186510	16018875	16034050	1
ENSG00000077092	24687887	25597932	3
ENSG00000167968	2235816	2238711	16
ENSG00000189253	89870438	89878487	11
ENSG00000205329	55330043	55332687	12
ENSG00000186442	52789685	52796117	12
ENSG00000184281	2400488	2403878	11
ENSG00000170477	52806549	52814116	12
ENSG00000185519	16057769	16073651	1
ENSG00000099617	1285873	1301431	19
ENSG00000185761	1505022	1513604	19
ENSG00000177462	247920252	247923152	1
ENSG00000070985	2404515	2444514	11
ENSG00000167969	2239402	2252300	16
ENSG00000185640	52821408	52834311	12
ENSG00000142634	15409888	15430339	1
ENSG00000162438	15438442	15449242	1
ENSG00000170423	52837804	52849092	12
ENSG00000129250	4997950	5028401	17
ENSG00000142556	52012765	52030240	19
ENSG00000111057	52948871	52952906	12
ENSG00000169214	247711436	247716646	1
ENSG00000239395	247711813	247723764	1
ENSG00000153230	247738615	247739559	1
ENSG00000228336	247770169	247779524	1
ENSG00000256087	52031378	52095738	19
ENSG00000173285	158461574	158470857	1
ENSG00000177201	248290139	248303424	1
ENSG00000177212	248269917	248277976	1
ENSG00000205937	2253116	2268397	16
ENSG00000160062	32539427	32605941	1
ENSG00000197608	52064465	52095765	19
ENSG00000132517	5032600	5052009	17
ENSG00000176261	32600172	32650903	1
ENSG00000170421	52897187	52949954	12
ENSG00000204611	52113091	52139938	19
ENSG00000180787	5078467	5096374	17
ENSG00000129204	5116032	5175034	17
ENSG00000196267	52153864	52171643	19
ENSG00000196214	52269587	52296046	19
ENSG00000213281	114704469	114716771	1
ENSG00000174173	101561868	101566446	3
ENSG00000133657	194402672	194498364	3
ENSG00000256162	130827406	130837135	6
ENSG00000052723	114769479	114780685	1
ENSG00000198464	52297169	52325922	19
ENSG00000223417	89911111	89922245	11
ENSG00000079819	130839347	131063322	6
ENSG00000115355	55287842	55419895	2
ENSG00000182783	248556912	248562772	1
ENSG00000233802	89924064	89933063	11
ENSG00000167554	52336243	52367778	19
ENSG00000187492	49790732	49799873	3
ENSG00000197706	55244609	55256625	12
ENSG00000186092	65419	71585	1
ENSG00000069431	21797389	21942543	12
ENSG00000221923	52369917	52385795	19
ENSG00000204449	90031106	90042025	11
ENSG00000188558	248508073	248527337	1
ENSG00000196240	248445512	248455725	1
ENSG00000185614	49803261	49805030	3
ENSG00000197437	247670812	247679739	1
ENSG00000221888	247754846	247760556	1
ENSG00000182179	49805209	49813953	3
ENSG00000228198	248197265	248212925	1
ENSG00000184022	248590487	248597700	1
ENSG00000197403	158747814	158772195	1
ENSG00000167555	52397849	52418412	19
ENSG00000279301	248623557	248635091	1
ENSG00000198967	158605268	158612514	1
ENSG00000196388	4988130	4997610	17
ENSG00000163554	158610704	158686715	1
ENSG00000255009	90085950	90087131	11
ENSG00000204450	89966037	89974072	11
ENSG00000137731	117800844	117828698	11
ENSG00000198633	52429148	52452315	19
ENSG00000183763	49828601	49856574	3
ENSG00000173818	80415165	80438086	17
ENSG00000105568	52170936	52229518	19
ENSG00000132485	71063291	71081289	1
ENSG00000255245	117820163	117876667	11
ENSG00000137726	117836976	117877486	11
ENSG00000164076	49857988	49869935	3
ENSG00000185046	98726457	99984936	12
ENSG00000089335	34677639	34686397	19
ENSG00000171246	80466834	80477843	17
ENSG00000102934	57248547	57284672	16
ENSG00000143418	150960583	150975003	1
ENSG00000090565	425649	523011	16
ENSG00000141519	80036632	80100613	17
ENSG00000164078	49887002	49903873	3
ENSG00000103326	527712	554636	16
ENSG00000110324	117986370	118003037	11
ENSG00000171298	80101556	80119881	17
ENSG00000197841	34734155	34745378	19
ENSG00000161992	560394	565529	16
ENSG00000143412	150982249	150995634	1
ENSG00000078328	5239802	7713340	16
ENSG00000153896	34758073	34773229	19
ENSG00000143363	151008420	151035713	1
ENSG00000170955	6318946	6320532	11
ENSG00000166311	6390440	6394998	11
ENSG00000164077	49907160	49930173	3
ENSG00000141543	80134369	80147151	17
ENSG00000081665	19785839	19821751	19
ENSG00000004534	49940007	50100045	3
ENSG00000163141	151036321	151047720	1
ENSG00000256771	19865882	19894674	19
ENSG00000108688	34270221	34272242	17
ENSG00000184635	19900913	19963464	19
ENSG00000179532	6497260	6593758	11
ENSG00000172156	34285742	34288334	17
ENSG00000108700	34319435	34321402	17
ENSG00000181374	34356480	34358610	17
ENSG00000120784	37613749	37692337	19
ENSG00000108702	34360328	34363233	17
ENSG00000108691	34255274	34257208	17
ENSG00000143443	151047751	151051986	1
ENSG00000197622	151050971	151070325	1
ENSG00000182612	81637171	81648754	17
ENSG00000161551	51804816	51890950	19
ENSG00000189375	18634247	18644427	17
ENSG00000213190	151060397	151069544	1
ENSG00000162783	181088700	181092900	1
ENSG00000160785	156193932	156212796	1
ENSG00000175352	8965682	9005288	11
ENSG00000091483	241497511	241519799	1
ENSG00000167085	49404049	49414905	17
ENSG00000272395	39246314	39248856	19
ENSG00000117009	241532134	241595642	1
ENSG00000110696	16613132	16758340	11
ENSG00000010810	111660332	111873452	6
ENSG00000221957	54832676	54848569	19
ENSG00000182318	58326994	58342332	19
ENSG00000121410	58345178	58353492	19
ENSG00000182450	64291302	64300031	11
ENSG00000139437	109900264	109983841	12
ENSG00000141349	44070620	44082151	17
ENSG00000054277	241590102	241677376	1
ENSG00000257057	94512461	94532123	11
ENSG00000174586	58354357	58362848	19
ENSG00000134627	94543840	94621421	11
ENSG00000152475	58367618	58381030	19
ENSG00000076513	109999186	110039763	12
ENSG00000083845	58386400	58394806	19
ENSG00000203668	241628851	241640369	1
ENSG00000180626	5179535	5191868	17
ENSG00000197785	1512162	1534685	1
ENSG00000161929	5208920	5234860	17
ENSG00000003756	50088919	50119021	3
ENSG00000196371	94543921	94549895	11
ENSG00000269855	58395656	58397079	19
ENSG00000171574	58401504	58431736	19
ENSG00000204710	65170233	65173374	11
ENSG00000078687	77958703	78108822	17
ENSG00000289716	71804997	71928656	11
ENSG00000122970	110124335	110218793	12
ENSG00000205090	1534778	1540624	1
ENSG00000131849	58432814	58440153	19
ENSG00000149262	77874418	77994715	11
ENSG00000249471	58451611	58457833	19
ENSG00000160075	1541673	1574863	1
ENSG00000167840	5105269	5123162	17
ENSG00000083812	58467056	58475436	19
ENSG00000204681	29555629	29633976	6
ENSG00000197530	1615454	1630605	1
ENSG00000083838	58474017	58481230	19
ENSG00000121101	58556678	58692055	17
ENSG00000124067	67943474	67969601	16
ENSG00000083807	58479512	58512413	19
ENSG00000114013	122055362	122121139	3
ENSG00000119574	58513530	58538911	19
ENSG00000070019	14612632	14696599	12
ENSG00000036828	122183668	122291629	3
ENSG00000246705	14774405	14778002	12
ENSG00000084463	14784582	14803486	12
ENSG00000121552	122325248	122341969	3
ENSG00000160124	122359591	122383231	3
ENSG00000142002	4674341	4724673	19
ENSG00000108255	29246859	29254494	17
ENSG00000114023	122384161	122412334	3
ENSG00000182993	14803666	14906586	12
ENSG00000108256	29255839	29294148	17
ENSG00000179256	14804650	14814182	12
ENSG00000111339	14825569	14843526	12
ENSG00000198336	47200446	47223679	17
ENSG00000111341	14880864	14885857	12
ENSG00000196981	122411846	122416062	3
ENSG00000114030	122421902	122514945	3
ENSG00000139055	14914039	14938537	12
ENSG00000111348	14942031	14961728	12
ENSG00000259207	47253827	47313743	17
ENSG00000086827	113733187	113773735	11
ENSG00000116128	147541501	147626216	1
ENSG00000139053	14973042	14981865	12
ENSG00000283758	35586161	35587296	19
ENSG00000175398	55636892	55637833	12
ENSG00000087074	48872212	48876059	19
ENSG00000171681	14365676	14502931	12
ENSG00000259753	47253897	47344292	17
ENSG00000161643	49969600	49975819	19
ENSG00000228607	113779796	113780485	11
ENSG00000178852	47323290	47441312	17
ENSG00000104976	7920338	7923250	19
ENSG00000174371	241847967	241895148	1
ENSG00000110400	119623408	119729200	11
ENSG00000138496	122527924	122564577	3
ENSG00000151702	128686535	128813267	11
ENSG00000127616	10960932	11079426	19
ENSG00000048028	113797874	113875572	11
ENSG00000274529	28363506	28365199	17
ENSG00000258472	28580012	28614185	17
ENSG00000167524	28455752	28614197	17
ENSG00000163840	122564338	122575203	3
ENSG00000173200	122577628	122639047	3
ENSG00000196289	241957767	241959062	1
ENSG00000121316	14503661	14567883	12
ENSG00000197769	241995490	241999098	1
ENSG00000078098	162170684	162245151	2
ENSG00000162843	241652278	241802777	1
ENSG00000266728	27623364	27640777	17
ENSG00000168961	27629798	27649560	17
ENSG00000110917	120687149	120701859	12
ENSG00000204469	31620715	31637771	6
ENSG00000125037	9962682	10011202	3
ENSG00000175970	120710458	120723640	12
ENSG00000152760	66752459	66779047	1
ENSG00000122971	120725774	120740008	12
ENSG00000152763	66812885	66924856	1
ENSG00000144867	133784023	133825772	3
ENSG00000157837	120762510	120904358	12
ENSG00000181282	56971050	56971979	11
ENSG00000181273	56988914	56989843	11
ENSG00000182208	1469457	1501247	11
ENSG00000057019	98795941	98901695	3
ENSG00000157782	120640626	120667324	12
ENSG00000185940	1629775	1630930	11
ENSG00000150316	94962620	94973586	11
ENSG00000118473	66533267	66751139	1
ENSG00000036257	224470150	224585397	2
ENSG00000186280	94973709	94999519	11
ENSG00000235268	95025258	95027596	11
ENSG00000291302	31622774	31622860	6
ENSG00000289282	31623874	31625499	6
ENSG00000263465	95066919	95071225	11
ENSG00000149218	95089846	95132645	11
ENSG00000288710	49002274	49024075	12
ENSG00000149212	95165513	95232541	11
ENSG00000152822	146027646	146437601	6
ENSG00000064225	98732236	98821201	3
ENSG00000167548	49018975	49060794	12
ENSG00000255855	95049422	95051338	11
ENSG00000175104	36483769	36510272	11
ENSG00000186487	1789113	2331664	2
ENSG00000166349	36510372	36593156	11
ENSG00000266202	27798806	27893365	17
ENSG00000232859	27878314	27894752	17
ENSG00000175097	36575574	36598279	11
ENSG00000103495	29806106	29811164	16
ENSG00000184999	63268022	63311783	11
ENSG00000007171	27756766	27800529	17
ENSG00000175264	45647689	45665622	11
ENSG00000118508	146543833	146554953	6
ENSG00000181830	45804072	45813016	11
ENSG00000118418	79201245	79234689	6
ENSG00000173715	66744451	66843516	11
ENSG00000164506	147204180	147391010	6
ENSG00000290183	3263800	3291029	16
ENSG00000006194	3283283	3301401	16
ENSG00000163820	45917903	45995824	3
ENSG00000197006	21597218	21657471	16
ENSG00000133703	25205246	25250936	12
ENSG00000173653	66842835	66846552	11
ENSG00000089009	112405189	112418838	12
ENSG00000163491	27106484	27369460	3
ENSG00000185716	22007638	22087534	16
ENSG00000173599	66848417	66958386	11
ENSG00000175267	22092538	22156964	16
ENSG00000178691	31937007	32001038	17
ENSG00000158234	138608606	138633376	3
ENSG00000183921	22162492	22192208	16
ENSG00000151276	65353525	66038918	3
ENSG00000206503	29941260	29949572	6
ENSG00000179295	112418351	112509918	12
ENSG00000268320	137569	139067	17
ENSG00000272636	142789	181650	17
ENSG00000157322	69950705	69964452	16
ENSG00000143815	225401502	225428925	1
ENSG00000174456	110027028	110073636	12
ENSG00000181031	212389	386254	17
ENSG00000125084	48978322	48982620	12
ENSG00000139718	121804009	121832656	12
ENSG00000185842	224896262	225399292	1
ENSG00000183955	123384132	123409353	12
ENSG00000173588	94306449	94459988	12
ENSG00000173621	66856647	66860475	11
ENSG00000173237	66975277	66977009	11
ENSG00000137700	119023751	119030906	11
ENSG00000278848	33459612	33462249	16
ENSG00000144559	11790442	11846919	3
ENSG00000185158	32007383	32053504	17
ENSG00000170439	55681736	55684611	12
ENSG00000135108	117141991	117190470	12
ENSG00000259680	33844784	33845229	16
ENSG00000065371	123968521	123992178	3
ENSG00000198373	69762328	69941741	16
ENSG00000033867	27372721	27484420	3
ENSG00000173157	43353866	43552203	12
ENSG00000222046	32209089	32216192	1
ENSG00000132359	2755705	3037741	17
ENSG00000182053	49027501	49038451	11
ENSG00000143479	206635536	206684419	1
ENSG00000214891	49053714	49059112	11
ENSG00000285816	65261928	65326543	11
ENSG00000149798	65314866	65322417	11
ENSG00000162241	65375192	65383701	11
ENSG00000120337	173039202	173050941	1
ENSG00000212916	232805416	232809929	1
ENSG00000117600	99264292	99309590	1
ENSG00000119283	231162058	231221565	1
ENSG00000167553	49188736	49274600	12
ENSG00000254685	74198238	74234086	1
ENSG00000089250	117208142	117452170	12
ENSG00000126391	65386621	65413525	11
ENSG00000162398	54806063	54842252	1
ENSG00000183024	3126610	3127551	17
ENSG00000163125	150363091	150476566	1
ENSG00000196689	3565444	3609411	17
ENSG00000144130	112721020	112742879	2
ENSG00000205457	33194226	33196858	16
ENSG00000173039	65653599	65663090	11
ENSG00000214940	18317919	18336736	16
ENSG00000115904	38962206	39124345	2
ENSG00000271383	149475045	149556361	1
ENSG00000233024	18358086	18379331	16
ENSG00000150991	124911604	124917368	12
ENSG00000185164	18417325	18562211	16
ENSG00000089094	121429096	121581023	12
ENSG00000117481	46340789	46365152	1
ENSG00000196944	248361665	248362627	1
ENSG00000172410	66797740	66801276	1
ENSG00000196418	247121975	247172020	1
ENSG00000186440	158560606	158570580	1
ENSG00000196427	108222464	108244081	1
ENSG00000263513	143955287	143971986	1
ENSG00000197241	9002973	9026423	1
ENSG00000155657	178525989	178830802	2
ENSG00000196171	158699678	158700652	1
ENSG00000187170	152708160	152709434	1
ENSG00000160789	156082573	156140081	1
ENSG00000099308	18097778	18151692	19
ENSG00000023191	494512	507300	11
ENSG00000122194	160702194	160754097	6
ENSG00000262304	3585149	3636249	17
ENSG00000040531	3636459	3663103	17
ENSG00000139436	109929804	109996389	12
ENSG00000112309	70856679	70957060	6
ENSG00000183426	14922802	14952060	16
ENSG00000204256	32968594	32981505	6
ENSG00000105357	50188186	50310542	19
ENSG00000179889	14974591	15139339	16
ENSG00000197417	3608240	3636250	17
ENSG00000213977	3662895	3668679	17
ENSG00000257950	3663063	3696194	17
ENSG00000127774	3668812	3669668	17
ENSG00000083454	3672199	3696240	17
ENSG00000006534	68008578	68029282	11
ENSG00000110717	68030617	68036644	11
ENSG00000118507	131135467	131283535	6
ENSG00000110721	68052859	68121444	11
ENSG00000163689	58717365	59050084	3
ENSG00000137310	31158331	31167159	6
ENSG00000083457	3714628	3801188	17
ENSG00000120265	149749444	149811420	6
ENSG00000171067	68261338	68272001	11
ENSG00000105664	18782773	18791305	19
ENSG00000168477	32041153	32115334	6
ENSG00000162337	68312591	68449275	11
ENSG00000177602	3723903	3726699	17
ENSG00000114656	128909866	129002690	3
ENSG00000184557	78356778	78360077	17
ENSG00000087157	78378649	78425114	17
ENSG00000047617	5531869	5946232	12
ENSG00000163673	36712421	36764553	3
ENSG00000084234	130068147	130144811	11
ENSG00000157045	15037854	15056079	16
ENSG00000160791	46370946	46376206	3
ENSG00000170364	4303332	4317265	3
ENSG00000204278	78231310	78240987	17
ENSG00000121570	109326144	109337546	3
ENSG00000005007	18831959	18868230	19
ENSG00000170160	16689537	16777881	17
ENSG00000145022	49412212	49416476	3
ENSG00000085721	15060033	15094311	16
ENSG00000150967	122920951	122981649	12
ENSG00000070087	149964904	150050788	3
ENSG00000112715	43770184	43786487	6
ENSG00000105088	9853718	9936515	19
ENSG00000169717	3021467	3022903	1
ENSG00000179407	128462437	128466968	3
ENSG00000171121	179236691	179267002	3
ENSG00000187942	21812265	21825225	1
ENSG00000142798	21822244	21937310	1
ENSG00000243130	43007656	43026474	19
ENSG00000266302	16690261	16804453	17
ENSG00000242221	43064209	43083045	19
ENSG00000158955	46833201	46886730	17
ENSG00000221826	42721638	42740481	19
ENSG00000108433	46923075	46975524	17
ENSG00000196323	130226677	130314917	11
ENSG00000124467	42752686	42765678	19
ENSG00000219073	21977022	21998642	1
ENSG00000080603	30698209	30741409	16
ENSG00000231924	42866464	42879822	19
ENSG00000142789	22001657	22012542	1
ENSG00000162076	2883213	2899382	16
ENSG00000134917	130404923	130428609	11
ENSG00000105443	48469208	48482314	19
ENSG00000087258	56191390	56357444	16
ENSG00000020922	94415570	94493885	11
ENSG00000135124	121210065	121234106	12
ENSG00000196542	161344798	161372880	3
ENSG00000162552	22117313	22143969	1
ENSG00000182447	161496808	161503942	3
ENSG00000156990	9837849	9844602	3
ENSG00000263961	206053173	206102449	1
ENSG00000071564	1609291	1652615	19
ENSG00000198049	206106936	206117699	1
ENSG00000196550	206186179	206204414	1
ENSG00000177463	14947583	15053600	3
ENSG00000183971	2009926	2020755	16
ENSG00000266028	206203346	206464436	1
ENSG00000196993	28751787	28772864	16
ENSG00000169203	29483534	29506408	16
ENSG00000205809	10426854	10442300	12
ENSG00000140939	67170154	67175737	16
ENSG00000168876	94493979	94499578	11
ENSG00000185507	612553	615983	11
ENSG00000139631	53157663	53180925	12
ENSG00000183185	97985102	98035315	3
ENSG00000103544	19555240	19706793	16
ENSG00000262633	46923133	47049932	17
ENSG00000132182	13316235	13420322	3
ENSG00000179673	46978156	46979253	17
ENSG00000004897	47117703	47189422	17
ENSG00000263528	206470476	206496889	1
ENSG00000130402	38647649	38731589	19
ENSG00000220948	48975498	48983885	11
ENSG00000173264	64270062	64289500	11
ENSG00000163517	13479724	13506424	3
ENSG00000196156	41167231	41168221	17
ENSG00000137760	107502727	107565742	11
ENSG00000244537	41177446	41178221	17
ENSG00000198443	41184100	41184911	17
ENSG00000240542	41189887	41190639	17
ENSG00000239886	41226648	41227652	17
ENSG00000204873	41232449	41233454	17
ENSG00000187272	41237999	41239004	17
ENSG00000241595	41249687	41250653	17
ENSG00000198083	41255384	41256364	17
ENSG00000212658	41301826	41302851	17
ENSG00000175175	58755854	58985179	17
ENSG00000266094	206507531	206589448	1
ENSG00000108384	58692573	58735611	17
ENSG00000048540	16548372	16610594	12
ENSG00000110719	68039025	68050895	11
ENSG00000196961	49767001	49807114	19
ENSG00000143486	206571292	206612465	1
ENSG00000162032	1776712	1793700	16
ENSG00000058453	16740273	16972964	1
ENSG00000266173	63682336	63741986	17
ENSG00000163520	13549125	13638422	3
ENSG00000167460	16067021	16103002	19
ENSG00000155957	66135846	66170027	12
ENSG00000140859	57758217	57863053	16
ENSG00000019485	45095806	45235110	11
ENSG00000137500	83259081	83286390	11
ENSG00000114204	167441914	167478972	3
ENSG00000143494	212950520	212992037	1
ENSG00000114473	197889077	197960142	3
ENSG00000172551	54830518	54896008	12
ENSG00000161813	50392383	50480004	12
ENSG00000215883	54169651	54200036	1
ENSG00000162650	109483479	109492804	1
ENSG00000167461	16111889	16134234	19
ENSG00000182899	197950190	197956610	3
ENSG00000120334	173799550	173824883	1
ENSG00000166689	16777297	17014415	11
ENSG00000162714	247297412	247331867	1
ENSG00000185621	197960200	198043720	3
ENSG00000169994	127535683	127637729	2
ENSG00000152061	174159410	174995308	1
ENSG00000114745	39095222	39108369	3
ENSG00000168124	3188204	3224779	16
ENSG00000178188	28846600	28874212	16
ENSG00000149177	47980425	48170839	11
ENSG00000185304	87755960	87825796	2
ENSG00000028203	95217746	95302799	12
ENSG00000175619	48216810	48217739	11
ENSG00000172208	48245104	48246015	11
ENSG00000176567	48263861	48264778	11
ENSG00000149781	64205926	64223896	11
ENSG00000174279	176077472	176083962	2
ENSG00000188010	38875976	38929072	2
ENSG00000173567	26308173	26346817	2
ENSG00000119231	196867856	196934714	3
ENSG00000116748	114673090	114695618	1
ENSG00000242515	233636448	233773300	2
ENSG00000163975	196980590	197029835	3
ENSG00000167978	2752626	2772538	16
ENSG00000167323	3854527	4093210	11
ENSG00000177414	64203623	64267368	1
ENSG00000115520	197453493	197475310	2
ENSG00000205221	36696690	36814794	2
ENSG00000286015	248681249	248748349	1
ENSG00000143147	168079542	168137667	1
ENSG00000075711	197042560	197299330	3
ENSG00000125695	63702845	63752097	17
ENSG00000108588	63745255	63776351	17
ENSG00000134256	117001750	117036552	1
ENSG00000197084	152804832	152806651	1
ENSG00000284844	72105924	72109596	11
ENSG00000183269	5856749	5857690	11
ENSG00000273213	143894544	143905977	1
ENSG00000132274	5689610	5737089	11
ENSG00000135838	182789293	182830384	1
ENSG00000163492	178829757	179050137	2
ENSG00000198231	63773603	63819317	17
ENSG00000182177	236193459	236264409	2
ENSG00000251655	11351823	11355591	12
ENSG00000072182	219514170	219538772	2
ENSG00000135679	68808177	68845544	12
ENSG00000180198	28505943	28539300	1
ENSG00000138068	37167820	37196598	2
ENSG00000087884	77821109	77918432	11
ENSG00000119772	25227855	25342590	2
ENSG00000108592	63819433	63830012	17
ENSG00000006659	39704481	39709444	19
ENSG00000110651	2376177	2397802	11
ENSG00000105205	39731255	39738029	19
ENSG00000125740	45467995	45475179	19
ENSG00000213218	63872012	63873766	17
ENSG00000125753	45506579	45526989	19
ENSG00000136487	63880215	63881944	17
ENSG00000166405	8106056	8169055	11
ENSG00000227500	1905214	1926013	19
ENSG00000116922	37681570	37692249	1
ENSG00000110057	67991100	68004982	11
ENSG00000187595	42025576	42098479	17
ENSG00000108604	63832081	63843065	17
ENSG00000143536	152409243	152414263	1
ENSG00000186207	152510803	152512177	1
ENSG00000169509	152514482	152516008	1
ENSG00000185966	152565654	152566780	1
ENSG00000163202	152579381	152580516	1
ENSG00000254469	71865504	71928654	11
ENSG00000092850	36084094	36088275	1
ENSG00000076650	33080899	33130542	19
ENSG00000137496	71998613	72007315	11
ENSG00000116863	36088892	36093932	1
ENSG00000115648	237485428	237555322	2
ENSG00000171812	36095239	36125222	1
ENSG00000054116	36136570	36156053	1
ENSG00000245848	33299934	33302534	19
ENSG00000198597	30224891	30713586	19
ENSG00000212659	41265378	41265860	17
ENSG00000180386	41275698	41276207	17
ENSG00000260287	36323884	36334759	17
ENSG00000116871	36155579	36180849	1
ENSG00000197619	51991332	52008230	19
ENSG00000274226	36377531	36388435	17
ENSG00000132746	67662155	67681224	11
ENSG00000275954	36428618	36439566	17
ENSG00000273611	36486629	36499310	17
ENSG00000197863	36817428	36850787	19
ENSG00000197674	4690423	4697853	11
ENSG00000197309	124183345	124188780	11
ENSG00000181958	55367974	55368918	11
ENSG00000285231	59878782	59896483	11
ENSG00000175513	65945480	65959966	11
ENSG00000181017	5761153	5769080	11
ENSG00000185869	36888124	36916291	19
ENSG00000160094	33256492	33300719	1
ENSG00000186886	55723776	55729621	11
ENSG00000197887	58203204	58204142	11
ENSG00000167355	5303444	5505652	11
ENSG00000278259	36495636	36543435	17
ENSG00000184389	33306766	33321098	1
ENSG00000196248	123976661	123977781	11
ENSG00000283787	1888078	1891895	11
ENSG00000251247	36850361	36913029	19
ENSG00000284873	59938432	59957480	11
ENSG00000285010	59964033	59970343	11
ENSG00000205330	55314343	55322364	12
ENSG00000215009	7304072	7328719	12
ENSG00000291239	36850858	36998682	19
ENSG00000197956	153534599	153536244	1
ENSG00000198453	36916316	37005037	19
ENSG00000189431	13009316	13012119	11
ENSG00000165912	47177522	47186443	11
ENSG00000196154	153543613	153550136	1
ENSG00000076555	109116587	109268226	12
ENSG00000071677	237566574	237567175	2
ENSG00000124839	237574322	237601614	2
ENSG00000188015	153547329	153549258	1
ENSG00000167766	52594060	52690559	19
ENSG00000196754	153561108	153567890	1
ENSG00000134574	47214465	47239217	11
ENSG00000188643	153606886	153613145	1
ENSG00000189334	153614255	153616986	1
ENSG00000270011	9324174	9382617	19
ENSG00000084764	26970637	27027219	2
ENSG00000189171	153618787	153631360	1
ENSG00000160678	153627926	153632039	1
ENSG00000277161	36534987	36539310	17
ENSG00000160679	153633982	153646306	1
ENSG00000104812	48968130	48993310	19
ENSG00000278311	36544912	36589848	17
ENSG00000134575	47239302	47248906	11
ENSG00000119777	27032910	27041694	2
ENSG00000143553	153658703	153661852	1
ENSG00000278535	36591879	36600804	17
ENSG00000214193	36306368	36329340	1
ENSG00000268655	49017968	49020549	19
ENSG00000196337	49054274	49058860	19
ENSG00000177380	49119544	49151026	19
ENSG00000278619	36601583	36608964	17
ENSG00000196182	36339624	36385924	1
ENSG00000141510	7661779	7687538	17
ENSG00000184271	51186936	51218062	12
ENSG00000180574	10505602	10523135	12
ENSG00000084693	27042364	27070622	2
ENSG00000135441	55716038	55720087	12
ENSG00000165682	9985642	10013424	12
ENSG00000181817	36391238	36397908	1
ENSG00000025434	47248300	47269033	11
ENSG00000116885	36415827	36450451	1
ENSG00000130528	49151198	49155396	19
ENSG00000197837	14767999	14771131	12
ENSG00000179088	103237591	103495978	12
ENSG00000130529	49157741	49211836	19
ENSG00000228474	27070472	27071654	2
ENSG00000116898	36455718	36464384	1
ENSG00000138080	27078615	27086403	2
ENSG00000138028	27098889	27119128	2
ENSG00000125207	130337887	130372637	12
ENSG00000142694	36322030	36324154	1
ENSG00000232237	201113943	201127184	1
ENSG00000135823	180972712	181023121	1
ENSG00000143994	27123789	27130812	2
ENSG00000153029	181033374	181061938	1
ENSG00000117500	93149742	93180516	1
ENSG00000138073	27130756	27134666	2
ENSG00000189001	35523367	35528351	19
ENSG00000132341	130872037	130877678	12
ENSG00000105679	35533455	35545319	19
ENSG00000149182	47164299	47177125	11
ENSG00000186143	27136848	27139410	2
ENSG00000163792	27149004	27156974	2
ENSG00000105677	35545600	35547526	19
ENSG00000138074	27199587	27212958	2
ENSG00000122483	93179919	93278730	1
ENSG00000163746	146391421	146495991	3
ENSG00000105675	35550031	35563658	19
ENSG00000118600	63779833	63809792	12
ENSG00000131374	17157162	18444817	3
ENSG00000274386	42784991	42816619	1
ENSG00000177868	42807052	42817397	1
ENSG00000188629	9363013	9382617	19
ENSG00000139714	121648742	121672631	12
ENSG00000120370	170531819	170553834	1
ENSG00000110395	119206298	119313926	11
ENSG00000062370	44326555	44367217	19
ENSG00000188735	121712752	121783001	12
ENSG00000084774	27217369	27243943	2
ENSG00000267173	44329695	44401608	19
ENSG00000267508	44382298	44401608	19
ENSG00000004487	23019443	23083689	1
ENSG00000278318	44417519	44448578	19
ENSG00000139725	121777754	121803403	12
ENSG00000168003	62856004	62888880	11
ENSG00000167384	44474428	44500524	19
ENSG00000196734	152811971	152813108	1
ENSG00000186844	152827473	152828097	1
ENSG00000235942	152842856	152843983	1
ENSG00000163206	152878322	152885047	1
ENSG00000163207	152908546	152911886	1
ENSG00000184148	152970648	152972574	1
ENSG00000163209	153001747	153003856	1
ENSG00000169469	153031203	153032900	1
ENSG00000163216	153039732	153041931	1
ENSG00000150455	126282497	126298845	11
ENSG00000241794	153056120	153057512	1
ENSG00000167895	78130770	78142968	17
ENSG00000196805	153070226	153071611	1
ENSG00000203785	153093135	153106184	1
ENSG00000135439	57723761	57742157	12
ENSG00000244094	153112121	153113516	1
ENSG00000273777	44501677	44529788	19
ENSG00000159516	153149582	153150890	1
ENSG00000162706	159171609	159203313	1
ENSG00000134086	10141778	10153667	3
ENSG00000157036	38496127	38542161	3
ENSG00000115194	27253684	27275817	2
ENSG00000216588	44613563	44636781	19
ENSG00000213088	159203307	159206500	1
ENSG00000135127	119989236	120094494	12
ENSG00000110066	68154863	68213852	11
ENSG00000073008	44643798	44666162	19
ENSG00000196184	159437845	159443078	1
ENSG00000136488	63894909	63896661	17
ENSG00000163793	27275433	27281499	2
ENSG00000179639	159289714	159308224	1
ENSG00000111737	120095099	120117502	12
ENSG00000138100	27282429	27307439	2
ENSG00000007312	63928738	63932336	17
ENSG00000142661	24056035	24112135	1
ENSG00000089154	120127202	120194715	12
ENSG00000186567	44662278	44684359	19
ENSG00000179348	128479427	128493201	3
ENSG00000163794	27307400	27308445	2
ENSG00000115204	27309492	27325680	2
ENSG00000007216	28473293	28497781	17
ENSG00000213892	44699151	44710718	19
ENSG00000142677	24119771	24143140	1
ENSG00000185436	24154168	24187959	1
ENSG00000069399	44747705	44760044	19
ENSG00000149084	43680680	43856617	11
ENSG00000163702	9917074	9933630	3
ENSG00000142273	44777869	44800652	19
ENSG00000109101	28506243	28538900	17
ENSG00000286185	149390623	149556361	1
ENSG00000141499	7686071	7703502	17
ENSG00000163435	202007945	202017183	1
ENSG00000187479	43942637	43943878	11
ENSG00000187244	44809071	44821421	19
ENSG00000089157	120196699	120201235	12
ENSG00000105223	40348456	40389472	19
ENSG00000169432	166195185	166376001	2
ENSG00000266074	81395457	81466331	17
ENSG00000133067	202193799	202319781	1
ENSG00000141524	78107397	78132407	17
ENSG00000143851	202147013	202161588	1
ENSG00000089159	120210439	120265771	12
ENSG00000138085	27212041	27217178	2
ENSG00000173757	42199176	42288633	17
ENSG00000155755	201620184	201643570	2
ENSG00000116991	232397965	232630571	1
ENSG00000178927	82440912	82450829	17
ENSG00000116350	29147743	29181900	1
ENSG00000177917	152717647	152762396	2
ENSG00000288550	9917116	9945385	3
ENSG00000117501	170935526	171064765	1
ENSG00000007933	171090901	171117819	1
ENSG00000172752	130345516	130484846	3
ENSG00000267673	10309916	10316015	19
ENSG00000111186	1529891	1647212	12
ENSG00000094963	171185249	171212686	1
ENSG00000105376	10289952	10296778	19
ENSG00000135940	97646062	97648383	2
ENSG00000171823	1565993	1594581	12
ENSG00000141564	80544819	80966371	17
ENSG00000115073	97655939	97664044	2
ENSG00000161847	10316212	10333529	19
ENSG00000082805	990509	1495933	12
ENSG00000173825	65354751	65357613	11
ENSG00000204403	104885718	104898670	11
ENSG00000187800	156893698	156916429	1
ENSG00000173402	49468713	49535618	3
ENSG00000076662	10333776	10339661	19
ENSG00000148925	13388008	13463297	11
ENSG00000228486	97664217	97703066	2
ENSG00000163933	53088483	53130453	3
ENSG00000132694	156934840	157045742	1
ENSG00000099817	1086574	1095380	19
ENSG00000163932	53156009	53192717	3
ENSG00000152266	13492054	13496181	11
ENSG00000196912	97492663	97589877	2
ENSG00000167468	1103982	1106791	19
ENSG00000123095	26120030	26125037	12
ENSG00000197601	13668668	13732346	11
ENSG00000253831	157092043	157112412	1
ENSG00000117036	157121191	157138474	1
ENSG00000123094	25958232	26079892	12
ENSG00000105559	48837092	48868617	19
ENSG00000142698	34166883	34219131	1
ENSG00000167419	58218548	58268518	17
ENSG00000169554	144364364	144521057	2
ENSG00000137747	117900641	117929459	11
ENSG00000121904	33513998	34165842	1
ENSG00000205592	40393395	40570832	12
ENSG00000104804	48880965	48898744	19
ENSG00000135407	57797376	57818734	12
ENSG00000105426	5158495	5340812	19
ENSG00000005381	58269855	58280935	17
ENSG00000005379	58301228	58328795	17
ENSG00000133884	65333843	65354262	11
ENSG00000163344	154924740	154936719	1
ENSG00000179934	39329709	39333680	3
ENSG00000104960	49850735	49860744	19
ENSG00000069493	9664969	9699553	12
ENSG00000163346	154944076	154956123	1
ENSG00000144659	39383370	39397351	3
ENSG00000144655	39141855	39154562	3
ENSG00000166439	74748849	74842413	11
ENSG00000163348	154957026	154963853	1
ENSG00000168334	39183210	39192596	3
ENSG00000118363	74949261	74979033	11
ENSG00000168329	39263495	39281735	3
ENSG00000160691	154962298	154974395	1
ENSG00000131386	16174680	16231992	3
ENSG00000110848	9752486	9760901	12
ENSG00000162139	74988279	75018893	11
ENSG00000213246	58345175	58353093	17
ENSG00000150045	9827481	9845007	12
ENSG00000154813	16257061	16264969	3
ENSG00000285897	58345206	58417595	17
ENSG00000154814	16265160	16350299	3
ENSG00000108375	58353676	58417595	17
ENSG00000170903	105995623	106022403	11
ENSG00000131400	50358472	50365830	19
ENSG00000182359	106051098	106077459	11
ENSG00000110852	9852369	9869386	12
ENSG00000149313	106075501	106098699	11
ENSG00000256797	9881489	9895833	12
ENSG00000188393	9898673	9932370	12
ENSG00000092929	75827225	75844785	17
ENSG00000167634	54923509	54966312	19
ENSG00000114120	140941830	140980995	3
ENSG00000172322	9951316	9995694	12
ENSG00000205531	2944431	2992377	11
ENSG00000174501	95836919	95991831	2
ENSG00000072609	132822187	132956304	12
ENSG00000163913	129429607	129520510	3
ENSG00000131037	55072020	55087923	19
ENSG00000153086	134838616	134902034	2
ENSG00000286190	5499427	5501006	17
ENSG00000178971	8224815	8248058	17
ENSG00000173207	154974653	154979251	1
ENSG00000176601	134964485	135047468	2
ENSG00000160688	154983338	154993111	1
ENSG00000104823	38815422	38831841	19
ENSG00000160685	155002630	155018523	1
ENSG00000154146	124739942	124747210	11
ENSG00000019102	124747474	124752255	11
ENSG00000163354	155018520	155033781	1
ENSG00000149564	124752583	124762290	11
ENSG00000163357	155033824	155050930	1
ENSG00000168032	40387184	40428744	3
ENSG00000268083	38817471	38840178	19
ENSG00000120458	124766498	124800706	11
ENSG00000196458	132918306	132956306	12
ENSG00000187994	38867830	38878275	19
ENSG00000115839	135052289	135176667	2
ENSG00000091592	5499415	5619424	17
ENSG00000198393	132986365	133032952	12
ENSG00000068903	38878555	38899862	19
ENSG00000154134	124865432	124881471	11
ENSG00000198040	133037292	133063304	12
ENSG00000188846	40457292	40468587	3
ENSG00000143537	155050566	155062775	1
ENSG00000179270	29060976	29074523	2
ENSG00000144152	112138385	112188218	2
ENSG00000177873	40477113	40491053	3
ENSG00000170456	31382226	31591136	12
ENSG00000144161	112211529	112255136	2
ENSG00000177842	40477131	40518736	3
ENSG00000188177	112275597	112340063	2
ENSG00000172888	40524878	40574685	3
ENSG00000136546	166403573	166611482	2
ENSG00000233381	31615023	31652095	12
ENSG00000154133	124883691	124898500	11
ENSG00000090615	132768902	132829143	12
ENSG00000168036	41194741	41260096	3
ENSG00000104825	38899700	38908893	19
ENSG00000116117	204545475	205620162	2
ENSG00000262484	38908980	38912186	19
ENSG00000104835	38915266	38930763	19
ENSG00000149548	124954121	125041489	11
ENSG00000165478	124919205	124936412	11
ENSG00000023228	206114817	206159509	2
ENSG00000166181	43311963	43344529	11
ENSG00000269547	38915404	38949855	19
ENSG00000198090	41139433	41140544	17
ENSG00000266826	58660424	58692045	17
ENSG00000212722	41105389	41106488	17
ENSG00000273513	37924415	37935371	17
ENSG00000128626	38930944	38933168	19
ENSG00000240871	41084150	41085144	17
ENSG00000180042	3385930	3386874	17
ENSG00000214518	41054498	41055230	17
ENSG00000263429	10794908	10804099	17
ENSG00000186393	40766238	40772201	17
ENSG00000269190	38941401	38975742	19
ENSG00000241241	41101502	41102209	17
ENSG00000274419	38003976	38014908	17
ENSG00000104824	38836370	38852347	19
ENSG00000239697	7548508	7557890	17
ENSG00000248871	7549099	7561601	17
ENSG00000108828	43014607	43025123	17
ENSG00000052841	43358920	43494933	11
ENSG00000108830	43025231	43032041	17
ENSG00000129351	10654304	10692400	19
ENSG00000188554	43170481	43211689	17
ENSG00000181109	5726502	5727464	11
ENSG00000176148	33039417	33105943	11
ENSG00000014914	149928651	149936879	1
ENSG00000184988	43211835	43220041	17
ENSG00000114942	206159585	206162928	2
ENSG00000176102	33077188	33162371	11
ENSG00000236383	43216941	43305397	17
ENSG00000111344	113098819	113136239	12
ENSG00000225190	45435900	45490758	17
ENSG00000264522	149937812	150010726	1
ENSG00000183671	206175316	206218047	2
ENSG00000110422	33256672	33357023	11
ENSG00000204186	206274663	206314427	2
ENSG00000215784	145095974	145112696	1
ENSG00000198483	145866560	145885866	1
ENSG00000138356	200586014	200677064	2
ENSG00000143127	145891208	145910111	1
ENSG00000012048	43044295	43170245	17
ENSG00000141858	14087851	14091036	19
ENSG00000110427	33376108	33674102	11
ENSG00000167604	35887653	35902303	19
ENSG00000179912	57253762	57431043	12
ENSG00000131779	145911350	145918717	1
ENSG00000135363	33858576	33892076	11
ENSG00000076928	41883173	41930150	19
ENSG00000280778	145927258	145977811	1
ENSG00000135387	34051731	34102610	11
ENSG00000271601	145933423	145958017	1
ENSG00000272031	145959441	145964575	1
ENSG00000121851	145964690	145978848	1
ENSG00000082153	200810594	200827338	2
ENSG00000265972	145992435	145996579	1
ENSG00000197870	11265914	11269707	12
ENSG00000168509	146017468	146036746	1
ENSG00000185633	57234903	57240715	12
ENSG00000139343	95858952	95903828	12
ENSG00000271425	146064711	146229000	1
ENSG00000183542	10407384	10409757	12
ENSG00000135473	56316223	56334053	12
ENSG00000168038	41246599	41962130	3
ENSG00000135372	34105617	34147670	11
ENSG00000115295	29097705	29199777	2
ENSG00000105204	39825350	39834201	19
ENSG00000182606	42013802	42225890	3
ENSG00000227868	23010834	23019100	1
ENSG00000186094	48532854	50023954	1
ENSG00000162373	48727519	48776969	1
ENSG00000291312	39830482	39831956	19
ENSG00000220201	10304803	10309880	19
ENSG00000181214	124224732	124225666	11
ENSG00000204006	51102221	51148086	1
ENSG00000050405	50175788	50283520	12
ENSG00000185483	63774017	64181498	1
ENSG00000090372	46719511	46746994	19
ENSG00000117533	171700160	171742074	1
ENSG00000142609	1921951	2003837	1
ENSG00000187094	42257825	42266185	3
ENSG00000170633	121400083	121430623	12
ENSG00000157093	42397083	42410610	3
ENSG00000259571	122115340	122116215	11
ENSG00000286219	149390621	149471833	1
ENSG00000080224	96814581	97761532	3
ENSG00000116191	178725165	178921842	1
ENSG00000110076	64606174	64723197	11
ENSG00000116194	178849535	178871077	1
ENSG00000142621	15236521	15400283	1
ENSG00000181027	46746046	46776988	19
ENSG00000080200	97822011	97944984	3
ENSG00000163464	218162841	218166962	2
ENSG00000170854	97941818	97972457	3
ENSG00000163466	218217141	218254356	2
ENSG00000105281	46774883	46788594	19
ENSG00000213439	98064472	98065396	3
ENSG00000075151	20806292	21177285	1
ENSG00000196578	98087173	98088102	3
ENSG00000197938	98282505	98284070	3
ENSG00000196098	98353854	98354819	3
ENSG00000206536	98390666	98391631	3
ENSG00000111291	12940575	12952170	12
ENSG00000157103	10992186	11039247	3
ENSG00000139269	57452323	57459280	12
ENSG00000110888	30709552	30823302	12
ENSG00000284969	33698261	33722467	11
ENSG00000179921	218259496	218263861	2
ENSG00000042753	46838136	46850846	19
ENSG00000127837	218264129	218270178	2
ENSG00000167107	50426158	50474845	17
ENSG00000104805	48900050	48923473	19
ENSG00000135926	218274197	218292586	2
ENSG00000130254	5586999	5624046	19
ENSG00000136457	50464496	50468906	17
ENSG00000136444	50478860	50485974	17
ENSG00000223573	5558167	5578349	19
ENSG00000049283	50532682	50543750	17
ENSG00000163527	31532638	31637616	3
ENSG00000018280	218382029	218396894	2
ENSG00000255307	6169355	6170326	11
ENSG00000175485	6199224	6200186	11
ENSG00000006282	50543058	50555852	17
ENSG00000180878	6205557	6211135	11
ENSG00000051009	6211345	6234711	11
ENSG00000144645	31657912	32077580	3
ENSG00000132259	6234765	6244479	11
ENSG00000110148	6259806	6272127	11
ENSG00000144579	218398256	218405941	2
ENSG00000197385	31981750	31991723	3
ENSG00000152642	32105689	32168709	3
ENSG00000166313	6395125	6419414	11
ENSG00000206531	112815709	112846864	3
ENSG00000111247	4538798	4560047	12
ENSG00000143772	226631690	226739323	1
ENSG00000127831	218419121	218453295	2
ENSG00000163606	112921205	112975103	3
ENSG00000163191	152032506	152047907	1
ENSG00000182898	152084141	152089064	1
ENSG00000215853	152153595	152159228	1
ENSG00000163607	112990984	113015060	3
ENSG00000197915	152212076	152224193	1
ENSG00000266338	144421390	144461676	1
ENSG00000153930	55882301	56517016	17
ENSG00000127838	218269651	218346793	2
ENSG00000163608	113002444	113019861	3
ENSG00000143409	150996549	151008376	1
ENSG00000183691	56593699	56595611	17
ENSG00000184185	21376357	21419870	17
ENSG00000010219	4562208	4615302	12
ENSG00000260458	21692523	21704612	17
ENSG00000060642	26787054	26800659	1
ENSG00000158428	218356857	218368099	2
ENSG00000006283	50560715	50627474	17
ENSG00000054938	74696429	74731426	11
ENSG00000172318	167293001	167874045	2
ENSG00000272921	4604944	4662643	12
ENSG00000204160	26826688	26857604	1
ENSG00000184307	113947901	113965401	3
ENSG00000111254	4615508	4649051	12
ENSG00000152291	85318027	85328251	2
ENSG00000163617	113964137	114056594	3
ENSG00000175793	26863149	26864456	1
ENSG00000139180	4649095	4694317	12
ENSG00000142751	26876132	26890283	1
ENSG00000198746	26890488	26900467	1
ENSG00000042445	85341955	85354531	2
ENSG00000090273	26900238	26946871	1
ENSG00000151576	114005833	114088422	3
ENSG00000166435	74807739	74949200	11
ENSG00000255639	4649101	4774184	12
ENSG00000115459	85354394	85391752	2
ENSG00000130035	4720400	4851927	12
ENSG00000131910	26911489	26913975	1
ENSG00000253368	26993692	27000886	1
ENSG00000158246	27005020	27012850	1
ENSG00000188782	26190561	26202968	1
ENSG00000151577	114127580	114199407	3
ENSG00000151079	4809334	4813318	12
ENSG00000111262	4909905	4918256	12
ENSG00000177990	63558913	63668939	12
ENSG00000130695	26234200	26278808	1
ENSG00000172765	129647792	129893711	3
ENSG00000131914	26410817	26429728	1
ENSG00000170893	129974688	129977935	3
ENSG00000196935	63843761	64162217	12
ENSG00000198830	26472440	26476642	1
ENSG00000144935	142724034	142807888	3
ENSG00000158062	26281328	26318363	1
ENSG00000062282	75759512	75801535	11
ENSG00000185432	50923472	50932510	12
ENSG00000168028	39406716	39426255	3
ENSG00000289695	50924969	50970700	12
ENSG00000123268	50763710	50821162	12
ENSG00000186452	50842920	50887884	12
ENSG00000166436	8612037	8682694	11
ENSG00000214511	50952538	50970607	12
ENSG00000284393	8138140	8175320	12
ENSG00000171847	8221260	8227618	12
ENSG00000186104	14877440	14892231	11
ENSG00000158615	204396492	204411887	1
ENSG00000042493	85394753	85418432	2
ENSG00000061938	195863364	195911945	3
ENSG00000196465	56152256	56159647	12
ENSG00000143006	53459399	53467488	1
ENSG00000110680	14966622	14972354	11
ENSG00000174332	53506237	53739164	1
ENSG00000058804	53765478	53838463	1
ENSG00000110321	10797050	10808940	11
ENSG00000111732	8602155	8613242	12
ENSG00000182901	240767636	241357374	1
ENSG00000168906	85539168	85545281	2
ENSG00000065970	8032716	8055517	12
ENSG00000188822	23870515	23913362	1
ENSG00000189266	23956839	23963462	1
ENSG00000188529	23964347	23980927	1
ENSG00000289747	195908695	195909561	3
ENSG00000118640	85561562	85582031	2
ENSG00000171860	8056844	8066359	12
ENSG00000072274	196012511	196082153	3
ENSG00000168899	85584431	85593406	2
ENSG00000089818	8076939	8097881	12
ENSG00000168894	85595725	85597708	2
ENSG00000168890	85598547	85603196	2
ENSG00000158055	24199558	24364482	1
ENSG00000237388	48488793	48489722	11
ENSG00000178053	158571163	158607252	3
ENSG00000134954	128458761	128587558	11
ENSG00000168883	85602856	85649283	2
ENSG00000010165	171781660	171814023	1
ENSG00000111729	8123617	8138607	12
ENSG00000085063	33703010	33736479	11
ENSG00000197959	171817887	172418466	1
ENSG00000196946	8157015	8188537	12
ENSG00000168827	158644527	158695581	3
ENSG00000129317	43718992	43758793	12
ENSG00000168887	85605254	85612066	2
ENSG00000168878	85657314	85668741	2
ENSG00000079257	158645822	158672648	3
ENSG00000151239	43793723	43806328	12
ENSG00000115523	85685175	85698852	2
ENSG00000072756	3126933	3153435	3
ENSG00000167244	2129112	2158391	11
ENSG00000135845	172370189	172444086	1
ENSG00000169507	164894354	164955525	2
ENSG00000198001	43758944	43798307	12
ENSG00000180999	172420685	172468831	1
ENSG00000169814	15601341	15722311	3
ENSG00000284779	2131395	2149603	11
ENSG00000203666	244969682	245127164	1
ENSG00000150672	83455012	85628335	11
ENSG00000152292	85418714	85437029	2
ENSG00000131381	15070073	15099163	3
ENSG00000135930	232550659	232583644	2
ENSG00000168148	228424845	228425360	1
ENSG00000198691	93992834	94121148	1
ENSG00000163728	180602163	180617828	3
ENSG00000064763	29149016	29341121	12
ENSG00000087502	29337352	29381189	12
ENSG00000198625	204516379	204558120	1
ENSG00000284862	180602858	180684942	3
ENSG00000143942	53767804	53775196	2
ENSG00000119737	53852912	53859967	2
ENSG00000068878	53864069	53970993	2
ENSG00000205981	180983697	180989774	3
ENSG00000084444	13044381	13142521	12
ENSG00000114416	180868141	180982753	3
ENSG00000167767	52168996	52192014	12
ENSG00000117713	26693236	26782104	1
ENSG00000135480	52232520	52252186	12
ENSG00000170442	52249300	52309163	12
ENSG00000068912	53787009	53833038	2
ENSG00000205426	52285913	52291534	12
ENSG00000114455	108296529	108378285	3
ENSG00000170523	52314301	52321398	12
ENSG00000135443	52360006	52367481	12
ENSG00000161849	52377812	52385652	12
ENSG00000066405	137998735	138033655	3
ENSG00000152689	33436324	33564750	2
ENSG00000161850	52393931	52406335	12
ENSG00000158163	138061990	138115818	3
ENSG00000170454	52424070	52434371	12
ENSG00000085433	108970214	109042113	1
ENSG00000185479	52446651	52452146	12
ENSG00000170465	52468516	52473805	12
ENSG00000118017	138123713	138132390	3
ENSG00000138231	138160988	138174949	3
ENSG00000205420	52487176	52493257	12
ENSG00000114098	138187248	138298384	3
ENSG00000119812	33532744	33599347	2
ENSG00000219481	16562319	16613562	1
ENSG00000186081	52514575	52520530	12
ENSG00000143811	225919877	225924340	1
ENSG00000110723	108505435	108593768	11
ENSG00000139648	52543909	52553145	12
ENSG00000170484	52565782	52573843	12
ENSG00000115486	85544720	85561532	2
ENSG00000178202	108472112	108498405	11
ENSG00000117090	160608106	160647044	1
ENSG00000170486	52585589	52601538	12
ENSG00000078618	51789191	51878805	1
ENSG00000186049	52607570	52618559	12
ENSG00000014138	65261913	65305959	11
ENSG00000155974	66347431	67069162	12
ENSG00000160588	118226690	118252365	11
ENSG00000166796	18412318	18452063	11
ENSG00000119771	23385179	23708611	2
ENSG00000073737	169064789	169096167	2
ENSG00000134333	18394560	18408425	11
ENSG00000181322	138261437	138329886	3
ENSG00000198431	104215779	104350307	12
ENSG00000082438	164653624	164843679	2
ENSG00000185104	50437028	50960267	1
ENSG00000071282	8501807	8574668	3
ENSG00000117523	171485530	171593511	1
ENSG00000125046	8619386	8745040	3
ENSG00000187950	29412474	29497686	12
ENSG00000132128	46261196	46303616	1
ENSG00000110921	109573255	109598125	12
ENSG00000115607	102418689	102452565	2
ENSG00000182533	8733802	8841808	3
ENSG00000142973	46757838	46819413	1
ENSG00000180914	8750381	8769628	3
ENSG00000130595	1919703	1938706	11
ENSG00000077097	25597978	25664909	3
ENSG00000079150	178463664	178478600	2
ENSG00000091409	172427354	172506459	2
ENSG00000121377	10801532	10802627	12
ENSG00000121314	10806051	10807286	12
ENSG00000121381	10809094	10810168	12
ENSG00000111215	10845849	10849475	12
ENSG00000212128	10907926	10909562	12
ENSG00000134551	10929236	10934845	12
ENSG00000085552	159927039	159945613	1
ENSG00000111602	56416363	56449426	12
ENSG00000143374	150487414	150507602	1
ENSG00000168066	64764606	64778786	11
ENSG00000226321	240906330	240993311	2
ENSG00000115762	131104847	131353709	2
ENSG00000170581	56341597	56360203	12
ENSG00000172936	38138478	38143024	3
ENSG00000173230	121663199	121749966	3
ENSG00000182134	151770107	151791416	1
ENSG00000123989	219538954	219543809	2
ENSG00000205795	10056473	10080944	2
ENSG00000214842	17510579	17518440	2
ENSG00000144057	106801600	106887108	2
ENSG00000146205	241188509	241225976	2
ENSG00000151376	86441108	86672636	11
ENSG00000067182	6328757	6342114	12
ENSG00000185038	233775679	233833423	2
ENSG00000187048	46929177	46941484	1
ENSG00000160703	119166568	119184016	11
ENSG00000256977	109898428	109925625	2
ENSG00000163818	45823316	45916042	3
ENSG00000162972	199955317	200008540	2
ENSG00000138101	25377198	25673647	2
ENSG00000263956	148102047	148152322	1
ENSG00000029153	27332836	27425289	12
ENSG00000157014	10248023	10281218	3
ENSG00000289763	10249042	10249366	3
ENSG00000058262	128051641	128071705	3
ENSG00000166959	60699585	60715807	11
ENSG00000142875	84078062	84238498	1
ENSG00000214782	60724720	60745028	11
ENSG00000166961	60756867	60776733	11
ENSG00000172689	60785333	60801305	11
ENSG00000132155	12582101	12664201	3
ENSG00000221932	124919250	124920677	11
ENSG00000110436	35251205	35420063	11
ENSG00000119242	123918660	123972831	12
ENSG00000179195	123971845	124015439	12
ENSG00000196498	124324415	124567612	12
ENSG00000134250	119911553	120100779	1
ENSG00000132849	61742477	62178675	1
ENSG00000175093	141051347	141148611	3
ENSG00000135519	49539030	49558337	12
ENSG00000121542	123201927	123274136	3
ENSG00000155636	178112424	178139011	2
ENSG00000173175	123282296	123449090	3
ENSG00000187778	49556544	49568145	12
ENSG00000128655	177623244	178108339	2
ENSG00000179796	26622772	26717537	3
ENSG00000175206	11845709	11848345	1
ENSG00000170498	204190341	204196491	1
ENSG00000120332	175067833	175148075	1
ENSG00000176040	112034736	112081269	3
ENSG00000149090	35431823	35530300	11
ENSG00000090539	184380054	184390736	3
ENSG00000086015	45786987	46036122	1
ENSG00000110844	49568218	49644666	12
ENSG00000116035	70900576	70965373	2
ENSG00000116039	70935900	70965431	2
ENSG00000110514	47269161	47330031	11
ENSG00000258881	70939318	70995336	2
ENSG00000144031	70978380	70985499	2
ENSG00000162409	56645314	56715335	1
ENSG00000135436	49582885	49605639	12
ENSG00000196189	156147366	156177752	1
ENSG00000124357	71064344	71079808	2
ENSG00000161791	49636499	49708165	12
ENSG00000182568	18345377	18445621	3
ENSG00000124370	71109684	71130239	2
ENSG00000136699	130151392	130182750	2
ENSG00000088280	23428563	23484568	1
ENSG00000182196	122980060	122982913	12
ENSG00000163848	125225669	125375325	3
ENSG00000221978	1385711	1399335	1
ENSG00000168811	159988835	159996019	3
ENSG00000182326	6988259	7071032	12
ENSG00000173950	195068284	195271159	3
ENSG00000175707	26949562	26960468	1
ENSG00000114331	195274745	195443044	3
ENSG00000134258	117143587	117210960	1
ENSG00000122482	90915298	91022272	1
ENSG00000184203	195514428	195543386	3
ENSG00000123364	53938831	53946544	12
ENSG00000123407	53954903	53958956	12
ENSG00000123388	53973126	53977643	12
ENSG00000162365	47137435	47149727	1
ENSG00000180818	53985065	53990279	12
ENSG00000197757	53990624	54030823	12
ENSG00000189058	195568705	195584033	3
ENSG00000180806	53994895	54003337	12
ENSG00000187961	960584	965719	1
ENSG00000037965	54008985	54012769	12
ENSG00000113966	97764521	97801229	3
ENSG00000163462	155173787	155184971	1
ENSG00000276045	121626509	121643218	12
ENSG00000174527	109347900	109455523	12
ENSG00000162882	42767089	42792593	2
ENSG00000157445	54122547	55074557	3
ENSG00000171840	564296	663589	12
ENSG00000162881	42762499	42764135	2
ENSG00000151067	1970772	2697950	12
ENSG00000116604	156463727	156500779	1
ENSG00000172005	95025677	95053992	2
ENSG00000211452	53891239	53911086	1
ENSG00000144771	54918231	54967088	3
ENSG00000157388	53328963	53813733	3
ENSG00000275111	95165432	95184317	2
ENSG00000155066	95274449	95291308	2
ENSG00000185499	155185824	155192916	1
ENSG00000004478	2794970	2805423	12
ENSG00000111203	2812622	2859791	12
ENSG00000115042	95402708	95416616	2
ENSG00000053702	2825348	2835544	12
ENSG00000115207	27325849	27356999	2
ENSG00000283297	2849046	2857039	12
ENSG00000111206	2857680	2877174	12
ENSG00000143882	10721100	10785110	2
ENSG00000171792	2876258	2889524	12
ENSG00000078246	2877223	2941138	12
ENSG00000143870	10783391	10837977	2
ENSG00000197905	2959330	3040676	12
ENSG00000011105	3077355	3286564	12
ENSG00000283268	62832321	62832841	11
ENSG00000111218	3381349	3593973	12
ENSG00000110713	3671083	3797792	11
ENSG00000115761	10562347	10689987	2
ENSG00000180881	75275979	75390928	12
ENSG00000165935	27446736	27502185	12
ENSG00000116329	28812170	28871267	1
ENSG00000111305	13083532	13103683	12
ENSG00000154451	89256189	89272860	1
ENSG00000135968	108449107	108509415	2
ENSG00000162595	68045886	68051717	1
ENSG00000011007	23743448	23762059	1
ENSG00000117305	23801885	23838620	1
ENSG00000076248	109097597	109126725	12
ENSG00000179163	23845077	23868290	1
ENSG00000121764	31617686	31632518	1
ENSG00000163006	108786757	108885477	2
ENSG00000084636	31652263	31704319	1
ENSG00000284723	48525632	48526570	12
ENSG00000169756	108533671	108687246	2
ENSG00000111325	122974580	122980043	12
ENSG00000283536	53241900	53242722	12
ENSG00000198678	48559882	48562956	12
ENSG00000135114	121017763	121039246	12
ENSG00000283683	171600621	171638799	1
ENSG00000118260	207529737	207605988	2
ENSG00000143149	165662216	165698562	1
ENSG00000121318	10825219	10826358	12
ENSG00000177084	132623753	132687376	12
ENSG00000177535	247449118	247458105	1
ENSG00000188340	158774222	158781204	1
ENSG00000203852	149852608	149853125	1
ENSG00000203814	149782689	149812373	1
ENSG00000133816	12094008	12359144	11
ENSG00000270276	149854045	149861159	1
ENSG00000288859	149851061	149851594	1
ENSG00000186086	108450282	108471920	1
ENSG00000143164	167935783	168075843	1
ENSG00000144401	207580631	207625928	2
ENSG00000163249	207711540	207761839	2
ENSG00000163251	207762598	207769906	2
ENSG00000185674	99242246	99255666	2
ENSG00000183715	132414977	133532501	11
ENSG00000288825	149842218	149842750	1
ENSG00000184678	149884459	149886682	1
ENSG00000270882	149832657	149839767	1
ENSG00000215695	15659713	15662033	1
ENSG00000182600	232857270	232878708	2
ENSG00000122435	100133150	100150496	1
ENSG00000189079	45729706	45908040	12
ENSG00000203811	149840687	149841208	1
ENSG00000119862	64453969	64461381	2
ENSG00000175143	248403048	248408020	1
ENSG00000120341	177923956	177984303	1
ENSG00000179833	64631621	64751005	2
ENSG00000152578	105609535	105982090	11
ENSG00000115252	182139968	182523359	2
ENSG00000142224	206770764	206842981	1
ENSG00000139636	49097136	49110900	12
ENSG00000187180	152675279	152676569	1
ENSG00000196242	247524677	247536440	1
ENSG00000187144	16387117	16437424	1
ENSG00000073711	135965728	136147894	3
ENSG00000264324	74211604	74363377	2
ENSG00000188687	74216242	74343416	2
ENSG00000117114	81306147	81993932	1
ENSG00000180423	46602861	46617909	11
ENSG00000175224	46617527	46674818	11
ENSG00000114054	136250340	136337896	3
ENSG00000057294	32790745	32896777	12
ENSG00000152133	37084518	37099244	2
ENSG00000135506	57693841	57728342	12
ENSG00000197756	216498825	216579180	2
ENSG00000175220	46677080	46700619	11
ENSG00000115457	216632828	216664436	2
ENSG00000115461	216672105	216695549	2
ENSG00000175213	46701030	46705912	11
ENSG00000174579	136148917	136197241	3
ENSG00000180210	46719196	46739506	11
ENSG00000118245	216859458	216860064	2
ENSG00000187672	55508311	56469095	3
ENSG00000144460	225399710	225729887	2
ENSG00000119844	64524299	64593005	2
ENSG00000175216	46743048	46846308	11
ENSG00000163508	27715949	27722711	3
ENSG00000163817	45755449	45796574	3
ENSG00000144010	95477008	95484754	2
ENSG00000178562	203706475	203738912	2
ENSG00000144048	73761782	73780132	2
ENSG00000134569	46856717	46918642	11
ENSG00000064012	201233443	201361836	2
ENSG00000141279	47522942	47624665	17
ENSG00000184908	16040252	16057311	1
ENSG00000073921	85957175	86069882	11
ENSG00000131368	15009611	15065339	3
ENSG00000158816	20290875	20359518	1
ENSG00000173706	124965710	125055997	3
ENSG00000247626	197705369	197708395	2
ENSG00000244057	152600234	152601086	1
ENSG00000283154	158962235	159897629	3
ENSG00000152430	197726879	197786762	2
ENSG00000117013	40783787	40840452	1
ENSG00000074266	86201212	86278813	11
ENSG00000179862	40861054	40862363	1
ENSG00000171790	41015589	41023237	1
ENSG00000163938	52681156	52694497	3
ENSG00000081277	201283452	201332993	1
ENSG00000029725	5282265	5386340	17
ENSG00000003400	201182872	201229428	2
ENSG00000016864	52694486	52706032	3
ENSG00000121966	136114349	136119177	2
ENSG00000150687	86791059	86952910	11
ENSG00000118194	201359008	201377764	1
ENSG00000129197	5419641	5432877	17
ENSG00000174804	86945679	86955395	11
ENSG00000135378	32829927	32858120	11
ENSG00000114902	52704955	52711148	3
ENSG00000060749	32892811	32993316	11
ENSG00000114904	52708444	52770946	3
ENSG00000121690	33015876	33033582	11
ENSG00000108561	5432777	5448830	17
ENSG00000055957	52777595	52792068	3
ENSG00000005100	5440917	5468982	17
ENSG00000167770	63985853	64001811	11
ENSG00000174775	532242	537321	11
ENSG00000072849	5471254	5486811	17
ENSG00000055955	52812962	52830688	3
ENSG00000159166	201380833	201399915	1
ENSG00000167842	5486285	5490814	17
ENSG00000159173	201403768	201429866	1
ENSG00000108559	5359668	5420164	17
ENSG00000174243	48829756	48852842	12
ENSG00000257207	110402934	110473075	2
ENSG00000256671	110445883	110473075	2
ENSG00000174307	201464278	201469237	1
ENSG00000183054	110513802	110610840	2
ENSG00000243696	52813282	52835729	3
ENSG00000159176	201483530	201509456	1
ENSG00000272573	52833114	52835019	3
ENSG00000248592	52833121	52897562	3
ENSG00000213533	52836219	52897548	3
ENSG00000126749	6970913	6979936	12
ENSG00000162267	52794768	52808799	3
ENSG00000290146	6970921	6997428	12
ENSG00000198700	201829149	201884291	1
ENSG00000185163	132136594	132144319	12
ENSG00000184967	132144457	132152473	12
ENSG00000168026	39107680	39138903	3
ENSG00000198892	201888680	201892587	1
ENSG00000108406	59565558	59608345	17
ENSG00000115392	58159243	58241410	2
ENSG00000134369	201539127	201826969	1
ENSG00000183495	131949942	132080460	12
ENSG00000141378	59674636	59707626	17
ENSG00000141367	59619684	59696956	17
ENSG00000087470	32679200	32745650	12
ENSG00000050628	70852353	71047816	1
ENSG00000214021	9808086	9855138	3
ENSG00000186364	145845630	145848954	1
ENSG00000131788	145848522	145859836	1
ENSG00000167941	43753738	43758791	17
ENSG00000108861	43766125	43778977	17
ENSG00000231256	43780435	43787620	17
ENSG00000161647	43800799	43833170	17
ENSG00000289565	145917714	145926741	1
ENSG00000265241	145921556	145927678	1
ENSG00000176542	113648385	113696646	3
ENSG00000121579	113716458	113746300	3
ENSG00000116489	112619805	112671616	1
ENSG00000163599	203853888	203873965	2
ENSG00000178075	113828182	113947174	3
ENSG00000161649	43847148	43863639	17
ENSG00000155366	112701127	112707434	1
ENSG00000115317	74529596	74533350	2
ENSG00000239704	15436015	15475728	17
ENSG00000259024	15436021	15563561	17
ENSG00000175106	15502264	15563595	17
ENSG00000115325	74549026	74557551	2
ENSG00000178035	49024325	49029447	3
ENSG00000170264	61824848	61854143	2
ENSG00000271810	112702614	112711433	1
ENSG00000184599	112718905	112727235	1
ENSG00000278023	35918066	35930773	17
ENSG00000115484	61868085	61888671	2
ENSG00000155363	112673141	112700756	1
ENSG00000290315	49024345	49094071	3
ENSG00000198218	49029707	49094363	3
ENSG00000136688	112973203	112985658	2
ENSG00000275722	35934518	35943713	17
ENSG00000136694	113005459	113008044	2
ENSG00000240747	42936386	42942792	3
ENSG00000136696	113022089	113052867	2
ENSG00000275152	35976493	35981497	17
ENSG00000290317	42809483	42942792	3
ENSG00000136697	113067970	113075843	2
ENSG00000276409	35983288	35987004	17
ENSG00000066422	101648889	101677135	3
ENSG00000136689	113099315	113134016	2
ENSG00000275688	35983656	36001621	17
ENSG00000275718	35996440	36001553	17
ENSG00000181722	114314500	115147292	3
ENSG00000274736	36013056	36017972	17
ENSG00000144354	173354820	173368997	2
ENSG00000275385	36064272	36072032	17
ENSG00000277632	36088256	36090169	17
ENSG00000275302	36103827	36105621	17
ENSG00000233276	49357174	49358605	3
ENSG00000273136	120723949	120842110	1
ENSG00000290318	49357176	49412051	3
ENSG00000274808	36165683	36176636	17
ENSG00000136695	113058638	113065382	2
ENSG00000144369	186694060	186765959	2
ENSG00000177565	177019340	177228000	3
ENSG00000138448	186590010	186680901	2
ENSG00000120656	28587829	28648291	1
ENSG00000276085	36194869	36196758	17
ENSG00000111537	68154768	68159740	12
ENSG00000276070	36210924	36212878	17
ENSG00000197780	109062496	109076012	1
ENSG00000136628	219968600	220046530	1
ENSG00000111536	68201349	68225810	12
ENSG00000274933	36253456	36264570	17
ENSG00000127318	68248242	68253604	12
ENSG00000111554	68272443	68332381	12
ENSG00000170004	7884796	7912760	17
ENSG00000178882	123973241	124316024	12
ENSG00000162813	220057482	220090462	1
ENSG00000273049	53985845	54034888	12
ENSG00000198353	54016931	54056030	12
ENSG00000172789	54033050	54035361	12
ENSG00000123415	54121277	54189008	12
ENSG00000067704	220094132	220148041	1
ENSG00000231887	10824960	11171608	12
ENSG00000118873	220148293	220272529	1
ENSG00000275778	10845849	11171600	12
ENSG00000212127	10937408	11171573	12
ENSG00000212126	10985913	10986912	12
ENSG00000176945	195720884	195741123	3
ENSG00000255837	10995961	10998304	12
ENSG00000212124	11021619	11022620	12
ENSG00000256436	11030387	11031407	12
ENSG00000226761	11061365	11062294	12
ENSG00000255374	11091287	11092313	12
ENSG00000256188	11132958	11134644	12
ENSG00000256537	11171194	11176016	12
ENSG00000145113	195746765	195811973	3
ENSG00000114993	74425835	74442422	2
ENSG00000111012	57762334	57768986	12
ENSG00000284730	51813921	51814925	12
ENSG00000196876	51590266	51812864	12
ENSG00000198648	167954020	168247595	2
ENSG00000115267	162267074	162318684	2
ENSG00000180871	218125289	218137251	2
ENSG00000188282	218034960	218090584	2
ENSG00000143776	226989865	227318492	1
ENSG00000204335	170715337	170718078	2
ENSG00000128683	170813213	170861151	2
ENSG00000120645	66767	178455	12
ENSG00000111181	190077	214570	12
ENSG00000115806	170928464	170967130	2
ENSG00000091106	32224453	32265732	2
ENSG00000010379	220621	262873	12
ENSG00000204334	170766878	170798977	2
ENSG00000169760	173396284	174294372	3
ENSG00000114115	139517434	139539829	3
ENSG00000073614	280057	389320	12
ENSG00000153201	108719482	108785810	2
ENSG00000163864	139560180	139678017	3
ENSG00000132196	162790702	162812823	1
ENSG00000127603	39081316	39487177	1
ENSG00000184897	129314771	129316286	3
ENSG00000172046	49108046	49120938	3
ENSG00000120647	389273	442642	12
ENSG00000134318	11179759	11348330	2
ENSG00000289766	13088784	13103484	12
ENSG00000134532	23529504	24562544	12
ENSG00000169618	68643579	68658251	2
ENSG00000163219	68679601	68826833	2
ENSG00000184922	45221444	45247319	17
ENSG00000187098	69739456	69968336	3
ENSG00000144524	231781671	231809254	2
ENSG00000183395	102196459	102197833	12
ENSG00000017427	102395874	102481744	12
ENSG00000174231	1650629	1684867	17
ENSG00000115866	135905881	135986100	2
ENSG00000067715	78863993	79452008	12
ENSG00000159374	74557883	74648338	2
ENSG00000014257	132317369	132368302	3
ENSG00000285749	51798803	51830856	3
ENSG00000135622	74654228	74683853	2
ENSG00000229972	51826883	51833389	3
ENSG00000144802	101827991	101861022	3
ENSG00000116106	221418027	221574202	2
ENSG00000181523	80206716	80220923	17
ENSG00000181045	80219699	80253500	17
ENSG00000176915	132725503	132761832	12
ENSG00000138379	190055700	190062729	2
ENSG00000151689	190343570	190371665	2
ENSG00000247077	132710819	132722734	12
ENSG00000198130	190189735	190344193	2
ENSG00000087095	28041737	28196381	17
ENSG00000185860	162824458	162868761	1
ENSG00000087191	63827152	63832026	17
ENSG00000117461	46040140	46133036	1
ENSG00000278139	46043661	46176488	1
ENSG00000117472	46175073	46185962	1
ENSG00000188338	50205246	50221486	3
ENSG00000187231	179101678	179264832	2
ENSG00000250719	46175486	46176488	1
ENSG00000171357	46203334	46221256	1
ENSG00000085999	46246461	46278480	1
ENSG00000114391	101681091	101686733	3
ENSG00000121964	143938068	144332568	2
ENSG00000144815	101779177	101843743	3
ENSG00000170298	20449395	20467539	17
ENSG00000139323	89419718	89526047	12
ENSG00000047849	47850690	48089272	3
ENSG00000085998	46188683	46220305	1
ENSG00000177731	18244815	18258738	17
ENSG00000259075	89519408	89526262	12
ENSG00000257594	89519412	89524796	12
ENSG00000070961	89588049	89709366	12
ENSG00000174840	57556274	57566848	3
ENSG00000114999	112482156	112541739	2
ENSG00000168374	57571363	57598220	3
ENSG00000125630	112541915	112579818	2
ENSG00000174839	57625454	57693077	3
ENSG00000121361	21764955	21775600	12
ENSG00000196653	44712643	44723831	3
ENSG00000151746	32106835	32383633	12
ENSG00000186446	44729596	44737083	3
ENSG00000163807	44737661	44761619	3
ENSG00000163808	44761721	44873376	3
ENSG00000177427	18260597	18266552	17
ENSG00000018236	40692439	41072415	12
ENSG00000177302	18271428	18315007	17
ENSG00000125611	112584240	112589275	2
ENSG00000117475	169367970	169396540	1
ENSG00000169607	112736349	112764664	2
ENSG00000115008	112773925	112784493	2
ENSG00000117477	169394870	169460669	1
ENSG00000115211	27364352	27370338	2
ENSG00000110900	30926428	30996602	12
ENSG00000117479	169463909	169485944	1
ENSG00000169964	44861904	44865670	3
ENSG00000075914	44975241	45036066	3
ENSG00000176994	18315293	18328056	17
ENSG00000198734	169511951	169586588	1
ENSG00000176974	18327860	18363563	17
ENSG00000013573	31073860	31104799	12
ENSG00000099260	99646113	99694541	1
ENSG00000163815	45001548	45036071	3
ENSG00000203685	226548764	226609230	1
ENSG00000163810	44874608	44914990	3
ENSG00000244682	161581339	161605662	1
ENSG00000115919	142877657	143055833	2
ENSG00000116580	155749659	155859400	1
ENSG00000159314	45393902	45434421	17
ENSG00000157087	10324023	10708007	3
ENSG00000116996	237877864	237890922	1
ENSG00000075884	143091362	143768352	2
ENSG00000263353	120889771	120890530	1
ENSG00000127125	42456117	42473385	1
ENSG00000288867	149583848	149584607	1
ENSG00000289549	145241415	145242174	1
ENSG00000271567	144372875	144373634	1
ENSG00000279782	144592893	144593652	1
ENSG00000236334	148482548	148483302	1
ENSG00000270339	146344006	146344765	1
ENSG00000278845	38297023	38323217	17
ENSG00000009307	114716913	114758676	1
ENSG00000277399	38324571	38343956	17
ENSG00000163596	202773150	202871766	2
ENSG00000274211	38351844	38405593	17
ENSG00000277363	38530031	38605952	17
ENSG00000132164	10816201	10940714	3
ENSG00000185008	75906695	77649964	3
ENSG00000139146	31280584	31327058	12
ENSG00000173163	61888724	62147247	2
ENSG00000033627	42458844	42522582	17
ENSG00000153208	111898607	112029561	2
ENSG00000111796	9594551	9607916	12
ENSG00000135406	49295147	49298686	12
ENSG00000144136	112645939	112663825	2
ENSG00000123352	49366584	49527425	12
ENSG00000163812	44915257	44976185	3
ENSG00000116001	70209444	70248660	2
ENSG00000151789	21412218	22373321	3
ENSG00000111450	130789600	130839254	12
ENSG00000116005	70257386	70281185	2
ENSG00000182504	101724534	101770562	3
ENSG00000152154	39664982	39717963	2
ENSG00000138050	39736060	39779267	2
ENSG00000089163	120302316	120313249	12
ENSG00000170890	120322115	120327779	12
ENSG00000135097	120341330	120369164	12
ENSG00000144285	165984641	166149214	2
ENSG00000111786	120461672	120495946	12
ENSG00000111432	130162459	130165740	12
ENSG00000198056	56730438	56752374	12
ENSG00000139154	19404045	19720801	12
ENSG00000138483	107377439	107378635	3
ENSG00000114439	107522936	107811339	3
ENSG00000052126	19129669	19376400	12
ENSG00000168874	85751344	85791383	2
ENSG00000115525	85837120	85905199	2
ENSG00000006042	32927910	32945106	17
ENSG00000134533	15107783	15348675	12
ENSG00000139289	76025447	76031776	12
ENSG00000177981	48147789	48181213	12
ENSG00000156097	109539872	109548406	1
ENSG00000141316	32970376	32997877	17
ENSG00000162413	6590724	6614607	1
ENSG00000116273	6613731	6624030	1
ENSG00000177875	48183644	48185926	12
ENSG00000186868	45894527	46028334	17
ENSG00000117153	202891116	202928636	1
ENSG00000167528	48337180	48351414	12
ENSG00000159346	202940826	202958572	1
ENSG00000135424	55684568	55716404	12
ENSG00000159348	202961873	202967275	1
ENSG00000084734	27496839	27523684	2
ENSG00000163444	203007374	203024848	1
ENSG00000122180	203083129	203086012	1
ENSG00000163485	203090654	203167405	1
ENSG00000243147	27771717	27988087	2
ENSG00000133055	203167811	203175826	1
ENSG00000171174	27781379	27890681	2
ENSG00000133048	203178931	203186704	1
ENSG00000075426	28392448	28417317	2
ENSG00000163803	28457145	28644142	2
ENSG00000127481	19074510	19210266	1
ENSG00000176749	32486993	32491253	17
ENSG00000176658	32492522	32877177	17
ENSG00000172640	48202339	48203292	12
ENSG00000187166	48328980	48330279	12
ENSG00000060709	130396133	130768228	12
ENSG00000196776	108043091	108091862	3
ENSG00000114279	192139390	192767764	3
ENSG00000290320	32895433	32906586	17
ENSG00000266714	75587800	75626849	17
ENSG00000144674	37243191	37366879	3
ENSG00000163806	28782517	28850611	2
ENSG00000133687	29500840	29784759	12
ENSG00000211454	19265982	19274194	1
ENSG00000171103	28849821	28870309	2
ENSG00000053372	19251805	19260128	1
ENSG00000163811	28894667	28948219	2
ENSG00000162482	19282573	19288770	1
ENSG00000053371	19303965	19312144	1
ENSG00000189350	28956611	29052230	2
ENSG00000196535	29071122	29180398	17
ENSG00000138375	216412383	216483053	2
ENSG00000040487	19312326	19329300	1
ENSG00000214694	38889875	38975454	2
ENSG00000114302	48744597	48847874	3
ENSG00000183155	202878282	202889149	1
ENSG00000133063	203212827	203273641	1
ENSG00000171150	46698952	46780245	2
ENSG00000180398	46901870	46941855	2
ENSG00000143847	203026491	203078740	1
ENSG00000239605	47045538	47155308	2
ENSG00000152952	146035139	146163725	3
ENSG00000143379	150926263	150964744	1
ENSG00000273269	47065941	47176511	2
ENSG00000143933	47160084	47176921	2
ENSG00000120094	48528526	48531011	17
ENSG00000173585	45884425	45903174	3
ENSG00000173917	48540894	48545109	17
ENSG00000173578	46016990	46085825	3
ENSG00000120093	48548870	48604912	17
ENSG00000119888	47345158	47387601	2
ENSG00000211456	45689056	45745412	3
ENSG00000007923	6634168	6701924	1
ENSG00000182742	48575507	48578350	17
ENSG00000120075	48591257	48593779	17
ENSG00000108511	48595751	48604992	17
ENSG00000135636	71453561	71686763	2
ENSG00000260027	48607232	48633572	17
ENSG00000116731	13700188	13825079	1
ENSG00000120068	48611377	48615292	17
ENSG00000170689	48621156	48626358	17
ENSG00000170425	15945130	15975746	17
ENSG00000214941	15976560	15999717	17
ENSG00000283580	42767292	42794493	1
ENSG00000188672	25362249	25430192	1
ENSG00000114573	113746770	113812056	3
ENSG00000011295	15999784	16045015	17
ENSG00000141027	16029065	16218185	17
ENSG00000163681	57755450	57930003	3
ENSG00000108312	44205033	44221626	17
ENSG00000160551	29390363	29551903	17
ENSG00000196277	6770001	7741533	3
ENSG00000127463	19215660	19251552	1
ENSG00000129245	7591230	7614897	17
ENSG00000144647	43079229	43106085	3
ENSG00000161533	75941507	75979177	17
ENSG00000196083	190514051	190659750	3
ENSG00000186407	74609885	74623738	17
ENSG00000172794	74670578	74747335	17
ENSG00000117543	100989623	101026088	1
ENSG00000114784	40309707	40312424	3
ENSG00000291315	40312086	40312214	3
ENSG00000153767	120742637	120783069	3
ENSG00000145087	120908072	121424761	3
ENSG00000164008	42767245	42779491	1
ENSG00000186074	74694311	74712978	17
ENSG00000162367	47216290	47232225	1
ENSG00000116406	184690237	184754907	1
ENSG00000163558	170222424	170305977	3
ENSG00000109062	74748628	74769353	17
ENSG00000109065	74770529	74776367	17
ENSG00000136603	170357342	170396835	3
ENSG00000013297	170418868	170454733	3
ENSG00000013293	170459548	170586075	3
ENSG00000010327	52495338	52524495	3
ENSG00000163352	154993586	154994315	1
ENSG00000162704	183620846	183635783	1
ENSG00000173627	183646275	183653316	1
ENSG00000116698	183472216	183598246	1
ENSG00000109066	74776499	74839753	17
ENSG00000161509	74842023	74861504	17
ENSG00000177728	75441159	75500452	17
ENSG00000168268	52524385	52535054	3
ENSG00000168273	52534013	52579237	3
ENSG00000163939	52545352	52685917	3
ENSG00000115041	95297327	95386077	2
ENSG00000162641	108815898	108963484	1
ENSG00000135905	224765090	225042468	2
ENSG00000176681	46292733	46338077	17
ENSG00000121940	108881885	108963527	1
ENSG00000124831	237627587	237813682	2
ENSG00000067606	2050411	2185395	1
ENSG00000114026	9749944	9788219	3
ENSG00000135899	230165186	230225729	2
ENSG00000197429	45694324	45750653	1
ENSG00000184588	65792514	66374579	1
ENSG00000115415	190908460	191020960	2
ENSG00000163157	151169986	151176284	1
ENSG00000122068	197737179	197787596	3
ENSG00000084070	40344850	40423326	1
ENSG00000145016	197668867	197749727	3
ENSG00000169885	1915108	1917296	1
ENSG00000127483	20740266	20787323	1
ENSG00000058063	182793503	182921629	3
ENSG00000164002	40508741	40516038	1
ENSG00000133056	204422628	204494805	1
ENSG00000043093	182938074	182985953	3
ENSG00000078070	183015218	183116075	3
ENSG00000163159	151176304	151195321	1
ENSG00000143434	151131685	151146631	1
ENSG00000078081	183122215	183163839	3
ENSG00000144712	12796472	12834804	3
ENSG00000085465	111414319	111427735	1
ENSG00000182446	81556887	81648465	17
ENSG00000289809	12825768	12871919	3
ENSG00000144711	12897043	13283281	3
ENSG00000116455	111439890	111449256	1
ENSG00000116459	111448864	111462773	1
ENSG00000143110	111473792	111478512	1
ENSG00000121933	111483348	111563962	1
ENSG00000154175	100749156	100993515	3
ENSG00000282608	111499429	111503633	1
ENSG00000116473	111542218	111716691	1
ENSG00000108669	78674048	78782297	17
ENSG00000204060	41361922	41383590	1
ENSG00000127129	41478775	41484683	1
ENSG00000143153	169105697	169310992	1
ENSG00000280537	219075329	219170827	2
ENSG00000187736	219069355	219160869	2
ENSG00000197170	67337916	67366605	17
ENSG00000183291	86862445	86914424	1
ENSG00000153936	86914635	87109982	1
ENSG00000154217	67377281	67697256	17
ENSG00000124383	71130310	71150101	2
ENSG00000267561	86993009	87169204	1
ENSG00000134709	59814786	59876322	1
ENSG00000067191	39173453	39197702	17
ENSG00000251287	130081831	130113227	3
ENSG00000068724	46915869	47076137	2
ENSG00000134716	59893308	59926773	1
ENSG00000163704	9939450	9952408	3
ENSG00000181218	228434777	228457873	1
ENSG00000196890	228458103	228463104	1
ENSG00000168159	228487382	228499899	1
ENSG00000174776	167478684	167653983	3
ENSG00000177674	11736084	11754802	1
ENSG00000238083	46511508	46556910	17
ENSG00000087111	28553383	28571794	17
ENSG00000177000	11785723	11806455	1
ENSG00000115085	97713576	97739862	2
ENSG00000215910	11761787	11789585	1
ENSG00000221843	27537386	27582722	2
ENSG00000115935	174559572	174682916	2
ENSG00000197520	222737202	222751004	1
ENSG00000137968	75202129	75611114	1
ENSG00000141551	82239023	82273700	17
ENSG00000225828	32361270	32364278	1
ENSG00000041988	6624868	6635586	1
ENSG00000144029	95085369	95122006	2
ENSG00000196420	153537147	153541765	1
ENSG00000072694	161663143	161678654	1
ENSG00000289685	95085391	95165391	2
ENSG00000144026	95122087	95165668	2
ENSG00000141582	79833156	79839440	17
ENSG00000155367	112709994	112715332	1
ENSG00000196504	152651593	152718012	2
ENSG00000167291	79932343	80035872	17
ENSG00000159450	152106317	152115444	1
ENSG00000160783	156212993	156240042	1
ENSG00000066136	40691648	40771603	1
ENSG00000173821	80260852	80398794	17
ENSG00000205639	24010081	24063321	2
ENSG00000163026	24029347	24049575	2
ENSG00000119782	24049701	24063681	2
ENSG00000115128	24067586	24076373	2
ENSG00000219626	24076526	24169640	2
ENSG00000175906	43398993	43401137	17
ENSG00000115129	24077433	24085861	2
ENSG00000067596	43483865	43610338	17
ENSG00000176732	24114809	24123464	2
ENSG00000276087	24124366	24190436	2
ENSG00000134668	31790422	31816022	1
ENSG00000198399	24202864	24360536	2
ENSG00000175832	43527844	43579620	17
ENSG00000180488	77779624	77879540	1
ENSG00000142961	46607719	46616811	1
ENSG00000116754	70205682	70253052	1
ENSG00000005102	43640389	43661922	17
ENSG00000185829	46499780	46579695	17
ENSG00000186453	24175053	24200849	2
ENSG00000163798	27663426	27695366	2
ENSG00000177994	54330034	54383742	2
ENSG00000284690	74560701	74567343	17
ENSG00000120088	45784277	45835828	17
ENSG00000115306	54456317	54671446	2
ENSG00000228696	46274784	46361766	17
ENSG00000073969	46590669	46757679	17
ENSG00000214595	54723499	54972025	2
ENSG00000283324	150887136	150913292	1
ENSG00000077585	236142505	236221865	1
ENSG00000115310	54972187	55112621	2
ENSG00000171634	67825503	67984378	17
ENSG00000086619	236214681	236282019	1
ENSG00000203786	152758025	152762056	1
ENSG00000225556	151837818	151840557	1
ENSG00000117791	220748225	220784815	1
ENSG00000186205	220786352	220819659	1
ENSG00000123472	46632737	46673867	1
ENSG00000108379	46762506	46833154	17
ENSG00000010803	41027202	41242306	1
ENSG00000132589	28879335	28897733	17
ENSG00000169764	63840952	63891562	2
ENSG00000196369	144887265	145095528	1
ENSG00000161921	4733533	4739928	17
ENSG00000143333	182598623	182604389	1
ENSG00000176358	49838300	49848069	17
ENSG00000135824	182641816	182684587	1
ENSG00000108813	49968588	49974959	17
ENSG00000031698	109213918	109238182	1
ENSG00000136504	49788624	49835026	17
ENSG00000143126	109249539	109275751	1
ENSG00000068615	86213993	86338083	2
ENSG00000134222	109279556	109283186	1
ENSG00000115561	86503430	86563479	2
ENSG00000221986	109292365	109307011	1
ENSG00000134243	109309568	109397918	1
ENSG00000239305	86603398	86623866	2
ENSG00000275832	38419280	38512385	17
ENSG00000144233	127861630	127885967	2
ENSG00000143106	109399042	109426448	1
ENSG00000169689	82018702	82024107	17
ENSG00000063660	240435663	240468076	2
ENSG00000185278	173868082	173903547	1
ENSG00000215906	22953043	22972866	1
ENSG00000117143	162561722	162601240	1
ENSG00000178623	240605430	240633159	2
ENSG00000169683	82023305	82031151	17
ENSG00000163564	158930796	158977059	1
ENSG00000162927	60940222	61018259	2
ENSG00000169750	82031678	82034204	17
ENSG00000163565	158999968	159055155	1
ENSG00000162928	61017225	61051990	2
ENSG00000169738	82035136	82037709	17
ENSG00000162924	60881491	60931612	2
ENSG00000144504	240479422	240569209	2
ENSG00000163568	159061599	159187843	1
ENSG00000222009	44808523	44815585	1
ENSG00000169727	82050691	82057470	17
ENSG00000004455	33007986	33080996	1
ENSG00000157131	56854768	56918223	1
ENSG00000173372	22635077	22639678	1
ENSG00000289692	22636506	22644067	1
ENSG00000159189	22643014	22648110	1
ENSG00000119185	9403475	9423528	2
ENSG00000173369	22652762	22661637	1
ENSG00000117335	207752037	207795513	1
ENSG00000119203	9423651	9473101	2
ENSG00000184502	41712331	41715969	17
ENSG00000173805	41717742	41734644	17
ENSG00000173801	41754604	41786931	17
ENSG00000134330	9473658	9496543	2
ENSG00000134308	9583967	9630997	2
ENSG00000141696	41801947	41812604	17
ENSG00000180667	207043849	207052980	1
ENSG00000123843	207088860	207099993	1
ENSG00000151694	9488486	9556732	2
ENSG00000141756	41812680	41823213	17
ENSG00000123838	207104233	207144972	1
ENSG00000141698	41825057	41836260	17
ENSG00000289694	22025142	22092943	1
ENSG00000116785	196774813	196795407	1
ENSG00000123689	209675412	209676390	1
ENSG00000117594	209686178	209734949	1
ENSG00000168505	236165236	236168386	2
ENSG00000009790	209756032	209782320	1
ENSG00000157985	235494043	236131793	2
ENSG00000141527	80169992	80216073	17
ENSG00000162757	209779208	209784559	1
ENSG00000289700	209779629	209806179	1
ENSG00000171951	223596940	223602361	2
ENSG00000117595	209785617	209806175	1
ENSG00000085449	223855716	223945357	2
ENSG00000117597	209827972	209857565	1
ENSG00000135900	223957463	223967714	2
ENSG00000135919	223975045	224039318	2
ENSG00000177181	42380792	42424232	1
ENSG00000066185	42430329	42456253	1
ENSG00000134684	32775237	32818031	1
ENSG00000108733	35574795	35578863	17
ENSG00000152056	223667680	223838027	2
ENSG00000168646	65528563	65561648	17
ENSG00000286239	223757258	223945299	2
ENSG00000021852	56929207	56974383	1
ENSG00000153561	86720291	86778041	2
ENSG00000266076	65538102	65641033	17
ENSG00000132716	160215715	160262549	1
ENSG00000172116	86815339	86861924	2
ENSG00000154240	65635537	66192133	17
ENSG00000153563	86784610	86808396	2
ENSG00000258465	160216800	160285130	1
ENSG00000116044	177218667	177392756	2
ENSG00000162735	160276807	160286348	1
ENSG00000091583	66212033	66256525	17
ENSG00000108924	55264960	55325187	17
ENSG00000171786	160367071	160372846	1
ENSG00000162739	160485030	160523262	1
ENSG00000108960	55392622	55421924	17
ENSG00000066294	160541095	160579516	1
ENSG00000261873	55449856	55511452	17
ENSG00000262165	4801159	4807013	17
ENSG00000035862	78852977	78925387	17
ENSG00000122218	160288594	160343566	1
ENSG00000178404	78890579	78903217	17
ENSG00000136449	50508425	50531501	17
ENSG00000159961	3411370	3424070	17
ENSG00000214447	44899774	44905390	17
ENSG00000132470	75721328	75757818	17
ENSG00000115758	10439968	10448327	2
ENSG00000185013	18562871	18589572	2
ENSG00000169474	152984081	152985814	1
ENSG00000118200	200738893	200860704	1
ENSG00000170144	177212694	177223959	2
ENSG00000163362	200891048	200915742	1
ENSG00000137975	86424171	86456553	1
ENSG00000016490	86468368	86500259	1
ENSG00000016602	86547078	86580754	1
ENSG00000289764	80545075	80545134	17
ENSG00000221882	3276177	3386317	17
ENSG00000161960	7572824	7579006	17
ENSG00000233757	95207521	95259774	2
ENSG00000071054	101696850	101894690	2
ENSG00000152904	235327350	235344532	1
ENSG00000131791	147155106	147172550	1
ENSG00000177144	148748774	148752415	1
ENSG00000162461	15736258	15741392	1
ENSG00000162460	15742499	15747982	1
ENSG00000162458	15756607	15786594	1
ENSG00000176390	30769388	30824692	17
ENSG00000187833	73784183	73817148	2
ENSG00000184492	113498665	113501150	2
ENSG00000284643	227598893	227599255	2
ENSG00000284667	227666804	227667061	2
ENSG00000284718	227728335	227728625	2
ENSG00000284635	227745894	227746220	2
ENSG00000173699	230990324	231025055	2
ENSG00000176208	30831966	30895869	17
ENSG00000283428	224703764	224716365	2
ENSG00000284629	227387683	227387949	2
ENSG00000284704	227614538	227614840	2
ENSG00000142794	21440128	21485005	1
ENSG00000284725	227724440	227724757	2
ENSG00000288658	222314148	222320155	2
ENSG00000144366	188291669	188595931	2
ENSG00000172171	30897336	30906238	17
ENSG00000196712	31094927	31382116	17
ENSG00000076864	21596221	21669357	1
ENSG00000116062	47695530	47810063	2
ENSG00000151779	15166916	15561340	2
ENSG00000090686	21678298	21783606	1
ENSG00000186409	42463221	42657190	1
ENSG00000119042	199269505	199471266	2
ENSG00000153234	156324437	156342348	2
ENSG00000289710	30576655	30576825	1
ENSG00000162510	30711277	30723585	1
ENSG00000116560	35176378	35193446	1
ENSG00000205111	39168045	39243983	2
ENSG00000189362	190504338	190534722	2
ENSG00000116981	39651229	39672107	1
ENSG00000084072	39692182	39763914	1
ENSG00000115760	32357023	32619571	2
ENSG00000116985	39757182	39788865	1
ENSG00000198754	39769523	39771348	1
ENSG00000043514	39838110	39883511	1
ENSG00000163060	94871430	94876823	2
ENSG00000074054	121337776	121649476	2
ENSG00000116990	39895426	39902256	1
ENSG00000168389	39955112	39969968	1
ENSG00000162624	75128434	75161533	1
ENSG00000162643	84999147	85133138	1
ENSG00000055732	85018082	85048500	1
ENSG00000097096	85156889	85201724	1
ENSG00000117598	98890245	99227929	1
ENSG00000143595	154321090	154325325	1
ENSG00000143515	154325525	154351304	1
ENSG00000160753	155320894	155331114	1
ENSG00000116584	155946851	156007070	1
ENSG00000143297	157513377	157552515	1
ENSG00000163518	157573747	157598085	1
ENSG00000160856	157674321	157700769	1
ENSG00000132704	157745733	157777132	1
ENSG00000162738	160400564	160428670	1
ENSG00000143258	161159450	161165723	1
ENSG00000254706	162365407	162383531	1
ENSG00000171722	162373203	162376854	1
ENSG00000239887	162378841	162386812	1
ENSG00000198574	162395268	162412138	1
ENSG00000152332	162497251	162529631	1
ENSG00000162733	162631373	162787405	1
ENSG00000075391	178094104	178484147	1
ENSG00000240021	178513109	178548602	1
ENSG00000196660	219685427	219959018	1
ENSG00000154380	225486765	225653142	1
ENSG00000162676	92473043	92486925	1
ENSG00000233954	15807169	15809348	1
ENSG00000203667	244835616	244845057	1
ENSG00000081985	67307364	67398724	1
ENSG00000162551	21509397	21578410	1
ENSG00000289715	21547404	21554002	1
ENSG00000136634	206767602	206774541	1
ENSG00000000971	196651754	196752476	1
ENSG00000289697	196651852	196795393	1
ENSG00000054523	10210570	10381603	1
ENSG00000151690	190408355	190509205	2
ENSG00000134323	15940550	15947007	2
ENSG00000188738	185738804	185833290	2
ENSG00000065548	186486253	186509361	2
ENSG00000213639	28751640	28802940	2
ENSG00000171793	40979300	41012565	1
ENSG00000186281	96021946	96039451	2
ENSG00000135744	230690776	230745576	1
ENSG00000084623	32221077	32245397	1
ENSG00000157827	152335174	152649826	2
ENSG00000226124	199760544	199851192	2
ENSG00000204872	73700576	73701340	2
ENSG00000144410	206939518	206969474	2
ENSG00000163263	154199085	154206333	1
ENSG00000143612	154206696	154220637	1
ENSG00000118263	207074137	207173856	2
ENSG00000183733	70777310	70790643	2
ENSG00000152672	70808643	70820599	2
ENSG00000116031	70830211	70835816	2
ENSG00000143569	154220179	154271510	1
ENSG00000144043	70968325	70994873	2
ENSG00000162999	183078559	183100008	2
ENSG00000163002	183117513	183161680	2
ENSG00000061676	182909115	183038858	2
ENSG00000160058	32364633	32394731	1
ENSG00000130294	240713761	240824293	2
ENSG00000142687	35393883	35557950	1
ENSG00000116586	156054782	156058506	1
ENSG00000289721	158999971	159002751	1
ENSG00000182866	32251244	32286165	1
ENSG00000130762	3454665	3481113	1
ENSG00000158109	3625015	3630127	1
ENSG00000116213	3630767	3652761	1
ENSG00000078900	3652516	3736201	1
ENSG00000162591	3487951	3611508	1
ENSG00000163166	127436207	127526886	2
ENSG00000081019	113761832	113812476	1
ENSG00000115902	64988477	65023865	2
ENSG00000134242	113813811	113871753	1
ENSG00000138069	65070696	65130331	2
ENSG00000138071	65227788	65271253	2
ENSG00000085982	233475526	233566782	2
ENSG00000259916	94587101	94612744	2
ENSG00000188761	113876816	113887581	1
ENSG00000284622	227608784	227609101	2
ENSG00000284631	227617498	227617815	2
ENSG00000134262	113894194	113905201	1
ENSG00000115365	210427131	210477652	2
ENSG00000163349	113929324	113977869	1
ENSG00000021826	210477682	210679107	2
ENSG00000118655	113904619	113914086	1
ENSG00000203963	67092165	67231853	1
ENSG00000162496	12567910	12618210	1
ENSG00000188984	12716110	12728760	1
ENSG00000157330	12746200	12763699	1
ENSG00000116726	12773738	12777906	1
ENSG00000116721	12791397	12796628	1
ENSG00000239810	12824605	12831410	1
ENSG00000179172	12847377	12848720	1
ENSG00000120952	12857086	12861909	1
ENSG00000243073	12879212	12886201	1
ENSG00000187545	12892896	12898270	1
ENSG00000232423	12938472	12947580	1
ENSG00000279169	13196188	13201409	1
ENSG00000237700	13303539	13308907	1
ENSG00000204518	12644085	12667076	1
ENSG00000204510	12916610	12920751	1
ENSG00000270601	13254198	13263435	1
ENSG00000162594	67138907	67259979	1
ENSG00000182330	13281304	13285137	1
ENSG00000204478	13410450	13421328	1
ENSG00000162494	13474973	13514003	1
ENSG00000143669	235661041	235883724	1
ENSG00000021574	32063556	32157637	2
ENSG00000184292	58575433	58577252	1
ENSG00000162601	58643440	58700090	1
ENSG00000116661	11637018	11655785	1
ENSG00000144406	209771832	209999300	2
ENSG00000132879	11654375	11663327	1
ENSG00000116663	11664200	11674354	1
ENSG00000162490	11691710	11725857	1
ENSG00000117133	84479259	84498352	1
ENSG00000174021	84498323	84506581	1
ENSG00000117151	84549611	84574480	1
ENSG00000197713	210002565	210022260	2
ENSG00000117155	84643706	84690803	1
ENSG00000204480	13368431	13371947	1
ENSG00000116670	11658918	11691811	1
ENSG00000078018	209424047	209734147	2
ENSG00000188610	121167646	121185539	1
ENSG00000280267	13148905	13158116	1
ENSG00000257315	203795623	203854124	1
ENSG00000117394	42925353	42958893	1
ENSG00000153827	229763837	229923239	2
ENSG00000177272	110653560	110674940	1
ENSG00000162711	247416156	247449108	1
ENSG00000215817	219608012	219613105	1
ENSG00000116701	183554461	183590905	1
ENSG00000187140	63322567	63325128	1
ENSG00000088035	63367575	63438553	1
ENSG00000151418	198523222	198540945	1
ENSG00000081237	198638457	198757476	1
ENSG00000197587	46489836	46516216	1
ENSG00000125459	155563235	155614951	1
ENSG00000153214	112055269	112119318	2
ENSG00000143365	151806071	151831845	1
ENSG00000055917	20248691	20352234	2
ENSG00000162909	223701593	223776018	1
ENSG00000143514	223779893	223845954	1
ENSG00000130508	1631887	1744852	2
ENSG00000127074	192636138	192660311	1
ENSG00000035115	217730	266398	2
ENSG00000116741	192809039	192812275	1
ENSG00000143575	154272355	154275875	1
ENSG00000198715	156290089	156295689	1
ENSG00000176092	26321698	26360080	1
ENSG00000143643	230906243	230978875	1
ENSG00000143727	264140	278283	2
ENSG00000173409	230978981	231000733	1
ENSG00000160055	32214472	32222359	1
ENSG00000189292	279558	288851	2
ENSG00000116717	67685201	67688334	1
ENSG00000172380	67701475	67833467	1
ENSG00000116729	68098473	68233120	1
ENSG00000196482	216503246	217137755	1
ENSG00000152518	43222402	43226606	2
ENSG00000170634	53970838	54305300	2
ENSG00000178021	54253178	54256229	2
ENSG00000079308	217799588	218033982	2
ENSG00000160716	154567778	154580013	1
ENSG00000143603	154697455	154870281	1
ENSG00000282881	46532166	46543969	1
ENSG00000203784	153203430	153205120	1
ENSG00000203783	153217584	153219310	1
ENSG00000203782	153259687	153262124	1
ENSG00000159527	153297116	153312952	1
ENSG00000163218	153330120	153348841	1
ENSG00000163220	153357854	153361023	1
ENSG00000163221	153373711	153375621	1
ENSG00000143546	153390032	153391073	1
ENSG00000184330	153416520	153423222	1
ENSG00000143556	153457744	153460651	1
ENSG00000270231	120415035	120469676	1
ENSG00000186891	1203508	1206592	1
ENSG00000078808	1216931	1232031	1
ENSG00000176022	1232237	1235041	1
ENSG00000184163	1242446	1246722	1
ENSG00000160087	1253909	1273864	1
ENSG00000162572	1280436	1292029	1
ENSG00000175874	101345550	101387503	2
ENSG00000196460	101397359	101475112	2
ENSG00000023902	150149183	150164720	1
ENSG00000187627	86913783	87013976	2
ENSG00000143401	150218417	150236156	1
ENSG00000183281	87002559	87021852	2
ENSG00000136717	127048027	127107288	2
ENSG00000118298	150257251	150265078	1
ENSG00000117362	150265399	150269580	1
ENSG00000118292	150268200	150280916	1
ENSG00000159208	150282543	150287093	1
ENSG00000266472	150293861	150308979	1
ENSG00000117360	150321479	150353233	1
ENSG00000131584	1292390	1309609	1
ENSG00000127054	1311585	1324687	1
ENSG00000186684	127183832	127220313	2
ENSG00000163161	127257290	127294166	2
ENSG00000224051	1324756	1328896	1
ENSG00000169962	1331280	1335314	1
ENSG00000107404	1335276	1349418	1
ENSG00000162576	1352689	1361777	1
ENSG00000175756	1373730	1375207	1
ENSG00000186501	27322145	27336400	1
ENSG00000142765	27342020	27353937	1
ENSG00000142733	27355184	27366961	1
ENSG00000174950	27379176	27383333	1
ENSG00000136631	150067279	150145329	1
ENSG00000183023	40097270	40611053	2
ENSG00000153823	228850526	229271287	2
ENSG00000119865	68284171	68320051	2
ENSG00000115956	68365282	68397453	2
ENSG00000204923	68459422	68467294	2
ENSG00000169621	68467572	68655862	2
ENSG00000283228	151802651	151973949	2
ENSG00000182389	151832771	152099167	2
ENSG00000160712	154405193	154469450	1
ENSG00000132781	45329163	45340893	1
ENSG00000117054	75724431	75787575	1
ENSG00000115145	152116801	152175763	2
ENSG00000178568	211375717	212538841	2
ENSG00000153253	165087526	165204050	2
ENSG00000179456	244048547	244057476	1
ENSG00000188807	9588911	9614877	1
ENSG00000171603	9728926	9823984	1
ENSG00000178585	9848276	9910336	1
ENSG00000082258	134918235	134959342	2
ENSG00000162441	9922113	9943407	1
ENSG00000174827	145670852	145708148	1
ENSG00000128656	174798809	175005381	2
ENSG00000117281	145719471	145739288	1
ENSG00000265491	145738868	145824095	1
ENSG00000186141	145824053	145844402	1
ENSG00000171608	9629889	9729114	1
ENSG00000222014	129979666	129982738	2
ENSG00000155729	200488958	200519784	2
ENSG00000163535	200510008	200584096	2
ENSG00000117560	172659103	172666876	1
ENSG00000269713	149052186	149103561	1
ENSG00000011523	65056354	65087004	2
ENSG00000162998	182833275	182866637	2
ENSG00000115419	190880821	190965552	2
ENSG00000162825	145289900	145425603	1
ENSG00000240344	200870907	200889303	2
ENSG00000229571	13068677	13077884	1
ENSG00000115290	164492417	164621482	2
ENSG00000160818	156594301	156601496	1
ENSG00000179528	74497517	74503316	2
ENSG00000115592	218822308	218832086	2
ENSG00000268043	146938324	146996202	1
ENSG00000115596	218859805	218874233	2
ENSG00000125618	113215997	113278921	2
ENSG00000049245	7771296	7781432	1
ENSG00000049246	7784291	7845177	1
ENSG00000049247	7843083	7853512	1
ENSG00000095002	47403067	47663146	2
ENSG00000049249	7915871	7943165	1
ENSG00000116288	7954291	7985505	1
ENSG00000116285	8004404	8026309	1
ENSG00000162368	47333790	47394866	1
ENSG00000119535	36466043	36483278	1
ENSG00000182083	240029491	240030429	2
ENSG00000178586	240044571	240053521	2
ENSG00000144191	98346188	98398601	2
ENSG00000040933	98444854	98594392	2
ENSG00000175262	10946471	10982076	1
ENSG00000143226	161505430	161524013	1
ENSG00000082497	210232796	210246631	1
ENSG00000183513	98599314	98608515	2
ENSG00000132768	43970000	43973369	1
ENSG00000115446	98608579	98618515	2
ENSG00000158019	27889941	28338901	2
ENSG00000162434	64833223	65067754	1
ENSG00000237524	126898864	126902097	2
ENSG00000118004	3594832	3644644	2
ENSG00000151360	3658200	3702671	2
ENSG00000138030	27086772	27100762	2
ENSG00000178171	130755540	130768134	2
ENSG00000153237	158171073	158456753	2
ENSG00000230667	92074533	92075411	1
ENSG00000142867	85265776	85276632	1
ENSG00000077152	202331544	202341984	1
ENSG00000244414	196819731	196837159	1
ENSG00000144283	158456952	158682879	2
ENSG00000134365	196888014	196918795	1
ENSG00000134389	196975010	197009678	1
ENSG00000203747	161541759	161550968	1
ENSG00000289768	161544807	161631456	1
ENSG00000162747	161623196	161631963	1
ENSG00000168958	227325151	227357833	2
ENSG00000163545	205302063	205321745	1
ENSG00000162873	205336061	205357090	1
ENSG00000186007	205381378	205455954	1
ENSG00000281406	205434885	205457091	1
ENSG00000162736	160343294	160358952	1
ENSG00000035141	70295976	70302067	2
ENSG00000115977	69457997	69674349	2
ENSG00000138443	203328280	203447728	2
ENSG00000196352	207321519	207386804	1
ENSG00000117322	207453024	207489895	1
ENSG00000153093	110732539	111118548	2
ENSG00000203710	207496147	207641765	1
ENSG00000132326	238244044	238290102	2
ENSG00000065802	238426742	238452250	2
ENSG00000143469	209900923	210171389	1
ENSG00000092847	35869808	35930532	1
ENSG00000126070	35930718	36072500	1
ENSG00000143816	227918656	227947932	1
ENSG00000143761	228082708	228099212	1
ENSG00000185630	164555584	164899296	1
ENSG00000142784	27234632	27308636	1
ENSG00000158195	27404230	27490167	1
ENSG00000142748	27369110	27374824	1
ENSG00000188257	19975431	19980416	1
ENSG00000283227	152947206	152949255	1
ENSG00000286019	148600285	148679746	1
ENSG00000187080	247965233	247966386	1
ENSG00000180433	158754720	158755891	1
ENSG00000162746	161721544	161728143	1
ENSG00000185888	227815675	227846470	1
ENSG00000198965	158472220	158480936	1
ENSG00000196071	248095184	248101163	1
ENSG00000285946	152859996	152861252	1
ENSG00000286106	120723912	120794851	1
ENSG00000198452	247617143	247622372	1
ENSG00000279804	13222695	13226154	1
ENSG00000264343	146146203	146229041	1
ENSG00000188585	178479240	178499634	1
ENSG00000236782	26169516	26171832	1
ENSG00000243749	34981380	34985347	1
ENSG00000215912	2636986	2801693	1
ENSG00000270629	148531385	148679742	1
ENSG00000284188	244729701	244731015	1
ENSG00000179002	18839599	18859660	1
ENSG00000135801	229593134	229626122	1
ENSG00000186827	1211326	1214153	1
ENSG00000162599	60865259	61462788	1
ENSG00000080910	196943738	196959622	1
ENSG00000143162	167529117	167553805	1
ENSG00000198821	167425027	167518640	1
ENSG00000009724	11022009	11047239	1
ENSG00000171735	6785454	7769706	1
ENSG00000162779	179365720	179554735	1
ENSG00000116218	179550539	179575952	1
ENSG00000134255	111139479	111185104	1
ENSG00000171819	11189355	11195981	1
ENSG00000120942	11273198	11296049	1
ENSG00000198793	11106535	11262556	1
ENSG00000143373	151281618	151292176	1
ENSG00000143393	151291797	151327715	1
ENSG00000143390	151340640	151347326	1
ENSG00000143416	151364304	151372707	1
ENSG00000159377	151399560	151401937	1
ENSG00000143375	151510510	151538692	1
ENSG00000143367	151540305	151583583	1
ENSG00000143442	151402724	151459494	1
ENSG00000117676	26529761	26575030	1
ENSG00000284733	450740	451678	1
ENSG00000117682	26432282	26471306	1
ENSG00000120948	11012344	11030528	1
ENSG00000162614	77888513	77943895	1
ENSG00000162616	77979175	78017964	1
ENSG00000162613	77944055	77979110	1
ENSG00000169418	153678688	153693992	1
ENSG00000143624	153728050	153774808	1
ENSG00000143554	153774354	153780157	1
ENSG00000143614	153789030	153923360	1
ENSG00000171385	111770662	111989668	1
ENSG00000143473	210676823	211134165	1
ENSG00000283952	211082872	211188533	1
ENSG00000078369	1785285	1892292	1
ENSG00000168765	109656099	109665496	1
ENSG00000213366	109668022	109709551	1
ENSG00000134184	109687814	109709039	1
ENSG00000134201	109711780	109775428	1
ENSG00000134202	109733932	109741038	1
ENSG00000198758	109750080	109764027	1
ENSG00000227152	248436359	248444316	1
ENSG00000284662	685716	686654	1
ENSG00000143702	243124428	243255348	1
ENSG00000135835	180912897	180951614	1
ENSG00000169174	55039447	55064852	1
ENSG00000162402	55066359	55215378	1
ENSG00000122417	86346824	86396342	1
ENSG00000187642	975198	982117	1
ENSG00000183853	157993273	158100262	1
ENSG00000288460	158127287	158128301	1
ENSG00000158473	158178030	158186427	1
ENSG00000074800	8861000	8879190	1
ENSG00000131686	8945867	8975092	1
ENSG00000142599	8352397	8848921	1
ENSG00000143622	155897808	155911404	1
ENSG00000153187	244840638	244864560	1
ENSG00000065526	15836095	15940456	1
ENSG00000197617	247255972	247257210	1
ENSG00000249730	159432204	159433138	1
ENSG00000162585	2184461	2212720	1
ENSG00000157933	2227388	2310213	1
ENSG00000162923	224385146	224437033	1
ENSG00000143858	202590596	202710454	1
ENSG00000117139	202724495	202808487	1
ENSG00000077157	202348699	202592706	1
ENSG00000116199	179025804	179076567	1
ENSG00000186283	179082070	179098023	1
ENSG00000143322	179099330	179229684	1
ENSG00000181773	27392622	27395814	1
ENSG00000077522	236664141	236764631	1
ENSG00000143340	179743291	179816198	1
ENSG00000169905	179839967	179877803	1
ENSG00000143337	179882042	179920077	1
ENSG00000116260	180154869	180204030	1
ENSG00000121454	180230264	180278984	1
ENSG00000198626	237042184	237833988	1
ENSG00000097033	86704570	86748184	1
ENSG00000143549	154155308	154194648	1
ENSG00000169504	24745382	24844321	1
ENSG00000133226	24631716	24673281	1
ENSG00000285053	235328570	235448952	1
ENSG00000188783	203475806	203491352	1
ENSG00000188770	203494153	203508949	1
ENSG00000058668	203626832	203744081	1
ENSG00000125944	23303771	23344336	1
ENSG00000077549	19338775	19485539	1
ENSG00000173436	19484403	19629821	1
ENSG00000158747	19596979	19658456	1
ENSG00000270136	19597067	19656927	1
ENSG00000158748	19664875	19680966	1
ENSG00000020633	24899511	24965121	1
ENSG00000070831	22052627	22101360	1
ENSG00000122176	203340628	203351758	1
ENSG00000131781	147175351	147243050	1
ENSG00000131778	147242654	147295765	1
ENSG00000269113	47760528	47997385	1
ENSG00000117834	48222685	48248644	1
ENSG00000132122	48295373	48472208	1
ENSG00000060718	102876467	103108872	1
ENSG00000135837	179954674	180114880	1
ENSG00000085832	51354263	51519328	1
ENSG00000134686	33323623	33431095	1
ENSG00000159023	28887091	29120046	1
ENSG00000159388	203305491	203309602	1
ENSG00000069424	5990927	6101193	1
ENSG00000116254	6101787	6180321	1
ENSG00000285629	6159430	6197757	1
ENSG00000116251	6185020	6209389	1
ENSG00000158286	6205475	6221299	1
ENSG00000116237	6221193	6235972	1
ENSG00000158292	6247353	6261098	1
ENSG00000173673	6244179	6245578	1
ENSG00000069812	6412418	6424670	1
ENSG00000117569	96721665	96823738	1
ENSG00000162571	1173880	1197936	1
ENSG00000169972	1308597	1311677	1
ENSG00000205116	1425871	1430255	1
ENSG00000178104	148808140	149048286	1
ENSG00000117152	163068775	163076802	1
ENSG00000117724	214603185	214664574	1
ENSG00000160767	155247205	155255483	1
ENSG00000162543	20186096	20196050	1
ENSG00000157211	54132687	54153770	1
ENSG00000157216	54225432	54413479	1
ENSG00000143552	153992690	154155116	1
ENSG00000169641	23084030	23177808	1
ENSG00000179546	23191895	23217502	1
ENSG00000067208	92508696	92792404	1
ENSG00000143774	228139962	228148984	1
ENSG00000169991	18904280	18956676	1
ENSG00000198400	156815636	156881850	1
ENSG00000241128	247722957	247748141	1
ENSG00000097021	6264269	6393767	1
ENSG00000187017	6424776	6461367	1
ENSG00000198216	181317690	181813262	1
ENSG00000179930	182054570	182061712	1
ENSG00000162437	64745075	64833232	1
ENSG00000122432	84506300	84567379	1
